doy,date,period,n,r,r_mean,r_sd,r_lo,r_hi,r_sig,r_sig_cal,slope,slope_mean,slope_sd,slope_sig,mean_swe_z_nino,mean_swe_z_nina,region
0,Oct 01,,60,0.10302037491629819,0.10277106531939825,0.06055731098861803,-0.01834355665783781,0.22388568729663433,False,False,0.05342074113569398,0.05335970978648812,0.031088737270803284,False,0.08577239727514119,-0.024397293768739003,MT
1,Oct 02,,60,0.11037136836821561,0.1122139775393216,0.05957555592936655,-0.006937134319411509,0.2313650893980547,False,False,0.058931452003251554,0.05960427340581522,0.031137419167466363,False,0.05924429983793065,-0.019474426200166522,MT
2,Oct 03,,60,0.06084821364650509,0.06500250796783259,0.05751470985650634,-0.05002691174518009,0.18003192768084528,False,False,0.03232176685940788,0.033837389739650246,0.02969441220575382,False,-0.0006546589537878538,-0.04842653430655466,MT
3,Oct 04,,60,0.08043546903174678,0.08268617603818328,0.05971611974048347,-0.036746063442783666,0.20211841551915022,False,False,0.04231847454968102,0.04310801250823596,0.031047703501688957,False,0.021370515585092037,-0.048548937295586805,MT
4,Oct 05,,60,0.06017830305495759,0.059633609421793965,0.07237902799630412,-0.08512444657081428,0.2043916654144022,False,False,0.03161299407470229,0.030961182777055663,0.03734503726761449,False,0.02496001433204044,-0.04608625241893339,MT
5,Oct 06,,60,0.02672666838494661,0.025308053762122345,0.0726918475058375,-0.12007564124955265,0.17069174877379734,False,False,0.01505019858410904,0.012879826747799751,0.03911923434616416,False,-0.0036271030050906263,-0.061782412829275296,MT
6,Oct 07,,60,0.0492041549416071,0.05164780151732741,0.07162482964691079,-0.09160185777649417,0.194897460811149,False,False,0.0292106049582241,0.029229408758344122,0.039448690561927124,False,0.0018698542568154509,-0.07981783833011592,MT
7,Oct 08,,60,0.062254885972189464,0.0644313445687401,0.06910578470121427,-0.07378022483368844,0.20264291397116863,False,False,0.03819121224556012,0.03854698078072543,0.039989583159469724,False,0.025362739466778604,-0.08286463036258908,MT
8,Oct 09,,60,0.12404940799958487,0.1276719297980909,0.0674568393781571,-0.0072417489582232986,0.26258560855440505,False,False,0.0771186871408094,0.07830052682740092,0.0396372426485752,False,0.09008173865780114,-0.1168246789882735,MT
9,Oct 10,,60,0.15435074479924998,0.15354987987581176,0.06559930575122143,0.0223512683733689,0.28474849137825464,True,False,0.09468446338780688,0.09295458969522218,0.03844071627147383,True,0.09108952258604017,-0.13096313299182566,MT
10,Oct 11,,60,0.11452392006261765,0.11290678072883417,0.06747582080583601,-0.022044860882837858,0.2478584223405062,False,False,0.06880464143839271,0.06729715212523221,0.03958512248824379,False,0.05283846805647542,-0.08375885959625567,MT
11,Oct 12,,60,0.03654054850677033,0.036063043480956805,0.06545247550641965,-0.0948419075318825,0.16696799449379612,False,False,0.021760976852610858,0.021181637231657925,0.038962492579906326,False,-0.013456943208934858,-0.03368282157725558,MT
12,Oct 13,,60,0.0025659773162567323,0.0004163470553777595,0.0651549680607747,-0.12989358906617163,0.13072628317692717,False,False,0.0015256207242674783,9.9205404238359e-05,0.03890022416275857,False,-0.045456691606443,0.015491439871332528,MT
13,Oct 14,,60,-0.004033600019110106,-0.00523080311135305,0.06573681014661947,-0.136704423404592,0.1262428171818859,False,False,-0.002364237381026523,-0.003087441781423475,0.038744468689969454,False,-0.07141383280529208,-0.007030804042742725,MT
14,Oct 15,,60,-0.012848059259777755,-0.01207946565543424,0.0621891513353573,-0.13645776832614884,0.11229883701528037,False,False,-0.007315220281075529,-0.0067798062576547155,0.03584495540273888,False,-0.08397997644162725,-0.01758329800518263,MT
15,Oct 16,,60,-0.01580195947511395,-0.014574797773087109,0.06146879463879909,-0.1375123870506853,0.10836279150451107,False,False,-0.008879695214133619,-0.007968252350608152,0.0348871205409568,False,-0.08354921034609582,-0.03833744748839619,MT
16,Oct 17,,60,-0.03331800159475164,-0.03175300105689324,0.059012335007828653,-0.14977767107255055,0.08627166895876406,False,False,-0.018350138983571854,-0.01726259544111138,0.032835018886420216,False,-0.09153615879684476,-0.04023108723035312,MT
17,Oct 18,,60,-0.06312025837859625,-0.06146305872316665,0.05924872541991724,-0.17996050956300114,0.05703439211666783,False,False,-0.03490320722005647,-0.03398627540757045,0.03285071095655646,False,-0.09258296426492121,-0.02548251436859821,MT
18,Oct 19,,60,-0.06658832295933796,-0.06805178512788593,0.06252846891061027,-0.19310872294910647,0.057005152693334615,False,False,-0.03683865340522892,-0.037541936768917504,0.03489824721169232,False,-0.0707492593212092,-0.04569942276493957,MT
19,Oct 20,,60,-0.09295768726413674,-0.09265632929859316,0.06576313271053141,-0.224182594719656,0.03886993612246967,False,False,-0.053038964838179645,-0.05274773435026466,0.03755250140505618,False,-0.058958072791099284,-0.02003595961945756,MT
20,Oct 21,,60,-0.1229591320733725,-0.12307409435053243,0.0651559485582266,-0.2533859914669856,0.007237802765920759,False,False,-0.0728333706781518,-0.07261044827661688,0.03844195172689941,False,-0.07296057021503224,0.010494741170670046,MT
21,Oct 22,,60,-0.14172005131847626,-0.14423610734218206,0.06528395616898681,-0.27480401968015566,-0.013668195004208433,True,False,-0.08417904117581237,-0.08534240687372122,0.03853252815521946,True,-0.09381714468420074,0.03024579993680003,MT
22,Oct 23,,60,-0.11558986831815589,-0.11418523605329486,0.06530910268788674,-0.24480344142906835,0.01643296932247862,False,False,-0.07147731035199507,-0.07096546765954864,0.04105095273350532,False,-0.08596337724227558,0.027183173851884825,MT
23,Oct 24,,60,-0.12096224531510893,-0.11834387795564263,0.06241729074563275,-0.24317845944690814,0.006490703535622866,False,False,-0.07569365796604083,-0.07458824256331258,0.04007893903015371,False,-0.0890451066932499,0.04267764305383855,MT
24,Oct 25,,60,-0.1197389401907002,-0.11612301603386448,0.0652639471293591,-0.24665091029258268,0.014404878224853715,False,False,-0.07642192435771751,-0.07533868764698884,0.04347037695613832,False,-0.08530115961696734,0.06413198353706,MT
25,Oct 26,,60,-0.09891875731211475,-0.0998697947732102,0.06524709800488795,-0.2303639907829861,0.030624401236565707,False,False,-0.0640203831139139,-0.06590615916407157,0.043700202158086114,False,-0.05662950205766817,0.08625901382792595,MT
26,Oct 27,,60,-0.07777972179835566,-0.07575142742923771,0.06926228147499315,-0.214275990379224,0.06277313552074859,False,False,-0.05057104995265132,-0.05030017579729923,0.045975251235164105,False,-0.0422582181847873,0.07764474957378471,MT
27,Oct 28,,60,-0.06748269397680674,-0.06581738987705697,0.06806561375738826,-0.2019486173918335,0.07031383763771955,False,False,-0.04388754192810776,-0.04383236001529404,0.044804015837205696,False,-0.03355309168428237,0.05908989416124128,MT
28,Oct 29,,60,-0.03472956208651926,-0.0330928935521502,0.07184410877068759,-0.17678111109352537,0.11059532398922498,False,False,-0.022328286174325897,-0.02227015856684683,0.0461571053578968,False,-0.0005552637844870214,0.04680619133868049,MT
29,Oct 30,,60,-0.028043312536997177,-0.028746173647391515,0.07035004429953914,-0.1694462622464698,0.11195391495168677,False,False,-0.017700387785920764,-0.018936426509298117,0.044150624739663115,False,0.022983741032046145,0.05766629614992049,MT
30,Oct 31,,60,-0.011338714528946546,-0.008629135229260605,0.07168491810348498,-0.15199897143623056,0.13474070097770938,False,False,-0.007159641893165164,-0.006144230591028016,0.045072947714195406,False,0.04070960169010791,0.05563188409328494,MT
31,Nov 01,,60,0.001980359862379422,0.004212677151665538,0.06723418981841815,-0.13025570248517077,0.13868105678850184,False,False,0.0012638826022113303,0.0022768251415793677,0.042698593725785,False,0.04496340380137591,0.056913234941424265,MT
32,Nov 02,,60,0.016070918342054222,0.01445646169257867,0.06789659305383114,-0.12133672441508361,0.15024964780024094,False,False,0.01024870762991714,0.008502016080277014,0.04260807332440064,False,0.051771938986262235,0.05610733252114522,MT
33,Nov 03,,60,0.034572441879395614,0.03609369520419423,0.06295657596940803,-0.08981945673462183,0.16200684714301028,False,False,0.022222255286068658,0.022197951073562643,0.03927061301404356,False,0.048245711043765155,0.05686053539338027,MT
34,Nov 04,,60,-0.00022260241996785272,0.0007388342698760725,0.06499288103876463,-0.1292469278076532,0.13072459634740533,False,False,-0.0001441372307981594,-0.0003278246043760764,0.041558510339910225,False,0.01520795082279093,0.08071073732693809,MT
35,Nov 05,,60,-0.009818217517026216,-0.007736571212966375,0.06788537809286312,-0.1435073273986926,0.12803418497275987,False,False,-0.006468464529761032,-0.005888115507280064,0.04441858732635714,False,0.008264707552508155,0.08513083948668335,MT
36,Nov 06,,60,-0.018544177428580708,-0.01583025898049599,0.06565638044399831,-0.1471430198684926,0.11548250190750063,False,False,-0.012309767596344792,-0.011283451361734859,0.04357314384796595,False,-0.007142738074119912,0.08926336503011972,MT
37,Nov 07,,60,-0.040744693726201604,-0.04262031731894922,0.06422699662544572,-0.17107431056984065,0.08583367593194222,False,False,-0.027567069682555678,-0.0295390931770475,0.04368549206534813,False,-0.052569528083219505,0.10713703182933075,MT
38,Nov 08,,60,-0.06483975839400118,-0.06517231965742823,0.06315229997157332,-0.19147691960057486,0.061132280285718404,False,False,-0.043985499030734114,-0.045025427964867075,0.04347397263714828,False,-0.07932079380164245,0.12356748431645376,MT
39,Nov 09,,60,-0.06485523883218584,-0.06324114719382103,0.06404989685974002,-0.19134094091330106,0.06485864652565902,False,False,-0.04366778903977183,-0.043296233718921405,0.043723432488143324,False,-0.07950450070971474,0.13350200440680063,MT
40,Nov 10,,60,-0.06598966628355249,-0.06667797387993586,0.06182843773649654,-0.19033484935292894,0.05697890159305721,False,False,-0.04422383052107369,-0.04549522208926372,0.042130896438124836,False,-0.07615294627616731,0.1423506689365169,MT
41,Nov 11,,60,-0.058089874526940366,-0.0585701511487395,0.06199116490879372,-0.18255248096632695,0.06541217866884794,False,False,-0.03889071981200231,-0.04006048299130295,0.04200839861732374,False,-0.07464182115472158,0.14883663317642368,MT
42,Nov 12,,60,-0.059039001845420776,-0.05605829688342642,0.06294570204586306,-0.18194970097515253,0.06983310720829969,False,False,-0.039407895841282084,-0.037911949196005726,0.04228298644153973,False,-0.061980719701166476,0.1583065039463973,MT
43,Nov 13,,60,-0.07725369467903066,-0.07786063511107932,0.06312422933131481,-0.20410909377370895,0.0483878235515503,False,False,-0.051373919731525594,-0.05254360820948621,0.04284271189542747,False,-0.06707540837308601,0.17680186820347774,MT
44,Nov 14,,60,-0.08864670682866373,-0.08599329719889198,0.06368971142746861,-0.2133727200538292,0.04138612565604524,False,False,-0.05856696349469362,-0.0571365202814829,0.04250488114739539,False,-0.0679572649781417,0.17840379293869402,MT
45,Nov 15,,60,-0.101827710373603,-0.10174756705478098,0.0632133597909627,-0.22817428663670636,0.024679152527144407,False,False,-0.06748647986934388,-0.06793161798556537,0.04251618481351211,False,-0.07087718164707726,0.18364295248884022,MT
46,Nov 16,,60,-0.11282381005960256,-0.10969842650356053,0.06506810961261414,-0.23983464572878882,0.02043779272166775,False,False,-0.07513847603239113,-0.07327538014845061,0.04373249605382144,False,-0.08217032320985954,0.18148360619403184,MT
47,Nov 17,,60,-0.12002314915375967,-0.12077691684855117,0.06458592564742703,-0.24994876814340522,0.00839493444630289,False,False,-0.07963607208738185,-0.08059200508118741,0.0438280343973337,False,-0.09555853818320043,0.18782630849082962,MT
48,Nov 18,,60,-0.12446233770690335,-0.1250491879382322,0.06391090778685284,-0.25287100351193786,0.002772627635473479,False,False,-0.08258229598669227,-0.08353914940025584,0.04325816996924114,False,-0.1075236937719382,0.1858578743760515,MT
49,Nov 19,Early Accumulation,60,-0.13467242616295755,-0.13292370331799958,0.062206315313135696,-0.25733633394427097,-0.008511072691728183,True,False,-0.0898782731187218,-0.08917203721840548,0.04247628439969229,True,-0.11830379638331319,0.1889957111478785,MT
50,Nov 20,Early Accumulation,60,-0.1370459909479586,-0.1379931420028948,0.060799082866338304,-0.25959130773557143,-0.0163949762702182,True,False,-0.09244118322742237,-0.09341918783070587,0.04222051538456679,True,-0.12852993702671497,0.19616035296479117,MT
51,Nov 21,Early Accumulation,60,-0.14967439837626642,-0.15027550906908266,0.062042856502914794,-0.27436122207491226,-0.02618979606325307,True,False,-0.10080924110179529,-0.10171884061840897,0.04315682396007907,True,-0.14033935580036422,0.19093104554163648,MT
52,Nov 22,Early Accumulation,60,-0.1639301743273755,-0.16210463094797217,0.06145811705616211,-0.2850208650602964,-0.039188396835647954,True,False,-0.10974528199727587,-0.10916773691822632,0.04246298469246993,True,-0.14605439371591228,0.18344669240741912,MT
53,Nov 23,Early Accumulation,60,-0.18863053590840106,-0.1891711058367006,0.06196303119114141,-0.3130971682189834,-0.06524504345441778,True,False,-0.12492253110312015,-0.1256014404935768,0.041751174892499916,True,-0.1449343298479993,0.19613757895553927,MT
54,Nov 24,Early Accumulation,60,-0.18444265503113644,-0.18608144971659102,0.06290924899651938,-0.3118999477096298,-0.060262951723552255,True,False,-0.12032461839743543,-0.1218282814620721,0.04262612595317995,True,-0.12731357286777317,0.1882855180582214,MT
55,Nov 25,Early Accumulation,60,-0.18877644547555397,-0.18773714836683775,0.05919620584696514,-0.306129560060768,-0.06934473667290747,True,False,-0.121658729985001,-0.12148218506422077,0.04029478043952516,True,-0.10770469260746338,0.19250116736939196,MT
56,Nov 26,Early Accumulation,60,-0.19940099290209495,-0.1992358687541493,0.05836688377857593,-0.31596963631130115,-0.08250210119699745,True,False,-0.1291716191375966,-0.1297732841895555,0.0400355211350632,True,-0.10529619352045602,0.20462545150940964,MT
57,Nov 27,Early Accumulation,60,-0.2101628502470574,-0.2100494877674391,0.05938368052967913,-0.32881684882679735,-0.09128212670808084,True,False,-0.13771759035161701,-0.13800467779671452,0.04109504732291904,True,-0.10851208883078264,0.2119042473576835,MT
58,Nov 28,Early Accumulation,60,-0.2232536236056131,-0.22407409868654446,0.05836296356998288,-0.3408000258265102,-0.1073481715465787,True,False,-0.1480727085886243,-0.14943913681565218,0.04102615065736518,True,-0.12302944163539675,0.2156789332087964,MT
59,Nov 29,Early Accumulation,60,-0.2304361901672669,-0.22984493438999457,0.057146623722983785,-0.3441381818359621,-0.115551686944027,True,True,-0.15379210212638345,-0.15394407965832338,0.04053001711839055,True,-0.12896002558883563,0.2191385850559099,MT
60,Nov 30,Early Accumulation,60,-0.2356007310249048,-0.23642086209264648,0.05726009740880845,-0.3509410569102634,-0.12190066727502959,True,True,-0.16006710261753518,-0.16137893034363873,0.04141576655408661,True,-0.13450624739111067,0.22273924018986835,MT
61,Dec 01,Early Accumulation,60,-0.2154099453702932,-0.21493568621989534,0.05754993292173023,-0.3300355520633558,-0.09983582037643488,True,False,-0.14848003457456352,-0.14882908465921468,0.04171615206355651,True,-0.12733007778482755,0.18591824009975771,MT
62,Dec 02,Early Accumulation,60,-0.22848440999839248,-0.2276116937642011,0.05647482626887199,-0.34056134630194507,-0.11466204122645711,True,True,-0.15777164054577578,-0.158233609009986,0.040644611077601756,True,-0.14266312752335433,0.1754443964296777,MT
63,Dec 03,Early Accumulation,60,-0.24433587844958582,-0.24286965460094898,0.05699830461754953,-0.356866263836048,-0.12887304536584993,True,True,-0.17002031471201035,-0.16938136400971535,0.04111658746018485,True,-0.1506808748080925,0.18282755554545016,MT
64,Dec 04,Early Accumulation,60,-0.24955905239930493,-0.24994156958165376,0.05650404972074568,-0.3629496690231451,-0.13693347014016238,True,True,-0.17284299241161338,-0.173448359563307,0.040791159793068646,True,-0.16297152529649445,0.17988163205946714,MT
65,Dec 05,Early Accumulation,60,-0.24304579792637837,-0.24161628193765952,0.05715810264532424,-0.355932487228308,-0.12730007664701104,True,True,-0.1686144285758734,-0.168227634201074,0.04107902044343463,True,-0.1606397723395269,0.1748896234060737,MT
66,Dec 06,Early Accumulation,60,-0.24436727067795613,-0.24519363763169727,0.06000389560657229,-0.36520142884484186,-0.12518584641855268,True,True,-0.16947032024887526,-0.17035095124259836,0.04272840381041616,True,-0.1580039734900896,0.16929219587174596,MT
67,Dec 07,Early Accumulation,60,-0.23012971397825555,-0.22795636535148633,0.05929376813306993,-0.34654390161762616,-0.10936882908534648,True,False,-0.15924198697039632,-0.15830156619637892,0.04231862191888531,True,-0.1484984938759582,0.15745659877294144,MT
68,Dec 08,Early Accumulation,60,-0.2226910266020155,-0.21966865913215258,0.060368248265271304,-0.3404051556626952,-0.09893216260160997,True,False,-0.1541368119030908,-0.15198435576025862,0.04217972351852415,True,-0.1481796403791095,0.1441730331137277,MT
69,Dec 09,Early Accumulation,60,-0.23041538657287158,-0.23021135314044358,0.059308484204420926,-0.34882832154928545,-0.11159438473160173,True,False,-0.15852151633633213,-0.15817223963615587,0.04093704436424124,True,-0.15794015116708215,0.1413591747294234,MT
70,Dec 10,Early Accumulation,60,-0.22653348814917085,-0.22620949348712419,0.060845760575206256,-0.3479010146375367,-0.10451797233671167,True,False,-0.156032763550786,-0.15578240405769236,0.042067159510459355,True,-0.16185792879733724,0.13666882898975005,MT
71,Dec 11,Early Accumulation,60,-0.23351526044638635,-0.23223183571910147,0.060445470844492505,-0.3531227774080865,-0.11134089403011646,True,False,-0.1605215928560955,-0.1592624111574407,0.04206834732778105,True,-0.170586946550691,0.1460677143620276,MT
72,Dec 12,Early Accumulation,60,-0.22833521695406553,-0.22898674188168475,0.062026351406398846,-0.35303944469448245,-0.10493403906888706,True,False,-0.1585142248743895,-0.1592314484149211,0.0429699561987076,True,-0.1632704883037006,0.1516590086278139,MT
73,Dec 13,Early Accumulation,60,-0.21981809341547653,-0.2175508315720891,0.05933618244986973,-0.3362231964718286,-0.09887846667234963,True,False,-0.15245741194781715,-0.15105777617777716,0.04123618347537252,True,-0.1590761632037614,0.14690533467753,MT
74,Dec 14,Early Accumulation,60,-0.21624979335748792,-0.2205519873669137,0.062044489829946564,-0.3446409670268068,-0.09646300770702057,True,False,-0.1508257238382752,-0.15340669959136882,0.04371427660885818,True,-0.1576138672837364,0.15043459355436994,MT
75,Dec 15,Early Accumulation,60,-0.2285951800743224,-0.2284604047318354,0.060018153625449065,-0.3484967119827335,-0.10842409748093727,True,False,-0.15960565375204597,-0.15941697911656807,0.042797472616054766,True,-0.16656263539343602,0.15986524224218657,MT
76,Dec 16,Early Accumulation,60,-0.22596754966884644,-0.22481266574671346,0.059196868427598526,-0.3432064026019105,-0.10641892889151641,True,False,-0.15799320209071588,-0.15715381599793832,0.042380673315196925,True,-0.16535305987393384,0.16857163345448448,MT
77,Dec 17,Early Accumulation,60,-0.2244234399142831,-0.22495674941778537,0.06240892184523157,-0.34977459310824854,-0.10013890572732223,True,False,-0.15651414036388855,-0.15691659862294546,0.04466588627995408,True,-0.17645336311985846,0.16945950423054737,MT
78,Dec 18,Early Accumulation,60,-0.21757439642639773,-0.21856345476938766,0.06057426187438434,-0.3397119785181563,-0.09741493102061898,True,False,-0.1518122963491197,-0.1524757525436047,0.043345524855264154,True,-0.17847235804705255,0.17109821449329143,MT
79,Dec 19,Early Accumulation,60,-0.2268666558942266,-0.22798066466855882,0.06044873881886527,-0.34887814230628933,-0.10708318703082828,True,False,-0.15799227102947966,-0.15927635879168986,0.04435597760894322,True,-0.19312027209830487,0.1865530841291224,MT
80,Dec 20,Early Accumulation,60,-0.23795799631569364,-0.23897459503951313,0.06004721778366514,-0.3590690306068434,-0.11888015947218285,True,False,-0.16434835684886034,-0.16506378559445642,0.04412189441288708,True,-0.2114725222502055,0.19770395354844064,MT
81,Dec 21,Early Accumulation,60,-0.2308089897941695,-0.23066271062212126,0.060662263070788786,-0.3519872367636988,-0.1093381844805437,True,False,-0.15806629340082862,-0.1581659639363256,0.044521862563907146,True,-0.20355902276690188,0.1989658171583135,MT
82,Dec 22,Early Accumulation,60,-0.22945737466073762,-0.2278930432454592,0.06275436140567447,-0.3534017660568082,-0.10238432043411025,True,False,-0.157121835110081,-0.15601881662862768,0.045664867171670696,True,-0.2074739614471533,0.2046283637036362,MT
83,Dec 23,Early Accumulation,60,-0.23407854501301759,-0.23202297708015351,0.05952669679287535,-0.35107637066590425,-0.11296958349440281,True,False,-0.1604364778279993,-0.15951556616493753,0.04311020209596244,True,-0.21477324666588404,0.2139027430158162,MT
84,Dec 24,Early Accumulation,60,-0.24554539005257714,-0.2458838277776232,0.06121370778587261,-0.3683112433493684,-0.12345641220587797,True,True,-0.16919274564128323,-0.16962766478875568,0.04552780951040489,True,-0.2204750066248798,0.22068672255730204,MT
85,Dec 25,Early Accumulation,60,-0.2573178176068974,-0.25994090723451735,0.0592288127342798,-0.37839853270307694,-0.14148328176595776,True,True,-0.17789417571150182,-0.1803731780646306,0.04435885471183746,True,-0.22851689789538318,0.23646922575521767,MT
86,Dec 26,Early Accumulation,60,-0.26949152222500145,-0.2694416560230375,0.056942523184414444,-0.3833267023918664,-0.1555566096542086,True,True,-0.1875082761814666,-0.1879860999056809,0.04305420494368152,True,-0.24299434677911286,0.2460307131038287,MT
87,Dec 27,Early Accumulation,60,-0.27213371969536526,-0.27284335741828286,0.05677549173748352,-0.3863943408932499,-0.1592923739433158,True,True,-0.19136737760906394,-0.19149415520340943,0.04325869734555948,True,-0.2484830923008176,0.24837597883016208,MT
88,Dec 28,Early Accumulation,60,-0.2932248619157363,-0.29313507667685235,0.052974733261841996,-0.3990845432005363,-0.18718561015316837,True,True,-0.20798535241075047,-0.20837217131698038,0.041555507481287265,True,-0.2661370807645334,0.27676132619287813,MT
89,Dec 29,Early Accumulation,60,-0.3117714013893048,-0.31434037378080276,0.052709289319655475,-0.41975895242011374,-0.2089217951414918,True,True,-0.22488466504302418,-0.2258150519298414,0.04267222184556839,True,-0.2854926694003138,0.29443629292620715,MT
90,Dec 30,Early Accumulation,60,-0.32638957459536905,-0.32613185613881923,0.05176157271024987,-0.42965500155931896,-0.2226087107183195,True,True,-0.23546252013649943,-0.23497238021879543,0.041948005351007074,True,-0.29506025983662876,0.3150823245198032,MT
91,Dec 31,Early Accumulation,60,-0.32643778923457034,-0.3251875587287911,0.04967204338547244,-0.424531645499736,-0.22584347195784626,True,True,-0.23644676929069228,-0.2353816200811599,0.0399764801377272,True,-0.29929538718092946,0.3115592234974323,MT
92,Jan 01,Early Accumulation,60,-0.3230685119983681,-0.3249225843705358,0.05052489388257581,-0.4259723721356874,-0.22387279660538417,True,True,-0.23435730652019135,-0.23403814925501637,0.04015542736375431,True,-0.299863192913519,0.30002457009715794,MT
93,Jan 02,Early Accumulation,60,-0.3209986598094689,-0.3197304072675357,0.049235798128527214,-0.41820200352459014,-0.22125881101048128,True,True,-0.2324822306290058,-0.23118384869099098,0.03965387800325419,True,-0.297061167045833,0.29339965521090733,MT
94,Jan 03,Early Accumulation,60,-0.3186181309837532,-0.31941825251885764,0.04795560233157144,-0.41532945718200054,-0.22350704785571476,True,True,-0.23155337501587106,-0.2308128379094105,0.03886832342591836,True,-0.2965428280339958,0.285834023613442,MT
95,Jan 04,Early Accumulation,60,-0.3141118296708618,-0.31485242667082525,0.04809746328601382,-0.4110473532428529,-0.2186575000987976,True,True,-0.22901409472045284,-0.22944892779750137,0.03895831661467082,True,-0.28199208084948874,0.28421569073112246,MT
96,Jan 05,Early Accumulation,60,-0.3077158875464177,-0.30947392882366875,0.05146062653632621,-0.4123951818963212,-0.20655267575101632,True,True,-0.22556300127665627,-0.22670825268009195,0.04125634568950246,True,-0.2641340761921147,0.28475166242435246,MT
97,Jan 06,Early Accumulation,60,-0.3117603214065219,-0.31380775277201695,0.05087811895864265,-0.4155639906893023,-0.21205151485473164,True,True,-0.22988087212391864,-0.23139501011658808,0.04167791982288164,True,-0.2603440496993007,0.2980684715521355,MT
98,Jan 07,Early Accumulation,60,-0.30721886868994697,-0.30815033336050307,0.053164620113863054,-0.4144795735882292,-0.20182109313277696,True,True,-0.22812310787619774,-0.229051682860756,0.044139288642723505,True,-0.2608312690885817,0.29736735778621015,MT
99,Jan 08,Early Accumulation,60,-0.3128406484192415,-0.3134561569200424,0.05135096692522045,-0.4161580907704833,-0.2107542230696015,True,True,-0.23307887185404402,-0.23408522514950864,0.04191943327482234,True,-0.26591150511280187,0.29845947975154896,MT
100,Jan 09,Early Accumulation,60,-0.31939945943360404,-0.32068710611150936,0.04981544821805794,-0.42031800254762525,-0.22105620967539347,True,True,-0.2393775865932142,-0.24066193780672912,0.04101211018229505,True,-0.272153280670581,0.3075274163540215,MT
101,Jan 10,Early Accumulation,60,-0.3283290244121616,-0.33073355615060734,0.05047628138735339,-0.4316861189253141,-0.22978099337590058,True,True,-0.24844031263992447,-0.2505145716255711,0.042689594833702445,True,-0.2763371253705178,0.3198888087980913,MT
102,Jan 11,Early Accumulation,60,-0.33293431195889217,-0.33273033956890863,0.0491005506674111,-0.4309314409037308,-0.23452923823408645,True,True,-0.2507859608948348,-0.25037619861535654,0.04085600784210503,True,-0.2716747998978874,0.3251024536440389,MT
103,Jan 12,Early Accumulation,60,-0.33886387042860955,-0.3407995070053787,0.04924288031829498,-0.4392852676419687,-0.24231374636878872,True,True,-0.25335893939358556,-0.25384769756165726,0.040764395143712766,True,-0.2676011676531731,0.33072859054807785,MT
104,Jan 13,Early Accumulation,60,-0.3417590503224687,-0.34166073242559425,0.048966194940388216,-0.4395931223063707,-0.24372834254481782,True,True,-0.2544793070574472,-0.2543068214799779,0.0407310082533402,True,-0.26335146086148176,0.3310358480013585,MT
105,Jan 14,Early Accumulation,60,-0.34125835942883304,-0.3434017106523366,0.04979847768776378,-0.44299866602786414,-0.24380475527680906,True,True,-0.2540937118326053,-0.2559745892079094,0.04083085425180181,True,-0.253348057995029,0.3311878743607703,MT
106,Jan 15,Early Accumulation,60,-0.34900761574254424,-0.35142504852682127,0.0489176102605006,-0.44926026904782246,-0.2535898280058201,True,True,-0.25955420291782844,-0.26039276158447944,0.04027302084747525,True,-0.2575009906130413,0.3403166538694973,MT
107,Jan 16,Early Accumulation,60,-0.35305460579778875,-0.353246658639301,0.04613713195128998,-0.44552092254188097,-0.260972394736721,True,True,-0.2618467811598186,-0.2619802859256762,0.038877149497421284,True,-0.25705781927280197,0.3485833717848909,MT
108,Jan 17,Early Accumulation,60,-0.3533199686725515,-0.3521511474593001,0.04707285376656071,-0.4462968549924215,-0.2580054399261787,True,True,-0.26110670209139186,-0.26063887489464166,0.03961757501566887,True,-0.25309851217140367,0.3581755918452216,MT
109,Jan 18,Early Accumulation,60,-0.3556786594461284,-0.35714598558034333,0.04622355154357941,-0.44959308866750214,-0.2646988824931845,True,True,-0.26358344848390786,-0.26508689346246145,0.038994013530096454,True,-0.2546038296174056,0.3675191108246445,MT
110,Jan 19,Early Accumulation,60,-0.3562338681330341,-0.35712224586836055,0.04513065470085678,-0.4473835552700741,-0.266860936466647,True,True,-0.2650599990161993,-0.26537480447523604,0.03862414044751113,True,-0.25730539286720855,0.3813588110084734,MT
111,Jan 20,Early Accumulation,60,-0.3510634036201462,-0.35034566265490663,0.046236186518096994,-0.4428180356911006,-0.25787328961871264,True,True,-0.2629752901426447,-0.26210904563809456,0.03985330039979493,True,-0.2576573475588899,0.38300674382184746,MT
112,Jan 21,Early Accumulation,60,-0.3534506330440751,-0.3559819182748964,0.044401779390898344,-0.4447854770566931,-0.2671783594930997,True,True,-0.2665517597581701,-0.26813063327427783,0.03834284827738269,True,-0.2621375482451837,0.38536553908944454,MT
113,Jan 22,Early Accumulation,60,-0.3551732666284953,-0.3549094533016471,0.046252948088582865,-0.4474153494788128,-0.2624035571244814,True,True,-0.26816052287606734,-0.2677175246225703,0.03961565470823539,True,-0.2698973302287848,0.3825123695441579,MT
114,Jan 23,Early Accumulation,60,-0.35000815720974937,-0.35005723696992685,0.044900261938332874,-0.4398577608465926,-0.2602567130932611,True,True,-0.2645109100423731,-0.2642933112121708,0.03957993819991978,True,-0.27178553987810694,0.375933708863517,MT
115,Jan 24,Early Accumulation,60,-0.349713497932368,-0.3500816919045626,0.04517079166742297,-0.44042327523940855,-0.2597401085697167,True,True,-0.26477174752849886,-0.2654049202606145,0.040242328342349885,True,-0.28180375412492864,0.37850851790833057,MT
116,Jan 25,Early Accumulation,60,-0.35075085915444015,-0.3515340410314878,0.04369542843118683,-0.43892489789386147,-0.2641431841691141,True,True,-0.26538260905487215,-0.2669372873567818,0.039514688380321544,True,-0.2897834065739744,0.37876368534409294,MT
117,Jan 26,Early Accumulation,60,-0.3531967144995952,-0.35380149766296837,0.04433365923605582,-0.44246881613508,-0.26513417919085674,True,True,-0.26753049980927907,-0.2691374441806322,0.039256281012932034,True,-0.29839584642796635,0.3794552877435992,MT
118,Jan 27,Early Accumulation,60,-0.35518447832391375,-0.3563961682582999,0.04556753477416006,-0.44753123780662,-0.26526109870997977,True,True,-0.2693474019408256,-0.26992802424854107,0.03917448899305511,True,-0.302894345816611,0.3874903522290174,MT
119,Jan 28,Core Accumulation,60,-0.35936373379635955,-0.36057171013285566,0.044069815869754496,-0.44871134187236467,-0.27243207839334665,True,True,-0.2734420428471618,-0.27467870857717225,0.03971099955605646,True,-0.31099542895715787,0.39151285006708286,MT
120,Jan 29,Core Accumulation,60,-0.36529152164845785,-0.36634910382985025,0.044444834020086,-0.45523877187002226,-0.27745943578967824,True,True,-0.27846392308732404,-0.279723590272319,0.0403148820972987,True,-0.32267148366126897,0.3888599574550471,MT
121,Jan 30,Core Accumulation,60,-0.3663273444295674,-0.3670838361108673,0.04475021414706223,-0.4565842644049918,-0.27758340781674284,True,True,-0.27958451759073305,-0.2798696157829057,0.03916724980020055,True,-0.32773285359060267,0.3828077747192942,MT
122,Jan 31,Core Accumulation,60,-0.3662739981572626,-0.3681427096866071,0.04353960662406608,-0.4552219229347393,-0.28106349643847495,True,True,-0.2794067669472503,-0.28073456525398993,0.03781839415810554,True,-0.32731767957461216,0.3754996569313199,MT
123,Feb 01,Core Accumulation,60,-0.3714507548464336,-0.37171172207611675,0.045360052801934524,-0.4624318276799858,-0.2809916164722477,True,True,-0.2834644723773236,-0.2836595073080965,0.03886694735178914,True,-0.32653250417931057,0.3744132194708051,MT
124,Feb 02,Core Accumulation,60,-0.3766085961072338,-0.37828189884617475,0.04442859202449255,-0.4671390828951598,-0.2894247147971897,True,True,-0.28790483951115403,-0.28958945907040423,0.038531008631226084,True,-0.3250134840322892,0.3806580637046339,MT
125,Feb 03,Core Accumulation,60,-0.3764093929784644,-0.3770389777275391,0.045241632087688964,-0.467522241902917,-0.28655571355216114,True,True,-0.28805483273578086,-0.28842896578261007,0.03863776488561846,True,-0.3184050071171353,0.38133957972015203,MT
126,Feb 04,Core Accumulation,60,-0.3801676920289587,-0.38197202032074073,0.04392643696903112,-0.46982489425880297,-0.2941191463826785,True,True,-0.2912253622263149,-0.2919135097339007,0.038168391537547905,True,-0.320536530277672,0.3890732810790249,MT
127,Feb 05,Core Accumulation,60,-0.3865545319935658,-0.38727443320793725,0.043003453462153556,-0.4732813401322444,-0.3012675262836301,True,True,-0.29686614863699445,-0.29770803994046197,0.03791089257707778,True,-0.321537891252503,0.3974513841039489,MT
128,Feb 06,Core Accumulation,60,-0.39351407616817197,-0.39445641779297896,0.04336045115629204,-0.481177320105563,-0.3077355154803949,True,True,-0.30205477742200215,-0.30316210335072974,0.03836593739619454,True,-0.32915354593204416,0.40512773896310333,MT
129,Feb 07,Core Accumulation,60,-0.4016537307332245,-0.4022002281710574,0.04220606776796688,-0.4866123637069911,-0.31778809263512364,True,True,-0.3084800683330912,-0.309353052703463,0.0373486067375214,True,-0.3351026456478636,0.41178635036386635,MT
130,Feb 08,Core Accumulation,60,-0.3999059301776939,-0.3991641076875368,0.04346778470417189,-0.4860996770958806,-0.312228538279193,True,True,-0.3071078431297708,-0.3066608001140119,0.03819364703392398,True,-0.33367173967234204,0.4063147794349551,MT
131,Feb 09,Core Accumulation,60,-0.4028629356572635,-0.40434220124041703,0.04430557437576433,-0.4929533499919457,-0.3157310524888884,True,True,-0.30927011128795107,-0.3092523705108565,0.03838138199735453,True,-0.3356472981887001,0.399413586983562,MT
132,Feb 10,Core Accumulation,60,-0.40420393010153016,-0.40471941319504817,0.04320066012761375,-0.4911207334502757,-0.31831809293982066,True,True,-0.31021963523480306,-0.3108155906251102,0.03805279274187402,True,-0.33590856313317297,0.3968101026167084,MT
133,Feb 11,Core Accumulation,60,-0.40352898593671643,-0.4038122922033392,0.043293931933610676,-0.49040015607056053,-0.31722442833611786,True,True,-0.31003826370133303,-0.30960939793551595,0.037195218316120424,True,-0.3336834806478106,0.39556132370937297,MT
134,Feb 12,Core Accumulation,60,-0.3999858747533929,-0.3983168636156674,0.042642658178646244,-0.4836021799729599,-0.31303154725837495,True,True,-0.3080725590999199,-0.3076856957610233,0.03719426388463443,True,-0.33396786076251117,0.39024048411786977,MT
135,Feb 13,Core Accumulation,60,-0.3982516014483692,-0.3995611901119937,0.04241531297979531,-0.4843918160715843,-0.3147305641524031,True,True,-0.307139980072154,-0.3081727062748546,0.03788918266932313,True,-0.3341386868536164,0.3830278977637285,MT
136,Feb 14,Core Accumulation,60,-0.40061920608173784,-0.4019925252351449,0.04192664157497795,-0.4858458083851008,-0.318139242085189,True,True,-0.3098807076600406,-0.31039882702950294,0.03786355346490075,True,-0.34044400326635244,0.37908116560885824,MT
137,Feb 15,Core Accumulation,60,-0.40040598519123766,-0.3999229711413125,0.04149580428068347,-0.4829145797026794,-0.31693136257994553,True,True,-0.310110304305914,-0.31057187560877686,0.037403150379351456,True,-0.3407768430839055,0.3761728808740813,MT
138,Feb 16,Core Accumulation,60,-0.40458529926570286,-0.4055657685347658,0.04171699773020973,-0.48899976399518524,-0.3221317730743463,True,True,-0.31357356520949065,-0.3127951338594589,0.03777133054437056,True,-0.34889188210757366,0.3740775335994934,MT
139,Feb 17,Core Accumulation,60,-0.40815048415200145,-0.40618660151613933,0.042057289784198953,-0.49030118108453724,-0.3220720219477414,True,True,-0.3167736654852137,-0.31512246527157367,0.03860628630408209,True,-0.3590661385640882,0.3708308184870697,MT
140,Feb 18,Core Accumulation,60,-0.4109028842209866,-0.41227158625487287,0.040357175548910336,-0.4929859373526935,-0.3315572351570522,True,True,-0.3187979225293853,-0.31876022211413113,0.037643726411535856,True,-0.3695488772502261,0.36924282902213185,MT
141,Feb 19,Core Accumulation,60,-0.41329422411625616,-0.41506350301097583,0.04182321897335357,-0.49870994095768295,-0.3314170650642687,True,True,-0.32037851686146723,-0.3216569324688651,0.039121116896639226,True,-0.37868821475687,0.3680829714550718,MT
142,Feb 20,Core Accumulation,60,-0.4136453186688019,-0.4133821302390546,0.040808272818006246,-0.49499867587506713,-0.3317655846030421,True,True,-0.3203904098416231,-0.32059076844841555,0.03755428681658835,True,-0.37840278760214197,0.3693419742624855,MT
143,Feb 21,Core Accumulation,60,-0.4182244143447366,-0.4185734928087793,0.04115980370688638,-0.5008931002225521,-0.33625388539500656,True,True,-0.3234562664199824,-0.324115966565401,0.0383013200720786,True,-0.3842568033166139,0.3740923702706722,MT
144,Feb 22,Core Accumulation,60,-0.4257432047700924,-0.426172520164848,0.041302504372915404,-0.5087775289106788,-0.3435675114190172,True,True,-0.32893782759723933,-0.32966628189305935,0.03836672631852672,True,-0.39187286251788217,0.38108204414971636,MT
145,Feb 23,Core Accumulation,60,-0.4340688910646785,-0.43437178911351365,0.040651788063416634,-0.515675365240347,-0.3530682129866804,True,True,-0.3354378556602163,-0.3363544093024026,0.03815160876951638,True,-0.40202960894873285,0.38297927113796776,MT
146,Feb 24,Core Accumulation,60,-0.44250579404160817,-0.4414346198770157,0.04088162467531953,-0.5231978692276548,-0.35967137052637665,True,True,-0.34242428332397745,-0.34197987663323076,0.03871428026605498,True,-0.4066328558284589,0.39196845233908806,MT
147,Feb 25,Core Accumulation,60,-0.44679266130214573,-0.44803834773844675,0.040018118953389935,-0.5280745856452266,-0.36800210983166687,True,True,-0.34679489440193617,-0.34828080676372725,0.03763397067629666,True,-0.4085344008589004,0.3991526845098569,MT
148,Feb 26,Core Accumulation,60,-0.44573337035896965,-0.4457959022997541,0.04128988906590893,-0.5283756804315719,-0.36321612416793625,True,True,-0.3469853763052912,-0.3482490283926717,0.03747024313206132,True,-0.40861390833774314,0.4040658311824469,MT
149,Feb 27,Core Accumulation,60,-0.44704676850408137,-0.4479629770936723,0.0414660485671629,-0.5308950742279981,-0.36503087995934647,True,True,-0.3484070478521995,-0.3502698185376008,0.037994803062329476,True,-0.4106759460811288,0.4051751022473926,MT
150,Feb 28,Core Accumulation,60,-0.4500117476893238,-0.4495456287038951,0.04039009710670618,-0.5303258229173075,-0.3687654344904827,True,True,-0.3492837655455503,-0.34927516352399507,0.03765155447988956,True,-0.41261219933535254,0.41067732229692255,MT
151,Mar 01,Core Accumulation,60,-0.45651397409345323,-0.45638167222775794,0.04066810699040485,-0.5377178862085676,-0.37504545824694824,True,True,-0.35693533828697876,-0.3570191135865368,0.03746777855386877,True,-0.42450375630283554,0.42030819856449975,MT
152,Mar 02,Core Accumulation,60,-0.45757829718842863,-0.45918583459778084,0.03932706981735054,-0.537839974232482,-0.38053169496307976,True,True,-0.35947679258134074,-0.36149121360671427,0.03688630758733553,True,-0.42655364596530465,0.4264869995241021,MT
153,Mar 03,Core Accumulation,60,-0.45091074752589255,-0.4504302155980818,0.03937966633340348,-0.5291895482648887,-0.3716708829312748,True,True,-0.3545517863856545,-0.3545358714499182,0.03780205161453826,True,-0.4253779239475106,0.42153287668635375,MT
154,Mar 04,Core Accumulation,60,-0.45463586517311966,-0.45545714866938036,0.04048115017299926,-0.5364194490153789,-0.37449484832338187,True,True,-0.357585795924648,-0.35921127749751464,0.037478596606870695,True,-0.42904337682971533,0.42411115921953874,MT
155,Mar 05,Core Accumulation,60,-0.45587705870144435,-0.45707846654813983,0.039386303422649115,-0.5358510733934381,-0.3783058597028416,True,True,-0.359805749748563,-0.36163480066894066,0.03773907542365988,True,-0.4319112468315035,0.42099282259400145,MT
156,Mar 06,Core Accumulation,60,-0.45589680684472544,-0.45720362354552696,0.03984320331627217,-0.5368900301780712,-0.3775172169129826,True,True,-0.36008494850767647,-0.3617943283557179,0.03727419272129967,True,-0.43484778358691056,0.4156984235903181,MT
157,Mar 07,Core Accumulation,60,-0.4558528273303897,-0.4562635499727667,0.04075845697838469,-0.537780463929536,-0.37474663601599734,True,True,-0.3596278861812358,-0.3602598241541697,0.038599600444562565,True,-0.43439679238689405,0.41154366821303934,MT
158,Mar 08,Core Accumulation,60,-0.4578246853945686,-0.4584198023164687,0.040358421889897925,-0.5391366460962645,-0.3777029585366729,True,True,-0.36033064393566383,-0.3611940668304832,0.03870341970264294,True,-0.43443613201816583,0.41043211158811893,MT
159,Mar 09,Late Accumulation,60,-0.4564618075948227,-0.45575548085316436,0.03981533152501239,-0.5353861439031892,-0.37612481780313956,True,True,-0.3588998285236744,-0.358506934766074,0.03693771796537829,True,-0.43311443645347236,0.4088718061483483,MT
160,Mar 10,Late Accumulation,60,-0.4528338826058349,-0.45370810809172235,0.04020574533550636,-0.5341195987627351,-0.37329661742070963,True,True,-0.3559608850927661,-0.3577322780623615,0.03668231782770471,True,-0.4323977441446581,0.40046955600635015,MT
161,Mar 11,Late Accumulation,60,-0.45037165731483386,-0.45064012363677225,0.0396048412435286,-0.5298498061238295,-0.371430441149715,True,True,-0.3542752791615473,-0.3548744203584894,0.03754993123823812,True,-0.4323497604526513,0.3936183134629692,MT
162,Mar 12,Late Accumulation,60,-0.45136335775079095,-0.451406311336218,0.040254103664986454,-0.5319145186661909,-0.3708981040062451,True,True,-0.3548025633865069,-0.3554322971066624,0.03750911019316446,True,-0.43267508709842284,0.3886886469653913,MT
163,Mar 13,Late Accumulation,60,-0.45688131756466543,-0.45693784009865224,0.040576356164861535,-0.5380905524283753,-0.37578512776892914,True,True,-0.35766534642168396,-0.35899066060026413,0.03683015437843328,True,-0.4372325094667377,0.39130213411540704,MT
164,Mar 14,Late Accumulation,60,-0.46234408950913614,-0.46382060550949017,0.038750549351519274,-0.5413217042125287,-0.3863195068064516,True,True,-0.3607049942578083,-0.3623524061220638,0.036951134604815375,True,-0.442683100799806,0.3973816428585834,MT
165,Mar 15,Late Accumulation,60,-0.4665802444627621,-0.4670142821541274,0.04049968214238523,-0.5480136464388978,-0.38601491786935693,True,True,-0.36342219451221786,-0.36417855837239904,0.03732023715652465,True,-0.4481222500245707,0.4031303097730241,MT
166,Mar 16,Late Accumulation,60,-0.47051566703086695,-0.4709125473275126,0.040126690552601464,-0.5511659284327155,-0.3906591662223097,True,True,-0.3652344244019061,-0.3652019527786792,0.0378361216607026,True,-0.45332416087075555,0.40087199626787323,MT
167,Mar 17,Late Accumulation,60,-0.4728060377467945,-0.4723786727539926,0.04004836410091196,-0.5524754009558165,-0.3922819445521687,True,True,-0.3654404541868063,-0.3652296602030038,0.03694696524023583,True,-0.45847483020920643,0.3985185744809174,MT
168,Mar 18,Late Accumulation,60,-0.47395452685850537,-0.4730782124857751,0.03945924038290124,-0.5519966932515775,-0.3941597317199726,True,True,-0.3651600249516361,-0.3639808906073365,0.03699194944781146,True,-0.45703629745034535,0.40409767823229426,MT
169,Mar 19,Late Accumulation,60,-0.481631725941078,-0.48395749852360936,0.03902463946864312,-0.5620067774608956,-0.4059082195863231,True,True,-0.3701255424297096,-0.37269089810009287,0.036862068571943386,True,-0.4617927156069874,0.41285807118370815,MT
170,Mar 20,Late Accumulation,60,-0.4905261685593126,-0.4908534581064954,0.04007116099369475,-0.5709957800938849,-0.41071113611910587,True,True,-0.3756202912762939,-0.3755204244675913,0.03614648212392646,True,-0.46820044294062313,0.42139875312108155,MT
171,Mar 21,Late Accumulation,60,-0.49530491583723796,-0.4966724352945381,0.03881750690328628,-0.5743074491011106,-0.4190374214879655,True,True,-0.3774543042767179,-0.3786747421370169,0.035100659686347124,True,-0.469355688465266,0.42564401890340947,MT
172,Mar 22,Late Accumulation,60,-0.4978325453465355,-0.4980887439024513,0.03800540740646504,-0.5740995587153813,-0.4220779290895212,True,True,-0.3786896693754549,-0.37922817212537474,0.034836149426608676,True,-0.4672996963339685,0.4303008663841499,MT
173,Mar 23,Late Accumulation,60,-0.492678369871324,-0.4929402733671003,0.03965203667030857,-0.5722443467077174,-0.41363620002648316,True,True,-0.37489062920762817,-0.3753436294830695,0.037450058523908335,True,-0.46378624230824805,0.42682753812097934,MT
174,Mar 24,Late Accumulation,60,-0.49250079331741903,-0.4936096010400895,0.03854294471871139,-0.5706954904775123,-0.4165237116026667,True,True,-0.3741202034904697,-0.3763873694655882,0.035359728541572516,True,-0.4577820666785802,0.4324722150424778,MT
175,Mar 25,Late Accumulation,60,-0.4892024449978414,-0.49109826186214955,0.03889638942285307,-0.5688910407078557,-0.41330548301644343,True,True,-0.37170551010916886,-0.3743178801342869,0.03647029151050566,True,-0.45327410230382786,0.44252718458905993,MT
176,Mar 26,Late Accumulation,60,-0.4887979337122077,-0.4886611754254984,0.03996741655016973,-0.5685960085258379,-0.408726342325159,True,True,-0.3700628101779089,-0.37050919005899785,0.037336343248461884,True,-0.44810117602795996,0.44689205439735974,MT
177,Mar 27,Late Accumulation,60,-0.48417492653310323,-0.48308413987891025,0.04018610671403792,-0.5634563533069861,-0.4027119264508344,True,True,-0.3665796515832105,-0.3661548058186492,0.03738184768250487,True,-0.44229684517163126,0.44409844220798095,MT
178,Mar 28,Late Accumulation,60,-0.4800534318370997,-0.48058796121244046,0.0391405249726376,-0.5588690111577157,-0.4023069112671653,True,True,-0.3629586876027305,-0.36386754679161376,0.03671871275785302,True,-0.43622043102326336,0.44297421769986767,MT
179,Mar 29,Late Accumulation,60,-0.48502808988575763,-0.48678046105943845,0.039068734104039826,-0.5649179292675182,-0.4086429928513588,True,True,-0.3671633275954674,-0.36941950165874093,0.03684122524042388,True,-0.44171935468562207,0.4514179253506559,MT
180,Mar 30,Late Accumulation,60,-0.48852661893236965,-0.48895682696927745,0.03900195116288126,-0.5669607292950399,-0.41095292464351496,True,True,-0.36999707943916166,-0.3710008329879608,0.037698359910682405,True,-0.4451837313325996,0.4566981523096944,MT
181,Mar 31,Late Accumulation,60,-0.4910209502203015,-0.4932285862598591,0.03970746651250423,-0.5726435192848676,-0.41381365323485064,True,True,-0.3709731399051465,-0.3741949989255786,0.03852343477424322,True,-0.4449948540517612,0.4597015749676406,MT
182,Apr 01,Late Accumulation,60,-0.4902058522933422,-0.4917128806817941,0.03989002683368149,-0.571492934349157,-0.4119328270144311,True,True,-0.37203521794252525,-0.3735805440461321,0.039019543012936274,True,-0.44070024644511746,0.45955869624151363,MT
183,Apr 02,Late Accumulation,60,-0.49282195096419035,-0.4928514029320754,0.03905248338619989,-0.5709563697044752,-0.41474643615967566,True,True,-0.3742512813151338,-0.37535266708912046,0.038234252739928525,True,-0.44128014570678226,0.4633841520687831,MT
184,Apr 03,Late Accumulation,60,-0.4996797098356894,-0.5001406669284273,0.0383775271241173,-0.5768957211766619,-0.4233856126801927,True,True,-0.37981991217049627,-0.3813402822284346,0.03686015632442041,True,-0.44982523122266393,0.4653193307830923,MT
185,Apr 04,Late Accumulation,60,-0.5030038938583035,-0.5039519177795362,0.038903064381899,-0.5817580465433342,-0.4261457890157382,True,True,-0.3831857167048812,-0.3853261059828441,0.03844600763700853,True,-0.45401290240154035,0.4644277407325434,MT
186,Apr 05,Late Accumulation,60,-0.5015702077747354,-0.5028267361517477,0.038928311562972474,-0.5806833592776927,-0.42497011302580273,True,True,-0.3825701383602933,-0.3850565563372318,0.03871359285015445,True,-0.45045283198801955,0.47130283183810595,MT
187,Apr 06,Late Accumulation,60,-0.4932126129830316,-0.4949527064837602,0.03923020291366107,-0.5734131123110824,-0.41649230065643805,True,True,-0.37637277499956834,-0.3788134088295545,0.03914255520451333,True,-0.44134695886710196,0.47196507195081455,MT
188,Apr 07,Late Accumulation,60,-0.48799654695164096,-0.4893362910791122,0.03769183969351354,-0.5647199704661393,-0.4139526116920851,True,True,-0.37308750578679034,-0.37469840635096235,0.03794966867975468,True,-0.43833739075237893,0.4749086345195596,MT
189,Apr 08,Late Accumulation,60,-0.4843550278294885,-0.4846354857954586,0.03693506574148806,-0.5585056172784347,-0.4107653543124825,True,True,-0.3701856135037452,-0.3718700241507745,0.037106919182967754,True,-0.4335906116529348,0.47424690547015375,MT
190,Apr 09,Late Accumulation,60,-0.48405144683228496,-0.4845848485598873,0.03785344967271262,-0.5602917479053126,-0.4088779492144621,True,True,-0.36985406688181177,-0.37091717235171245,0.03778323258627328,True,-0.43375494810011145,0.46933053275306685,MT
191,Apr 10,Late Accumulation,60,-0.4798458801777675,-0.4790186127826091,0.038376912423849906,-0.5557724376303089,-0.4022647879349093,True,True,-0.3662745617794649,-0.36636638009736033,0.03815183352924688,True,-0.4324806084598465,0.4598509936306566,MT
192,Apr 11,Late Accumulation,60,-0.4782673400479977,-0.4786464260210183,0.036691386680542254,-0.5520291993821028,-0.4052636526599338,True,True,-0.3646834426307709,-0.3657510472720138,0.037258536335442176,True,-0.43791446486593405,0.45687145185869105,MT
193,Apr 12,Late Accumulation,60,-0.4758701342942872,-0.47601111617245023,0.03787260136065894,-0.5517563188937681,-0.4002659134511324,True,True,-0.36367171830413836,-0.3645985707808468,0.03720446620773573,True,-0.443834728392436,0.45175357496767143,MT
194,Apr 13,Late Accumulation,60,-0.4724425384640001,-0.4723799082265266,0.03889959466756005,-0.5501790975616467,-0.3945807188914065,True,True,-0.3614721966929456,-0.3631742691349885,0.038268964191972385,True,-0.44538433094585744,0.4500893023683197,MT
195,Apr 14,Late Accumulation,60,-0.46572338763676296,-0.4672278934842747,0.038555120731995865,-0.5443381349482664,-0.3901176520202829,True,True,-0.3567895060295272,-0.35839493363906216,0.03791943933903049,True,-0.44240576351303335,0.4463198838176789,MT
196,Apr 15,Late Accumulation,60,-0.45621414556435486,-0.45546790124137,0.03991951188316716,-0.5353069250077043,-0.37562887747503565,True,True,-0.350793237583231,-0.351787819551662,0.039753151097466584,True,-0.4393278662333067,0.44123256865872507,MT
197,Apr 16,Late Accumulation,60,-0.45094058598991166,-0.451877553008561,0.039150081725240204,-0.5301777164590413,-0.37357738955808056,True,True,-0.34834016573899973,-0.34921623094044524,0.039040978518425605,True,-0.4396125330120193,0.4420339447003511,MT
198,Apr 17,Late Accumulation,60,-0.4463356359166893,-0.44629401316556505,0.03979275213359486,-0.5258795174327547,-0.36670850889837536,True,True,-0.3457941917145867,-0.34696984559636085,0.03977884597293806,True,-0.44026686446828556,0.43773823360422864,MT
199,Apr 18,Melt Onset,60,-0.4396803367420691,-0.4395334934657948,0.0408061635630192,-0.5211458205918332,-0.3579211663397564,True,True,-0.34057656746595416,-0.34085250224078445,0.040129694778462566,True,-0.4358156352468011,0.43156788632341353,MT
200,Apr 19,Melt Onset,60,-0.4372163843322627,-0.43727518877865246,0.03887708976639478,-0.515029368311442,-0.3595210092458629,True,True,-0.337530173784649,-0.3392647400499987,0.03865821810284698,True,-0.4310741756328607,0.43606892241372536,MT
201,Apr 20,Melt Onset,60,-0.44345020085688963,-0.44376417948559616,0.039374014575099835,-0.5225122086357958,-0.36501615033539647,True,True,-0.3421790766557923,-0.3434597036342398,0.03819682028089064,True,-0.43740466927943367,0.4469093201046814,MT
202,Apr 21,Melt Onset,60,-0.4507395683684562,-0.45002147809668497,0.0402713859876185,-0.530564250071922,-0.36947870612144795,True,True,-0.34876111949421457,-0.3497369656341965,0.03898658364326087,True,-0.4447473682335681,0.45444027271430654,MT
203,Apr 22,Melt Onset,60,-0.46167503904928753,-0.4607182457315317,0.03968442300183584,-0.5400870917352034,-0.38134939972786003,True,True,-0.3584230690453942,-0.3588366371456051,0.038738094966335075,True,-0.4590687770158713,0.46201125444994223,MT
204,Apr 23,Melt Onset,60,-0.4727042354450978,-0.4727396704776463,0.03940532112283645,-0.5515503127233192,-0.3939290282319734,True,True,-0.36896456310749376,-0.369785008279669,0.038440012287809175,True,-0.47620946886029875,0.4702930544582072,MT
205,Apr 24,Melt Onset,60,-0.4746972332342753,-0.47500559082015337,0.03853802507860467,-0.5520816409773627,-0.39792954066294406,True,True,-0.3714201777584274,-0.37160331444511935,0.03872905033305814,True,-0.48763449958278604,0.47275339552497936,MT
206,Apr 25,Melt Onset,60,-0.47750733941270473,-0.4768199293190116,0.039071490393273935,-0.5549629101055595,-0.39867694853246377,True,True,-0.3747879274863995,-0.374997072446665,0.03991997800654757,True,-0.49908638352407186,0.47380952043214625,MT
207,Apr 26,Melt Onset,60,-0.48351260191246953,-0.48355091165142633,0.03693657193823144,-0.5574240555278892,-0.40967776777496345,True,True,-0.3810909015527415,-0.3822069353014542,0.038512810751442486,True,-0.5099543873206932,0.47741427741933024,MT
208,Apr 27,Melt Onset,60,-0.487276080534116,-0.4859148890828228,0.036735109963452216,-0.5593851090097273,-0.4124446691559184,True,True,-0.3848917903798985,-0.3846356407532044,0.03716227902300626,True,-0.5213370016971954,0.4739906780421154,MT
209,Apr 28,Melt Onset,60,-0.482892372570496,-0.4825629903045841,0.03718815613519812,-0.5569393025749804,-0.40818667803418784,True,True,-0.3830989048388049,-0.38334514603393893,0.038623567113542576,True,-0.5237135068865898,0.4685181406319121,MT
210,Apr 29,Melt Onset,60,-0.473495516533632,-0.47471683956915656,0.038215898194868626,-0.5511486359588939,-0.3982850431794193,True,True,-0.3764024379386208,-0.3785836901988215,0.038958892261529245,True,-0.5234128783965359,0.45577205758048966,MT
211,Apr 30,Melt Onset,60,-0.4598167190943311,-0.4575580856970266,0.0379951791330269,-0.5335484439630804,-0.3815677274309728,True,True,-0.36604522594090694,-0.3652088641637764,0.03985717192510437,True,-0.5180257654380452,0.4411937740776402,MT
212,May 01,Melt Onset,60,-0.4547730957002203,-0.45424163920532856,0.039372418298378065,-0.5329864758020847,-0.37549680260857243,True,True,-0.36222931368687966,-0.3626521825081129,0.04037191351953498,True,-0.5141315367192547,0.43403473411867155,MT
213,May 02,Melt Onset,60,-0.4487824497065488,-0.44948396060675405,0.039146761651654774,-0.5277774839100636,-0.3711904373034445,True,True,-0.35742100823230305,-0.35764693800779246,0.038895177303369506,True,-0.5039319835225216,0.4351924843948774,MT
214,May 03,Melt Onset,60,-0.4436642594328652,-0.44452168248002444,0.041001782966278,-0.5265252484125804,-0.36251811654746846,True,True,-0.3526443674976638,-0.35438072464003767,0.03978780841792136,True,-0.4929862424693277,0.42994327686884387,MT
215,May 04,Melt Onset,60,-0.43759926720562314,-0.4362643319770016,0.04055560041318319,-0.517375532803368,-0.3551531311506352,True,True,-0.34684888816108195,-0.3464155214891764,0.04030175005767415,True,-0.4827727444049018,0.4167872091656456,MT
216,May 05,Melt Onset,60,-0.43249437907334715,-0.43199102301338255,0.04115675635071811,-0.5143045357148188,-0.3496775103119463,True,True,-0.34265871137995313,-0.34284893345546164,0.04010868710707046,True,-0.47619346152339104,0.40881211977428966,MT
217,May 06,Melt Onset,60,-0.422354348264645,-0.42266677539558556,0.04082166625225858,-0.5043101079001027,-0.3410234428910684,True,True,-0.33424646739490116,-0.3355901845862407,0.03988065240649399,True,-0.47012751927220453,0.3976800348343609,MT
218,May 07,Melt Onset,60,-0.4114893142878797,-0.4106221140933552,0.042175331498264225,-0.49497277708988363,-0.32627145109682676,True,True,-0.32421575824890453,-0.3240356227832996,0.04108768189407989,True,-0.46434977935632926,0.38428647124106996,MT
219,May 08,Melt Onset,60,-0.39599605880732136,-0.39643957218698345,0.0435660905204622,-0.48357175322790785,-0.30930739114605904,True,True,-0.3118430733882737,-0.3129328241968834,0.04181725991225892,True,-0.45284959963960275,0.3722746595113204,MT
220,May 09,Melt Onset,60,-0.3794357678285606,-0.37861327069979733,0.04520326058079786,-0.4690197918613931,-0.2882067495382016,True,True,-0.29911435004375875,-0.2994498576399329,0.042984581887106466,True,-0.4400170446829871,0.36002207418479587,MT
221,May 10,Melt Onset,60,-0.3649053901920147,-0.36425706744940484,0.04539234945955248,-0.4550417663685098,-0.2734723685302999,True,True,-0.2876219446186843,-0.2881748597854057,0.04291959510758983,True,-0.429787634246481,0.34502766305332416,MT
222,May 11,Melt Onset,60,-0.3588841761940521,-0.3568320397821228,0.04495360904155386,-0.4467392578652305,-0.2669248216990151,True,True,-0.28158966267888913,-0.2806693934493077,0.043127017653894116,True,-0.42364004800683,0.3421311565658762,MT
223,May 12,Melt Onset,60,-0.35794994779095535,-0.35766407554106416,0.04651560893580755,-0.4506952934126793,-0.26463285766944905,True,True,-0.2795777901485446,-0.28110663906489514,0.04355605614601195,True,-0.41909847785748144,0.34007038448392424,MT
224,May 13,Melt Onset,60,-0.3630254342882412,-0.36251124050055195,0.04676107849379692,-0.45603339748814575,-0.26898908351295814,True,True,-0.2818909535911806,-0.28192706963322733,0.04253578613687678,True,-0.4173352815655651,0.33795488204516066,MT
225,May 14,Melt Onset,60,-0.36893479143500446,-0.3689831695280893,0.04639673058599983,-0.46177663070008895,-0.27618970835608964,True,True,-0.28325044015658846,-0.28405088443472437,0.04266439717892813,True,-0.4183973734573458,0.3304321351427654,MT
226,May 15,Melt Onset,60,-0.3719890725607553,-0.37218745246843377,0.04817326731659507,-0.4685339871016239,-0.2758409178352436,True,True,-0.2810717028580648,-0.28246185080350494,0.04306407964734229,True,-0.4111445363474838,0.3207633129085528,MT
227,May 16,Melt Onset,60,-0.374006754552243,-0.37438103142437956,0.04854213160635617,-0.4714652946370919,-0.2772967682116672,True,True,-0.278291974132242,-0.27939105416670995,0.04292078761690996,True,-0.403316032300841,0.3152993111721486,MT
228,May 17,Melt Onset,60,-0.3694621330640478,-0.36927016483696,0.05135128213457929,-0.4719727291061186,-0.26656760056780143,True,True,-0.2712308802265278,-0.27234191280450154,0.04467540430990323,True,-0.39681871128423046,0.29907281609614805,MT
229,May 18,Melt Onset,60,-0.36535745345304893,-0.36410341331751434,0.05032275611097677,-0.4647489255394679,-0.2634579010955608,True,True,-0.2661973544485432,-0.26572245404984,0.04369308871191763,True,-0.3860792859175443,0.29316405541624724,MT
230,May 19,Melt Onset,60,-0.37113538297871224,-0.371153461789974,0.052007311506877915,-0.47516808480372985,-0.26713883877621813,True,True,-0.269068278560929,-0.2696897445159034,0.04456606611985361,True,-0.38122738723637817,0.30867509116080644,MT
231,May 20,Melt Onset,60,-0.37995553705281904,-0.381273959066142,0.051460547185211855,-0.48419505343656566,-0.2783528646957183,True,True,-0.2714631086339769,-0.2736506449776982,0.043865241089828456,True,-0.36980434601785545,0.33039888849280596,MT
232,May 21,Melt Onset,60,-0.3725147285367466,-0.3723426811062738,0.052337961994058796,-0.47701860509439137,-0.2676667571181562,True,True,-0.26270237518373296,-0.26397375311086446,0.04491944407978108,True,-0.35180255267611976,0.3261448976672376,MT
233,May 22,Melt Onset,60,-0.36222126233977137,-0.3637534394708815,0.05211786137021222,-0.46798916221130593,-0.2595177167304571,True,True,-0.2514349544769264,-0.25378729337889233,0.04328089418953538,True,-0.32976421439118975,0.3097029024800124,MT
234,May 23,Melt Onset,60,-0.3678623587582029,-0.3688249554698929,0.05240320114370381,-0.47363135775730053,-0.2640185531824853,True,True,-0.2542288850002725,-0.255861545131168,0.043236402087656806,True,-0.3246682821710866,0.32807184179111143,MT
235,May 24,Melt Onset,60,-0.3419859271112484,-0.3437377833414531,0.052199364146473706,-0.4481365116344005,-0.2393390550485057,True,True,-0.23975803492676892,-0.24154702029702324,0.04407223240271005,True,-0.30352781623963165,0.3252237350705973,MT
236,May 25,Melt Onset,60,-0.34446953844452816,-0.34514394290558903,0.052343370855755356,-0.44983068461709974,-0.24045720119407832,True,True,-0.23775293424289168,-0.23898816796361233,0.04285578847263509,True,-0.2878170629301245,0.32470183009105075,MT
237,May 26,Melt Onset,60,-0.3530351856426612,-0.35370490468292926,0.050766743022531015,-0.45523839072799127,-0.25217141863786724,True,True,-0.2381828586831967,-0.23964195894525475,0.04186111744811648,True,-0.2813714384194446,0.32899091801390695,MT
238,May 27,Melt Onset,60,-0.35455518361947175,-0.35526022556729253,0.04870272211561271,-0.45266566979851797,-0.2578547813360671,True,True,-0.24207378199188093,-0.24418885571187418,0.041839114500633004,True,-0.30827467243480544,0.3320290156682659,MT
239,May 28,Melt Onset,60,-0.372958646859547,-0.3738371574774202,0.047881464902873025,-0.46960008728316627,-0.2780742276716741,True,True,-0.24399369276023383,-0.24529548315452507,0.03918019839550925,True,-0.30995002574808067,0.3343575099116361,MT
240,May 29,Melt Onset,60,-0.37244254789130127,-0.3732523837588721,0.04507483656855178,-0.4634020568959757,-0.2831027106217685,True,True,-0.255472689120751,-0.25616518359660034,0.04055794619099255,True,-0.32405242112336086,0.34697797976282313,MT
241,May 30,Melt Onset,60,-0.3732222316081438,-0.3740007675847645,0.046021281880601055,-0.46604333134596665,-0.2819582038235624,True,True,-0.25151621494033627,-0.2521194765237617,0.0411010429196279,True,-0.3133938161162805,0.33993325605476105,MT
242,May 31,Melt Onset,60,-0.37039020999647837,-0.3717348619592045,0.04692135408600449,-0.4655775701312135,-0.27789215378719556,True,True,-0.24207438614150548,-0.2434897699871229,0.040856965184889404,True,-0.29245892276481344,0.32586948935673316,MT
243,Jun 01,Melt Onset,60,-0.35088820565497536,-0.3495765738514499,0.04570917678261335,-0.4409949274166766,-0.2581582202862232,True,True,-0.22944540371684213,-0.22924392411830757,0.04117935225876028,True,-0.27652880556706816,0.3181104428690649,MT
244,Jun 02,Melt Onset,60,-0.3656226304814191,-0.36701782679234457,0.04361763167187564,-0.4542530901360958,-0.2797825634485933,True,True,-0.2439904857129891,-0.2455851145854587,0.04095292883032755,True,-0.28554485076474945,0.3407726478393384,MT
245,Jun 03,Melt Onset,60,-0.38083575836129885,-0.3827589023908409,0.041574556141978754,-0.4659080146747984,-0.29960979010688343,True,True,-0.24505301635531948,-0.24610884964008353,0.040885192204100286,True,-0.29870281710756313,0.3520531517715703,MT
246,Jun 04,Melt Onset,60,-0.3741600697497073,-0.3744697909652828,0.041881681152087485,-0.4582331532694578,-0.29070642866110785,True,True,-0.2413141986764149,-0.24149587259307123,0.0412430981035385,True,-0.29504124489357747,0.34876926308062706,MT
247,Jun 05,Melt Onset,60,-0.3727274028567296,-0.3725706354795227,0.04657310822665803,-0.46571685193283874,-0.2794244190262066,True,True,-0.22902389846075177,-0.22979765981297098,0.03980615610808929,True,-0.2780691242541685,0.3185574141130983,MT
248,Jun 06,Melt Onset,60,-0.3383343886600441,-0.33761297520739675,0.05200271958498713,-0.44161841437737104,-0.2336075360374225,True,True,-0.21315984372829264,-0.21254780983851862,0.03842806301778496,True,-0.24033366214175259,0.29229207321541834,MT
249,Jun 07,Melt Onset,60,-0.3278844582179958,-0.3270585986341632,0.05640065383601458,-0.43985990630619237,-0.21425729096213403,True,True,-0.1993851572810725,-0.19822334322895047,0.03892597499659365,True,-0.22177245363736636,0.26917034685941765,MT
250,Jun 08,,60,-0.3536760923230821,-0.3545820114660263,0.053836709143795555,-0.46225542975361744,-0.2469085931784352,True,True,-0.21696462646468645,-0.21839289885104848,0.03833717247492267,True,-0.24547749265429233,0.28197494324281575,MT
251,Jun 09,,60,-0.34790717177709723,-0.34776764523278814,0.05281486495316931,-0.45339737513912676,-0.24213791532644952,True,True,-0.20625950242827898,-0.20673222238011363,0.036537471693187475,True,-0.24458822185608126,0.24709947697942114,MT
252,Jun 10,,60,-0.3513252475919561,-0.3509246918658945,0.050993818272838914,-0.4529123284115723,-0.24893705532021665,True,True,-0.21645031522269464,-0.216883917673036,0.03725960642800172,True,-0.26441020466449905,0.25297863299331846,MT
253,Jun 11,,60,-0.39679182482831016,-0.3959874129955391,0.05069465759388655,-0.4973767281833122,-0.29459809780776597,True,True,-0.2339176601074168,-0.2337718357062136,0.03866483770487666,True,-0.269272832811097,0.28792378924686,MT
254,Jun 12,,60,-0.4214810027673599,-0.41949011065753633,0.04876381579539089,-0.5170177422483181,-0.32196247906675457,True,True,-0.2433417273740665,-0.24291779886858125,0.046066379145111816,True,-0.25932874980961373,0.3002877874990694,MT
255,Jun 13,,60,-0.4360559266549796,-0.4354707677547046,0.046440040831488894,-0.5283508494176824,-0.3425906860917268,True,True,-0.24716093286578425,-0.24794910787453936,0.04204504571212694,True,-0.2692357605210198,0.31752639321402987,MT
256,Jun 14,,60,-0.4294944824063182,-0.43022687458868486,0.048259799568537536,-0.5267464737257599,-0.3337072754516098,True,True,-0.23823661235535404,-0.23961038432198278,0.0375105101275243,True,-0.27279907099010714,0.31350488913266833,MT
257,Jun 15,,60,-0.4225384562013577,-0.4217880993177363,0.04677662782773611,-0.5153413549732085,-0.3282348436622641,True,True,-0.22330045553253827,-0.22355752232931705,0.03592068416798407,True,-0.25663356758136796,0.29764626540876776,MT
258,Jun 16,,60,-0.33627265628314035,-0.3349268824115107,0.05140091186039826,-0.4377287061323072,-0.23212505869071418,True,True,-0.17844049901382653,-0.17841277323124227,0.036764464402328126,True,-0.21399433221671577,0.24622065835220866,MT
259,Jun 17,,60,-0.2748316197603081,-0.27505885287055043,0.0612987330311362,-0.3976563189328228,-0.15246138680827803,True,True,-0.1464426449603428,-0.1472250470428659,0.03907550612570188,True,-0.16605766032657893,0.21407146629627027,MT
260,Jun 18,,60,-0.2529791370591603,-0.24860894554630783,0.06151254009488107,-0.37163402573606996,-0.1255838653565457,True,True,-0.1311082359317965,-0.1295725998776409,0.038030320156878385,True,-0.15582688567343342,0.1989539908139544,MT
261,Jun 19,,60,-0.25104580252415676,-0.24816229699551628,0.06424599125285553,-0.3766542795012273,-0.11967031448980522,True,False,-0.14020310286355328,-0.1401730532273822,0.04332877828254148,True,-0.16199337752209847,0.22125770579968343,MT
262,Jun 20,,60,-0.30226035639327464,-0.3023214356250303,0.047893565253304723,-0.3981085661316397,-0.20653430511842083,True,True,-0.17482074643054402,-0.17516459897245404,0.04028264287022649,True,-0.19304076294927303,0.24471814856604954,MT
263,Jun 21,,60,-0.3180355413386764,-0.31697348651009427,0.047669051949673275,-0.4123115904094408,-0.22163538261074772,True,True,-0.1817931596402377,-0.18160468057043083,0.039666990225572504,True,-0.20139921931653296,0.2420737687007133,MT
264,Jun 22,,60,-0.3430164293147774,-0.3449191721247945,0.045363106258274166,-0.43564538464134284,-0.25419295960824617,True,True,-0.1932437778484381,-0.19405216261234362,0.03861220460246075,True,-0.22154426936715002,0.24986942715042593,MT
265,Jun 23,,60,-0.31613469438500286,-0.31556157031972776,0.045693758867734906,-0.4069490880551976,-0.22417405258425793,True,True,-0.189330140783073,-0.18908330024778872,0.040192279582732034,True,-0.216998967668173,0.2576600199691224,MT
266,Jun 24,,60,-0.29798535876678856,-0.299095001629826,0.045428974603098526,-0.38995295083602305,-0.20823705242362894,True,True,-0.17692757104625764,-0.17758765441637991,0.04061365490095872,True,-0.19015197210056128,0.24404059116224722,MT
267,Jun 25,,60,-0.30789113500605575,-0.3078579511514046,0.04151551107906996,-0.3908889733095445,-0.22482692899326467,True,True,-0.17471989123885062,-0.17545878776000745,0.03848658641951963,True,-0.18490984425643406,0.2446660049020905,MT
268,Jun 26,,60,-0.29530486286152,-0.29717118694212763,0.04403900972199268,-0.385249206386113,-0.20909316749814227,True,True,-0.18975775015908197,-0.19114496582364887,0.04606963942506201,True,-0.20791779843231425,0.2851512653820757,MT
269,Jun 27,,60,-0.3001447548959954,-0.30016425885383385,0.041012658869790886,-0.3821895765934156,-0.21813894111425208,True,True,-0.1882189721252182,-0.18855247004263628,0.04368814678240078,True,-0.19754216778099387,0.27842942933254156,MT
270,Jun 28,,60,-0.30591995845407793,-0.3074632983470641,0.037221441162750876,-0.3819061806725659,-0.23302041602156234,True,True,-0.1875136982447284,-0.18774397561506975,0.042225937778446736,True,-0.2038425989041325,0.26290424147855307,MT
271,Jun 29,,60,-0.2993771461351136,-0.3004416069347549,0.03818512447188011,-0.3768118558785151,-0.2240713579909947,True,True,-0.18577420895378344,-0.186378714447276,0.04249020687912216,True,-0.210119161765773,0.27864728993267224,MT
272,Jun 30,,60,-0.2843771222233718,-0.2865583935015688,0.03714395588902144,-0.3608463052796117,-0.21227048172352592,True,True,-0.16399064401568358,-0.16406574666192694,0.040586026432646576,True,-0.18335849682985939,0.258355073608903,MT
273,Jul 01,,60,-0.271667046902551,-0.27299600099804705,0.03894176361395586,-0.3508795282259588,-0.19511247377013533,True,True,-0.15520266090325816,-0.15595279621397123,0.04004473418562792,True,-0.18630781591645248,0.23849639784691784,MT
274,Jul 02,,60,-0.26250318822863106,-0.26206444128244355,0.042087916535579604,-0.3462402743536028,-0.17788860821128433,True,True,-0.13217181664713656,-0.13177190997047725,0.03510801495350217,True,-0.1542886170063947,0.21003084517116236,MT
275,Jul 03,,60,-0.2851443136140321,-0.2858359441424369,0.03740166974490888,-0.36063928363225467,-0.21103260465261914,True,True,-0.15258061591727376,-0.1523071764076767,0.03668628476521574,True,-0.17899411173511287,0.24468748827337972,MT
276,Jul 04,,60,-0.2987490786188397,-0.29863015516427527,0.04111045728096569,-0.38085106972620664,-0.2164092406023439,True,True,-0.14462994143478392,-0.14495159660610876,0.03261768049304841,True,-0.16628510856726958,0.2101848573533103,MT
277,Jul 05,,60,-0.27653104943713797,-0.27587779821017694,0.04016381703402058,-0.3562054322782181,-0.19555016414213577,True,True,-0.13000827976665846,-0.13001150393065855,0.03188044630038933,True,-0.15528984128749362,0.2030626253504572,MT
278,Jul 06,,60,-0.2099698381380426,-0.2108378804279731,0.046814979677154776,-0.30446783978228265,-0.11720792107366355,True,True,-0.09430249474226028,-0.09562776985482994,0.026156558322555857,True,-0.14949532363622908,0.1350876241103821,MT
279,Jul 07,,60,-0.23642289205120642,-0.23497951628251348,0.044941562989239674,-0.3248626422609928,-0.14509639030403415,True,True,-0.11589636933378299,-0.11606274078061254,0.03423751034205046,True,-0.14401805505148235,0.20358671123308988,MT
280,Jul 08,,59,-0.23707277667892543,-0.2355363853492861,0.04617174451167446,-0.327879874372635,-0.14319289632593718,True,True,-0.1254434202834017,-0.1254112998008075,0.03840828152145303,True,-0.13949810590347028,0.23005926414265376,MT
281,Jul 09,,59,-0.24351828650611068,-0.24426029566227725,0.03805940903002054,-0.3203791137223183,-0.1681414776022362,True,True,-0.14073848636713954,-0.14237018863750703,0.04228707274173302,True,-0.16198249761455036,0.25255873847765825,MT
282,Jul 10,,59,-0.1069208546277924,-0.11087957996626892,0.08518920551956836,-0.28125799100540566,0.05949883107286781,False,False,-0.058995915596475136,-0.06009742672174727,0.0415635996788584,False,-0.04012816320536121,0.16027320052571234,MT
283,Jul 11,,60,-0.00293137008797943,0.003739602072992185,0.10523686435579382,-0.20673412663859547,0.21421333078457983,False,False,-0.0013686406742374753,-0.0014534758391748252,0.04413865424852854,False,-0.00519394498681332,0.11938561918342104,MT
284,Jul 12,,59,-0.12305682947360598,-0.11082458832155376,0.0884883627819962,-0.2878013138855462,0.06615213724243865,False,False,-0.06644837732997408,-0.06520725427771333,0.04753410214911423,False,-0.09486289724282346,0.18849743703263833,MT
285,Jul 13,,59,-0.20105335206566183,-0.1980788378131348,0.048842892571954205,-0.2957646229570432,-0.10039305266922638,True,True,-0.12464388943766018,-0.1261525133280683,0.04846905677133778,True,-0.13805532505852572,0.22564094916783303,MT
286,Jul 14,,59,-0.2183742447575542,-0.21739727250505098,0.04149340367166086,-0.3003840798483727,-0.13441046516172928,True,True,-0.13509658180069156,-0.13489634257546726,0.04864962492322209,True,-0.14484435208685156,0.22534525715838133,MT
287,Jul 15,,60,-0.21276332915807922,-0.21041763082630646,0.042230874479936266,-0.294879379786179,-0.12595588186643392,True,True,-0.09940870295188377,-0.09976487102568908,0.03330080662429525,True,-0.14043100961978805,0.11100456148960704,MT
288,Jul 16,,59,-0.14822430810531315,-0.1422670413669233,0.05945094693214743,-0.2611689352312182,-0.02336514750262844,True,False,-0.06920710571196216,-0.069799909945174,0.03176750749278531,True,-0.09516230880492116,0.06270337013490064,MT
289,Jul 17,,59,-0.0831537150072561,-0.06929392622180051,0.08776726288490845,-0.2448284519916174,0.10624059954801639,False,False,-0.03792388355025593,-0.036113272722120525,0.03625371203397628,False,-0.04234299390008061,0.0434726350184252,MT
290,Jul 18,,52,-0.036585566614923765,-0.028281684483488768,0.10578051788334936,-0.2398427202501875,0.18327935128320993,False,False,-0.021845971496350727,-0.02194033324629316,0.05114898336770083,False,0.05375750995374356,0.0594100485354553,MT
291,Jul 19,,52,-0.07623531648825015,-0.053688536989047124,0.11052688135629775,-0.2747422997016426,0.16736522572354837,False,False,-0.04388141671639564,-0.04255578809364167,0.04922673527015006,False,0.01825620089477902,0.075588160313278,MT
292,Jul 20,,52,-0.16359368050633583,-0.14727005145101452,0.09186345000852152,-0.3309969514680575,0.036456848566028516,False,False,-0.12014697650409915,-0.121535160049718,0.06428845474087037,False,-0.07405113196246839,0.16483585843570017,MT
293,Jul 21,,51,-0.1880841217267967,-0.19299737612243287,0.047475406897005495,-0.2879481899164439,-0.09804656232842188,True,True,-0.1522188443234001,-0.15414095906099892,0.07441681169280387,True,-0.143395103459005,0.2157689652606553,MT
294,Jul 22,,52,-0.0871776485687829,-0.04352919413464865,0.15490045297682,-0.3533301000882887,0.26627171181899134,False,False,-0.04891207097500135,-0.049124540253700805,0.05199548578598259,False,-0.05286492533469326,0.07757215490679685,MT
295,Jul 23,,57,-0.1159741633777795,-0.10239516975932385,0.07541620536532886,-0.25322758048998156,0.04843724097133388,False,False,-0.06739102479760882,-0.06704861386219056,0.04139602798406434,False,-0.136742383846663,0.06028380797878866,MT
296,Jul 24,,57,-0.11223527198624887,-0.09913193077939889,0.07439060359513537,-0.24791313796966963,0.049649276410871857,False,False,-0.06885995653913443,-0.06825215391777703,0.043028731397879015,False,-0.13512251030532338,0.06413810701191831,MT
297,Jul 25,,43,-0.1810254106600312,-0.15023692255790086,0.10612790663908027,-0.3624927358360614,0.06201889072025968,False,False,-0.1310808206022839,-0.12847103017860026,0.07323749320062659,False,-0.14526328586396717,0.15550051145255567,MT
298,Jul 26,,42,-0.1943028895804619,-0.18350110771520264,0.0762987222834427,-0.33609855228208807,-0.030903663148317245,True,False,-0.1657699741622841,-0.16837007154414813,0.07987403936943059,True,-0.1450212776660919,0.2398085403442383,MT
299,Jul 27,,57,-0.00013182622398357906,-0.002141596813805811,0.07508974231541056,-0.15232108144462694,0.1480378878170153,False,False,-7.809117264801891e-05,0.0015490643888210988,0.036635506441767635,False,0.05989542831882145,-0.005485647716463159,MT
300,Jul 28,,46,-0.06747799637450293,-0.06034758398908955,0.09746700589298365,-0.2552815957750569,0.13458642779687777,False,False,-0.03812383161156994,-0.036658247293494296,0.04610559167459741,False,0.04516540041045536,0.04260330131898321,MT
301,Jul 29,,48,-0.1558452407910737,-0.15034149882322095,0.07172638439206595,-0.29379426760735283,-0.006888730039089047,True,False,-0.09250464280152043,-0.09385867225993309,0.04756779209684239,False,-0.1357568882405758,0.08840583115816116,MT
302,Jul 30,,48,-0.13273865357628675,-0.1302135693805882,0.07022306491987107,-0.27065969922033034,0.010232560459153939,False,False,-0.0794511861705937,-0.07911778548937255,0.042491912210127776,False,-0.13578375269259726,0.05890258685463952,MT
310,Aug 07,,55,-0.03691931516997852,-0.046110348473901844,0.021871853244970287,-0.08985405496384241,-0.0023666419839612693,True,False,-0.025911426393055853,-0.02603983886163264,0.012070777948104931,True,-0.14130637788190922,-0.14214394784592962,MT
311,Aug 08,,56,-0.02097949136939387,-0.025079225114825788,0.024487286836921685,-0.07405379878866916,0.023895348559017583,False,False,-0.015476517453982805,-0.015065657714669528,0.010561116505557959,False,-0.1237830904186305,-0.133981863489856,MT
312,Aug 09,,48,-0.03886609847233629,-0.042464997864910384,0.02842544058697298,-0.09931587903885634,0.014385883309035577,False,False,-0.031205038176358953,-0.03086481601348121,0.016660492222956555,False,-0.14600537082349713,-0.1470235830003565,MT
315,Aug 12,,30,0.1252842907056488,0.11797841157190586,0.06958221205678936,-0.02118601254167285,0.25714283568548457,False,False,0.08152595505653874,0.0855634026076697,0.04985049965763628,False,0.25165286958217614,-0.12770689005653066,MT
316,Aug 13,,46,-0.08907000962864874,-0.0834017936797851,0.05883594771194682,-0.20107368910367873,0.034270101744108536,False,False,-0.06388114602093653,-0.06340254565033168,0.03553583882770033,False,-0.07249094785915482,0.01095216671625774,MT
317,Aug 14,,47,0.12369532203859684,0.11968314288749929,0.0679005051106777,-0.016117867333856117,0.2554841531088547,False,False,0.07150373189907462,0.07250532617571315,0.040979792381453974,False,0.1624894420305888,-0.13638479200502235,MT
318,Aug 15,,59,0.11602812651944158,0.12231330899264162,0.062108108748328485,-0.001902908504015352,0.2465295264892986,False,False,0.05729513786289579,0.0575172559040903,0.02553363523915237,True,0.06781850102401914,-0.14881356818654137,MT
319,Aug 16,,59,0.12014356403270054,0.12114245638607074,0.05048865128965185,0.020165153806767047,0.22211975896537445,True,False,0.06419462580248571,0.06538614909602436,0.029519631629829162,True,0.13085750652211053,-0.14225558579460648,MT
320,Aug 17,,49,0.13147425662039988,0.12783601311445703,0.04671886986455573,0.03439827338534557,0.22127375284356848,True,False,0.11425932430174666,0.11473912755444672,0.057108692386887525,True,0.30927049053065914,-0.11827526815856496,MT
325,Aug 22,,58,0.2451625800748668,0.2399708344216686,0.06321988379643967,0.11353106682878927,0.36641060201454795,True,False,0.12797206894300572,0.12786128211475575,0.05045051877143217,True,0.120299454263988,-0.13215805726662241,MT
326,Aug 23,,58,0.16670659390404227,0.15063919311981944,0.08799015219257234,-0.025341111265325234,0.3266194975049641,False,False,0.10595650273887358,0.10628459512312892,0.05898766830422269,False,0.07842606233474385,-0.13950205069524083,MT
327,Aug 24,,60,0.20460987456209243,0.1945610296446563,0.07202139525741857,0.05051823912981915,0.3386038201594934,True,False,0.1477490039778201,0.14876765410343523,0.07248766098360199,True,0.17415257364768336,-0.1369884253725593,MT
328,Aug 25,,59,0.21199793625133861,0.20558642612983505,0.06536799085912319,0.07485044441158867,0.33632240784808143,True,False,0.12520642802103268,0.12759953514359726,0.05622561163800579,True,0.11909718765364756,-0.12927637483928048,MT
329,Aug 26,,59,0.22069231481095744,0.21786260244347425,0.05780418002697906,0.10225424238951612,0.33347096249743235,True,False,0.12510760070491975,0.1274347970477698,0.05494705382700298,True,0.11382006063977564,-0.13830492107120929,MT
330,Aug 27,,57,0.20976496834577543,0.2020321623641684,0.07053080419105554,0.060970553982057335,0.34309377074627945,True,False,0.09244373291229872,0.09326946474638532,0.04068407412167989,True,0.08403189925226746,-0.11464205269890058,MT
331,Aug 28,,59,0.06394168091198174,0.07133586569914749,0.03938459384975214,-0.00743332200035679,0.15010505339865177,False,False,0.03405450825137738,0.03502415045908161,0.016862466243596618,True,-0.07125524266234715,-0.12307577943909619,MT
332,Aug 29,,59,-0.03170830742582576,-0.0377657489669068,0.0564204623737297,-0.1506066737143662,0.07507517578055259,False,False,-0.01502982236648474,-0.015625587337895278,0.02218480805674676,False,-0.07103160303931277,-0.021634698011959448,MT
333,Aug 30,,60,0.08109342684432652,0.0741007955056545,0.07691017921287537,-0.07971956292009623,0.22792115393140522,False,False,0.030056063295141544,0.03010105803646043,0.027637388296000806,False,0.009600760522550706,-0.058623344150048724,MT
334,Aug 31,,60,0.07281364068795079,0.06807512622072011,0.08584741817146788,-0.10361971012221564,0.23976996256365585,False,False,0.030512315761245332,0.03187687701779184,0.03353695069760013,False,0.011767560249903952,-0.026782248464703697,MT
335,Sep 01,,59,-0.21774986020871726,-0.21408981219280115,0.08194250174433508,-0.3779748156814713,-0.05020480870413099,True,False,-0.09185144494953906,-0.09357795438579894,0.039491488687709096,True,-0.061508222649043265,0.08016895778251416,MT
336,Sep 02,,60,-0.3698876095127721,-0.3707885226257039,0.03943792300273138,-0.44966436863116666,-0.2919126766202411,True,True,-0.19539420054391896,-0.19511857352603237,0.05166023533687661,True,-0.14595406465676108,0.21667898169835406,MT
337,Sep 03,,59,-0.3455238893655467,-0.34496877911266133,0.05914254392811831,-0.4632538669688979,-0.2266836912564247,True,True,-0.14406490317382423,-0.14437150933655732,0.03267950407902534,True,-0.16049706602767247,0.1344172393702087,MT
338,Sep 04,,59,-0.10629375004171594,-0.11065858724734738,0.07580102423162491,-0.2622606357105972,0.040943461215902435,False,False,-0.033900130345484725,-0.03347779846975877,0.02036015190762487,False,-0.022367345090017497,0.00014959689969784647,MT
339,Sep 05,,60,0.021708484420413544,0.029725890873109898,0.07287535365967829,-0.11602481644624668,0.17547659819246647,False,False,0.009751824488556885,0.010290394527451674,0.02714104005696876,False,0.03795531724471589,0.054723632839709664,MT
340,Sep 06,,60,0.013686420670489094,0.02076447070113414,0.08924831025995378,-0.15773214981877343,0.1992610912210417,False,False,0.006009180555128678,0.005651189278284514,0.03352390338058541,False,-0.0035670764940753884,0.08040440936920236,MT
341,Sep 07,,60,-0.05122268352086379,-0.041957689747291554,0.07167378731553857,-0.1853052643783687,0.10138988488378559,False,False,-0.0276584162263138,-0.027878370144568402,0.031660771421265665,False,-0.06346215279005261,0.1166942605730787,MT
342,Sep 08,,60,0.035061763262475794,0.0293989242161686,0.058084616686424805,-0.086770309156681,0.1455681575890182,False,False,0.01627872636345915,0.015862730429668973,0.024802970256538215,False,0.04493302808568475,-0.005433365992541678,MT
343,Sep 09,,60,0.06856373086617114,0.07037491993073394,0.07059745258915853,-0.07081998524758312,0.211569825109051,False,False,0.02314509616779089,0.02392577632979525,0.023250883697956127,False,0.07229475857511077,-0.02305384708228796,MT
344,Sep 10,,60,0.10205387629522475,0.10033691435773517,0.03992445805208024,0.020487998253574696,0.18018583046189565,True,False,0.0474595090518446,0.047967517392257596,0.022247511977589476,True,0.1316362970483526,-0.10518903154709593,MT
345,Sep 11,,60,0.07906138113806492,0.07914578890245033,0.04941863708274521,-0.019691485263040084,0.17798306306794076,False,False,0.031622193790032116,0.03291765038487105,0.021309017758897437,False,0.0963519637680147,-0.10724097011376167,MT
346,Sep 12,,60,0.09796144536024476,0.1000160639765872,0.04360823839918834,0.012799587178210517,0.18723254077496387,True,False,0.04953618444872861,0.05010606520211355,0.021995110972097467,True,0.030015257291502402,-0.17076372345049912,MT
347,Sep 13,,60,0.15883054669216953,0.1669118488016794,0.05751419731317918,0.05188345417532103,0.28194024342803775,True,False,0.08202560559026842,0.08198118591397502,0.02110863058153219,True,0.02917998908329549,-0.1863202231337777,MT
348,Sep 14,,60,0.09233172099407551,0.09932592428516486,0.050014858685392,-0.0007037930856191449,0.19935564165594888,False,False,0.04571635982287096,0.04550038815043348,0.01801450433290919,True,-0.03781322081722867,-0.15777180992455364,MT
349,Sep 15,,60,0.007728278166599333,0.009633762591625012,0.033767520168743195,-0.05790127774586138,0.07716880292911141,False,False,0.0038563506662417455,0.004249345290597558,0.01617177327915816,False,-0.0992682005831127,-0.09598469229584744,MT
350,Sep 16,,60,0.010431733365770518,0.011834048778003172,0.04381684107180303,-0.07579963336560289,0.09946773092160924,False,False,0.0049189420482563,0.005000421428197832,0.019903743166629705,False,-0.06952472937798737,-0.06435961795507394,MT
351,Sep 17,,60,0.08606891052761945,0.08533043296623234,0.06523944233340696,-0.045148451700581585,0.21580931763304628,False,False,0.036900891718757184,0.03645859934783458,0.027743919544788987,False,0.009784743073496088,-0.054686450787055245,MT
352,Sep 18,,60,0.17650684849457438,0.17214551393877062,0.07401605221016369,0.024113409518443235,0.32017761835909797,True,False,0.08125139005509459,0.08035724840311372,0.036034686817364756,True,0.0676093190588619,-0.11589232905521762,MT
353,Sep 19,,59,0.13815710923532262,0.13558071384384163,0.07180806992301349,-0.008035426002185347,0.2791968536898686,False,False,0.07165053350708711,0.07033070834552888,0.0363370720151419,False,0.048655672298976875,-0.10409785802635164,MT
354,Sep 20,,59,0.07479633677937182,0.07876016836778121,0.05654008439847664,-0.03432000042917206,0.19184033716473448,False,False,0.039809800429038485,0.04033713527947691,0.027400370242038317,False,0.01629868617760368,-0.08939021206774331,MT
355,Sep 21,,59,-0.02055084860143104,-0.022041491801615465,0.051923554859002304,-0.12588860151962006,0.08180561791638914,False,False,-0.010592169977888418,-0.011308283253953317,0.025192437146499748,False,-0.07182952397329448,-0.01979601916122171,MT
356,Sep 22,,59,-0.1013309165354347,-0.10399463211635196,0.05232894374332606,-0.20865251960300407,0.000663255370300167,False,False,-0.05545001263133154,-0.05486777273315877,0.025787653897627928,True,-0.12406769788355447,0.05222873097968603,MT
357,Sep 23,,59,-0.1077296981023383,-0.11128189368913488,0.04912634745819986,-0.2095345886055346,-0.01302919877273516,True,False,-0.05591283880605894,-0.05588465357951011,0.023261427585562707,True,-0.09706294717173816,0.05598651651867002,MT
358,Sep 24,,59,-0.13348228705484655,-0.13782138623958373,0.04647673550157446,-0.23077485724273267,-0.04486791523643481,True,False,-0.0684364990994311,-0.06825271164955697,0.02180665818089393,True,-0.11833302528555074,0.0691792744561746,MT
359,Sep 25,,59,-0.191078390304445,-0.19480952559258674,0.04509458911604712,-0.28499870382468095,-0.1046203473604925,True,True,-0.09399623943178281,-0.09499193623623722,0.021964628491337963,True,-0.17910847314715558,0.0558607563680702,MT
360,Sep 26,,59,-0.19563783065551665,-0.1970317083192632,0.04579320118387107,-0.2886181106870053,-0.10544530595152106,True,True,-0.09308762912980109,-0.09380243794012605,0.02380378917748636,True,-0.18846512343575636,0.04904620348326287,MT
361,Sep 27,,59,-0.20615020113112908,-0.20539309976424736,0.045302512561745605,-0.2959981248877386,-0.11478807464075615,True,True,-0.10089434127488166,-0.100955465715602,0.025374727467651046,True,-0.1842831978350745,0.08081656491950735,MT
362,Sep 28,,59,-0.176206554846755,-0.17638248545291235,0.051019873147783716,-0.2784222317484798,-0.07434273915734492,True,False,-0.09401482560508827,-0.09422653174569381,0.028567325193686623,True,-0.1571966372098059,0.09066879044674123,MT
363,Sep 29,,59,-0.06474330044859634,-0.06967129385219917,0.06394819151941425,-0.19756767689102767,0.05822508918662933,False,False,-0.03486741401353373,-0.03624613543705473,0.0315712341980149,False,-0.06901805388449286,0.0048049896010415325,MT
364,Sep 30,,59,-0.10104851160887277,-0.10099740255435165,0.0657459339921996,-0.23248927053875085,0.030494465430047565,False,False,-0.05615946969873184,-0.05590288843254753,0.035075909607080444,False,-0.08925240888981044,0.04454854528846793,MT
0,Oct 01,,46,0.17561720673835857,0.17098029690335953,0.0776935739431118,0.015593149017135932,0.3263674447895831,True,False,0.10356565532567588,0.10527429676558199,0.05182876810159469,True,0.25144950710341646,-0.060136638092239805,ID
1,Oct 02,,46,0.14277160204377556,0.13684935760653338,0.09625959697949,-0.05566983635244663,0.32936855156551337,False,False,0.07690040346892654,0.07778674155406694,0.052123087706946014,False,0.20170050488139207,-0.03362321471776395,ID
2,Oct 03,,46,0.18136071585844296,0.17726922641746246,0.08875752631824273,-0.0002458262190229987,0.35478427905394794,False,False,0.0867025711386284,0.0868054571419168,0.04536907101343281,False,0.16505194112700466,-0.06298181328129479,ID
3,Oct 04,,46,0.19407969547792855,0.18450566025691956,0.09671172465874514,-0.008917789060570724,0.37792910957440984,False,False,0.1034905088316889,0.10309139416214601,0.05671616222756004,False,0.2069426030739686,-0.04294519567755324,ID
4,Oct 05,,46,0.14532946861149415,0.14469384640823024,0.10432789874282507,-0.06396195107741989,0.35334964389388035,False,False,0.07675636212150762,0.0797344537545673,0.05569684824092321,False,0.17423460252079198,-0.003421055010816243,ID
5,Oct 06,,46,0.0847303686413419,0.08335294261758322,0.10812076083603832,-0.13288857905449342,0.29959446428965986,False,False,0.04551150663772593,0.04585667374519517,0.0560363599131349,False,0.1067224732610439,0.023837274946367032,ID
6,Oct 07,,46,0.1284696258824314,0.1298270970651468,0.0999340277184968,-0.07004095837184679,0.32969515250214043,False,False,0.07089893101583956,0.07141671872632613,0.05327977347615686,False,0.11298474145050941,0.004631769764911406,ID
7,Oct 08,,46,0.21244436536222489,0.21226955828298116,0.09073369301669577,0.030802172249589616,0.39373694431637274,True,False,0.11138548963241021,0.11239563688760029,0.04942186091366187,True,0.14744597195242257,-0.06457147134238968,ID
8,Oct 09,,46,0.36459805590086825,0.3615618946857809,0.08509422560237226,0.1913734434810364,0.5317503458905255,True,True,0.19486414238489913,0.19417291880618626,0.05210198044792365,True,0.25989766508631074,-0.14794995686426415,ID
9,Oct 10,,46,0.3099172203937947,0.30468884224305065,0.09373067721138433,0.117227487820282,0.4921501966658193,True,False,0.15721014085570925,0.156268570577665,0.0522994212639671,True,0.1961585778007058,-0.09980708207909214,ID
10,Oct 11,,46,0.17875943623208898,0.16915834976880928,0.10762198534783422,-0.04608562092685917,0.38440232046447775,False,False,0.09199997195642041,0.0899126438241455,0.056686067088286406,False,0.06295010641168146,-0.0055723882278006995,ID
11,Oct 12,,46,0.08142022105732978,0.07616881924826245,0.09564996702996983,-0.11513111481167722,0.26746875330820213,False,False,0.043105654345492475,0.041049050259872766,0.049658754566505134,False,-0.019310975298945647,0.038271480509066536,ID
12,Oct 13,,46,0.01898811802468072,0.01741754915478006,0.09287074222761295,-0.16832393530044584,0.20315903361000595,False,False,0.010282694303599627,0.00897300318630016,0.049181113942056584,False,-0.0609275191364442,0.10485256032716525,ID
13,Oct 14,,46,0.02346058662102571,0.024704068819950936,0.08988338873625713,-0.15506270865256333,0.2044708462924652,False,False,0.011856138829365492,0.01191444437995473,0.045023171901812924,False,-0.047311694334978886,0.07441775954948433,ID
14,Oct 15,,46,-0.0033665883305373746,-0.001689422385874007,0.08327896406759001,-0.16824735052105402,0.16486850574930603,False,False,-0.0015914262352574266,-0.0014531356400982983,0.03940600539685708,False,-0.06799198629103548,0.057497096384374204,ID
15,Oct 16,,46,-0.05152982791002008,-0.052157126784482075,0.07647673260033767,-0.2051105919851574,0.10079633841619327,False,False,-0.023414896321173363,-0.024745485871445864,0.03532950700023821,False,-0.10649843888413404,0.05089798023261289,ID
16,Oct 17,,46,-0.10773811828804569,-0.10540097142840252,0.07212014178491483,-0.24964125499823217,0.038839312141427135,False,False,-0.05163544679237794,-0.05235030444441362,0.03601928197885409,False,-0.10939962582423889,0.044669818127720765,ID
17,Oct 18,,46,-0.1619159847905027,-0.1597557043860662,0.06622514293769967,-0.29220599026146554,-0.027305418510666868,True,False,-0.08830254082046204,-0.08822872046577278,0.03899375566354417,True,-0.14365810142168306,0.028618383362665784,ID
18,Oct 19,,46,-0.0774975528336111,-0.0731644044123425,0.07130246901027129,-0.2157693424328851,0.06944053360820009,False,False,-0.047088956431331895,-0.04414416883502539,0.04219286232865385,False,-0.012002591754405567,-0.05032557327704809,ID
19,Oct 20,,46,-0.1099659158196192,-0.1079407978009072,0.07406144627686405,-0.2560636903546353,0.04018209475282089,False,False,-0.07047485578761431,-0.06885447544030994,0.04570128678318828,False,-0.03086293832624177,0.01017873085378769,ID
20,Oct 21,,46,-0.12303574922362705,-0.12176811643203779,0.06945097273595126,-0.2606700619039403,0.017133829039864726,False,False,-0.0778078878794301,-0.07694644680221674,0.04310274988352951,False,-0.07168215070563223,0.03519558366446186,ID
21,Oct 22,,46,-0.13767307230824855,-0.13925201581004182,0.05917271505613889,-0.2575974459223196,-0.020906585697764032,True,False,-0.08459041876698789,-0.08596956674729718,0.037217827871648235,True,-0.11952246016742633,-0.03200774536786132,ID
22,Oct 23,,46,-0.07853264101325716,-0.0783663213658421,0.06040581332584696,-0.19917794801753602,0.04244530528585183,False,False,-0.04861007659696797,-0.048777537185154075,0.03810841297570026,False,-0.08029719521447083,-0.0846687078946105,ID
23,Oct 24,,46,-0.1220180419710734,-0.1227879462097269,0.05205516683532099,-0.22689827988036887,-0.018677612539084912,True,False,-0.08084944988452374,-0.08173540521246266,0.03657108616178718,True,-0.14552565172479218,-0.03779007230986547,ID
24,Oct 25,,46,-0.05785621531592977,-0.05504056526247515,0.0623344195925985,-0.17970940444767214,0.06962827392272185,False,False,-0.039047492224607024,-0.038607061872044504,0.04180751912769747,False,-0.08623800585998402,-0.06351138587090924,ID
25,Oct 26,,46,-0.012633762000218256,-0.012186967019013601,0.07121089707270703,-0.15460876116442765,0.13023482712640047,False,False,-0.008799090873817963,-0.0088665697845552,0.04785609236440591,False,-0.033894328167739275,-0.04217570035750732,ID
26,Oct 27,,46,0.0034756368983387773,0.006411946283022465,0.0725565898439853,-0.13870123340494814,0.15152512597099307,False,False,0.002450867948021068,0.003771562237285129,0.04920848210137831,False,-0.028070457316823096,-0.057319750350449825,ID
27,Oct 28,,46,0.027282869291162738,0.028307675637927694,0.07489980603873128,-0.12149193643953488,0.17810728771539025,False,False,0.01905705995840515,0.01887757505527451,0.049943021715600285,False,0.020581164728463535,-0.06715158244702871,ID
28,Oct 29,,46,0.09675991495274167,0.09925112536190858,0.07872055058964259,-0.05818997581737659,0.2566922265411937,False,False,0.06658312890159784,0.06660496380507828,0.05049790011954128,False,0.08680691633761534,-0.07696435473437316,ID
29,Oct 30,,46,0.12713628073413075,0.12834482140689216,0.07591788627875115,-0.023490951150610145,0.28018059396439443,False,False,0.08694256943689994,0.08651800526875465,0.04839356317207406,False,0.11715412392945158,-0.09660972999739419,ID
30,Oct 31,,46,0.12405881017612165,0.1250496005350238,0.08157877566786463,-0.03810795080070545,0.2882071518707531,False,False,0.08292765946105628,0.08226600929821597,0.05161924875993189,False,0.11766858425895414,-0.11668568899877682,ID
31,Nov 01,,46,0.13565716594403177,0.13903643200852087,0.0796303969495737,-0.02022436189062654,0.2982972259076683,False,False,0.09103641408762318,0.09224638519352243,0.050342510321250825,False,0.14057372256196488,-0.12922094164533712,ID
32,Nov 02,,46,0.09342003373067026,0.10092750483414653,0.0841201274987031,-0.06731275016325966,0.2691677598315527,False,False,0.06572004292663167,0.06678338330667984,0.05080345962084243,False,0.10349639598837558,-0.0749556990732137,ID
33,Nov 03,,46,0.06393494701032341,0.06791814353932532,0.08047327272846957,-0.09302840191761383,0.22886468899626447,False,False,0.04526462094413923,0.04463320847456747,0.05024396092257335,False,0.07202270879237885,-0.020708296577354242,ID
34,Nov 04,,46,0.034506352226828775,0.03791532061693326,0.0734998196997997,-0.10908431878266614,0.18491496001653265,False,False,0.02495044430737365,0.025916786396059273,0.05080354722924557,False,0.027711802947403365,0.036636049143908625,ID
35,Nov 05,,46,0.019459648360608938,0.02000842126816138,0.07254851664770194,-0.1250886120272425,0.16510545456356526,False,False,0.014229877613603772,0.012875934637686758,0.05056478459039294,False,0.007002135134773202,0.07295005975635524,ID
36,Nov 06,,46,0.004477380374442302,0.007748117198278026,0.07029065689394626,-0.13283319658961448,0.14832943098617055,False,False,0.003307219906057309,0.003506433757273041,0.04978682353632518,False,-0.007785354624532725,0.09430929603483663,ID
37,Nov 07,,46,-0.03604636087132023,-0.03215643186855409,0.06347059290232307,-0.15909761767320024,0.09478475393609205,False,False,-0.026435191224561977,-0.02579738232924606,0.0459691062203406,False,-0.057573431533192186,0.13792950513037172,ID
38,Nov 08,,46,-0.05768786305590879,-0.05531589980682874,0.06348489921593296,-0.18228569823869467,0.07165389862503718,False,False,-0.04263462598189715,-0.0434306134778981,0.047273066826445026,False,-0.07533528728821534,0.17538260254936,ID
39,Nov 09,,46,-0.0361306426028779,-0.03350247995247468,0.0645871950925393,-0.16267687013755328,0.09567191023260391,False,False,-0.026945704743845614,-0.02791567944363758,0.04748580067984934,False,-0.04830809018217635,0.1841240835708059,ID
40,Nov 10,,46,-0.07504831393260318,-0.07032874809394213,0.06184054184373139,-0.1940098317814049,0.05335233559352065,False,False,-0.05585777095370505,-0.05512581067211972,0.046877927896275685,False,-0.06764809898915132,0.23416752111374467,ID
41,Nov 11,,46,-0.08129534394795851,-0.0796950486907253,0.06449153801958973,-0.20867812472990477,0.049288027348454166,False,False,-0.06022963565575132,-0.06210045027958059,0.04855079461890653,False,-0.0674993736457117,0.2629153514189444,ID
42,Nov 12,,46,-0.11384212507304815,-0.1135535810570956,0.06204346741534405,-0.2376405158877837,0.010533353773592491,False,False,-0.08295939509699049,-0.08515398102702222,0.048092737671020305,False,-0.07304428295285798,0.3002777793375575,ID
43,Nov 13,,46,-0.14678353408263148,-0.14711542541300332,0.06438408828123986,-0.275883601975483,-0.018347248850523606,True,False,-0.10765650534734787,-0.11030037111910974,0.05143373681464632,True,-0.06212434090054016,0.33495142182036985,ID
44,Nov 14,,46,-0.149690283638005,-0.1483521521987613,0.06401218138988686,-0.276376514978535,-0.02032778941898758,True,False,-0.10924285593248421,-0.11042001084244413,0.05079848793522546,True,-0.051605110754317146,0.33357625748178754,ID
45,Nov 15,,46,-0.16213310916619394,-0.16076173600734087,0.06254085189112223,-0.2858434397895853,-0.035680032225096414,True,False,-0.11839326377417986,-0.11930472372610854,0.04987898100139274,True,-0.07156030781168772,0.33256657242754495,ID
46,Nov 16,,46,-0.15268702593640657,-0.15128591682086315,0.06489264733989285,-0.28107121150064884,-0.021500622141077452,True,False,-0.1120558136210298,-0.11216423755467297,0.050453187870120826,True,-0.0721646948292525,0.3118648503540039,ID
47,Nov 17,,46,-0.13716072956061517,-0.1344580635022683,0.06438499537167484,-0.263228054245618,-0.005688072758918611,True,False,-0.10042099285846896,-0.09977252311286511,0.04994809854622915,False,-0.07740405542801883,0.29692275060025874,ID
48,Nov 18,,46,-0.11103491747892016,-0.10999328439284069,0.06584734117736167,-0.24168796674756404,0.021701397961882654,False,False,-0.0832048411410441,-0.08389801121274983,0.05169759199298055,False,-0.06841336210805027,0.2713689108207743,ID
49,Nov 19,Early Accumulation,46,-0.061194540178582724,-0.06037787941565215,0.0674806120419316,-0.19533910349951536,0.07458334466821107,False,False,-0.045783392944929405,-0.0468081441812796,0.051653886230857364,False,-0.04164077239648543,0.2531195265767559,ID
50,Nov 20,Early Accumulation,46,-0.06417572398047043,-0.0650813281883109,0.06472217648061832,-0.19452568114954755,0.06436302477292573,False,False,-0.04809657559986254,-0.05051362503906547,0.05047866738414558,False,-0.04704363650984445,0.2584789643447892,ID
51,Nov 21,Early Accumulation,46,-0.10043474232987487,-0.10064313591883713,0.06708890386302269,-0.23482094364488248,0.03353467180720825,False,False,-0.07380852587475505,-0.07548227590179349,0.051551227397234306,False,-0.09069124111301753,0.2542334308317923,ID
52,Nov 22,Early Accumulation,46,-0.12641824750426256,-0.12660160794212721,0.067384647208106,-0.2613709023583392,0.008167686474084779,False,False,-0.09305217449644494,-0.09492506265186501,0.05268482798248845,False,-0.09575990354832177,0.25385667206942153,ID
53,Nov 23,Early Accumulation,46,-0.1389977285520399,-0.13687593645797047,0.07033447236738039,-0.27754488119273124,0.0037930082767902995,False,False,-0.10131210048082434,-0.10091171210433417,0.05343959729122707,False,-0.09477094090658844,0.24868088795710583,ID
54,Nov 24,Early Accumulation,46,-0.1442621530185854,-0.14093410437205897,0.06749029885935999,-0.27591470209077895,-0.005953506653338991,True,False,-0.10483397319634795,-0.10359911753215591,0.051227445804996205,True,-0.10057500704999647,0.24257308733483018,ID
55,Nov 25,Early Accumulation,46,-0.14960746556925764,-0.1489441233776792,0.06834468526827384,-0.2856334939142269,-0.012254752841131533,True,False,-0.10800584720494176,-0.10887447241352126,0.052272644446788176,True,-0.09485284898747924,0.2485184893512723,ID
56,Nov 26,Early Accumulation,46,-0.14196783643677868,-0.14229496747268366,0.06579496592727518,-0.27388489932723403,-0.010705035618133296,True,False,-0.10235077080852199,-0.10406750867082219,0.050159307213342615,True,-0.08906610863611569,0.24304889683608574,ID
57,Nov 27,Early Accumulation,46,-0.15217635239895597,-0.15262027959735308,0.06605662489736036,-0.2847335293920738,-0.02050702980263236,True,False,-0.11133030881756918,-0.11278850511962119,0.05114192987056595,True,-0.079752103564882,0.26015623339153615,ID
58,Nov 28,Early Accumulation,46,-0.17654523633407382,-0.1779814890151481,0.06655645510139821,-0.3110943992179445,-0.04486857881235168,True,False,-0.12980769725767055,-0.13192009593232482,0.05222452573643631,True,-0.11156833694884227,0.2739624921299235,ID
59,Nov 29,Early Accumulation,46,-0.16739221518517158,-0.16558791166909764,0.06789767296746205,-0.30138325760402174,-0.02979256573417355,True,False,-0.12306997044596625,-0.12307478990456866,0.05312051120535275,True,-0.10544306921866316,0.26714359600809945,ID
60,Nov 30,Early Accumulation,46,-0.17686453585320427,-0.17773890632467315,0.06805624723078653,-0.3138514007862462,-0.04162641186310009,True,False,-0.13006306327219208,-0.13195849397961384,0.05331120096791065,True,-0.11762456319473212,0.2691302435504152,ID
61,Dec 01,Early Accumulation,46,-0.1798084901508555,-0.17770098643724852,0.06904347123756947,-0.3157879289123875,-0.039614043962109574,True,False,-0.12995262176737493,-0.12918293578903656,0.05211139027518213,True,-0.12897789197970272,0.23407871225854485,ID
62,Dec 02,Early Accumulation,46,-0.20495003016071503,-0.20021435017846692,0.06659346039640043,-0.3334012709712678,-0.06702742938566605,True,False,-0.14396784251306477,-0.14149454441529474,0.04966826431626473,True,-0.14963761017868635,0.21854016471293297,ID
63,Dec 03,Early Accumulation,46,-0.21478088867054101,-0.2111280574643067,0.0647080804509461,-0.3405442183661989,-0.08171189656241451,True,False,-0.15007620036437685,-0.14841554268349913,0.048090719694343434,True,-0.15033769112418202,0.22344713227849286,ID
64,Dec 04,Early Accumulation,46,-0.21329477251883974,-0.21274040343158718,0.0659669681658083,-0.3446743397632038,-0.08080646709997058,True,False,-0.14944499091198063,-0.1502677076669305,0.04927910545050778,True,-0.17191895064688154,0.1972752342313574,ID
65,Dec 05,Early Accumulation,46,-0.21111236261340807,-0.21326688380614617,0.06822303824575134,-0.34971296029764887,-0.0768208073146435,True,False,-0.14877061041739723,-0.15078007113560524,0.05050155704898307,True,-0.18663390905020566,0.18057346476619576,ID
66,Dec 06,Early Accumulation,46,-0.20038514346386155,-0.20144655579631887,0.06571428804016277,-0.3328751318766444,-0.07001797971599333,True,False,-0.14204973569779994,-0.1438508983382968,0.04958300794485874,True,-0.18096285840773949,0.167301116873474,ID
67,Dec 07,Early Accumulation,46,-0.16332928418297785,-0.16321301450177622,0.0675242218472149,-0.29826145819620603,-0.028164570807346412,True,False,-0.11621512712647508,-0.1171821457654361,0.051338768545409086,True,-0.15495314370440474,0.1354132960523083,ID
68,Dec 08,Early Accumulation,46,-0.15301298446529124,-0.15471247138727784,0.06722220128497941,-0.28915687395723666,-0.020268068817319018,True,False,-0.10845798165600411,-0.11069244859438225,0.05033356297903617,True,-0.14705759754407802,0.0990876056416878,ID
69,Dec 09,Early Accumulation,46,-0.17370175587782954,-0.17486300108472977,0.06319002429486467,-0.30124304967445914,-0.048482952495000425,True,False,-0.12358059488731389,-0.12570799579584452,0.04821120208653197,True,-0.1675706318023387,0.11329819577201507,ID
70,Dec 10,Early Accumulation,46,-0.1636151727251962,-0.1637682046678358,0.06273142983978927,-0.2892310643474143,-0.038305344988257245,True,False,-0.11899755087368025,-0.12011211646135192,0.04914379738959707,True,-0.17378473339552994,0.11677881473713103,ID
71,Dec 11,Early Accumulation,46,-0.1765803354959436,-0.17658654366831147,0.0635717810917214,-0.3037301058517543,-0.04944298148486867,True,False,-0.1290785918862389,-0.13025820852750825,0.051030294799661466,True,-0.18182349000605258,0.14372800497455784,ID
72,Dec 12,Early Accumulation,46,-0.1723483346780289,-0.17133011195643646,0.06106610508779499,-0.29346232213202644,-0.04919790178084649,True,False,-0.1248885204510837,-0.12535097508203705,0.04836202428747492,True,-0.16575479273638838,0.16061624598692276,ID
73,Dec 13,Early Accumulation,46,-0.1507325432077857,-0.1517772421940698,0.06462812899150078,-0.28103350017707135,-0.02252098421106824,True,False,-0.10933321558944595,-0.11172837493688718,0.051233212371546544,True,-0.1642682134304612,0.14407145570030894,ID
74,Dec 14,Early Accumulation,46,-0.1601380146320764,-0.15927674344328135,0.06320109831333015,-0.28567894006994166,-0.03287454681662105,True,False,-0.11608978563387186,-0.11709037043086605,0.050780393767767266,True,-0.1819347207056291,0.14842258730457344,ID
75,Dec 15,Early Accumulation,46,-0.15448263232770437,-0.15377546584358673,0.06346282496418133,-0.2807011157719494,-0.026849815915224062,True,False,-0.11135170729593624,-0.11214882052796277,0.05027311958998352,True,-0.1750907937117425,0.15167457890305552,ID
76,Dec 16,Early Accumulation,46,-0.13188901227491068,-0.13174699018788633,0.06293708829893986,-0.2576211667857661,-0.005872813590006604,True,False,-0.09528857040737086,-0.09691135718517964,0.050058392752442615,False,-0.15748578095326166,0.1358607713561207,ID
77,Dec 17,Early Accumulation,46,-0.12341345860819417,-0.12410829047545292,0.061911920068890895,-0.2479321306132347,-0.0002844503376711327,True,False,-0.08860547826256734,-0.09057200955890186,0.047852541928268204,False,-0.16410242950212964,0.12457002939618281,ID
78,Dec 18,Early Accumulation,46,-0.11301006237755429,-0.11581392331753798,0.06854711893964993,-0.25290816119683784,0.02128031456176188,False,False,-0.08086266911406971,-0.08451658617257729,0.05302523802221268,False,-0.15664269195001682,0.12350909422350417,ID
79,Dec 19,Early Accumulation,46,-0.13326851156919725,-0.13249753220478686,0.06712709209268772,-0.26675171639016226,0.0017566519805885805,False,False,-0.0948821733341517,-0.09605418045319686,0.05192186249305201,False,-0.17471497934086183,0.14113080240975096,ID
80,Dec 20,Early Accumulation,46,-0.12862692389555916,-0.1303335596938226,0.07028951360412199,-0.27091258690206654,0.010245467514421375,False,False,-0.09284641659527167,-0.09546766096551236,0.05480554701907678,False,-0.16943635805627036,0.13360801593778518,ID
81,Dec 21,Early Accumulation,46,-0.09189498491130889,-0.09260769870345481,0.08243529384928086,-0.25747828640201653,0.07226288899510691,False,False,-0.06640780145421042,-0.06838327321019788,0.06220704841040915,False,-0.13773054779645072,0.11601678087428702,ID
82,Dec 22,Early Accumulation,46,-0.09458658290096826,-0.09480338144813723,0.0848383584447356,-0.26448009833760844,0.07487333544133397,False,False,-0.06836270107543002,-0.06997843546142418,0.06398201758008176,False,-0.1414497228657906,0.130698432111491,ID
83,Dec 23,Early Accumulation,46,-0.09443312011958127,-0.10009756975037234,0.08563116790672684,-0.27135990556382605,0.07116476606308134,False,False,-0.06903053600326266,-0.07451287029687594,0.06506452246324497,False,-0.14298610667559958,0.13065345030285633,ID
84,Dec 24,Early Accumulation,46,-0.10947116475805795,-0.11034201325206305,0.08533740617870698,-0.28101682560947705,0.060332799105350915,False,False,-0.08034013635586941,-0.08243656038762871,0.0655698128088768,False,-0.1624095640395686,0.13578355941165227,ID
85,Dec 25,Early Accumulation,46,-0.13022648431592102,-0.1275981998837626,0.0798255005216516,-0.2872492009270658,0.03205280115954062,False,False,-0.09599472266537737,-0.09549034184605187,0.0625485348937554,False,-0.1794388708999529,0.15263335200474923,ID
86,Dec 26,Early Accumulation,46,-0.1424466728264386,-0.14276507010879516,0.07873674944526793,-0.300238568999331,0.014708428781740696,False,False,-0.10636715147291714,-0.10794399699112188,0.06252689818357343,False,-0.19469035275127494,0.1428374381371789,ID
87,Dec 27,Early Accumulation,46,-0.16049423148104675,-0.15926753742994582,0.07548862550418343,-0.3102447884383127,-0.008290286421578946,True,False,-0.12122544109498562,-0.12167248155073289,0.061421237322990485,False,-0.2095434432416808,0.15672728796321872,ID
88,Dec 28,Early Accumulation,46,-0.1917688752146782,-0.1954378398712665,0.07424652670606328,-0.3439308932833931,-0.04694478645913994,True,False,-0.14607577243456488,-0.15022718344536376,0.06207029425173699,True,-0.24238070847008822,0.18956302726093385,ID
89,Dec 29,Early Accumulation,46,-0.21153563489378008,-0.21406214162643653,0.06727245368384085,-0.3486070489941182,-0.07951723425875482,True,False,-0.1632804112611185,-0.16649825497902718,0.0584535556032073,True,-0.2632347542518179,0.20182048085316673,ID
90,Dec 30,Early Accumulation,46,-0.2324146782974229,-0.23271387546022243,0.06594786714723463,-0.3646096097546917,-0.10081814116575316,True,False,-0.1792548887009636,-0.18044491298262988,0.057654773509390876,True,-0.2781739650740649,0.23540693544589264,ID
91,Dec 31,Early Accumulation,46,-0.23149543909583423,-0.23449044945662262,0.06427846395991636,-0.3630473773764553,-0.10593352153678989,True,False,-0.17797694116475693,-0.18062422243741236,0.055966356788613905,True,-0.28195598914506736,0.219717354102761,ID
92,Jan 01,Early Accumulation,46,-0.21961121656294771,-0.22075605744295096,0.061416021228182335,-0.3435880998993156,-0.09792401498658629,True,False,-0.16874771065455724,-0.1705073519321499,0.05408796825410291,True,-0.27922255549506525,0.1965611905422978,ID
93,Jan 02,Early Accumulation,46,-0.22403745866601354,-0.2281560556621063,0.05786961850686874,-0.3438952926758438,-0.11241681864836883,True,False,-0.17178777634605716,-0.17524642389149153,0.051203244171157715,True,-0.2861302063734396,0.19671595636944061,ID
94,Jan 03,Early Accumulation,46,-0.22380953168188303,-0.22599337175765005,0.05973516258697635,-0.3454636969316027,-0.10652304658369735,True,False,-0.1717720832691735,-0.17401390840327405,0.05223257993372401,True,-0.28712892022564895,0.1899124704439873,ID
95,Jan 04,Early Accumulation,46,-0.22974001006815045,-0.23320683492817798,0.06057511541868161,-0.3543570657655412,-0.11205660409081476,True,False,-0.17599629722379836,-0.17816845637384418,0.05100074553008556,True,-0.28877595715629667,0.19450929725786065,ID
96,Jan 05,Early Accumulation,46,-0.23442427344379324,-0.2350615780009699,0.06066682771768884,-0.3563952334363476,-0.11372792256559223,True,False,-0.1795209506421142,-0.17962113924796064,0.05186919035786277,True,-0.2863786253770532,0.19887412962160145,ID
97,Jan 06,Early Accumulation,46,-0.22884173934934188,-0.22875445212255816,0.06079088262958236,-0.3503362173817229,-0.10717268686339343,True,False,-0.17547939505227128,-0.17624274695794287,0.05191262835060485,True,-0.2788477956686664,0.19479350320580868,ID
98,Jan 07,Early Accumulation,46,-0.22416340179370783,-0.2242012432851834,0.061936191782072166,-0.34807362684932774,-0.10032885972103907,True,False,-0.17174597328469254,-0.17225415034646088,0.052114534652817325,True,-0.2813283859483256,0.1814226005526234,ID
99,Jan 08,Early Accumulation,46,-0.23273934157319115,-0.23407279547726434,0.06328469953723674,-0.36064219455173785,-0.10750339640279086,True,False,-0.17752397499431238,-0.17761825664435615,0.05202182915638219,True,-0.2873791822285059,0.1761620547000589,ID
100,Jan 09,Early Accumulation,46,-0.24459305639366355,-0.24967599888107417,0.06544185515792086,-0.3805597091969159,-0.11879228856523244,True,False,-0.18602096005434293,-0.18928464951578117,0.0542727305523275,True,-0.2886900329725403,0.18715379799689963,ID
101,Jan 10,Early Accumulation,46,-0.2548218233870966,-0.2584384289760877,0.064028184101609,-0.3864947971793057,-0.1303820607728697,True,False,-0.19308288316785824,-0.19625541631892426,0.05256623464603125,True,-0.2888239984096973,0.19466758955221966,ID
102,Jan 11,Early Accumulation,46,-0.2536423544094155,-0.2557728256261752,0.061672287576251344,-0.3791174007786779,-0.13242825047367252,True,True,-0.19085308024431563,-0.1927335827253287,0.05180355845374175,True,-0.28451061640223974,0.19988702722311819,ID
103,Jan 12,Early Accumulation,46,-0.24986502564330018,-0.253312102059834,0.06207231748354157,-0.3774567370269172,-0.12916746709275087,True,True,-0.18696870836622767,-0.18949363367331035,0.050609048990074804,True,-0.27435420044551945,0.20429340769720808,ID
104,Jan 13,Early Accumulation,46,-0.23506855801375479,-0.23500700920206977,0.060243893069844005,-0.35549479534175776,-0.11451922306238176,True,False,-0.17548323267056,-0.17541955650782368,0.04961810604959663,True,-0.25502926774917467,0.2017217252842205,ID
105,Jan 14,Early Accumulation,46,-0.2269017508447872,-0.22967364290087763,0.06095642080762392,-0.3515864845161255,-0.10776080128562979,True,False,-0.1687653442180616,-0.1714215823639977,0.05007587457379198,True,-0.24110028093794503,0.1982685021868759,ID
106,Jan 15,Early Accumulation,46,-0.23643375520709872,-0.2396492639497596,0.061729954510459956,-0.3631091729706795,-0.1161893549288397,True,False,-0.1756313592685054,-0.1774453057266427,0.049047617662410996,True,-0.2427931566329826,0.21177340225688618,ID
107,Jan 16,Early Accumulation,46,-0.23425538996368525,-0.23477395855965583,0.06034675523907115,-0.35546746903779813,-0.11408044808151353,True,False,-0.17459064839393248,-0.1754999038724772,0.050017868140114434,True,-0.23393732507673043,0.2137931170257572,ID
108,Jan 17,Early Accumulation,46,-0.2119278004211799,-0.2127760066419989,0.05835723415592166,-0.3294904749538422,-0.09606153833015557,True,False,-0.1578451268042665,-0.15907624645761298,0.04797722158205121,True,-0.2088275885307665,0.20872085198605467,ID
109,Jan 18,Early Accumulation,46,-0.21620142595678699,-0.21836388581510693,0.06051170414223396,-0.33938729409957485,-0.09734047753063901,True,False,-0.16099558577408096,-0.16315601873806437,0.0508371532725267,True,-0.21361987919674702,0.22072907538935332,ID
110,Jan 19,Early Accumulation,46,-0.21189863732032987,-0.213697145148417,0.06245084670774112,-0.3385988385638993,-0.08879545173293477,True,False,-0.15762241391747112,-0.15997053773607156,0.05196513429264335,True,-0.21481938902313677,0.23497155112085666,ID
111,Jan 20,Early Accumulation,46,-0.2197911815272755,-0.22083841705983606,0.06165105753776008,-0.3441405321353562,-0.0975363019843159,True,False,-0.1647561394883286,-0.16702017352729662,0.053043042947362694,True,-0.22968216844437672,0.24744380909709718,ID
112,Jan 21,Early Accumulation,46,-0.22767234324919328,-0.22856182449413714,0.061622079780973234,-0.3518059840560836,-0.10531766493219068,True,False,-0.17267645350010286,-0.17458089658423914,0.05342731393536953,True,-0.24454238696535652,0.25812908919427463,ID
113,Jan 22,Early Accumulation,46,-0.22332615383428148,-0.2269139119091672,0.058701025759812765,-0.3443159634287927,-0.10951186038954168,True,False,-0.17064551868597475,-0.1739914816607748,0.051047730409620136,True,-0.24476858774296764,0.2508144851071387,ID
114,Jan 23,Early Accumulation,46,-0.21381319793302372,-0.21302536153925583,0.060272035879582325,-0.3335694332984205,-0.09248128978009118,True,False,-0.16360838569230857,-0.16442014116151493,0.05228828592877587,True,-0.24178595260107977,0.2431795250959632,ID
115,Jan 24,Early Accumulation,46,-0.21527574752396875,-0.21540302106791664,0.05862399643406274,-0.33265101393604213,-0.09815502819979116,True,False,-0.16495131476188815,-0.1668113318311637,0.05242983138425432,True,-0.2499940042193556,0.2474856820277875,ID
116,Jan 25,Early Accumulation,46,-0.21474936011252543,-0.21691564579813025,0.05886051583054158,-0.33463667745921344,-0.09919461413704708,True,False,-0.16471947328749836,-0.16732740128527976,0.05175542491557572,True,-0.2559293482608052,0.24138170503746562,ID
117,Jan 26,Early Accumulation,46,-0.21244870471492916,-0.21429634161557462,0.056734171687476,-0.32776468499052663,-0.10082799824062262,True,False,-0.16357676680322422,-0.16609406061055723,0.05025393833085874,True,-0.2560366427519443,0.23490335383440264,ID
118,Jan 27,Early Accumulation,46,-0.22599182892433786,-0.2281345754674341,0.05713139131809474,-0.3423973581036236,-0.11387179283124461,True,False,-0.1732813925290409,-0.1752374810845198,0.04946201115891482,True,-0.2666403255911528,0.25471645261377696,ID
119,Jan 28,Core Accumulation,46,-0.23019720810686595,-0.23078434040498394,0.056296699954232386,-0.3433777403134487,-0.11819094049651917,True,True,-0.1759849385752998,-0.1777876613428627,0.05033936388734871,True,-0.27589858965862996,0.25648137065237353,ID
120,Jan 29,Core Accumulation,46,-0.22838258187925706,-0.23109207872734952,0.06051594116926749,-0.3521239610658845,-0.11006019638881454,True,False,-0.1738691353812455,-0.176913038587008,0.05300999201320215,True,-0.28106578741080596,0.24847608572538038,ID
121,Jan 30,Core Accumulation,46,-0.22717938725090486,-0.2286625762379337,0.06098792472231329,-0.3506384256825603,-0.10668672679330712,True,False,-0.17270204849295634,-0.1744008459119535,0.05294167412397183,True,-0.2819240368987611,0.2441228476752509,ID
122,Jan 31,Core Accumulation,46,-0.23594344489522595,-0.2372967949336997,0.059533022563570855,-0.3563628400608414,-0.118230749806558,True,False,-0.17952845591619326,-0.18193843212302513,0.05222032066193039,True,-0.28949330541172424,0.23293784627553077,ID
123,Feb 01,Core Accumulation,46,-0.24119985358037782,-0.24048558317186766,0.058044487338631774,-0.3565745578491312,-0.12439660849460411,True,True,-0.1839010214855536,-0.18330819348580416,0.05011101909365579,True,-0.28838787088161016,0.23673192960296047,ID
124,Feb 02,Core Accumulation,46,-0.2505664961288065,-0.25418837198319766,0.059001159052994384,-0.3721906900891864,-0.1361860538772089,True,True,-0.190358217461164,-0.19420142599570983,0.05225833605636278,True,-0.2942722680455399,0.2389335926754906,ID
125,Feb 03,Core Accumulation,46,-0.2461575862403398,-0.24778530953713904,0.05667491704379915,-0.3611351436247373,-0.13443547544954074,True,True,-0.18701720409924902,-0.18964531903252446,0.050328596353290816,True,-0.28774870737565905,0.22723803949269178,ID
126,Feb 04,Core Accumulation,46,-0.24570869393700656,-0.24554689286024894,0.05669986157846431,-0.3589466160171776,-0.13214716970332033,True,True,-0.18645115330052922,-0.18714383500292234,0.050508531600116494,True,-0.28933777913360825,0.22535747779596843,ID
127,Feb 05,Core Accumulation,46,-0.24720854184104593,-0.24832185776579552,0.05597815060490003,-0.36027815897559556,-0.13636555655599547,True,True,-0.1876844465997127,-0.18929518354102629,0.04920829966998491,True,-0.2893039526096905,0.22717285594232256,ID
128,Feb 06,Core Accumulation,46,-0.25149521922946866,-0.25291771440016636,0.05634041385424214,-0.3655985421086506,-0.14023688669168208,True,True,-0.1910960322682454,-0.1927345019330657,0.04860850945896927,True,-0.2924669024481873,0.22931800791625062,ID
129,Feb 07,Core Accumulation,46,-0.2652909790144251,-0.26771300047837865,0.058272497396846284,-0.3842579952720712,-0.15116800568468608,True,True,-0.201803189739889,-0.20400245921140034,0.05213980460967348,True,-0.305986600673162,0.23580349868028416,ID
130,Feb 08,Core Accumulation,46,-0.263865081212365,-0.26713731515653377,0.059841565846166886,-0.3868204468488675,-0.1474541834642,True,True,-0.20055465256166097,-0.204162168865665,0.054146999545286005,True,-0.308619830421235,0.22726217073887445,ID
131,Feb 09,Core Accumulation,46,-0.2612684652522081,-0.2619850663958707,0.060206653399768474,-0.38239837319540765,-0.14157175959633378,True,True,-0.19854714974246998,-0.2004240332610769,0.05224364277842815,True,-0.3028221255020866,0.22443468189228333,ID
132,Feb 10,Core Accumulation,46,-0.25933247695680095,-0.2601099223682013,0.06220572162852541,-0.38452136562525213,-0.13569847911115046,True,True,-0.19640185635031054,-0.19764073968989365,0.05341306738200762,True,-0.30067760265514615,0.22052366416598762,ID
133,Feb 11,Core Accumulation,46,-0.25847712208873014,-0.2597508525647149,0.06103485389477067,-0.38182056035425627,-0.13768114477517357,True,True,-0.1958857042079089,-0.19819950862473185,0.05350565411050561,True,-0.29633238198256534,0.2220580713614897,ID
134,Feb 12,Core Accumulation,46,-0.2543283817401916,-0.2578008475210222,0.06360320257516254,-0.3850072526713473,-0.13059444237069714,True,False,-0.1924590335996249,-0.1963802669124567,0.055552738523803595,True,-0.29120571605295403,0.21691171644375845,ID
135,Feb 13,Core Accumulation,46,-0.2467525235101243,-0.2450441415775261,0.06268387491986543,-0.37041189141725694,-0.11967639173779523,True,False,-0.1864928673185218,-0.18666628628071374,0.05420690130711911,True,-0.2759904510183748,0.2109813930438215,ID
136,Feb 14,Core Accumulation,46,-0.23991525923385054,-0.2421829310135254,0.06314048035440983,-0.36846389172234506,-0.11590197030470573,True,False,-0.18196142393921602,-0.1851372643800298,0.054612273144547634,True,-0.2699258920848925,0.1992491077130159,ID
137,Feb 15,Core Accumulation,46,-0.23542955554701173,-0.23673793137302385,0.062069967175533106,-0.3608778657240901,-0.11259799702195764,True,False,-0.17818345622985077,-0.18059405703937728,0.05330300345217562,True,-0.26528794021893765,0.1882399461098805,ID
138,Feb 16,Core Accumulation,46,-0.241332279525949,-0.24419340668376452,0.061770652623322764,-0.3677347119304101,-0.12065210143711899,True,False,-0.18201384630410763,-0.18540866185682647,0.053108250040173374,True,-0.27614557183703364,0.1757073022386837,ID
139,Feb 17,Core Accumulation,46,-0.2454548009135816,-0.24482238952716995,0.06105245487630721,-0.3669272992797844,-0.12271747977455552,True,False,-0.18466612506234423,-0.1857345797258102,0.05222652819980361,True,-0.2859756843643541,0.16596118071745247,ID
140,Feb 18,Core Accumulation,46,-0.242148077925059,-0.2436345453991609,0.06440216032787195,-0.37243886605490484,-0.114830224743417,True,False,-0.1820442591398858,-0.18491029600590161,0.05521686589235979,True,-0.29202625965600826,0.1586574229929607,ID
141,Feb 19,Core Accumulation,46,-0.24482113462236138,-0.24527441997126145,0.062260850511787945,-0.36979612099483733,-0.12075271894768556,True,False,-0.18351569769522055,-0.18427338136887195,0.05271179597019941,True,-0.29928838451639544,0.15293138386074584,ID
142,Feb 20,Core Accumulation,46,-0.24347083188699042,-0.24313528281577385,0.06078603576650663,-0.3647073543487871,-0.12156321128276058,True,False,-0.18169947247517715,-0.1824407020016089,0.05180307157670802,True,-0.3011637952228225,0.14783082673243148,ID
143,Feb 21,Core Accumulation,46,-0.2454683513235363,-0.2476194616540665,0.0598774932835334,-0.3673744482211333,-0.12786447508699972,True,True,-0.18354014750689748,-0.18708596950748255,0.051378979600636955,True,-0.3088225993407963,0.1559229710300757,ID
144,Feb 22,Core Accumulation,46,-0.2579094413159624,-0.2603422440419834,0.05578123783692665,-0.3719047197158367,-0.14877976836813012,True,True,-0.19308083183295047,-0.1965725502718402,0.04914406455472786,True,-0.31877848338602266,0.16450054230538919,ID
145,Feb 23,Core Accumulation,46,-0.2733864108889035,-0.2715909192245206,0.059179256058450834,-0.3899494313414223,-0.15323240710761893,True,True,-0.20461544380672214,-0.20394967734208755,0.05126376348393575,True,-0.33671963049333214,0.16930556779476696,ID
146,Feb 24,Core Accumulation,46,-0.2784162027147287,-0.27966490281601486,0.05910973754625473,-0.3978843779085243,-0.1614454277235054,True,True,-0.20773550194367918,-0.20981660850206924,0.051529721665766644,True,-0.3403785637252579,0.171388526677481,ID
147,Feb 25,Core Accumulation,46,-0.27576922970541556,-0.27879232287377637,0.06050582138134615,-0.3998039656364687,-0.15778068011108407,True,True,-0.20587462895468137,-0.20970946114649716,0.05160833450215007,True,-0.33412113427592105,0.177471786684848,ID
148,Feb 26,Core Accumulation,46,-0.2732284713330988,-0.2737447418079566,0.061061345787416677,-0.39586743338278996,-0.15162205023312325,True,True,-0.20423207664035037,-0.2060377118087146,0.05278866848132814,True,-0.33303327510177305,0.17923565008271336,ID
149,Feb 27,Core Accumulation,46,-0.2729154803081374,-0.2737061017546989,0.061687170368260005,-0.3970804424912189,-0.15033176101817888,True,True,-0.20454766099707927,-0.20584544687667294,0.05234676895626722,True,-0.3314305589743698,0.18690964783980013,ID
150,Feb 28,Core Accumulation,46,-0.27382411952947916,-0.2728255199529229,0.0635485595948176,-0.3999226391425581,-0.14572840076328772,True,True,-0.2052361244866066,-0.20522118604040374,0.05314738579378842,True,-0.33582576217461685,0.18970031867063714,ID
151,Mar 01,Core Accumulation,46,-0.26926036998158465,-0.2700815500571107,0.06155615292294531,-0.3931938559030013,-0.1469692442112201,True,True,-0.20329503661370832,-0.2050621093984381,0.052752071451631424,True,-0.3298707678442504,0.19960470097643584,ID
152,Mar 02,Core Accumulation,46,-0.2700878956214263,-0.27341212463550185,0.06363021440660084,-0.40067255344870356,-0.14615169582230017,True,True,-0.20433936487729615,-0.20841388262822727,0.054214286067995644,True,-0.3357445497679621,0.20704942135133614,ID
153,Mar 03,Core Accumulation,46,-0.26303822853629816,-0.26483824476038714,0.0642679041181444,-0.39337405299667594,-0.13630243652409835,True,True,-0.1989224402291931,-0.20206074226417858,0.05467706980424668,True,-0.3349241015575551,0.199937468544223,ID
154,Mar 04,Core Accumulation,46,-0.265996349968647,-0.26560515713408045,0.06536130421326734,-0.3963277655606151,-0.13488254870754576,True,True,-0.20153124087812496,-0.20237651027914763,0.055172028116503666,True,-0.3466131772149038,0.19886624801540076,ID
155,Mar 05,Core Accumulation,46,-0.27072393059623395,-0.2717747975663176,0.06268720599041037,-0.3971492095471384,-0.14640038558549687,True,True,-0.20514158218289075,-0.20764787297006132,0.054123741832478915,True,-0.3509866419276115,0.2027294783875443,ID
156,Mar 06,Core Accumulation,46,-0.26888589637356203,-0.27074621753998235,0.06253445476663819,-0.3958151270732587,-0.14567730800670597,True,True,-0.2037099830519087,-0.20629328234691152,0.05361708702645509,True,-0.3516233458631916,0.19741489251457783,ID
157,Mar 07,Core Accumulation,46,-0.26547895816631356,-0.26681557632777436,0.064965542202082,-0.39674666073193837,-0.13688449192361035,True,True,-0.2014775032929353,-0.2031413374384743,0.05515290820700406,True,-0.3501182065222127,0.19125987623577037,ID
158,Mar 08,Core Accumulation,46,-0.27048602584698866,-0.2737292423466116,0.06485628846903706,-0.4034418192846857,-0.1440166654085375,True,True,-0.2055945405535063,-0.2093500122839509,0.055991453531099876,True,-0.35523742166596056,0.19656933585548217,ID
159,Mar 09,Late Accumulation,46,-0.26975850987108935,-0.2707506444361857,0.06285866299472814,-0.39646797042564197,-0.1450333184467294,True,True,-0.20531543942100786,-0.2066862035191156,0.05390747837389838,True,-0.3548967826767933,0.19778893436057085,ID
160,Mar 10,Late Accumulation,46,-0.26957416125128536,-0.2681103673506302,0.060487033642527645,-0.3890844346356855,-0.14713630006557493,True,True,-0.2049127322383753,-0.2058312445466724,0.05303836467211373,True,-0.3564970977299325,0.19875175208252843,ID
161,Mar 11,Late Accumulation,46,-0.2631108117868326,-0.2649745699159374,0.06236207537515034,-0.38969872066623806,-0.14025041916563669,True,True,-0.2001047152080938,-0.2029463997838386,0.05399274694358307,True,-0.3554327357970635,0.19145849365155193,ID
162,Mar 12,Late Accumulation,46,-0.26225951489375876,-0.26231005866299967,0.06416101537961245,-0.3906320894222246,-0.13398802790377476,True,True,-0.1994091981346365,-0.20000466071777565,0.05422975218273129,True,-0.3583190124767007,0.18983654421148588,ID
163,Mar 13,Late Accumulation,46,-0.25924829402988614,-0.25996068964487845,0.06416492430026542,-0.38829053824540927,-0.1316308410443476,True,False,-0.19734905389986254,-0.19838806875596093,0.05424215477624543,True,-0.3576658947800481,0.1955322740824857,ID
164,Mar 14,Late Accumulation,46,-0.25978382550771467,-0.2599375341926773,0.06431032426367923,-0.3885581827200357,-0.13131688566531882,True,False,-0.1984059903293169,-0.20007938215722912,0.05432924782809386,True,-0.3631775986480555,0.21190318248906584,ID
165,Mar 15,Late Accumulation,46,-0.26720573240092366,-0.2674938266058527,0.065351366616674,-0.39819655983920066,-0.1367910933725047,True,True,-0.20437123327035814,-0.20620822965303615,0.05587586460141035,True,-0.37037091400577604,0.22137343838951345,ID
166,Mar 16,Late Accumulation,46,-0.2789996171461072,-0.2797717134365607,0.0634694848126871,-0.4067106830619349,-0.1528327438111865,True,True,-0.21350744199733043,-0.21474382949710033,0.05488943172637182,True,-0.3823667785362316,0.23331509564085057,ID
167,Mar 17,Late Accumulation,46,-0.2834903918098498,-0.28519311437029454,0.06200192665054915,-0.40919696767139285,-0.16118926106919623,True,True,-0.21712882435159994,-0.2202758910066995,0.05451440501520258,True,-0.3891615169951923,0.2408921147020605,ID
168,Mar 18,Late Accumulation,46,-0.28554132793662257,-0.2859255310380854,0.06366569131865335,-0.4132569136753921,-0.15859414840077868,True,True,-0.21883263422923196,-0.2206113469761791,0.05578143495416515,True,-0.389816638623863,0.24788722916567651,ID
169,Mar 19,Late Accumulation,46,-0.29164150080672113,-0.29205153526704875,0.0642614265543684,-0.42057438837578554,-0.16352868215831196,True,True,-0.22342673668181717,-0.22509123808800002,0.05644816359549018,True,-0.39178735225057437,0.25777211289965213,ID
170,Mar 20,Late Accumulation,46,-0.2994324742110649,-0.3012302997570055,0.06575761637340934,-0.4327455325038242,-0.16971506701018682,True,True,-0.2291749871685419,-0.23243478099143977,0.057753675758484155,True,-0.3950699039483979,0.26581094217388823,ID
171,Mar 21,Late Accumulation,46,-0.3079065217464978,-0.30969224692884595,0.06438990283012719,-0.4384720525891003,-0.18091244126859157,True,True,-0.2358394523267737,-0.23788021458945974,0.05498824220167039,True,-0.39920452754773467,0.2778616829902198,ID
172,Mar 22,Late Accumulation,46,-0.3095808529441106,-0.3106706556575422,0.06506066078654332,-0.44079197723062885,-0.18054933408445556,True,True,-0.23570829040305033,-0.23763174854821265,0.05640754790961976,True,-0.39295253562953897,0.28471463411688047,ID
173,Mar 23,Late Accumulation,46,-0.30642883326778597,-0.30962799336540425,0.066452473396854,-0.44253294015911226,-0.17672304657169624,True,True,-0.23296908038084602,-0.2367392202050466,0.05684121818487674,True,-0.38262724214822197,0.28639459300940895,ID
174,Mar 24,Late Accumulation,46,-0.3062305822415858,-0.30873950594161587,0.06542073698904188,-0.43958097991969963,-0.1778980319635321,True,True,-0.23239965360364223,-0.2355438442006202,0.05591547899229985,True,-0.37512816092382234,0.29234608056521805,ID
175,Mar 25,Late Accumulation,46,-0.3065812513503658,-0.3096770315732402,0.06695228387952389,-0.443581599332288,-0.17577246381419245,True,True,-0.2323455716716009,-0.23596708083729862,0.05676729401601381,True,-0.3695836889186706,0.3031135168666919,ID
176,Mar 26,Late Accumulation,46,-0.3074488296459381,-0.3065705347948867,0.06818463642031604,-0.44293980763551877,-0.17020126195425464,True,True,-0.23254517195315227,-0.23231127428683868,0.05612522362890822,True,-0.3621845183155608,0.3110297033140077,ID
177,Mar 27,Late Accumulation,46,-0.3049689317508208,-0.30546947628249566,0.06797367836868842,-0.4414168330198725,-0.1695221195451188,True,True,-0.2309816498703871,-0.23250715247817835,0.05758480367560908,True,-0.3547744186271562,0.3160942446313406,ID
178,Mar 28,Late Accumulation,46,-0.3007363969896574,-0.3007109584171751,0.06716081906471406,-0.4350325965466032,-0.16638932028774697,True,True,-0.22853906458342538,-0.22945505969850655,0.05623855382056281,True,-0.34850119079528735,0.3195267274897137,ID
179,Mar 29,Late Accumulation,46,-0.291836902971339,-0.2958085328806356,0.06930581023375655,-0.43442015334814865,-0.15719691241312247,True,True,-0.22274424999142678,-0.2267037786532936,0.05796495963003454,True,-0.337384537888722,0.32211816538383176,ID
180,Mar 30,Late Accumulation,46,-0.28572480951797935,-0.28720228835533795,0.07087905992000126,-0.4289604081953405,-0.14544416851533543,True,False,-0.21859801128468964,-0.220802853672123,0.05947873139251909,True,-0.3290632553822296,0.3250840295607332,ID
181,Mar 31,Late Accumulation,46,-0.2908333556773636,-0.29589208692391306,0.07023086688576169,-0.43635382069543643,-0.15543035315238968,True,True,-0.22239785867086262,-0.22754856804060075,0.05928658928794718,True,-0.33384681318005016,0.3269083968644634,ID
182,Apr 01,Late Accumulation,46,-0.291388855811933,-0.29418811780295695,0.07104207619661115,-0.43627227019617926,-0.15210396540973464,True,True,-0.2239251173120505,-0.2276517605763174,0.060140086348918646,True,-0.3224195609301468,0.33492082672921664,ID
183,Apr 02,Late Accumulation,46,-0.29177002255570283,-0.29242345298176015,0.06840459654036295,-0.429232646062486,-0.15561425990103425,True,True,-0.22503392218196894,-0.2270038205193542,0.05790804023313282,True,-0.3197672881266855,0.33819613718306357,ID
184,Apr 03,Late Accumulation,46,-0.2947503441184301,-0.2960172528429353,0.0695560944537933,-0.4351294417505219,-0.1569050639353487,True,True,-0.22777066249883154,-0.22990777213243957,0.0598723647077547,True,-0.3208191873915534,0.34067940485559767,ID
185,Apr 04,Late Accumulation,46,-0.29994022685058735,-0.30351115162980336,0.0702594078104548,-0.444029967250713,-0.16299233600889376,True,True,-0.2316446091824381,-0.23570709036857954,0.060317374845504826,True,-0.32194796582939805,0.3456264815334498,ID
186,Apr 05,Late Accumulation,46,-0.2953200642267006,-0.2972467996817095,0.07012483226043886,-0.4374964642025872,-0.15699713516083175,True,True,-0.2282909640458376,-0.2310019419672241,0.059194495122279665,True,-0.3143142539388288,0.34856571539228765,ID
187,Apr 06,Late Accumulation,46,-0.291100857155035,-0.29146796611058784,0.06850166260429982,-0.4284712913191875,-0.1544646409019882,True,True,-0.2243596613001377,-0.22600416183572428,0.058416362533427656,True,-0.3080665624131628,0.3478078486618616,ID
188,Apr 07,Late Accumulation,46,-0.28743928269915264,-0.29405094051321007,0.0708902259368689,-0.4358313923869479,-0.15227048863947226,True,True,-0.22064341815069222,-0.22731002885104948,0.06084185042348572,True,-0.3040384963908374,0.34527675518927303,ID
189,Apr 08,Late Accumulation,46,-0.28698793753004626,-0.28968909032061285,0.06927675889510793,-0.4282426081108287,-0.151135572530397,True,True,-0.22015747326256793,-0.22299645563619924,0.059041778215496894,True,-0.2996034881772518,0.3464254027348502,ID
190,Apr 09,Late Accumulation,46,-0.2853848431773724,-0.284595818155752,0.0702994846310387,-0.42519478741782946,-0.14399684889367462,True,False,-0.21887265981374443,-0.2194933793895482,0.05941009348599345,True,-0.29599842105808166,0.3440650873826652,ID
191,Apr 10,Late Accumulation,46,-0.2846320877761941,-0.28717726384359843,0.07139145717083667,-0.42996017818527177,-0.1443943495019251,True,False,-0.21851635433037045,-0.2210864224314749,0.059904392761734364,True,-0.2957163660978076,0.34141209800560046,ID
192,Apr 11,Late Accumulation,46,-0.2872661773720295,-0.2914368264971613,0.07035100623606856,-0.4321388389692984,-0.15073481402502417,True,True,-0.22078415542578794,-0.22489750255906474,0.059586408822736865,True,-0.2983624333960781,0.3454158120066747,ID
193,Apr 12,Late Accumulation,46,-0.2894577600600116,-0.28929240045644006,0.06923718784429093,-0.4277667761450219,-0.1508180247678582,True,True,-0.2223857815670897,-0.22343478594982943,0.058151760459250565,True,-0.3026557080271516,0.3486556236745981,ID
194,Apr 13,Late Accumulation,46,-0.2894571096359528,-0.29105582814617686,0.07033859421042864,-0.4317330165670341,-0.1503786397253196,True,True,-0.22245602022257344,-0.22420921480207937,0.05933760200556456,True,-0.3066907024953646,0.34719242002536,ID
195,Apr 14,Late Accumulation,46,-0.28717630962797397,-0.2878591778246343,0.06934199405811153,-0.4265431659408574,-0.14917518970841126,True,True,-0.22165490897652793,-0.22393689135741407,0.0593689689211891,True,-0.3063556242299664,0.34751813765204986,ID
196,Apr 15,Late Accumulation,46,-0.2835760960154506,-0.2825815643134631,0.06848866638354496,-0.41955889708055305,-0.14560423154637317,True,True,-0.21948285669593143,-0.2195789322699232,0.05839882656291885,True,-0.30818847064557103,0.34205559661776264,ID
197,Apr 16,Late Accumulation,46,-0.2808134862666713,-0.2791430406183037,0.07099925801100399,-0.42114155664031167,-0.13714452459629572,True,False,-0.2181254238108962,-0.21785531976955788,0.05971806104610678,True,-0.3110743119498561,0.34030410410490564,ID
198,Apr 17,Late Accumulation,46,-0.2773207181337424,-0.27919630049698185,0.07036534807348134,-0.4199269966439445,-0.13846560435001917,True,False,-0.21613841531803418,-0.2190882122081722,0.059806342237277474,True,-0.31353673812840616,0.3350561107932064,ID
199,Apr 18,Melt Onset,46,-0.2720780557913496,-0.2722993502088649,0.06822479638613431,-0.4087489429811335,-0.1358497574365963,True,False,-0.21266295895057544,-0.2135300935857435,0.05825541314169961,True,-0.3134108513351357,0.3293022231233565,ID
200,Apr 19,Melt Onset,46,-0.2721240941618357,-0.27383632311896916,0.0696752679449328,-0.4131868590088348,-0.13448578722910356,True,False,-0.21266203692702418,-0.21494100702583135,0.059556509843645924,True,-0.314320407900704,0.3323556476212723,ID
201,Apr 20,Melt Onset,46,-0.2800474619223919,-0.28239119408668,0.06830665041733537,-0.4190044949213507,-0.14577789325200927,True,True,-0.21862455237171474,-0.2212307734929905,0.05857272626514179,True,-0.3214941587856466,0.33921074149615127,ID
202,Apr 21,Melt Onset,46,-0.2884839934328329,-0.2891941781947251,0.06908049714455676,-0.4273551724838386,-0.15103318390561157,True,True,-0.225744951605243,-0.22750918391110325,0.05949089960961338,True,-0.328026765495865,0.34851988176533366,ID
203,Apr 22,Melt Onset,46,-0.29971758655425645,-0.3001971122932429,0.06836799115189877,-0.43693309459704044,-0.16346112998944537,True,True,-0.23442254846026628,-0.2359797498568074,0.05915518192525156,True,-0.3373213239322959,0.35200806011808755,ID
204,Apr 23,Melt Onset,46,-0.3113347486353293,-0.31430185749687484,0.06744875046402526,-0.44919935842492537,-0.1794043565688243,True,True,-0.24375341791275917,-0.2467864982444528,0.057881340672719404,True,-0.35089336059033205,0.3552324189184464,ID
205,Apr 24,Melt Onset,46,-0.31587210894369794,-0.3175851396988789,0.06812755459544759,-0.4538402488897741,-0.18133003050798374,True,True,-0.24624602810146443,-0.2492396517470198,0.05959146186510225,True,-0.35794761413713583,0.3553381414935278,ID
206,Apr 25,Melt Onset,46,-0.3196707666732223,-0.3201728927774198,0.06838055445224137,-0.4569340016819025,-0.18341178387293705,True,True,-0.2481574911782102,-0.24945602657014052,0.05970634934838988,True,-0.3625919589974307,0.3546047349972501,ID
207,Apr 26,Melt Onset,46,-0.32333807557826444,-0.3223341223412211,0.06963928185089384,-0.46161268604300876,-0.18305555863943343,True,True,-0.2500980197971748,-0.25034358091472536,0.05962315265536179,True,-0.36638166961002383,0.3576266176770746,ID
208,Apr 27,Melt Onset,46,-0.3260146112421818,-0.32489309987010695,0.06942461274661156,-0.46374232536333004,-0.18604387437688383,True,True,-0.25289004404689447,-0.2537975970403251,0.05987046977433222,True,-0.3755220162235942,0.3527987556231312,ID
209,Apr 28,Melt Onset,46,-0.3235022828317464,-0.324436895507681,0.07091841677521614,-0.46627372905811326,-0.18260006195724873,True,True,-0.25270177653759796,-0.2542381242782338,0.06126366334866694,True,-0.38213381396094803,0.3491681509004056,ID
210,Apr 29,Melt Onset,46,-0.31998520410102227,-0.3196959310619639,0.06867687274667467,-0.45704967655531326,-0.1823421855686146,True,True,-0.2518464482292294,-0.2526676241293858,0.060390542687856735,True,-0.38604970377743164,0.340209878575368,ID
211,Apr 30,Melt Onset,46,-0.31503364775225423,-0.3140552935002152,0.07051530935833052,-0.4550859122168762,-0.17302467478355418,True,True,-0.24385242276693442,-0.24465892907263226,0.061399828071600826,True,-0.3805444913332313,0.3299850899009772,ID
212,May 01,Melt Onset,46,-0.309076695897823,-0.30622063494627605,0.07119525055817157,-0.44861113606261915,-0.16383013382993292,True,True,-0.24116906515739023,-0.24045177554935462,0.061215822309160894,True,-0.3736979215515382,0.3228107784274906,ID
213,May 02,Melt Onset,46,-0.3076511745582706,-0.31185947428675526,0.0710639432865662,-0.45398736085988767,-0.16973158771362284,True,True,-0.23966779047259232,-0.24420206585349438,0.06094385349432208,True,-0.3626084202904318,0.3316513780033979,ID
214,May 03,Melt Onset,46,-0.304470657188149,-0.30628403117737596,0.07313576000681006,-0.4525555511909961,-0.16001251116375584,True,True,-0.23630427553910804,-0.2393389394977076,0.06313939163650417,True,-0.34916532809915585,0.33468205582453203,ID
215,May 04,Melt Onset,46,-0.30381949110835327,-0.301109140451371,0.07438580894301561,-0.4498807583374022,-0.15233752256533978,True,False,-0.23637455925370926,-0.235820133441756,0.06393951977071954,True,-0.34600077963994946,0.336736046867609,ID
216,May 05,Melt Onset,46,-0.29618273933128025,-0.29525281096305317,0.07248101973194071,-0.4402148504269346,-0.15029077149917175,True,True,-0.22930283253650965,-0.22967453293557463,0.06124829082469877,True,-0.3327422956292038,0.3323760045082476,ID
217,May 06,Melt Onset,46,-0.2841765678156445,-0.2854867041404828,0.076127576638076,-0.43774185741663485,-0.13323155086433083,True,False,-0.2183421070623504,-0.22123003819963558,0.06309917280449984,True,-0.31629704698358874,0.32335239067109073,ID
218,May 07,Melt Onset,46,-0.27259511394752095,-0.2712394696324639,0.07881403411025312,-0.42886753785297016,-0.11361140141195769,True,False,-0.20896226496299738,-0.20921281577160825,0.0646630492498619,True,-0.3033612769610947,0.31632288167419365,ID
219,May 08,Melt Onset,46,-0.26699894777740063,-0.2695186905672637,0.0773372925398523,-0.4241932756469683,-0.11484410548755908,True,False,-0.20048936260151512,-0.20378566645319138,0.0627484966770755,True,-0.29095882752766017,0.30575859766974556,ID
220,May 09,Melt Onset,46,-0.2565841684154442,-0.2544039385425244,0.08065811013662243,-0.4157201588157693,-0.09308771826927956,True,False,-0.19132668608574413,-0.19067890988511618,0.06316210505160309,True,-0.2800117199989707,0.30004575250930204,ID
221,May 10,Melt Onset,46,-0.248264690685882,-0.25177243386748976,0.08157481539243393,-0.4149220646523576,-0.08862280308262191,True,False,-0.18511419768840898,-0.18872809455963568,0.06418647601610994,True,-0.2698513858238154,0.29905254379356727,ID
222,May 11,Melt Onset,46,-0.23876755021504942,-0.2407204404822578,0.08341697843019912,-0.407554397342656,-0.07388648362185957,True,False,-0.17993027730212888,-0.18210068625215775,0.06540051716348046,True,-0.26155930288602797,0.30576678086298115,ID
223,May 12,Melt Onset,46,-0.23534702371438987,-0.23861233131899315,0.08781502820473212,-0.4142423877284574,-0.0629822749095289,True,False,-0.17679508986060727,-0.1799456303302768,0.06740624355276505,True,-0.2543980097332407,0.3041015108805116,ID
224,May 13,Melt Onset,46,-0.22995181036532447,-0.23134377465361,0.09178553114314975,-0.4149148369399095,-0.04777271236731051,True,False,-0.17133259798578543,-0.17310706759387734,0.06916250874146382,True,-0.24293524954774354,0.29997332854427083,ID
225,May 14,Melt Onset,46,-0.22182366173426452,-0.22676189523154364,0.09850452118956861,-0.42377093761068085,-0.02975285285240642,True,False,-0.16356770893918918,-0.1670002789491062,0.07189693706527249,True,-0.23061752494626145,0.2897783788599041,ID
226,May 15,Melt Onset,46,-0.2073617914450911,-0.2084842489837656,0.10521093789216385,-0.4189061247680933,0.0019376268005620867,False,False,-0.1510565802827541,-0.15123689187283895,0.0740273366673542,True,-0.210679749714476,0.27208489162404326,ID
227,May 16,Melt Onset,46,-0.19075154532698416,-0.1908861621998547,0.10755367498577814,-0.405993512171411,0.024221187771701597,False,False,-0.13781797831591266,-0.13665031051233406,0.07371239853116208,False,-0.1933905809660796,0.2530368930550926,ID
228,May 17,Melt Onset,46,-0.17987782032710614,-0.18305273524149696,0.10721305575090406,-0.3974788467433051,0.03137337626031117,False,False,-0.129416257681551,-0.13079410213821524,0.07294001163358944,False,-0.18179506268261775,0.24470928573457268,ID
229,May 18,Melt Onset,46,-0.16821314373121632,-0.17500475165632975,0.11385310738342837,-0.4027109664231865,0.05270146311052698,False,False,-0.12009987227311636,-0.12346624093335247,0.07625022974428941,False,-0.1694448781513734,0.2332828738060007,ID
230,May 19,Melt Onset,46,-0.15706100777298787,-0.1650780016657327,0.11695961287531238,-0.39899722741635746,0.06884122408489207,False,False,-0.11271939046638686,-0.11584392172955077,0.07723288245233867,False,-0.1580297667555866,0.22935505222494904,ID
231,May 20,Melt Onset,46,-0.14639874484607776,-0.15264868837036605,0.12058858205232115,-0.39382585247500834,0.08852847573427625,False,False,-0.10367838772757403,-0.105737922678059,0.07846576821902347,False,-0.14419085090844513,0.22152348710374362,ID
232,May 21,Melt Onset,46,-0.14738413977665288,-0.1523763634815335,0.1144797005832232,-0.3813357646479799,0.0765830376849129,False,False,-0.10350179970868323,-0.10497808967451609,0.07479974099524482,False,-0.14721318136475967,0.21162590616764332,ID
233,May 22,Melt Onset,46,-0.13707417460849558,-0.14026083573686388,0.10929993526381954,-0.35886070626450295,0.0783390347907752,False,False,-0.09372761334552931,-0.09517590543575162,0.07161095739167483,False,-0.13294800938042758,0.19629939049570133,ID
234,May 23,Melt Onset,46,-0.15148115681960928,-0.1541138808469812,0.10265925340150878,-0.35943238764999874,0.051204625956036365,False,False,-0.10411474603430367,-0.1056608593483991,0.06857000475546735,False,-0.14611219900703507,0.20161076133054978,ID
235,May 24,Melt Onset,46,-0.16578815690057438,-0.1639234434244711,0.09723849596778789,-0.35840043536004684,0.030553548511104672,False,False,-0.11485899400079688,-0.1141976240301521,0.06742961943432299,False,-0.1508084967266052,0.21585218592181282,ID
236,May 25,Melt Onset,46,-0.17434190996964663,-0.17317597072155066,0.09421606808641872,-0.3616081068943881,0.015256165451286774,False,False,-0.12002803797606719,-0.12074365552049986,0.06667324451796913,False,-0.15973696842361398,0.22650949897460018,ID
237,May 26,Melt Onset,46,-0.1752557427708999,-0.1710875265349038,0.08983143303627128,-0.35075039260744634,0.008575339537638754,False,False,-0.11918043558644521,-0.1180889875555076,0.06430953800921242,False,-0.15613553964676827,0.2305850611798856,ID
238,May 27,Melt Onset,46,-0.20272934281115823,-0.2020641071999434,0.0811843137935633,-0.36443273478707,-0.039695479612816775,True,False,-0.13929387713086167,-0.14113387965405935,0.060150453141853626,True,-0.18085980850163347,0.2512606701911657,ID
239,May 28,Melt Onset,46,-0.21715170781702492,-0.21652193155803554,0.07683842556459564,-0.37019878268722684,-0.06284508042884426,True,False,-0.1467698654551655,-0.14889248582679346,0.05812111007579558,True,-0.18875980412747756,0.25644509675878985,ID
240,May 29,Melt Onset,46,-0.23535906043614846,-0.23149748535311787,0.07464802556134043,-0.3807935364757987,-0.08220143423043702,True,False,-0.15962007725206945,-0.1596779309510452,0.059209039758418514,True,-0.20231056904831934,0.273887409359196,ID
241,May 30,Melt Onset,46,-0.24326810300947427,-0.2413373612456157,0.07250520569678376,-0.3863477726391832,-0.09632694985204818,True,False,-0.16672641148802922,-0.1674033844988868,0.06041933313310279,True,-0.2080245519057577,0.27809019363392956,ID
242,May 31,Melt Onset,46,-0.23640343343464135,-0.23411280076698385,0.07314524577368381,-0.38040329231435144,-0.08782230921961623,True,False,-0.16088890763683927,-0.1624334730491351,0.05906138871241246,True,-0.19737856810975832,0.2686230663262385,ID
243,Jun 01,Melt Onset,46,-0.24403100979057943,-0.2425338279315323,0.06957584993321701,-0.38168552779796633,-0.10338212806509828,True,False,-0.1667954370889419,-0.16853172486777868,0.05904803592353632,True,-0.20177563018470449,0.26923968645569096,ID
244,Jun 02,Melt Onset,46,-0.24764475726993754,-0.2436646537876341,0.06967400661971199,-0.38301266702705805,-0.10431664054821013,True,False,-0.16629759931304106,-0.16623157285043205,0.059604931256115226,True,-0.19985590210619014,0.26216337872475476,ID
245,Jun 03,Melt Onset,46,-0.247258316149464,-0.24813548786702055,0.06391649247848616,-0.37596847282399287,-0.12030250291004824,True,False,-0.1696355164994759,-0.17327722951752314,0.05752716860683134,True,-0.19964979913051184,0.27019720254503515,ID
246,Jun 04,Melt Onset,46,-0.24794295819222545,-0.2450398732640812,0.06610983448810251,-0.37725954224028624,-0.11282020428787617,True,False,-0.17012003159339092,-0.17096412762647173,0.05893048739898542,True,-0.19765539489453146,0.27596929200340536,ID
247,Jun 05,Melt Onset,46,-0.22648782204384596,-0.22475435585446804,0.06833154275963775,-0.36141744137374354,-0.08809127033519254,True,False,-0.14802716902068158,-0.15011468666170352,0.054197394414047036,True,-0.16141314067663923,0.2405478735751014,ID
248,Jun 06,Melt Onset,46,-0.21145302437161761,-0.20651779360912934,0.07368085615583034,-0.35387950592079,-0.05915608129746866,True,False,-0.13273870734750254,-0.1315291138080904,0.05341158325764261,True,-0.13131957936268882,0.21252507202679008,ID
249,Jun 07,Melt Onset,46,-0.2136316205613134,-0.21078189805701777,0.0703031307503517,-0.3513881595577212,-0.07017563655631437,True,False,-0.1287991863982068,-0.1293069641188565,0.048175395309974875,True,-0.12145686371835403,0.19752076163693932,ID
250,Jun 08,,46,-0.2135877022346137,-0.21246151657733597,0.06877292527930731,-0.3500073671359506,-0.07491566601872135,True,False,-0.13406424619195134,-0.13585335327485862,0.04889640508770047,True,-0.1287074871786716,0.20431560029822843,ID
251,Jun 09,,46,-0.2426628512007076,-0.24061522044201689,0.06444217466289771,-0.3694995697678123,-0.11173087111622146,True,False,-0.16273159126753145,-0.1642113739335917,0.05345042051937987,True,-0.17461582331867836,0.2458298120262213,ID
252,Jun 10,,46,-0.24484419053432277,-0.23987995924713065,0.06523857966813672,-0.3703571185834041,-0.10940279991085722,True,False,-0.16360085764586108,-0.16266878104572466,0.05486691629296693,True,-0.1749873329302269,0.2463537876084524,ID
253,Jun 11,,46,-0.248563770715713,-0.24624048190044653,0.06301966958925524,-0.372279821078957,-0.12020114272193605,True,False,-0.16400460964274144,-0.1645949670736149,0.052309787355125134,True,-0.17706296334660246,0.2545724836716857,ID
254,Jun 12,,46,-0.2600715449445713,-0.2602531866807525,0.061914435498571216,-0.38408205767789494,-0.13642431568361005,True,True,-0.16527086443547806,-0.16834932587046542,0.051259248770467086,True,-0.1802256140956661,0.259143555223719,ID
255,Jun 13,,46,-0.2614808259170906,-0.2598079300510191,0.06051401760637777,-0.3808359652637746,-0.13877989483826356,True,True,-0.1761322736223456,-0.1762593281898258,0.05413774801066673,True,-0.19376022397082895,0.2718799386858388,ID
256,Jun 14,,46,-0.2527527788192425,-0.24915739762857247,0.05886130981806046,-0.3668800172646934,-0.13143477799245157,True,True,-0.1750611408440201,-0.17397071381987478,0.053616001719996885,True,-0.19047646233133614,0.2726781048831541,ID
257,Jun 15,,46,-0.2361706538820344,-0.23276592702157184,0.06155464260358211,-0.3558752122287361,-0.10965664181440762,True,False,-0.16681593455887203,-0.16711240088698215,0.05685851142852537,True,-0.18335525994771834,0.25211571185198056,ID
258,Jun 16,,46,-0.2196474655863876,-0.2173149357625576,0.06073332282267029,-0.33878158140789816,-0.095848290117217,True,False,-0.15483140534586642,-0.15694018996240933,0.05512222418375638,True,-0.16797572720613846,0.2347763031375607,ID
259,Jun 17,,46,-0.20490170254736131,-0.1991028863149542,0.06555519461127371,-0.3302132755375016,-0.06799249709240679,True,False,-0.14050398264929403,-0.13986421557978485,0.055042562303708485,True,-0.14506355193380288,0.2160230444936158,ID
260,Jun 18,,46,-0.19216684592565,-0.1886840789252166,0.06856108598877737,-0.3258062509027714,-0.051561906947661856,True,False,-0.12914841905207072,-0.1305619715411796,0.05407866729783457,True,-0.12419425694625173,0.20470450724889175,ID
261,Jun 19,,46,-0.18861790186537947,-0.1831432391253831,0.06719193575034149,-0.3175271106260661,-0.04875936762470012,True,False,-0.12690401244943583,-0.1279484473393312,0.053293890095150225,True,-0.12377123137690801,0.20366147110377356,ID
262,Jun 20,,46,-0.185434361375523,-0.17852038558981576,0.06850792899693989,-0.31553624358369553,-0.04150452759593598,True,False,-0.12275210823392667,-0.12150077853521084,0.052568928668136596,True,-0.11804005514043839,0.19957097661290527,ID
263,Jun 21,,46,-0.18931263307144372,-0.1839806109328264,0.07052459708215163,-0.32502980509712964,-0.042931416768523134,True,False,-0.12888021133155653,-0.1302122035460719,0.055345859918827706,True,-0.12594125060710276,0.19693345142567295,ID
264,Jun 22,,46,-0.20645591968199245,-0.1989207379983224,0.06496643801592056,-0.32885361403016355,-0.0689878619664813,True,False,-0.13558118130964134,-0.13381153271818957,0.05298943553388868,True,-0.1455462337011405,0.1910458054465412,ID
265,Jun 23,,46,-0.2057282745393225,-0.2023084534034733,0.0660769372463467,-0.3344623278961667,-0.07015457891077992,True,False,-0.13676963439742731,-0.13807906317072288,0.05364807553834934,True,-0.13912566973103418,0.1999012859346746,ID
266,Jun 24,,46,-0.2007466405640569,-0.1969425998062405,0.06753795471207732,-0.3320185092303951,-0.06186669038208584,True,False,-0.13055264402465083,-0.13108070096919675,0.05237814836840661,True,-0.12582473465599753,0.19182241606405537,ID
267,Jun 25,,46,-0.20557027604671754,-0.20024937689700217,0.06504200712542701,-0.3303333911478562,-0.07016536264614814,True,False,-0.13439860092087053,-0.13394199670312323,0.05306373365649067,True,-0.13028943488554803,0.1920184586994395,ID
268,Jun 26,,46,-0.19661510737384522,-0.19269498780504743,0.06817609786615746,-0.32904718353736234,-0.05634279207273252,True,False,-0.12551074785561064,-0.1265240671249639,0.05256507360544779,True,-0.11614526909594745,0.17656781588225645,ID
269,Jun 27,,46,-0.15921889133914835,-0.15278085059918875,0.07842459782784403,-0.3096300462548768,0.004068345056499306,False,False,-0.08936268412245722,-0.09041645483295474,0.046409106203698786,False,-0.07114898095268773,0.12370910643986278,ID
270,Jun 28,,46,-0.1885959928128898,-0.18573917836774248,0.06711149405116576,-0.319962166470074,-0.05151619026541096,True,False,-0.11032672736133786,-0.11259923679776594,0.046034419644742794,True,-0.10725752060003543,0.12658422028236624,ID
271,Jun 29,,46,-0.17553283391420094,-0.16830744808583456,0.07305995291706967,-0.3144273539199739,-0.022187542251695225,True,False,-0.09983779122476878,-0.09911772878878432,0.046190973205425444,True,-0.09585675262023693,0.10647279288396876,ID
272,Jun 30,,46,-0.1770459213780343,-0.16879728963942384,0.07174644733479058,-0.312290184309005,-0.025304394969842686,True,False,-0.09582832017844863,-0.09435213945941226,0.043306987341817434,True,-0.0857478896432403,0.09654487323044152,ID
273,Jul 01,,46,-0.18269941010424445,-0.1780541422776296,0.07040737020461577,-0.31886888268686114,-0.03723940186839808,True,False,-0.10324417625247574,-0.10377425553737998,0.04478454613426226,True,-0.07046997450818918,0.1345602671245924,ID
274,Jul 02,,46,-0.17479497739900188,-0.16947465091754882,0.07115173857004661,-0.31177812805764205,-0.027171173777455593,True,False,-0.11342589742186591,-0.11411133586147884,0.05165080817495874,True,-0.0963813807113826,0.14695051396102235,ID
275,Jul 03,,46,-0.18412766245188997,-0.17863716939516253,0.06959797866821042,-0.31783312673158337,-0.03944121205874168,True,False,-0.11744037925226425,-0.11758019038558175,0.05215407487115153,True,-0.11007796544834499,0.14040243066847324,ID
276,Jul 04,,45,-0.20890333620741378,-0.20555718242428447,0.06308362406477791,-0.33172443055384027,-0.07938993429472865,True,False,-0.12538353817159173,-0.12642170389390686,0.048414229771952595,True,-0.12915966285344882,0.12433260353282094,ID
277,Jul 05,,45,-0.19265051281934883,-0.18609318705704295,0.07081244621693654,-0.327718079490916,-0.04446829462316987,True,False,-0.11919536805324808,-0.11891551696770936,0.05281066119346962,True,-0.11128861480289035,0.1272868138596867,ID
278,Jul 06,,45,-0.1749300055427177,-0.1695440082549419,0.07198532577424978,-0.31351465980344145,-0.02557335670644234,True,False,-0.12008738161708081,-0.11894658135755577,0.05391026354835,True,-0.09418365711515599,0.13869953020052472,ID
279,Jul 07,,45,-0.1748270334027645,-0.17491562207449238,0.06700309947925522,-0.3089218210330028,-0.04090942311598195,True,False,-0.11896002154370458,-0.11980166180792168,0.04880690008443572,True,-0.09965242646989368,0.12385829005922593,ID
280,Jul 08,,45,-0.17669734124895065,-0.1762290733109548,0.06565371700401534,-0.3075365073189855,-0.044921639302924116,True,False,-0.12062387503524671,-0.12170302358868432,0.04897163707692328,True,-0.10527716284706479,0.12290002799459868,ID
281,Jul 09,,45,-0.16902095835850547,-0.16963010935598577,0.06427537070596415,-0.29818085076791406,-0.04107936794405748,True,False,-0.11583063985958528,-0.11727188978780936,0.04703600969496555,True,-0.09965247835431779,0.11448024043015073,ID
282,Jul 10,,44,-0.1973342659869203,-0.18978439456323112,0.08121828920574121,-0.35222097297471355,-0.027347816151748694,True,False,-0.11107823729717926,-0.11210221598476135,0.05281934973551082,True,-0.08603389263153076,0.12487264769151807,ID
283,Jul 11,,43,-0.24208197498787346,-0.2354338963640662,0.07919595815822386,-0.3938258126805139,-0.07704198004761847,True,False,-0.13913550001644226,-0.13970361377291635,0.05773996807289498,True,-0.13511711597442624,0.17049218756811957,ID
284,Jul 12,,43,-0.2501221354987932,-0.24635951789516047,0.07032872015376956,-0.3870169582026996,-0.10570207758762135,True,False,-0.1424620984183313,-0.14426775902137323,0.05568308776343024,True,-0.14031382526670183,0.17152582123166032,ID
285,Jul 13,,43,-0.2547108726705983,-0.25174907849499534,0.06620131640151264,-0.3841517112980206,-0.11934644569197006,True,False,-0.14579903519161236,-0.14646699842550676,0.05678952955061675,True,-0.13868941216241742,0.1734363375675111,ID
286,Jul 14,,43,-0.27727032570029314,-0.28113187263538414,0.05117828170835552,-0.38348843605209515,-0.1787753092186731,True,True,-0.15718580023812567,-0.15766001290219533,0.0572872895092738,True,-0.1648627037093753,0.17684928185883025,ID
287,Jul 15,,43,-0.28477839942486227,-0.2934418383208252,0.04055142950380748,-0.3745446973284402,-0.21233897931321025,True,True,-0.15989470173511264,-0.16066627916832812,0.05544069352545841,True,-0.17956664267040437,0.18274853712036496,ID
288,Jul 16,,43,-0.28152974791970176,-0.28887969298669,0.0438626027681369,-0.37660489852296375,-0.20115448745041617,True,True,-0.15394195148142523,-0.15295627026553296,0.05579630472115315,True,-0.17359427134195962,0.17731528793062482,ID
289,Jul 17,,43,-0.29352138727977617,-0.29785876055034455,0.04929542463372743,-0.3964496098177994,-0.19926791128288968,True,True,-0.143615152921466,-0.14517963882238297,0.04903881706502103,True,-0.16941738843917845,0.15651230944527522,ID
290,Jul 18,,42,-0.2985525993669869,-0.2951078379188075,0.061999347738251914,-0.41910653339531134,-0.17110914244230369,True,True,-0.13425967576660167,-0.13556805502480912,0.04325973288133616,True,-0.15830618611403874,0.1311564952135086,ID
291,Jul 19,,42,-0.29250068411658053,-0.288618137513482,0.06449887325673613,-0.41761588402695426,-0.15962039100000971,True,True,-0.13083864130305423,-0.13157940109260327,0.043588997665723744,True,-0.15525499795164382,0.129104971686999,ID
293,Jul 21,,42,-0.2873922435852325,-0.28739685283277766,0.05441886758557327,-0.3962345880039242,-0.17855911766163113,True,True,-0.13409158248425387,-0.13556245123305558,0.03791594829692818,True,-0.16195059773467838,0.07488178200191922,ID
326,Aug 23,,40,0.22261926428694398,0.2051799506099379,0.12886347448618038,-0.05254699836242285,0.4629068995822987,False,False,0.14492939444119618,0.14605079067607124,0.08089005051946045,False,0.23794355775628775,-0.041790877921240664,ID
327,Aug 24,,43,0.2406525620076928,0.22070164783411636,0.12952667116709043,-0.03835169450006451,0.47975499016829726,False,False,0.16449282471752016,0.16477892391015986,0.08642887514149401,False,0.2530338774834361,-0.0791541764823099,ID
329,Aug 26,,40,0.16244350205842126,0.10701671043467688,0.18094519966950365,-0.25487368890433043,0.46890710977368416,False,False,0.12998424750091436,0.12741532605182435,0.09859672765389342,False,0.24193115511110846,-0.017393455015761502,ID
339,Sep 05,,45,0.19434985518398445,0.18335903999336517,0.15436459613874062,-0.12537015228411608,0.4920882322708464,False,False,0.1403050146145109,0.13416723420424395,0.10211151739475124,False,0.09006542907820811,0.04347857249279817,ID
340,Sep 06,,31,-0.11179100530496458,-0.08335902835473064,0.09685538039769917,-0.277069789150129,0.1103517324406677,False,False,-0.1185803639185494,-0.12001836380453189,0.06446043713774868,False,-0.13679156482219695,0.35164591670036316,ID
341,Sep 07,,26,-0.14978998986586214,-0.13627177057025092,0.0793701961333058,-0.2950121628368625,0.022468621696360686,False,False,-0.17620629269006707,-0.18259236614862046,0.09187230776073207,False,-0.14598116113079918,0.4782553747296333,ID
348,Sep 14,,45,0.22143293961802105,0.22204693971653353,0.05818455779164715,0.10567782413323923,0.3384160552998278,True,False,0.08436696810395666,0.08426767334072226,0.025723088554087576,True,0.10588426074338339,-0.15669269806572367,ID
349,Sep 15,,46,-0.012344097864735486,-0.002875394185977051,0.07504755743028187,-0.15297050904654078,0.1472197206745867,False,False,-0.006268017518114073,-0.006297059113194189,0.031445614522803,False,-0.0224418705280381,-0.002036978123766006,ID
350,Sep 16,,46,-0.11760507830993305,-0.11376701430168781,0.055529916145914834,-0.22482684659351748,-0.0027071820098581445,True,False,-0.05231206990102753,-0.052866307559211595,0.026569046195194398,False,-0.053330505024114204,0.06146536754411565,ID
351,Sep 17,,46,-0.12111398345797937,-0.12049045520860173,0.05594750520794662,-0.23238546562449497,-0.00859544479270849,True,False,-0.047575438079969154,-0.04768671064147381,0.022545633056899928,True,-0.044865721260165366,0.010758883031278442,ID
352,Sep 18,,46,-0.09101970449029824,-0.09242642603319445,0.03229540465737436,-0.15701723534794318,-0.027835616718445727,True,False,-0.05408108752760762,-0.0539539335961681,0.022611278418850578,True,-0.14527690477070024,-0.11254093752390282,ID
353,Sep 19,,45,-0.07218515771829118,-0.09133635390841512,0.05350920394497344,-0.19835476179836198,0.01568205398153176,False,False,-0.049322465273261305,-0.04938850650688636,0.015660138167273647,True,-0.18174963559388344,-0.08833867120558955,ID
354,Sep 20,,45,-0.023672402768248873,-0.0250501666554308,0.030482406882467658,-0.08601498042036612,0.03591464710950452,False,False,-0.018937912398413755,-0.018585542764218366,0.017533445480067772,False,-0.1664051913503998,-0.17401708188449083,ID
355,Sep 21,,45,-0.03510751265165128,-0.041649108833526884,0.035406642415738036,-0.11246239366500296,0.02916417599794919,False,False,-0.028286060451009946,-0.027430075040914274,0.01864156047785209,False,-0.1787499586210703,-0.13075982678626805,ID
356,Sep 22,,45,-0.08992520522823695,-0.10869764020372864,0.06136471549462221,-0.23142707119297307,0.01403179078551578,False,False,-0.0629126171695878,-0.0628197866423138,0.02129580084526847,True,-0.18505226173724723,-0.05828659317650177,ID
357,Sep 23,,45,-0.1048875191891783,-0.12025083607056572,0.05786687121483313,-0.23598457850023197,-0.004517093640899458,True,False,-0.06602507151074537,-0.06626163673415018,0.02401352261849687,True,-0.16100295321516614,-0.044830259048484006,ID
358,Sep 24,,45,-0.0751162325136658,-0.07953353489095374,0.03453700041333433,-0.14860753571762242,-0.010459534064285084,True,False,-0.04650234883662636,-0.0469565401444541,0.018947066217276258,True,-0.15148346330959184,-0.08783041336237361,ID
359,Sep 25,,45,-0.06621843674944382,-0.06374587382952308,0.027902039727723982,-0.11954995328497105,-0.00794179437407512,True,False,-0.03942894043225111,-0.03909943585685383,0.019056319828216747,True,-0.1569264330185268,-0.1379254444833633,ID
360,Sep 26,,45,-0.08495643123990321,-0.08541849892607138,0.024261554211035843,-0.13394160734814306,-0.036895390503999696,True,False,-0.05628687163454789,-0.05732173137773023,0.022572312614111033,True,-0.1718369175162658,-0.1348526918766499,ID
361,Sep 27,,45,-0.08103684808674204,-0.08257784668444233,0.02588392752530162,-0.13434570173504556,-0.030809991633839094,True,False,-0.05901329021074959,-0.0597941366602245,0.025769531562658828,True,-0.1560558385800529,-0.13243673928055968,ID
362,Sep 28,,45,-0.056939427667415755,-0.053903512723769496,0.04390175721753712,-0.14170702715884373,0.03390000171130474,False,False,-0.040836032471538615,-0.042355156641366395,0.02856322008976293,False,-0.10665502100296768,-0.15174173005357172,ID
363,Sep 29,,45,-0.015035393771385908,-0.010361868824031941,0.05619599626821934,-0.12275386136047062,0.10203012371240675,False,False,-0.010153061733941916,-0.010400213809740521,0.030317669899450405,False,-0.04825970728821843,-0.18348861888997983,ID
364,Sep 30,,45,-0.041784061930740114,-0.03696956942605351,0.0505654249868809,-0.13810041939981532,0.06416128054770828,False,False,-0.02784766270857085,-0.028218822329408127,0.02912125397337009,False,-0.07797462582685087,-0.1534827349863877,ID
0,Oct 01,,48,0.1624415838414547,0.15776329946129738,0.08010756369037393,-0.0024518279194504777,0.31797842684204525,False,False,0.09895043160638686,0.09836254982388667,0.05188772991143543,False,0.20669470739519974,-0.0410636392329983,WY
1,Oct 02,,48,0.16101325280493262,0.15732814452488306,0.07577883079492377,0.005770482935035515,0.3088858061147306,True,False,0.10343656411405608,0.10354362309341232,0.05197280429658558,False,0.2004122989407776,-0.048960757630329775,WY
2,Oct 03,,48,0.12013135553728121,0.12032927067608955,0.07336789942695375,-0.026406528177817953,0.26706506952999703,False,False,0.07675284935327731,0.07858653681187167,0.048534630164853196,False,0.1418197876744185,-0.0703084093380915,WY
3,Oct 04,,48,0.08675404222197446,0.09037477659179552,0.07561061234373018,-0.060846448095664835,0.24159600127925587,False,False,0.05612178788887478,0.05878062807357283,0.04899153905956934,False,0.0947689757679934,-0.06274430394034464,WY
4,Oct 05,,48,0.0844783483020108,0.0848970747765242,0.07802788977016448,-0.07115870476380476,0.24095285431685315,False,False,0.05437447534163665,0.05575961944359258,0.05097138481683108,False,0.08265613352257388,-0.08229912055693543,WY
5,Oct 06,,48,0.060807647997114044,0.05926710052917882,0.0831593477440399,-0.10705159495890096,0.22558579601725862,False,False,0.03722811100869098,0.037710149774136954,0.05118645203556317,False,0.05161486909549205,-0.04261036527443729,WY
6,Oct 07,,48,0.05924242918233774,0.05616708752212038,0.08405248526983229,-0.1119378830175442,0.22427205806178496,False,False,0.036126621254300974,0.03556708393197999,0.05161724123193684,False,0.03922313588715127,-0.027552239720951895,WY
7,Oct 08,,48,0.08402941855049592,0.08184659419418971,0.08266627679342718,-0.08348595939266465,0.24717914778104408,False,False,0.05347396640571479,0.052888522190241344,0.05282327299693753,False,0.041591481676352085,-0.012454469222728255,WY
8,Oct 09,,48,0.15990122399507664,0.15844843523219782,0.08648545736170496,-0.014522479491212104,0.33141934995560773,False,False,0.10219724082241974,0.10354520291420313,0.05795747484546858,False,0.09589644947542608,-0.0690364423173574,WY
9,Oct 10,,48,0.15213572892799654,0.1491538949402868,0.08450700283042532,-0.019860110720563845,0.3181679006011374,False,False,0.09912511070808222,0.09942003490412188,0.05779517767682394,False,0.08220748659831781,-0.05698164553506483,WY
10,Oct 11,,48,0.17279477988576736,0.16780204114144628,0.08707475326587677,-0.006347465390307255,0.3419515476731998,False,False,0.1131411514206,0.11220159270732347,0.05972910914528481,False,0.08660953073766439,-0.04052356145453578,WY
11,Oct 12,,48,0.21436469480839127,0.21029386542978837,0.08453559991732934,0.04122266559512969,0.379365065264447,True,False,0.1407739576466669,0.13975742877061573,0.05941727156355578,True,0.12496820261260318,-0.06280463978132236,WY
12,Oct 13,,48,0.17580781212404922,0.1721263959223536,0.08476119891724741,0.002603998087858772,0.3416487937568484,True,False,0.11566953016424879,0.11435000548082665,0.05817513398369475,False,0.0813839979602024,-0.04336279728185264,WY
13,Oct 14,,48,0.14572164812683258,0.14073074423773813,0.07760727173932963,-0.014483799240921136,0.2959452877163974,False,False,0.09517018018990547,0.09279875358664463,0.05226478773383405,False,0.031632470804571156,-0.04663798839778295,WY
14,Oct 15,,48,0.12674348621494208,0.12473886999081722,0.07424367497136106,-0.02374847995190489,0.27322621993353935,False,False,0.08014049426334924,0.07933397278517593,0.04816942613330896,False,0.02382342365301482,-0.04914003839029195,WY
15,Oct 16,,48,0.08460004646729209,0.08169879954522942,0.07295253249538879,-0.06420626544554815,0.227603864536007,False,False,0.051686977934312366,0.050464917110132804,0.04547023417792529,False,-0.020776844545234992,-0.07128971658780606,WY
16,Oct 17,,48,0.03214178696709066,0.03228342019065336,0.07122895105216558,-0.11017448191367779,0.1747413222949845,False,False,0.01945219505409492,0.02007497126859288,0.04396068254047937,False,-0.05522945150341132,-0.07795770990899277,WY
17,Oct 18,,48,0.031528551172287124,0.03326681802892917,0.07490712024757487,-0.11654742246622057,0.1830810585240789,False,False,0.01883825794862333,0.020303910867923776,0.045641485140443576,False,-0.03930390524230372,-0.09000306653269179,WY
18,Oct 19,,48,0.005360173161312077,0.0063598868531180505,0.07706892777159921,-0.14777796869008036,0.16049774239631648,False,False,0.0031574885841078424,0.004236100164938349,0.04627531946519486,False,-0.00440575085680852,-0.08369465290194827,WY
19,Oct 20,,48,0.008467047890037261,0.01143792192156927,0.0787378172864074,-0.14603771265124552,0.16891355649438408,False,False,0.005091731139351811,0.007340910698771534,0.0483645874980502,False,0.0568534988837296,-0.09766755569516336,WY
20,Oct 21,,48,0.001298677620244009,0.0007037850166870485,0.07896522493995325,-0.15722666486321946,0.15863423489659356,False,False,0.0007929812353075542,0.0009662333435919872,0.04901486556603623,False,0.05998574474711679,-0.08825908421186023,WY
21,Oct 22,,48,0.0038707506683248695,0.007620209707078646,0.07571761527550802,-0.1438150208439374,0.15905544025809468,False,False,0.0023278320969337125,0.00519412273192606,0.046397840008829634,False,0.060453306807876805,-0.09174031028406168,WY
22,Oct 23,,48,0.04273977591263887,0.04147965237786397,0.07173203390312387,-0.10198441542838377,0.1849437201841117,False,False,0.025800226632072275,0.02549616113103026,0.04414600797976579,False,0.08761693623981198,-0.11120562199906397,WY
23,Oct 24,,48,0.030447666706818217,0.032068579623858895,0.07221240610978943,-0.11235623259571997,0.17649339184343776,False,False,0.018481397195180965,0.019927612486073314,0.04474565118461068,False,0.07266668836188318,-0.08928664747094375,WY
24,Oct 25,,48,0.0436594347542629,0.04402476397745358,0.06816868949658345,-0.0923126150157133,0.18036214297062048,False,False,0.026806786740271264,0.027441224531523516,0.042749267654129584,False,0.08214642242739081,-0.1039313073546636,WY
25,Oct 26,,48,0.057640489486746285,0.059981853589369964,0.07010045525101402,-0.08021905691265807,0.200182764091398,False,False,0.03567872255597484,0.03727673028567449,0.04406204852625584,False,0.08529869343722132,-0.10296993837391635,WY
26,Oct 27,,48,0.07943620503346499,0.0795745582160423,0.0729149885498304,-0.06625541888361851,0.2254045353157031,False,False,0.04953924147964957,0.04968277406337663,0.04618314518408453,False,0.09622432643752979,-0.1157132724476646,WY
27,Oct 28,,48,0.0848672482278747,0.08805564806399287,0.07196680250835769,-0.055877956952722505,0.23198925308070822,False,False,0.05317355497860955,0.0557324953704514,0.0462565536945871,False,0.10179368718660692,-0.13542426644324104,WY
28,Oct 29,,48,0.11741989510988551,0.11888642693406444,0.07317844946354674,-0.02747047199302903,0.2652433258611579,False,False,0.07390333355147774,0.07499828125226622,0.04715933395120287,False,0.13073190586060177,-0.16475311074489637,WY
29,Oct 30,,48,0.15396297589513297,0.15355756621268,0.0770190094689235,-0.0004804527251670021,0.307595585150527,False,False,0.09829782515005742,0.09867723164760263,0.05098826350504296,False,0.15403899477947802,-0.17991636814753448,WY
30,Oct 31,,48,0.17149667103364127,0.17162785229755168,0.07489229371201615,0.02184326487351937,0.32141243972158395,True,False,0.10997081429379582,0.11067898024037438,0.0499863048105407,True,0.16140289802075836,-0.18919527993714172,WY
31,Nov 01,,48,0.19275896273338244,0.19283156264968423,0.07190049583451875,0.049030570980646726,0.33663255431872174,True,False,0.12090448637293054,0.12152612341885188,0.047244326127007234,True,0.1616033144623336,-0.18752023205750637,WY
32,Nov 02,,48,0.19648425070524816,0.19785356721806308,0.07244098962746127,0.052971587963140526,0.34273554647298565,True,False,0.1227707393153292,0.12442099202907834,0.0474422379091946,True,0.1661362798045162,-0.18232085630583933,WY
33,Nov 03,,48,0.1704088350424663,0.17023393735545495,0.07178927724987372,0.02665538285570751,0.3138124918552024,True,False,0.10506538872067812,0.10529574584521981,0.04568413309423209,True,0.14520378709613915,-0.15325513220353437,WY
34,Nov 04,,48,0.1631959183603199,0.16530146366018234,0.07103867426786253,0.023224115124457267,0.3073788121959074,True,False,0.1012068614753799,0.10267008546810723,0.04473425715036044,True,0.13466737356903447,-0.12916055283084216,WY
35,Nov 05,,48,0.17467238322896966,0.17342734884542438,0.06707227156577752,0.03928280571386933,0.30757189197697943,True,False,0.11070506216352094,0.1097292171710143,0.042660208319035095,True,0.1310277642255236,-0.1184055643628284,WY
36,Nov 06,,48,0.16274732174862475,0.16159048569770276,0.06688718220229647,0.027816121293109813,0.29536485010229574,True,False,0.10340853890442354,0.1028277134038753,0.043051304488396856,True,0.12676680428987397,-0.1014336527579006,WY
37,Nov 07,,48,0.12133582336464392,0.11982771083957759,0.0648218279355521,-0.009815945031526621,0.24947136671068182,False,False,0.0785899706411955,0.0775106377607626,0.042217541224350855,False,0.07578770767201798,-0.07674546146524792,WY
38,Nov 08,,48,0.08874903793842848,0.08998711153487929,0.0638084543040488,-0.03762979707321831,0.2176040201429769,False,False,0.058585072641998276,0.059048798237611916,0.04189464833408751,False,0.054841202674573195,-0.04013402314066985,WY
39,Nov 09,,48,0.09280732808419569,0.09333170627270936,0.06781639918459784,-0.04230109209648632,0.22896450464190504,False,False,0.06095417391786051,0.06078147198585347,0.04405164382096485,False,0.052039948525248514,-0.03602078715191274,WY
40,Nov 10,,48,0.08878219885979532,0.09019028615639453,0.06604097770275938,-0.04189166924912423,0.22227224156191328,False,False,0.0577569578244098,0.05869859676976725,0.042999292294605834,False,0.05926705131036901,-0.02457539570237153,WY
41,Nov 11,,48,0.07397479480154233,0.0755141256723496,0.0692227172975914,-0.0629313089228332,0.21395956026753238,False,False,0.048556667721218374,0.049023906085844546,0.04472730970985374,False,0.051865765280392995,0.008325025069263258,WY
42,Nov 12,,48,0.04348015635798991,0.04291464957156691,0.06966204661676155,-0.0964094436619562,0.18223874280509,False,False,0.028854568755327683,0.027793833847465213,0.0453969157627003,False,0.029617137403834537,0.04357399261941869,WY
43,Nov 13,,48,0.010814662048554516,0.014390947600438039,0.07038069819490679,-0.12637044878937553,0.15515234399025163,False,False,0.007127064505363243,0.008868398025854174,0.0458026460910303,False,0.01622901290476844,0.08204511922272689,WY
44,Nov 14,,48,0.006369606273385966,0.007337417843746748,0.07218042507271352,-0.1370234323016803,0.1516982679891738,False,False,0.004121782145427489,0.004647710041774021,0.046512626702866974,False,0.03868149655028203,0.08634249474257369,WY
45,Nov 15,,48,-0.017148673114754924,-0.017184465691408,0.07360220243736527,-0.16438887056613855,0.13001993918332255,False,False,-0.011150119114940649,-0.011011021249335314,0.047622081963753046,False,0.024490243566855446,0.10876824613845751,WY
46,Nov 16,,48,-0.014175204522659772,-0.014442812542893651,0.0755019182052384,-0.16544664895337044,0.13656102386758315,False,False,-0.009246360232908932,-0.009080901508003234,0.049339904569875,False,0.034756140848665934,0.09839084214284113,WY
47,Nov 17,,48,-0.03205948147091765,-0.03230844038407236,0.07309861518359247,-0.17850567075125728,0.11388878998311258,False,False,-0.021073061058797707,-0.020732304697116705,0.04758248491607241,False,0.01267627233349796,0.10817137642402117,WY
48,Nov 18,,48,-0.03464190618344869,-0.03495987300299329,0.07303034442833199,-0.18102056185965726,0.1111008158536707,False,False,-0.023030520940066693,-0.023034513742180022,0.048453004012612245,False,-0.006138579796356961,0.09776605995989321,WY
49,Nov 19,Early Accumulation,48,0.020247887768243565,0.01923842315683247,0.06985911513338992,-0.12047980710994738,0.15895665342361232,False,False,0.013425927468361017,0.01290671426576263,0.046237888532363644,False,0.03175604346766575,0.07698844932481196,WY
50,Nov 20,Early Accumulation,48,0.021197243308230602,0.020669249350895983,0.06639154836551062,-0.11211384738012525,0.1534523460819172,False,False,0.014158507510451961,0.013490626958934862,0.044093365775823824,False,0.025573902790639466,0.0837187874889893,WY
51,Nov 21,Early Accumulation,48,0.02176841325407871,0.0180601619570068,0.06787486452517988,-0.11768956709335296,0.15380989100736656,False,False,0.014631243377123128,0.011885199115966675,0.04533200959199433,False,0.013626222877048254,0.08632029047239029,WY
52,Nov 22,Early Accumulation,48,0.015078890520916882,0.01505585023079157,0.06839040753020921,-0.12172496482962684,0.15183666529120998,False,False,0.010081869343393918,0.00990823921346948,0.04567001217161746,False,0.003960367333377877,0.06757088213821665,WY
53,Nov 23,Early Accumulation,48,0.03063271088351896,0.030302440079110215,0.06562381176097794,-0.10094518344284566,0.16155006360106608,False,False,0.02041330954390879,0.02043800383982707,0.043564551306766744,False,0.02242229700088761,0.04675087492066482,WY
54,Nov 24,Early Accumulation,48,0.029209633188723074,0.02820519854026024,0.06571988410679708,-0.10323456967333391,0.1596449667538544,False,False,0.01955699541743028,0.019249555955315686,0.04401479779076031,False,0.029377719923430974,0.02742128682867058,WY
55,Nov 25,Early Accumulation,48,0.030663920541746128,0.03246947986100659,0.06492846804523884,-0.09738745622947109,0.16232641595148428,False,False,0.020371170422456137,0.02142762068249049,0.04316176360318499,False,0.04635437603550289,0.02924239190461908,WY
56,Nov 26,Early Accumulation,48,0.02808911653612368,0.027750639681754088,0.06446166205829645,-0.10117268443483882,0.156673963798347,False,False,0.018709404796247376,0.01819280059392288,0.042975616952040066,False,0.03972295049214794,0.03428863162119734,WY
57,Nov 27,Early Accumulation,48,0.024180239410255336,0.022488341528353672,0.06550329332108913,-0.10851824511382459,0.15349492817053192,False,False,0.016140435053579386,0.014850923064384383,0.04376060006861634,False,0.044256362882435195,0.039927969768439805,WY
58,Nov 28,Early Accumulation,48,-0.007379715189406543,-0.007080637080321049,0.06436237077716735,-0.13580537863465575,0.12164410447401364,False,False,-0.0049789653132342035,-0.0051761668866512275,0.04353943533433359,False,0.01970695880660038,0.06400844523450402,WY
59,Nov 29,Early Accumulation,48,-0.015380697982877238,-0.014436516811721086,0.06610942057957139,-0.14665535797086388,0.1177823243474217,False,False,-0.010485011437559885,-0.010174444216726407,0.0453989547027734,False,0.023411824638804368,0.07506166561386574,WY
60,Nov 30,Early Accumulation,48,-0.030696092836285337,-0.03059790753259629,0.06703801349684302,-0.16467393452628232,0.10347811946108974,False,False,-0.020750988760324333,-0.021053204701225205,0.04558807613628273,False,0.012249288354824459,0.09315838716921743,WY
61,Dec 01,Early Accumulation,48,-0.0306742125599604,-0.03143830138165916,0.06666814057898089,-0.16477458253962093,0.10189797977630263,False,False,-0.020754498411096663,-0.0216627469447205,0.04540753393516446,False,0.004394275397183275,0.0862042428477653,WY
62,Dec 02,Early Accumulation,48,-0.027515478660572926,-0.027269769924647413,0.06658048486226774,-0.1604307396491829,0.10589119979988806,False,False,-0.018610320358186803,-0.01879282516904406,0.04533011028842426,False,-0.012260295079650277,0.06485910286571148,WY
63,Dec 03,Early Accumulation,48,-0.03498171256154953,-0.03315660585383851,0.06486101725288598,-0.16287864035961047,0.09656542865193346,False,False,-0.023853092687272537,-0.023031634650255227,0.0446193646958201,False,-0.019808534625947005,0.0726207896297251,WY
64,Dec 04,Early Accumulation,48,-0.043591708850205614,-0.04175984244283211,0.06776482489814793,-0.177289492239128,0.09376980735346375,False,False,-0.029368358101388704,-0.028668118085976316,0.046043519762788185,False,-0.04022159926432364,0.07084210147936262,WY
65,Dec 05,Early Accumulation,48,-0.05573234998073173,-0.05397334046067435,0.06878581091761998,-0.1915449622959143,0.08359828137456563,False,False,-0.037550052060593316,-0.03703249242236255,0.04700901583671495,False,-0.060033137606934794,0.06443093060694222,WY
66,Dec 06,Early Accumulation,48,-0.05870992765072423,-0.058353412894729104,0.07209799585685772,-0.20254940460844456,0.08584257881898634,False,False,-0.03939688106192368,-0.03984074764176264,0.04896298107814202,False,-0.07299751662030367,0.06287890322086814,WY
67,Dec 07,Early Accumulation,48,-0.03877733086933222,-0.036256098288643346,0.0716291162126662,-0.17951433071397574,0.10700213413668905,False,False,-0.026113326070732794,-0.0249688396747176,0.04869010554790768,False,-0.06119847275594685,0.05550848147720183,WY
68,Dec 08,Early Accumulation,48,-0.02667421203781058,-0.026922078439200862,0.06936594109588583,-0.1656539606309725,0.1118098037525708,False,False,-0.018110665319331858,-0.018768435590190927,0.04734645687998358,False,-0.055228241462095665,0.033910798978979376,WY
69,Dec 09,Early Accumulation,48,-0.03229482702153399,-0.0329967448690457,0.0697836915625251,-0.1725641279940959,0.10657063825600452,False,False,-0.021766926610299688,-0.023099141680671946,0.047476129426539275,False,-0.07046827071388612,0.030831447627172742,WY
70,Dec 10,Early Accumulation,48,-0.035515010100082206,-0.03478630975696876,0.06861749120753703,-0.17202129217204282,0.10244867265810531,False,False,-0.023832090519274915,-0.024081753074727884,0.046181311081971606,False,-0.07517380402742219,0.021977543329461224,WY
71,Dec 11,Early Accumulation,48,-0.04099661214303732,-0.03992328135625562,0.06809844922019227,-0.17612017979664016,0.09627361708412893,False,False,-0.027571472442781488,-0.02759473656666373,0.046054465407215826,False,-0.08491667396107273,0.022921167283324273,WY
72,Dec 12,Early Accumulation,48,-0.03770477733118488,-0.03460690936758227,0.07079661645025623,-0.17620014226809472,0.1069863235329302,False,False,-0.025710717699356164,-0.024546266909882562,0.04853890369988155,False,-0.07874392220197439,0.02621263228869483,WY
73,Dec 13,Early Accumulation,48,-0.040392120303082375,-0.03829317035502376,0.0660708986298595,-0.17043496761474275,0.09384862690469524,False,False,-0.027640691861611093,-0.02707864242779521,0.04550732889698771,False,-0.09226457505333663,0.030414925759109104,WY
74,Dec 14,Early Accumulation,48,-0.037507744079942465,-0.03893533567010257,0.0680716971633465,-0.17507872999679558,0.09720805865659043,False,False,-0.025516347460782855,-0.027425295655407366,0.04666618057622137,False,-0.09476768770421201,0.021376093065253288,WY
75,Dec 15,Early Accumulation,48,-0.04158281102371375,-0.038305029275771646,0.06780746067950259,-0.17391995063477683,0.09730989208323354,False,False,-0.028206980140673046,-0.027073218503951103,0.04631397750840419,False,-0.10848407107058296,0.017490571004291883,WY
76,Dec 16,Early Accumulation,48,-0.046296160697531355,-0.04504461194296819,0.06549160562274377,-0.17602782318845572,0.08593859930251935,False,False,-0.03137750189744051,-0.03169528868563993,0.04531872025078167,False,-0.12057105337058996,0.013386294362990644,WY
77,Dec 17,Early Accumulation,48,-0.055138984570534684,-0.054491926884945245,0.06670209540488953,-0.1878961176947243,0.0789122639248338,False,False,-0.03724186992466258,-0.03810466564802772,0.046239674010753906,False,-0.14054853255818314,0.005978707651612444,WY
78,Dec 18,Early Accumulation,48,-0.06105681723786278,-0.05938802753205091,0.06310613367094886,-0.18560029487394863,0.06682423980984681,False,False,-0.04113880039409803,-0.04123453283930425,0.043623559833859564,False,-0.15288305592348447,0.015630980946796227,WY
79,Dec 19,Early Accumulation,48,-0.09115694766068638,-0.09061759702101134,0.0665436210308122,-0.22370483908263572,0.042469645040613055,False,False,-0.0619008861815371,-0.0627424539447246,0.046745094807618334,False,-0.18452548772141586,0.032301011802513796,WY
80,Dec 20,Early Accumulation,48,-0.10842641535184737,-0.10909553071101082,0.06391429691029339,-0.2369241245315976,0.018733063109575968,False,False,-0.0737243586327569,-0.07562765213683038,0.04582862439102794,False,-0.20001828433476354,0.04389995998813752,WY
81,Dec 21,Early Accumulation,48,-0.11193647385601065,-0.11020633513115048,0.06280006189063557,-0.23580645891242163,0.015393788650120657,False,False,-0.07512209349394984,-0.07552750743842847,0.04514469712866581,False,-0.1983221935216924,0.047977900395670736,WY
82,Dec 22,Early Accumulation,48,-0.12919008440640553,-0.13085134230613765,0.06505196964155746,-0.2609552815892526,-0.0007474030230227302,True,False,-0.08590592329355907,-0.08854299283803417,0.046126228360145245,False,-0.2095361722936987,0.06118298492085751,WY
83,Dec 23,Early Accumulation,48,-0.13283427769711706,-0.1325247395205214,0.06367983946423646,-0.25988441844899435,-0.005165060592048493,True,False,-0.08834808998747222,-0.08959908297932509,0.04568399184264801,False,-0.21803438975856249,0.06963781512401362,WY
84,Dec 24,Early Accumulation,48,-0.14730849348458497,-0.14525041143673312,0.061263895958649964,-0.267778203354033,-0.02272261951943319,True,False,-0.09833327182296728,-0.09811712539828724,0.04445158508670379,True,-0.22999472299676393,0.07790744562577664,WY
85,Dec 25,Early Accumulation,48,-0.1607838358667558,-0.16163722216099383,0.06056882831650259,-0.282774878793999,-0.04049956552798864,True,False,-0.10772133153676612,-0.10959852896323952,0.04433820433903371,True,-0.24016391560527597,0.08454989640360683,WY
86,Dec 26,Early Accumulation,48,-0.17207846435039212,-0.17241179508936294,0.05703838651728775,-0.2864885681239384,-0.05833502205478744,True,False,-0.11587022232532762,-0.11698747279358557,0.041980478986826705,True,-0.26062702763044443,0.08080127001674497,WY
87,Dec 27,Early Accumulation,48,-0.18290536816339142,-0.18263080687562996,0.057483959570049044,-0.29759872601572807,-0.06766288773553188,True,False,-0.12385584339118982,-0.12429489065345624,0.042816687261726424,True,-0.27445899532908163,0.0922539721345367,WY
88,Dec 28,Early Accumulation,48,-0.20305901608618837,-0.20220256660509692,0.05608405835347385,-0.3143706833120446,-0.09003444989814922,True,False,-0.1378606278681112,-0.13709254240368232,0.04187736785987462,True,-0.29149013332634666,0.10732786639992534,WY
89,Dec 29,Early Accumulation,48,-0.22196480281519693,-0.2236655564290425,0.05656052061413716,-0.33678659765731683,-0.11054451520076819,True,True,-0.15141655849428057,-0.15291665787431813,0.04300499501579256,True,-0.3094500383840977,0.11973274386305655,WY
90,Dec 30,Early Accumulation,48,-0.23836187932722125,-0.24172975106102615,0.056104170972992654,-0.35393809300701146,-0.12952140911504084,True,True,-0.16372934974297326,-0.16557644067076877,0.04219720100283044,True,-0.32415113914422033,0.14111667836157119,WY
91,Dec 31,Early Accumulation,48,-0.24446311836894738,-0.24682184266077978,0.056747699770364986,-0.36031724220150974,-0.13332644312004982,True,True,-0.1683594318842563,-0.16983217901996375,0.04327086616402154,True,-0.3274796951239836,0.14901464936344588,WY
92,Jan 01,Early Accumulation,48,-0.24119025827190774,-0.24358899705679377,0.05623647889739179,-0.3560619548515773,-0.13111603926201018,True,True,-0.1676506847229745,-0.16903132131050386,0.043487578957207056,True,-0.3306193388580181,0.14056860587678688,WY
93,Jan 02,Early Accumulation,48,-0.24326101910131262,-0.2456834315017848,0.05875542870112757,-0.36319428890403993,-0.12817257409952965,True,True,-0.1698540544716248,-0.1720582262846444,0.044651831801724176,True,-0.3384004223990937,0.14096703367891525,WY
94,Jan 03,Early Accumulation,48,-0.24413629172809326,-0.24635406593217807,0.05647102321523146,-0.359296112362641,-0.13341201950171516,True,True,-0.17243790531206535,-0.17323216813072315,0.04391331582064309,True,-0.3411963955878245,0.13866836608417105,WY
95,Jan 04,Early Accumulation,48,-0.2473606057001588,-0.2469696572160971,0.05680964642151558,-0.3605889500591283,-0.13335036437306594,True,True,-0.17487158716262194,-0.17468040177338662,0.044044882670286424,True,-0.3439397823842515,0.1313337196344022,WY
96,Jan 05,Early Accumulation,48,-0.2442742725856945,-0.2468715422151919,0.055863792963162316,-0.3585991281415165,-0.13514395628886727,True,True,-0.1719336861657543,-0.17380451861023968,0.0429565620422803,True,-0.32360731914671886,0.1308768751234282,WY
97,Jan 06,Early Accumulation,48,-0.25243752075471254,-0.2557177897793301,0.06057346374445609,-0.3768647172682422,-0.1345708622904179,True,True,-0.17803165697845796,-0.17950530083894087,0.04560058084691543,True,-0.32657809926578024,0.14506787051964315,WY
98,Jan 07,Early Accumulation,48,-0.24228565534529217,-0.24200529641171664,0.06135034683121756,-0.3647059900741518,-0.11930460274928152,True,True,-0.1708603912976722,-0.16984660193500054,0.04624959781908889,True,-0.31957603568754034,0.13434172722544696,WY
99,Jan 08,Early Accumulation,48,-0.23889031210605227,-0.24111075825570502,0.06070858085009785,-0.3625279199559007,-0.11969359655550932,True,True,-0.16895419425149585,-0.1707001477571975,0.04684282480182099,True,-0.3174234144388257,0.12194910607003544,WY
100,Jan 09,Early Accumulation,48,-0.2472065078194948,-0.24939603091759455,0.05946172916355654,-0.36831948924470764,-0.13047257259048145,True,True,-0.17445418674458155,-0.17458930597025038,0.044057985947635596,True,-0.3109354860947622,0.12370588107992278,WY
101,Jan 10,Early Accumulation,48,-0.25162272290306137,-0.25219050707290347,0.05933140031667793,-0.37085330770625935,-0.1335277064395476,True,True,-0.175644032037763,-0.17548772955746558,0.043472083520185896,True,-0.2948295345863567,0.1294496245912609,WY
102,Jan 11,Early Accumulation,48,-0.254195826679411,-0.25347106757558585,0.057654404698764594,-0.36877987697311504,-0.13816225817805666,True,True,-0.1770150213466393,-0.1757306754682076,0.042420070138422576,True,-0.29478908563127676,0.13556865746222302,WY
103,Jan 12,Early Accumulation,48,-0.2499942347412782,-0.25248153598406403,0.05552450005500629,-0.3635305360940766,-0.14143253587405147,True,True,-0.1735214470839815,-0.17571380268757894,0.042330353785706175,True,-0.28366521932755645,0.1379186494407929,WY
104,Jan 13,Early Accumulation,48,-0.24109493794808623,-0.24208151685261112,0.055664634978175635,-0.3534107868089624,-0.13075224689625986,True,True,-0.16801818154575565,-0.16828631684295317,0.041099343301212454,True,-0.28040984721469625,0.12907794162283395,WY
105,Jan 14,Early Accumulation,48,-0.2292291788094841,-0.23270522851416012,0.055171698952859116,-0.3430486264198783,-0.12236183060844188,True,True,-0.15904481490662126,-0.16106268296144402,0.04172882665577972,True,-0.26821076739312016,0.11845190921935446,WY
106,Jan 15,Early Accumulation,48,-0.23055517351297788,-0.23194300879791638,0.05717315808528816,-0.3462893249684927,-0.11759669262734006,True,True,-0.15967665497271763,-0.15972100720002577,0.042510872439478264,True,-0.27059530952729727,0.12137687037517031,WY
107,Jan 16,Early Accumulation,48,-0.22537499811363274,-0.22608951640115424,0.05526810892419116,-0.33662573424953657,-0.11555329855277192,True,True,-0.15692490124146985,-0.15698078991248207,0.04103731986709863,True,-0.2608696493833397,0.12188226779980611,WY
108,Jan 17,Early Accumulation,48,-0.21113094122505233,-0.21100473056861638,0.05471690979436161,-0.3204385501573396,-0.10157091097989315,True,False,-0.14715772475320704,-0.14676251835936244,0.0415827396480126,True,-0.2490815744485418,0.12023519710139585,WY
109,Jan 18,Early Accumulation,48,-0.22316301361437077,-0.22389907638534767,0.05466441878455429,-0.3332279139544563,-0.1145702388162391,True,True,-0.1554071474632598,-0.1551300756599712,0.041665866719270264,True,-0.2512980804785082,0.14124991704598602,WY
110,Jan 19,Early Accumulation,48,-0.22991471152264098,-0.23202043676774145,0.05589076767516078,-0.343801972118063,-0.12023890141741989,True,True,-0.15993660881122476,-0.16177312602162056,0.0428125004890726,True,-0.25614300042724014,0.15881554201733003,WY
111,Jan 20,Early Accumulation,48,-0.23233078931974444,-0.23518525276476432,0.05511429219911981,-0.34541383716300395,-0.12495666836652469,True,True,-0.16237646044908252,-0.16435649577189482,0.04228524978486675,True,-0.2603076178470099,0.16601657942422768,WY
112,Jan 21,Early Accumulation,48,-0.2404283469605091,-0.24282959719581743,0.054920843226416355,-0.35267128364865014,-0.13298791074298472,True,True,-0.16815388773206238,-0.1705594076761613,0.042264887772926474,True,-0.26819951808833464,0.17336747229976568,WY
113,Jan 22,Early Accumulation,48,-0.24556684659876613,-0.246791004565504,0.05383875087567561,-0.3544685063168552,-0.1391135028141528,True,True,-0.17303308768784484,-0.17315303340046648,0.04121965935516585,True,-0.27584611123259756,0.17484705391776534,WY
114,Jan 23,Early Accumulation,48,-0.24567100638989695,-0.24872311215660917,0.055255897242303835,-0.3592349066412168,-0.1382113176720015,True,True,-0.1739991046956657,-0.1765435961632414,0.04273365274342181,True,-0.27580461372883414,0.17592546356921687,WY
115,Jan 24,Early Accumulation,48,-0.24415473578196645,-0.24690868629259746,0.05521869154079522,-0.3573460693741879,-0.13647130321100703,True,True,-0.17318988947421018,-0.17431025277107529,0.04116539373287697,True,-0.27628187665106874,0.17910697355967467,WY
116,Jan 25,Early Accumulation,48,-0.24509861049996942,-0.24552070561379644,0.05410870632876582,-0.35373811827132806,-0.1373032929562648,True,True,-0.17489225486512835,-0.17492243896660062,0.04211230463463435,True,-0.2760126699659474,0.18296206516869307,WY
117,Jan 26,Early Accumulation,48,-0.24540795078408922,-0.24541401888047493,0.05235511378249813,-0.3501242464454712,-0.14070379131547867,True,True,-0.1758978988450231,-0.17522743066963728,0.04134869807800758,True,-0.28023694076509936,0.18320597841183126,WY
118,Jan 27,Early Accumulation,48,-0.2499219862140493,-0.2514030820116647,0.0536222859018019,-0.35864765381526853,-0.14415851020806092,True,True,-0.17916555905324716,-0.1803546669892576,0.042648859191232645,True,-0.2841176882933468,0.1907383869126782,WY
119,Jan 28,Core Accumulation,48,-0.2562151004109564,-0.2571483585787436,0.055087258817919926,-0.3673228762145834,-0.14697384094290372,True,True,-0.18340925366182784,-0.18370991669430856,0.042935076268191805,True,-0.2909713210955177,0.1987630620727431,WY
120,Jan 29,Core Accumulation,48,-0.25174700196537264,-0.2530147805854855,0.05223342581754237,-0.3574816322205702,-0.14854792895040075,True,True,-0.18003393158660297,-0.18124426554997256,0.041678000694438125,True,-0.2960124259444139,0.19095486849829957,WY
121,Jan 30,Core Accumulation,48,-0.24427056345049722,-0.24574668394465693,0.05345929167558422,-0.35266526729582537,-0.1388281005934885,True,True,-0.17393396785367593,-0.17481719025190842,0.04133435716590879,True,-0.2902062200666699,0.17785003917388875,WY
122,Jan 31,Core Accumulation,48,-0.24545901913314402,-0.2486096999737058,0.05324455566192944,-0.3550988112975647,-0.14212058864984692,True,True,-0.1750666612330445,-0.17677611678582064,0.04112081097720575,True,-0.2907618165868767,0.16908587046916865,WY
123,Feb 01,Core Accumulation,48,-0.24957036434131144,-0.25168187649268053,0.052121158869962984,-0.3559241942326065,-0.14743955875275455,True,True,-0.17753517369999736,-0.17928219858522534,0.040929946051907834,True,-0.29298869134510797,0.1654775076323049,WY
124,Feb 02,Core Accumulation,48,-0.2509903321309161,-0.25199771226198864,0.053111423779033946,-0.3582205598200565,-0.14577486470392076,True,True,-0.1786095804932335,-0.17836716462594007,0.041662943513414506,True,-0.2902759794745645,0.15674700117415996,WY
125,Feb 03,Core Accumulation,48,-0.24517676604486166,-0.24790044429112443,0.052466107209790995,-0.3528326587107064,-0.14296822987154245,True,True,-0.17456262619922827,-0.17657892071200737,0.040857614252450214,True,-0.277771821735827,0.1501954368336801,WY
126,Feb 04,Core Accumulation,48,-0.24718704460073831,-0.25068648556513257,0.051135465514590396,-0.35295741659431334,-0.1484155545359518,True,True,-0.17611121210563735,-0.17862410293840755,0.04017049447668254,True,-0.2747813740175273,0.15644179777031691,WY
127,Feb 05,Core Accumulation,48,-0.25355302057473383,-0.2560310720501436,0.05091203977697437,-0.3578551516040923,-0.15420699249619485,True,True,-0.1803983125815714,-0.1816984564606594,0.04006431039943606,True,-0.27766571473606483,0.16708904996402188,WY
128,Feb 06,Core Accumulation,48,-0.25585607824478307,-0.25851440991010444,0.051520113819301785,-0.361554637548708,-0.15547418227150087,True,True,-0.1817231563762478,-0.18428119416290364,0.0409628413646539,True,-0.27533520463427713,0.16889310706112226,WY
129,Feb 07,Core Accumulation,48,-0.26652683937066973,-0.26702835350258636,0.05086605546998604,-0.36876046444255844,-0.16529624256261427,True,True,-0.18998189559151035,-0.18980568477839005,0.03945984152398038,True,-0.2860866281068932,0.16796514305689766,WY
130,Feb 08,Core Accumulation,48,-0.27032805598207316,-0.2729177027407535,0.0511028643573399,-0.3751234314554333,-0.1707119740260737,True,True,-0.1922796714072425,-0.19483105127292563,0.040071714008705225,True,-0.29274133566639393,0.16001183331101432,WY
131,Feb 09,Core Accumulation,48,-0.269831699464299,-0.2705341638296272,0.05343524951236522,-0.37740466285435764,-0.16366366480489675,True,True,-0.19103170201758718,-0.19149966384249278,0.04156382116176389,True,-0.29110358938874376,0.14919851607914175,WY
132,Feb 10,Core Accumulation,48,-0.2735374517913184,-0.2759317420858907,0.053940584878617505,-0.3838129118431257,-0.16805057232865572,True,True,-0.1933084631332379,-0.19502380161571142,0.04269299692223061,True,-0.29524959504091713,0.14871583693099774,WY
133,Feb 11,Core Accumulation,48,-0.2777511381999933,-0.27888865257241663,0.05365316956187294,-0.3861949916961625,-0.17158231344867075,True,True,-0.1963397223716168,-0.19734127068335303,0.041742853647917855,True,-0.29595214251900576,0.14809833663474484,WY
134,Feb 12,Core Accumulation,48,-0.287933318845117,-0.29042148567320364,0.0529191927777056,-0.39625987122861484,-0.18458310011779244,True,True,-0.2031264242622979,-0.20425073122791454,0.04026906903353012,True,-0.30133700821591525,0.15401343083773028,WY
135,Feb 13,Core Accumulation,48,-0.28024615006880205,-0.2831168698211466,0.05370751076306127,-0.3905318913472691,-0.17570184829502405,True,True,-0.19799964682116467,-0.199358000673255,0.04050856260384978,True,-0.2858557965656041,0.1430504191353423,WY
136,Feb 14,Core Accumulation,48,-0.27703699998804593,-0.2772802817843101,0.05297650255829401,-0.3832332869008981,-0.17132727666772207,True,True,-0.1969052850414704,-0.1968595490421692,0.04056941806306334,True,-0.28133736300841006,0.1353614820969007,WY
137,Feb 15,Core Accumulation,48,-0.2618982416701464,-0.2639441764927668,0.050347358883292684,-0.36463889425935214,-0.16324945872618143,True,True,-0.18670095369707917,-0.18767006072043801,0.03862326325791355,True,-0.26783269239563556,0.12139724147211764,WY
138,Feb 16,Core Accumulation,48,-0.25662320092946134,-0.2580237739999425,0.05072255563016899,-0.3594688852602804,-0.1565786627396045,True,True,-0.18316044709655138,-0.18387505517731217,0.039125542682116134,True,-0.26262819861548753,0.10818607280060007,WY
139,Feb 17,Core Accumulation,48,-0.2615717934702764,-0.26215890566284317,0.05222770072359918,-0.3666143071100415,-0.1577035042156448,True,True,-0.18737612062794437,-0.18712402501777156,0.03979994760681814,True,-0.274559667872828,0.10571212720104078,WY
140,Feb 18,Core Accumulation,48,-0.2610279855285269,-0.2628006097561799,0.0499596230302997,-0.36271985581677935,-0.1628813636955805,True,True,-0.18670617248887406,-0.18832742179521966,0.038764808137514664,True,-0.27880733610263336,0.10108846089927964,WY
141,Feb 19,Core Accumulation,48,-0.26603559542035937,-0.2664015779895564,0.05049437428723677,-0.3673903265640299,-0.16541282941508284,True,True,-0.1912969028755407,-0.19101325241797196,0.03945602482099851,True,-0.2880184849127967,0.1013965529934919,WY
142,Feb 20,Core Accumulation,48,-0.27092407755667647,-0.272853746755052,0.047934399476374824,-0.3687225457078016,-0.17698494780230234,True,True,-0.194683765463646,-0.19668202043418392,0.03789646539321901,True,-0.28952490488464594,0.10860050548774502,WY
143,Feb 21,Core Accumulation,48,-0.27322329391285827,-0.273629415926094,0.047758056084338446,-0.3691455280947709,-0.17811330375741713,True,True,-0.19730323863438368,-0.19716211292475366,0.038192838414758505,True,-0.294452652043123,0.11637468055477218,WY
144,Feb 22,Core Accumulation,48,-0.276546443925363,-0.2768440179238475,0.04727855713599703,-0.3714011321958416,-0.18228690365185343,True,True,-0.20140501791720133,-0.2019617954391517,0.037500373912301495,True,-0.3015567327016285,0.12697421954250307,WY
145,Feb 23,Core Accumulation,48,-0.2788400139669908,-0.27999938794334017,0.045578682547099826,-0.3711567530375398,-0.18884202284914053,True,True,-0.20332088143530316,-0.20398371598127882,0.035730779812506074,True,-0.3092855093495307,0.12138133639558799,WY
146,Feb 24,Core Accumulation,48,-0.28130390380401604,-0.280573231531773,0.04802531817308367,-0.37662386787794033,-0.18452259518560565,True,True,-0.2045390587835318,-0.2046474123932008,0.03895916863642412,True,-0.3141732450388124,0.11972380953781721,WY
147,Feb 25,Core Accumulation,48,-0.2864369403730476,-0.2884908442544545,0.050506176740644164,-0.3895031977357428,-0.18747849077316614,True,True,-0.20818300321308794,-0.20984714918621503,0.03955767194236474,True,-0.3185374792917304,0.12724049119995656,WY
148,Feb 26,Core Accumulation,48,-0.286471273532507,-0.28806654875001886,0.04784718373204632,-0.3837609162141115,-0.1923721812859262,True,True,-0.20795730062540854,-0.20974857920921652,0.038678528879377484,True,-0.32057377739151144,0.12958630490421222,WY
149,Feb 27,Core Accumulation,48,-0.285749801526571,-0.28745667026217386,0.04764694593993542,-0.3827505621420447,-0.19216277838230303,True,True,-0.2079794413729563,-0.20920673425818354,0.03959516101643746,True,-0.32267256034665664,0.1280852456716661,WY
150,Feb 28,Core Accumulation,48,-0.28470189192752354,-0.28680024456171826,0.048185293545742164,-0.3831708316532026,-0.19042965747023394,True,True,-0.20720322590138593,-0.20863119311088082,0.03935112755961965,True,-0.3305598972957792,0.12444208323649793,WY
151,Mar 01,Core Accumulation,48,-0.2867809279542872,-0.28793564597862886,0.047078564789252965,-0.3820927755571348,-0.19377851640012295,True,True,-0.20919728076004934,-0.21076901418292843,0.03847626489042638,True,-0.3347050374371531,0.12635675266852447,WY
152,Mar 02,Core Accumulation,48,-0.28687741131868594,-0.28644748031367917,0.046460432448292656,-0.37936834521026447,-0.19352661541709387,True,True,-0.20955555745859736,-0.2090268571929418,0.038121445903781616,True,-0.33015570553110407,0.1279949233667031,WY
153,Mar 03,Core Accumulation,48,-0.2823207040717977,-0.28198137521533456,0.04804871312431851,-0.37807880146397155,-0.18588394896669755,True,True,-0.20654879926276065,-0.20706999808769486,0.03910405731467405,True,-0.32667797833493517,0.12333286823625947,WY
154,Mar 04,Core Accumulation,48,-0.2799623689899617,-0.279645571466173,0.04811139592687022,-0.37586836331991347,-0.18342277961243258,True,True,-0.20503508501639883,-0.20426773628185246,0.039026398628317756,True,-0.3299710530628107,0.1242672418919483,WY
155,Mar 05,Core Accumulation,48,-0.2730883567304239,-0.27320596556897103,0.04916483236800703,-0.3715356303049851,-0.17487630083295697,True,True,-0.19958861730779665,-0.20055298985436068,0.03983718034345103,True,-0.3216262909332237,0.12019240228274478,WY
156,Mar 06,Core Accumulation,48,-0.2654790744263057,-0.26609672970679005,0.050996670516713964,-0.368090070740218,-0.1641033886733621,True,True,-0.1936002244821781,-0.19458522117597293,0.04025858594937187,True,-0.3158308882556859,0.10846054715722384,WY
157,Mar 07,Core Accumulation,48,-0.2618506745407653,-0.2624663132419013,0.04943547876640873,-0.3613372707747188,-0.16359535570908382,True,True,-0.1908933068625077,-0.19132966678429456,0.03913205151584839,True,-0.31188369652555104,0.1023903544233143,WY
158,Mar 08,Core Accumulation,48,-0.26100652191768947,-0.2607950646599224,0.049981249154958454,-0.3607575629698393,-0.1608325663500055,True,True,-0.19027803167088955,-0.19010936782675292,0.03939811670894861,True,-0.31002233464140294,0.10450488723876221,WY
159,Mar 09,Late Accumulation,48,-0.26235905644941243,-0.2639760604663121,0.048389171252539484,-0.36075440297139105,-0.16719771796123314,True,True,-0.1913088816256264,-0.19293814779360804,0.03927716435298222,True,-0.31170170736010494,0.10660876621124155,WY
160,Mar 10,Late Accumulation,48,-0.26342890755425974,-0.2650127639639779,0.04982890763720317,-0.3646705792383842,-0.16535494868957154,True,True,-0.19191696006262413,-0.19324281459250167,0.03990989583918651,True,-0.3105546437997705,0.11115188043571124,WY
161,Mar 11,Late Accumulation,48,-0.2593531620208148,-0.2603614993062942,0.04924341543615714,-0.3588483301786085,-0.16187466843397993,True,True,-0.1890893788000064,-0.18962698058514735,0.03867059614808503,True,-0.30727035534328084,0.10050363759266584,WY
162,Mar 12,Late Accumulation,48,-0.2597349906301864,-0.25952851294323104,0.049802168725247065,-0.35913285039372517,-0.1599241754927369,True,True,-0.18923631648352524,-0.190063818727502,0.04055723432762442,True,-0.3057329388118395,0.09679311517913597,WY
163,Mar 13,Late Accumulation,48,-0.26163994667493995,-0.26128871442711715,0.05129439639059417,-0.3638775072083055,-0.15869992164592883,True,True,-0.19019571533655827,-0.19060189365330685,0.04103417508802677,True,-0.3014260060300119,0.09983485010336143,WY
164,Mar 14,Late Accumulation,48,-0.2694364091627611,-0.2700484242374265,0.05008409682729526,-0.370216617892017,-0.16988023058283597,True,True,-0.1954109098176566,-0.19557789918239296,0.03963619755377636,True,-0.31042962275699915,0.1090273740722944,WY
165,Mar 15,Late Accumulation,48,-0.26507269993895705,-0.26598304393869354,0.04943522425637057,-0.36485349245143467,-0.16711259542595241,True,True,-0.1919088649531118,-0.19273908197858572,0.038483517017572584,True,-0.30991489133331296,0.11025281915467668,WY
166,Mar 16,Late Accumulation,48,-0.2682019636024957,-0.2679573966061475,0.049239440527414045,-0.3664362776609756,-0.16947851555131938,True,True,-0.19379662285363003,-0.19461962797383114,0.03943337250212486,True,-0.30947546346104327,0.11359895634536213,WY
167,Mar 17,Late Accumulation,48,-0.2650584256448218,-0.2642210090870838,0.047759005405690565,-0.3597390198984649,-0.16870299827570268,True,True,-0.19168239898947728,-0.19188660851898495,0.03905258423790472,True,-0.3110945993012446,0.10483914504233094,WY
168,Mar 18,Late Accumulation,48,-0.26004418010678093,-0.2603785368640499,0.0485859224345832,-0.3575503817332163,-0.16320669199488347,True,True,-0.1882177284387147,-0.18952702207905497,0.038586887972917094,True,-0.3070472675549024,0.10501191076617722,WY
169,Mar 19,Late Accumulation,48,-0.2628790485540218,-0.2624193952693414,0.04516922615564075,-0.3527578475806229,-0.17208094295805987,True,True,-0.1906088334864451,-0.19076711153954032,0.03759842230485901,True,-0.3099879304722141,0.11215800618237975,WY
170,Mar 20,Late Accumulation,48,-0.2719391237545999,-0.27514376779606026,0.04626817007085765,-0.36768010793777556,-0.18260742765434496,True,True,-0.19630049451064943,-0.19947123548273754,0.03772811938995484,True,-0.3137654332336041,0.12445581563957102,WY
171,Mar 21,Late Accumulation,48,-0.2755777832012592,-0.2761523094938484,0.04681070542171193,-0.36977372033727224,-0.18253089865042454,True,True,-0.19804442549217277,-0.19894904267032132,0.037236511741036336,True,-0.3105779792990252,0.1328843592029116,WY
172,Mar 22,Late Accumulation,48,-0.27854671882263854,-0.280211465485535,0.04580051316440307,-0.3718124918143411,-0.18861043915672887,True,True,-0.1998812002843891,-0.20083585114184668,0.03576556420394651,True,-0.31362989542279696,0.140411580311547,WY
173,Mar 23,Late Accumulation,48,-0.2718494065652253,-0.27219431576846426,0.045667048677086666,-0.3635284131226376,-0.18086021841429092,True,True,-0.19464981116047467,-0.19517358485005537,0.03698547450905439,True,-0.3059327862822513,0.14475796731757415,WY
174,Mar 24,Late Accumulation,48,-0.25808874937955284,-0.2591273943398479,0.04683338227795695,-0.35279415889576177,-0.165460629783934,True,True,-0.18596457787486498,-0.18739500413267632,0.03739699592167787,True,-0.28928144395071154,0.14196608937802355,WY
175,Mar 25,Late Accumulation,48,-0.2442017075768825,-0.2447387210259142,0.046998717629811046,-0.3387361562855363,-0.15074128576629212,True,True,-0.17637216922038512,-0.17767566022376197,0.037874888555504256,True,-0.2724891314773085,0.14751209755267256,WY
176,Mar 26,Late Accumulation,48,-0.2366078135156883,-0.23763616262357112,0.04746489223217676,-0.33256594708792464,-0.1427063781592176,True,True,-0.17075621499336371,-0.1713554271316375,0.037318168051487535,True,-0.2576219475066883,0.14942370226433835,WY
177,Mar 27,Late Accumulation,48,-0.24064188092287947,-0.2416499730582944,0.047496107303768895,-0.3366421876658322,-0.1466577584507566,True,True,-0.1738731036334789,-0.17501898724776016,0.03741312048077982,True,-0.2614475613949113,0.1565846432540967,WY
178,Mar 28,Late Accumulation,48,-0.23674908490527455,-0.2378865177066516,0.04805681309873979,-0.3340001439041312,-0.141772891509172,True,True,-0.17001201157519896,-0.17129240060147738,0.03759854427138064,True,-0.2553702999119509,0.15705313884923422,WY
179,Mar 29,Late Accumulation,48,-0.22480020743843723,-0.22431524882667028,0.05057818814427816,-0.3254716251152266,-0.12315887253811396,True,True,-0.16136870502428444,-0.16164129738091565,0.03945159438618753,True,-0.24324658197772386,0.15540895978480573,WY
180,Mar 30,Late Accumulation,48,-0.21280089768701224,-0.2143941184918211,0.04866610620721645,-0.311726330906254,-0.1170619060773882,True,True,-0.15304791375877913,-0.15482230136944436,0.038217069119270336,True,-0.23911262558384078,0.15224915334085545,WY
181,Mar 31,Late Accumulation,48,-0.20831375626937698,-0.20848831218734762,0.05289705061719265,-0.3142824134217329,-0.10269421095296231,True,True,-0.14944664027583332,-0.1505661420281561,0.04195625713347416,True,-0.2304634539752467,0.15337707285259522,WY
182,Apr 01,Late Accumulation,48,-0.20352813180212959,-0.20607869313466937,0.05023183663611986,-0.3065423664069091,-0.10561501986242965,True,True,-0.146307980235212,-0.14916165097693881,0.03954781852160471,True,-0.21867816762718742,0.15453184151014995,WY
183,Apr 02,Late Accumulation,48,-0.20405664571726279,-0.20508066507866557,0.04920344648012875,-0.3034875580389231,-0.10667377211840808,True,True,-0.14712977820562903,-0.14886922124944066,0.038910308841793834,True,-0.2153602555807405,0.15281999125956935,WY
184,Apr 03,Late Accumulation,48,-0.21115433383792326,-0.21118694594663404,0.050608820211111724,-0.3124045863688575,-0.10996930552441059,True,True,-0.15307949403586354,-0.1538343467315171,0.040542451118559045,True,-0.22032768703185848,0.1638553464806453,WY
185,Apr 04,Late Accumulation,48,-0.21833307546212266,-0.21620299044329266,0.05219130115200834,-0.32058559274730936,-0.11182038813927599,True,True,-0.15923222265952755,-0.15790979019177365,0.04202774481589483,True,-0.2271821053205556,0.1745356694184393,WY
186,Apr 05,Late Accumulation,48,-0.22371296393467488,-0.22518726686708357,0.052072042263636875,-0.3293313513943573,-0.12104318233980982,True,True,-0.16412745272725768,-0.16591214384862396,0.0427006529147063,True,-0.22932534953988382,0.1802883393252308,WY
187,Apr 06,Late Accumulation,48,-0.2247625353754697,-0.2255462688310167,0.051037159900838625,-0.32762058863269394,-0.12347194902933945,True,True,-0.16487641892521515,-0.16640147299030292,0.04233620401024782,True,-0.22848284220792647,0.18846999151493687,WY
188,Apr 07,Late Accumulation,48,-0.22350433991261132,-0.22437631580572664,0.0517625374497526,-0.32790139070523183,-0.12085124090622144,True,True,-0.16430678464190265,-0.16614875376116783,0.042945589988928605,True,-0.2282284132782091,0.19388369594459207,WY
189,Apr 08,Late Accumulation,48,-0.22141941953983274,-0.22041142149394308,0.05113612015691658,-0.32268366180777625,-0.11813918118010992,True,True,-0.16282849605255673,-0.16318507914649721,0.0424275869174671,True,-0.22474126775953773,0.19123360051419797,WY
190,Apr 09,Late Accumulation,48,-0.22309371940402453,-0.2239187182913451,0.05212790670102668,-0.3281745316933985,-0.11966290488929174,True,True,-0.16399386762606655,-0.16584949285857778,0.04284333957985796,True,-0.2269627453114937,0.18809661301555897,WY
191,Apr 10,Late Accumulation,48,-0.2225440153498785,-0.22413403609889657,0.0546190854035836,-0.3333722069060638,-0.11489586529172936,True,True,-0.1631310780400949,-0.16531817484281514,0.04388227831098551,True,-0.22916495972160839,0.17928587990072983,WY
192,Apr 11,Late Accumulation,48,-0.21829750966875827,-0.21910255134579115,0.0565530241342181,-0.33220859961422733,-0.10599650307735495,True,False,-0.1592467821343866,-0.16111060886736436,0.04477391491674091,True,-0.2263808731729278,0.17630953816937106,WY
193,Apr 12,Late Accumulation,48,-0.21369952959512784,-0.2139134460515598,0.0574198382470308,-0.3287531225456214,-0.09907376955749819,True,False,-0.15573713579707232,-0.1569269000980281,0.04577250113700157,True,-0.22608660940277797,0.1700467583537869,WY
194,Apr 13,Late Accumulation,48,-0.22164751575794403,-0.2217230278029541,0.05852631391163034,-0.3387756556262148,-0.10467039997969343,True,False,-0.16237627431962393,-0.1632157507104766,0.04633024978684494,True,-0.2410399429970704,0.17420800333246877,WY
195,Apr 14,Late Accumulation,48,-0.22556202530534822,-0.22729736688752206,0.0595930999248768,-0.34648356673727565,-0.10811116703776846,True,False,-0.16698767803699674,-0.1698909387128452,0.04861160670381615,True,-0.25148435629860133,0.18616020600027888,WY
196,Apr 15,Late Accumulation,48,-0.22233526866940026,-0.22423304139139807,0.05968910450450981,-0.3436112504004177,-0.10485483238237846,True,False,-0.16508535704055444,-0.16780401742683387,0.04851356309149456,True,-0.2492346147231307,0.18883241132190215,WY
197,Apr 16,Late Accumulation,48,-0.22025443785783605,-0.21967985171853419,0.05881749937949123,-0.33731485047751664,-0.10204485295955172,True,False,-0.16366936958668218,-0.16441941784155154,0.047808895051118315,True,-0.24954598621243676,0.1873661125973955,WY
198,Apr 17,Late Accumulation,48,-0.22052815590664426,-0.22369682332124666,0.061503175865559735,-0.34670317505236614,-0.10069047159012719,True,False,-0.1648956880739427,-0.16842753143779576,0.05040068690159662,True,-0.25720376357031655,0.18464937456187328,WY
199,Apr 18,Melt Onset,48,-0.20958429504854836,-0.20953381670173093,0.06249321006313463,-0.3345202368280002,-0.08454739657546168,True,False,-0.15734918400227707,-0.15888673810715573,0.052265077403108574,True,-0.2572398072581956,0.176805398411976,WY
200,Apr 19,Melt Onset,48,-0.2060002428159827,-0.2051468548522074,0.06312371371335561,-0.33139428227891865,-0.07889942742549619,True,False,-0.15445606255191108,-0.1544987744831569,0.051349324496318106,True,-0.2606621988828347,0.17843383429028165,WY
201,Apr 20,Melt Onset,48,-0.20736317975152282,-0.2058923070572115,0.06290643574531932,-0.33170517854785014,-0.08007943556657288,True,False,-0.1556112618472433,-0.15577978402738762,0.052034345059918524,True,-0.26616117787241855,0.190486859607726,WY
202,Apr 21,Melt Onset,48,-0.21112722375177953,-0.21012065723004508,0.06336081422965438,-0.3368422856893538,-0.08339902877073632,True,False,-0.15921950073445698,-0.15984504113890616,0.05240787891985224,True,-0.27388954618086997,0.19580246233602797,WY
203,Apr 22,Melt Onset,48,-0.2212505817752958,-0.21940474072210442,0.06424984618326243,-0.3479044330886293,-0.09090504835557955,True,False,-0.1671710648404326,-0.16750566467848357,0.05398948931981818,True,-0.28028904767798346,0.20364691758201314,WY
204,Apr 23,Melt Onset,48,-0.23333034118120824,-0.23314346623340917,0.06423599237022876,-0.3616154509738667,-0.10467148149295166,True,False,-0.1765634886180989,-0.178233354123286,0.054011539689429656,True,-0.2872889959562102,0.21057600383226935,WY
205,Apr 24,Melt Onset,48,-0.24068496801555822,-0.23929978807250415,0.06361065743676302,-0.3665211029460302,-0.11207847319897812,True,False,-0.18310622604935667,-0.18340089720786631,0.05332738704448589,True,-0.29873643353754725,0.21172424098347853,WY
206,Apr 25,Melt Onset,48,-0.24412948722258837,-0.2436250040263996,0.06392243775509723,-0.37146987953659405,-0.11578012851620514,True,False,-0.186838632792468,-0.18775488687427833,0.05446846021967098,True,-0.3118409784628871,0.2117415090794645,WY
207,Apr 26,Melt Onset,48,-0.24780992374276894,-0.2494050036319452,0.06290942791622285,-0.3752238594643909,-0.1235861477994995,True,True,-0.19056593874923847,-0.19309741529179383,0.05429095331073537,True,-0.32108106239597206,0.21433838193328464,WY
208,Apr 27,Melt Onset,48,-0.24254037830157882,-0.24158513290608782,0.06504761989199129,-0.37168037269007037,-0.11148989312210525,True,False,-0.18761954219465088,-0.1888046228498922,0.056479313823407894,True,-0.32241905592665,0.2060687738832626,WY
209,Apr 28,Melt Onset,48,-0.23689597005040441,-0.23739399321478755,0.06503881832191073,-0.36747162985860904,-0.10731635657096608,True,False,-0.184374827738693,-0.18639395734994235,0.05727286956282011,True,-0.32546051536963116,0.1936216921342615,WY
210,Apr 29,Melt Onset,48,-0.23001321039119613,-0.23025983511387,0.06256632048728053,-0.35539247608843105,-0.10512719413930893,True,False,-0.18053079502517733,-0.18227072766686792,0.055875738639579856,True,-0.33163014486114295,0.179876608765979,WY
211,Apr 30,Melt Onset,48,-0.220793544066792,-0.21977320456400284,0.06478925510395578,-0.3493517147719144,-0.09019469435609129,True,False,-0.17416960202180298,-0.17516277478493583,0.05754589865005959,True,-0.33226223514997905,0.1675747224810712,WY
212,May 01,Melt Onset,48,-0.21148244064991445,-0.2126192848050419,0.06535332672358214,-0.3433259382522062,-0.08191263135787763,True,False,-0.16732933892236568,-0.17016089366660736,0.057792418023988434,True,-0.32669923797900846,0.15528034936811624,WY
213,May 02,Melt Onset,48,-0.20919990981931472,-0.210082866393859,0.06493525213933524,-0.3399533706725295,-0.08021236211518853,True,False,-0.16574573505763973,-0.16834036743327244,0.05697320969826399,True,-0.3234455766993903,0.1577430053167478,WY
214,May 03,Melt Onset,48,-0.21212294483209732,-0.2127191263527935,0.06910020004489528,-0.35091952644258406,-0.07451872626300293,True,False,-0.16795828912632546,-0.17045829578906227,0.060631722478336876,True,-0.31902835470757834,0.1709006484617172,WY
215,May 04,Melt Onset,48,-0.21395845151391854,-0.21306379830072136,0.06765423323973602,-0.3483722647801934,-0.07775533182124933,True,False,-0.169409572122279,-0.17055424508224104,0.05972358978237458,True,-0.3140705578677768,0.17721660886560392,WY
216,May 05,Melt Onset,48,-0.20840968795839615,-0.20784169068706837,0.06929548656731234,-0.346432663821693,-0.06925071755244369,True,False,-0.16456339894843544,-0.16582266605567225,0.05978204155042368,True,-0.2948787056768745,0.1670207050076553,WY
217,May 06,Melt Onset,48,-0.19733330697905424,-0.1951200600180274,0.07085373857163452,-0.33682753716129643,-0.05341258287475836,True,False,-0.15604881159001677,-0.1563270541508215,0.06116912491248816,True,-0.2807462558289702,0.15836652602087511,WY
218,May 07,Melt Onset,48,-0.17309246701521527,-0.17194530244419734,0.07362727556002191,-0.3191998535642412,-0.02469075132415352,True,False,-0.13721477554577724,-0.13826734349371642,0.06309460388427546,True,-0.24905906741038536,0.13305189658082253,WY
219,May 08,Melt Onset,48,-0.15776200269532917,-0.159552175887641,0.07194410062687837,-0.3034403771413977,-0.015663974633884276,True,False,-0.12493981517903398,-0.1280779622813096,0.06082195148108631,True,-0.2240873289315262,0.12095725562936627,WY
220,May 09,Melt Onset,48,-0.14136966955552302,-0.13844305506433102,0.07475790188292603,-0.2879588588301831,0.011072748701521029,False,False,-0.11212698612767483,-0.11173763463948543,0.06283107145717522,False,-0.20054016384077294,0.11174470386703707,WY
221,May 10,Melt Onset,48,-0.13182038858605072,-0.13073926221604082,0.075264649082119,-0.2812685603802788,0.01979003594819717,False,False,-0.10424688601881035,-0.10560489487428765,0.06305302807053109,False,-0.17805392850042795,0.11359724971952376,WY
222,May 11,Melt Onset,48,-0.1204507310868729,-0.121272113835325,0.07877493449126985,-0.2788219828178647,0.036277755147214694,False,False,-0.09507674102211085,-0.09793326530299595,0.06527072818232689,False,-0.15410099092211765,0.11160000058367844,WY
223,May 12,Melt Onset,48,-0.11380432974254025,-0.11274904508452561,0.07778787353300655,-0.2683247921505387,0.04282670198148748,False,False,-0.08946579924042211,-0.09052436829083818,0.06395260470241668,False,-0.13938457470415083,0.11654485525042138,WY
224,May 13,Melt Onset,48,-0.11585052219339627,-0.11673538412990132,0.08048681591253386,-0.27770901595496905,0.04423824769516639,False,False,-0.09054257757352652,-0.09333832315078383,0.06587931914913908,False,-0.13204363585271647,0.12226904840450223,WY
225,May 14,Melt Onset,48,-0.12112910838932499,-0.1198504294163765,0.08062307666093428,-0.28109658273824506,0.041395723905492066,False,False,-0.09450539148349851,-0.0952238252828347,0.06565444378579438,False,-0.1328264321102607,0.12590155791473046,WY
226,May 15,Melt Onset,48,-0.118441019274326,-0.11732881748710171,0.08592239029335094,-0.2891735980738036,0.054515963099600176,False,False,-0.09182050862698994,-0.09298647824058476,0.06892302309870925,False,-0.12460187872027158,0.12288889599884673,WY
227,May 16,Melt Onset,48,-0.11135268069274182,-0.1125911826559331,0.08504550698469512,-0.28268219662532335,0.05749983131345715,False,False,-0.08589639544334705,-0.08890373765517516,0.067977463114914,False,-0.11887931663877069,0.1129466763860904,WY
228,May 17,Melt Onset,48,-0.09477467517971219,-0.09443463595319793,0.08770327134632672,-0.26984117864585133,0.08097190673945551,False,False,-0.07232422126302325,-0.07417408913942146,0.06900536790008141,False,-0.10572269291132377,0.09227007771159582,WY
229,May 18,Melt Onset,48,-0.09192141178577645,-0.09276847215901565,0.08689358237332911,-0.26655563690567385,0.08101869258764258,False,False,-0.07019521242169165,-0.0726939989580543,0.06773282193574984,False,-0.10243691939207546,0.08219534818016935,WY
230,May 19,Melt Onset,48,-0.08995205981982089,-0.09023204586319403,0.09158313767980951,-0.27339832122281305,0.09293422949642499,False,False,-0.06872513519695901,-0.07090804452728042,0.07132984234239696,False,-0.09450849747471692,0.08367988226220975,WY
231,May 20,Melt Onset,48,-0.0846510226394659,-0.08375491457038683,0.09397084797105111,-0.27169661051248906,0.10418678137171539,False,False,-0.06458390610207113,-0.06606014055600537,0.07190300897640553,False,-0.0866426559002464,0.08487425507584231,WY
232,May 21,Melt Onset,48,-0.07435744037982762,-0.07621686575401992,0.09126282561585526,-0.2587425169857305,0.1063087854776906,False,False,-0.05685666820576857,-0.060095589992895194,0.06941155834695914,False,-0.07659390066326699,0.07801010053942216,WY
233,May 22,Melt Onset,48,-0.0599961490478178,-0.05984530943938655,0.09750856916565123,-0.254862447770689,0.13517182889191592,False,False,-0.04585632026218097,-0.04784077265657503,0.07427251631430623,False,-0.06332470901329156,0.06715808653889524,WY
234,May 23,Melt Onset,48,-0.05264579828180403,-0.05892066276056502,0.10418964319577302,-0.2672999491521111,0.14945862363098103,False,False,-0.04016542187659929,-0.04682440331493914,0.0787093086265525,False,-0.04992152982817338,0.06493385891269587,WY
235,May 24,Melt Onset,48,-0.04574409510653107,-0.04328396739855134,0.10071250641776384,-0.24470898023407903,0.15814104543697635,False,False,-0.03483602512381293,-0.035139507643034425,0.075502530443923,False,-0.03455598026733146,0.0664075087109248,WY
236,May 25,Melt Onset,48,-0.04912207129158172,-0.050051222348663986,0.1016874500843107,-0.25342612251728536,0.1533236778199574,False,False,-0.03720198879979999,-0.04036398189043895,0.07609883719669504,False,-0.029294023477482327,0.0742162682905946,WY
237,May 26,Melt Onset,48,-0.04991694179565093,-0.04772712595694166,0.10011667774431232,-0.24796048144556632,0.15250622953168297,False,False,-0.03745412000467236,-0.038590231815787204,0.07356747068741501,False,-0.02393087463232721,0.08146796987317967,WY
238,May 27,Melt Onset,48,-0.0597343688297462,-0.05892818707125975,0.09271724638567395,-0.24436267984260765,0.12650630570008817,False,False,-0.04418573887043228,-0.046167475135786507,0.06793796846105607,False,-0.022642354061375054,0.09304203374008788,WY
239,May 28,Melt Onset,48,-0.06425117459484259,-0.05977987877003319,0.09792729960837947,-0.2556344779867921,0.13607472044672575,False,False,-0.04728571733678938,-0.04722720095879838,0.0703954263614583,False,-0.019982782267085483,0.0989380921156357,WY
240,May 29,Melt Onset,48,-0.07000404843304853,-0.0682114242655307,0.09608673152794082,-0.26038488732141235,0.12396203879035095,False,False,-0.05073623432490457,-0.05312607284066328,0.06834816600571086,False,-0.02595179250539017,0.10307887923365172,WY
241,May 30,Melt Onset,48,-0.08353284830315792,-0.07972164433350735,0.09900909999624154,-0.2777398443259904,0.11829655565897572,False,False,-0.06156726407750553,-0.06286044832350948,0.07080726470973568,False,-0.031180953040253805,0.1311251180306792,WY
242,May 31,Melt Onset,48,-0.08452673434731106,-0.08171264074509459,0.09761928352954045,-0.2769512078041755,0.11352592631398632,False,False,-0.06138047863695284,-0.06402402063196874,0.06940755317175551,False,-0.030599264345597052,0.14007260687255713,WY
243,Jun 01,Melt Onset,48,-0.08673487702813498,-0.07619299062134778,0.10017450182685414,-0.27654199427505605,0.1241560130323605,False,False,-0.0629946073163736,-0.06069331013289847,0.07051946671406217,False,-0.02975558446183378,0.14225335895642288,WY
244,Jun 02,Melt Onset,48,-0.07007539057027799,-0.06104309994351514,0.10183098992804396,-0.26470507979960306,0.14261887991257277,False,False,-0.04910077548117879,-0.047957935709463675,0.06815007377398247,False,-0.017778212053084316,0.12947803821142578,WY
245,Jun 03,Melt Onset,48,-0.07232070575574077,-0.06348563351413053,0.0982133547316363,-0.2599123429774031,0.13294107594914206,False,False,-0.05136164540121518,-0.05011495222886285,0.06595642822945996,False,-0.019121438063050347,0.12953618971789496,WY
246,Jun 04,Melt Onset,48,-0.04154743789421167,-0.03749538725446906,0.10687015029243208,-0.2512356878393332,0.1762449133303951,False,False,-0.02870086345921027,-0.03109989856414566,0.06878517907909297,False,0.009223648289975295,0.12060997415496663,WY
247,Jun 05,Melt Onset,48,-0.050099174391537396,-0.04430448034110158,0.10166690672671505,-0.24763829379453167,0.15902933311232853,False,False,-0.03559721966676624,-0.03655917651091458,0.06776862460032741,False,0.003209764580626398,0.1298135683387714,WY
248,Jun 06,Melt Onset,48,-0.026075349136612386,-0.02075228670098781,0.1086491018076057,-0.2380504903161992,0.1965459169142236,False,False,-0.017249287144060148,-0.018315246567540362,0.06642053752998314,False,0.029169068586777452,0.10946874318947081,WY
249,Jun 07,Melt Onset,48,-0.046672827420871366,-0.04025502451307147,0.10366250502315615,-0.24758003455938377,0.16706998553324082,False,False,-0.03223300789949604,-0.030869686021562284,0.067314983715872,False,0.021872076319517153,0.11530422294762738,WY
250,Jun 08,,48,-0.03258603263987456,-0.033040369373313595,0.09812903824110028,-0.22929844585551415,0.16321770710888697,False,False,-0.022238042877696134,-0.02387169700948218,0.062345878009063146,False,0.03849320093117013,0.09044901124944299,WY
251,Jun 09,,48,-0.030751965224517782,-0.03224991481197813,0.0935930761686109,-0.21943606714919994,0.15493623752524366,False,False,-0.022073400004740246,-0.023142305068284647,0.06166181682259098,False,0.04848716572553802,0.08514185291857948,WY
252,Jun 10,,48,-0.06326219097700031,-0.06365960034209954,0.09296964148829953,-0.24959888331869862,0.12227968263449952,False,False,-0.04435716109139633,-0.044938315436220365,0.059906816750422816,False,0.019736201745216744,0.10653022181086702,WY
253,Jun 11,,48,-0.0694526237798984,-0.07054883857767368,0.09728945964371609,-0.26512775786510584,0.1240300807097585,False,False,-0.04666831935077726,-0.04819703468269594,0.06082210666606667,False,0.0039351843512133305,0.10520680355538563,WY
254,Jun 12,,48,-0.08404406790337218,-0.08272888493874808,0.09698244154938493,-0.27669376803751794,0.11123599816002178,False,False,-0.05688320432982323,-0.058532415719412215,0.06269586899320773,False,0.004081720176589761,0.13607812148726328,WY
255,Jun 13,,48,-0.08561075752699425,-0.08106020849606833,0.09838598870297009,-0.27783218590200853,0.11571176890987185,False,False,-0.05460468248136994,-0.05462205842338443,0.06035881621981714,False,-0.0022968070759536094,0.139700619979408,WY
256,Jun 14,,48,-0.09848230483724439,-0.09697891381787024,0.09439509844729808,-0.2857691107124664,0.09181128307672592,False,False,-0.06966277123205661,-0.07197266650674984,0.06510885079967194,False,-0.018380388233842054,0.1504350248156638,WY
257,Jun 15,,48,-0.049557732715247556,-0.04070023478976069,0.10278869298803392,-0.24627762076582854,0.16487715118630714,False,False,-0.03147066211937629,-0.030517739558001848,0.060929636291215325,False,0.01248954671993388,0.1185382451520138,WY
258,Jun 16,,48,-0.06914829311472225,-0.06397850049642138,0.10033868210686454,-0.26465586471015046,0.13669886371730772,False,False,-0.04042482250011983,-0.04209563471843356,0.05489312236708562,False,-0.013431285511486299,0.11360008634003384,WY
259,Jun 17,,48,-0.053374297359781615,-0.042550874390475724,0.10217499844322891,-0.24690087127693355,0.1617991224959821,False,False,-0.03320538455079817,-0.032825979227898976,0.057186197536712,False,-0.002015958080896288,0.10263659279874444,WY
260,Jun 18,,48,-0.05862791749955163,-0.04948961205296247,0.10275618294812587,-0.2550019779492142,0.15602275384328929,False,False,-0.036650473264915454,-0.03667854077017098,0.05883522514751627,False,-0.015107211847532331,0.09705960098388128,WY
261,Jun 19,,48,-0.07784631070147556,-0.06319789142644104,0.10355059226974757,-0.27029907596593616,0.1439032931130541,False,False,-0.05140764011672424,-0.0491777198331789,0.0619237630921442,False,-0.022120950094135866,0.1175634470582871,WY
262,Jun 20,,48,-0.10790088456486134,-0.0957030881283175,0.09604033493275181,-0.2877837579938211,0.09637758173718612,False,False,-0.0742081962328151,-0.07329521632044847,0.06246778098806012,False,-0.04257883638084065,0.14579073014058075,WY
263,Jun 21,,48,-0.1198705093244048,-0.10820052676265442,0.09745629279662853,-0.3031131123559115,0.08671205883060264,False,False,-0.07897123476039672,-0.0795538767461824,0.061357242588719774,False,-0.05820025818622982,0.14359856303272037,WY
264,Jun 22,,48,-0.12831958545385205,-0.11666765621171059,0.09643840797287888,-0.30954447215746833,0.07620915973404717,False,False,-0.0810072092831513,-0.08214011086737036,0.05890641825093817,False,-0.04913961789838305,0.14835755273254356,WY
265,Jun 23,,48,-0.1145997977291561,-0.1041653924202875,0.09892294374094443,-0.30201127990217635,0.09368049506160137,False,False,-0.06536135127115905,-0.06623123695147452,0.05328471948531507,False,-0.008740994119398562,0.1253411057708025,WY
266,Jun 24,,48,-0.09023879252316201,-0.07994655157519927,0.09720399735554372,-0.2743545462862867,0.11446144313588817,False,False,-0.05108438411515871,-0.05238378312380421,0.04949117952283572,False,0.01305946575326597,0.10396362935715033,WY
267,Jun 25,,48,-0.08960854198476075,-0.0782936598552474,0.09734850454599925,-0.2729906689472459,0.1164033492367511,False,False,-0.04851195687039939,-0.04922146394985613,0.04779057526833172,False,0.008203658145361323,0.10648328440978756,WY
268,Jun 26,,48,-0.11401750508449614,-0.10159693034617451,0.09829356717349326,-0.29818406469316106,0.09499020400081201,False,False,-0.06464976860695905,-0.06609460938394665,0.05158448312939648,False,-0.03286213195841448,0.1277920862910086,WY
269,Jun 27,,48,-0.10072298680961612,-0.08533242622043315,0.10502024184416343,-0.29537290990876003,0.12470805746789372,False,False,-0.06567434686544768,-0.06762491916378488,0.06006702970407038,False,-0.05061755340503578,0.1374301898284955,WY
270,Jun 28,,48,-0.06584859869124922,-0.050609489223621795,0.10904218513879664,-0.26869385950121505,0.16747488105397149,False,False,-0.04304731721121914,-0.04279443019956827,0.06059421828906819,False,0.007136342918387897,0.11374446331992867,WY
271,Jun 29,,48,-0.10032467782137093,-0.08153544392718219,0.1112713305399405,-0.30407810500706317,0.14100721715269882,False,False,-0.07145844952798128,-0.07236228888809461,0.06818378957593978,False,-0.029753043079174424,0.1441328737290804,WY
272,Jun 30,,48,-0.09005006341208384,-0.073548839411486,0.10963853468028356,-0.2928259087720531,0.14572822994908113,False,False,-0.06371705753115493,-0.06489847693728178,0.0658452023689598,False,-0.018119711813435135,0.13237812455715592,WY
273,Jul 01,,48,-0.08436325221569821,-0.06502462782461306,0.11422773223865428,-0.2934800923019216,0.16343083665269548,False,False,-0.05500024076374781,-0.05528261480029332,0.06142511226607452,False,-0.014542507153494977,0.11107688251592625,WY
274,Jul 02,,48,-0.06455134423912044,-0.04525212461401621,0.11592359375567046,-0.27709931212535716,0.18659506289732472,False,False,-0.03691636325270567,-0.037415594734415206,0.0536516024519653,False,-0.0010028414093531668,0.07684577261520162,WY
275,Jul 03,,48,-0.09882002902092017,-0.08834097218532869,0.09194897037873431,-0.27223891294279734,0.09555696857213994,False,False,-0.05550762421352828,-0.05665933417445611,0.047554955137298724,False,-0.04630866973106337,0.05739516968804381,WY
276,Jul 04,,48,-0.10948353583778339,-0.09132442486174622,0.1009869187323597,-0.2932982623264656,0.11064941260297317,False,False,-0.07091650159685005,-0.07078938137710604,0.057745937858277634,False,-0.06146784553876816,0.1004665794205383,WY
277,Jul 05,,48,-0.10615361739406087,-0.08807509683562549,0.10167217135376803,-0.2914194395431616,0.11526924587191058,False,False,-0.07025322252070003,-0.06987276559416304,0.059616573309156116,False,-0.055559147768027596,0.09944228364951141,WY
278,Jul 06,,48,-0.09599595596367433,-0.08268637886529426,0.09551724374729079,-0.2737208663598758,0.10834810862928732,False,False,-0.05488590420770566,-0.0554145003343878,0.04926536529373813,False,-0.06933927319589117,0.0653574932307478,WY
279,Jul 07,,46,-0.08557123726033782,-0.06775203593894585,0.10021511598155095,-0.26818226790204774,0.13267819602415604,False,False,-0.05536422650893151,-0.05456579872941614,0.05410256532506855,False,-0.04960452914237978,0.07775136640940618,WY
280,Jul 08,,46,-0.1128285844806069,-0.08619009443459208,0.11302595886516759,-0.31224201216492725,0.1398618232957431,False,False,-0.07903898833686847,-0.0774207546382792,0.0641105833999757,False,-0.07206083585345556,0.12271313051737495,WY
281,Jul 09,,46,-0.1135553666091115,-0.09115210832021725,0.10457687290879761,-0.30030585413781247,0.11800163749737796,False,False,-0.0810188281634741,-0.07986006376222715,0.06133524055756849,False,-0.07334111536669935,0.12507305236963123,WY
282,Jul 10,,46,-0.10412471390422583,-0.08697438269739752,0.10392153825212423,-0.294817459201646,0.12086869380685095,False,False,-0.07059192906161188,-0.07324493677554991,0.055936960213855184,False,-0.0677470679466541,0.11530434779631787,WY
283,Jul 11,,46,-0.02240045457982139,-0.006930240978500887,0.10655444452724079,-0.22003913003298248,0.20617864807598069,False,False,-0.011753866724777483,-0.01222826290401251,0.04083542361370096,False,-0.02891983344732478,0.041216329279127134,WY
284,Jul 12,,48,-0.14207460240193256,-0.1365087070133428,0.06241968642054362,-0.26134807985443004,-0.01166933417225556,True,False,-0.07436003860500935,-0.07468774647319046,0.03592339445237478,True,-0.10990017314352804,0.022749862655819894,WY
285,Jul 13,,46,-0.17836585105900019,-0.1775342615303489,0.059770368984847236,-0.29707499950004335,-0.05799352356065443,True,False,-0.09817423354113726,-0.09978765667823525,0.038514969482655516,True,-0.12497981801177516,0.10248315225947989,WY
286,Jul 14,,46,-0.12390007213045001,-0.1166326887590495,0.07538878074945758,-0.26741025025796467,0.03414487273986566,False,False,-0.08379148104824988,-0.08453320933791067,0.04780955877378136,False,-0.11908677369356156,0.10316293158878884,WY
287,Jul 15,,46,-0.08114424811785703,-0.06995266464784419,0.0857839580645575,-0.2415205807769592,0.10161525148127082,False,False,-0.04507486080545303,-0.04464015735083549,0.04044286758574932,False,-0.07465789703407671,0.05274600327918022,WY
288,Jul 16,,45,-0.09318261019841752,-0.08449221035340546,0.08422061791478754,-0.2529334461829805,0.08394902547616961,False,False,-0.050176315018271855,-0.051334797420768956,0.04133358463900173,False,-0.08886490544314106,0.060704922909656206,WY
289,Jul 17,,44,-0.0578256523827554,-0.029357330445407347,0.14765243626324095,-0.32466220297188925,0.2659475420810746,False,False,-0.027788641994469693,-0.029827750270545336,0.04867882192410198,False,-0.051699332396189374,0.09384945895345438,WY
290,Jul 18,,45,-0.018222715074521646,-0.00886841330503469,0.10149746858723772,-0.21186335047951013,0.19412652386944076,False,False,-0.009722348355359421,-0.011011604590009091,0.04495397812138439,False,-0.06082811147447618,0.06522214829566932,WY
291,Jul 19,,20,-0.3127888268113021,-0.30226379064741427,0.11161231888499763,-0.5254884284174095,-0.079039152877419,True,False,-0.1254894801961596,-0.1285810356329683,0.05894615402269145,True,-0.07618666752463295,0.24252588208764791,WY
326,Aug 23,,44,0.10734607380101177,0.11792329020219469,0.09031349319800443,-0.06270369619381416,0.29855027659820355,False,False,0.06086151039003882,0.06085549984517886,0.04046121565802167,False,-0.0006285844908820042,-0.17159918630495669,WY
327,Aug 24,,41,0.1771206106425402,0.1636457549139969,0.10940551617955739,-0.05516527744511787,0.3824567872731117,False,False,0.08395230615277893,0.08314232786453268,0.05283629565942044,False,0.01838234701593005,-0.22254346247230258,WY
329,Aug 26,,46,0.11866373021163078,0.12157358364744851,0.0590645073490977,0.0034445689492531156,0.2397025983456439,True,False,0.059380903859452557,0.05976597847079873,0.02871205919319168,True,-0.05054765884523039,-0.1676089407798524,WY
330,Aug 27,,47,-0.05807376601092447,-0.060737110861516015,0.05148731800046693,-0.16371174686244988,0.04223752513941784,False,False,-0.031356720746475,-0.03133793813852774,0.02391616129032665,False,-0.14909736352521136,-0.012550854251244914,WY
331,Aug 28,,45,0.04925913154671592,0.04701824462570513,0.04663170314522008,-0.04624516166473504,0.1402816509161453,False,False,0.02468588948035128,0.023818072241394254,0.021857773876045882,False,-0.08751685463246844,-0.1654342985268505,WY
335,Sep 01,,44,-0.07853154882065946,-0.07791634848918716,0.06694382063241475,-0.21180398975401665,0.055971292775642334,False,False,-0.04218180149025191,-0.04231625916432733,0.03170637637140823,False,-0.07535921755764222,-0.018639306661983344,WY
336,Sep 02,,48,-0.34399787712408064,-0.3346551379193737,0.08034731455587747,-0.49534976703112865,-0.17396050880761874,True,True,-0.19302539794700568,-0.19288341174752305,0.06547581782065506,True,-0.14223845514338374,0.21136703063906886,WY
337,Sep 03,,48,-0.223555176224822,-0.2081637514187447,0.0892547499579688,-0.38667325133468233,-0.029654251502807122,True,False,-0.15002837700205107,-0.15210272849168086,0.07389981590587351,True,-0.13771653200374812,0.16262551707808268,WY
338,Sep 04,,48,-0.16185635047201904,-0.1407891046739379,0.10919048637590718,-0.35917007742575224,0.07759186807787646,False,False,-0.09174465000041589,-0.09210468137670628,0.0577393036017008,False,-0.11456517795256332,0.06892915939291319,WY
339,Sep 05,,48,-0.12439511355718073,-0.1198017105243664,0.0684232560576532,-0.2566482226396728,0.017044801590940004,False,False,-0.04857488733685449,-0.04912366280729637,0.02723189881955431,False,-0.0486147758715293,0.07159331189859816,WY
340,Sep 06,,48,-0.08621717998154346,-0.07139318461246379,0.0861871344303191,-0.24376745347310197,0.10098108424817441,False,False,-0.05152889303894262,-0.05022611831915195,0.0405979073913664,False,-0.07282207787391685,0.12592397237365896,WY
341,Sep 07,,48,-0.07630939665010088,-0.05495974149419993,0.09910095277731852,-0.253161647048837,0.1432421640604371,False,False,-0.0560653931262928,-0.0574339429099608,0.046734787324231114,False,-0.08587727000698062,0.17620583309002968,WY
342,Sep 08,,48,0.0038725508872431203,-0.006970529968501952,0.08024571565984413,-0.16746196128819021,0.15352090135118632,False,False,0.0025444042698665806,0.003430119723009939,0.039173514472475544,False,0.11702688431914152,0.015042167069523982,WY
343,Sep 09,,48,-0.01514135832565201,-0.026474413020526475,0.09845433983797733,-0.22338309269648113,0.17043426665542818,False,False,-0.008522153532460806,-0.007251827714847178,0.04164232919516771,False,0.12336496422799949,0.010488992679907168,WY
344,Sep 10,,48,0.009736432879647256,0.0037729890995395,0.09096370884173506,-0.17815442858393063,0.18570040678300961,False,False,0.0054294176492350205,0.006937431964673096,0.042501111980392574,False,0.13394476919505038,-0.047407198905253245,WY
345,Sep 11,,48,-0.025264213033781957,-0.02744737287811973,0.07376838242776067,-0.17498413773364108,0.12008939197740161,False,False,-0.011930926599684486,-0.010449406700817369,0.030666946679789423,False,0.07841608972784328,-0.02866382752371409,WY
346,Sep 12,,48,-0.036389263767867414,-0.03412218256603622,0.06587947754585835,-0.16588113765775292,0.09763677252568048,False,False,-0.01568829985399675,-0.014446814471851014,0.026782941703151788,False,0.06064648196367527,-0.037942856820890214,WY
347,Sep 13,,48,0.0224432357130616,0.02754562222326436,0.0688202063787706,-0.11009479053427683,0.16518603498080556,False,False,0.011598824312955655,0.011463270024364942,0.029977765885604597,False,0.003493436642872799,-0.050210343005986466,WY
348,Sep 14,,48,-0.015622055050928722,-0.015047548609210306,0.03772051094404365,-0.0904885704972976,0.06039347327887699,False,False,-0.00880647601467608,-0.008401671536946006,0.019324601106858342,False,-0.10471768543049004,-0.10039513778675879,WY
349,Sep 15,,48,-0.09096368343049746,-0.09744331602504491,0.04256369825927291,-0.18257071254359075,-0.012315919506499087,True,False,-0.04969192594041467,-0.04906742069264979,0.018586589192665662,True,-0.1762757927260017,-0.038965820981413636,WY
350,Sep 16,,48,-0.09736089042158644,-0.0961403774705769,0.04757894847858536,-0.1912982744277476,-0.0009824805134061726,True,False,-0.06320619239028548,-0.06275334732015646,0.0316903098227039,False,-0.18357638113669253,0.0053290381247550755,WY
351,Sep 17,,48,-0.08613399204467982,-0.08622510548618405,0.050467723210077566,-0.18716055190633918,0.014710340933971083,False,False,-0.04968253391641535,-0.050765405150316655,0.02959679413708258,False,-0.12789628433383474,0.00290241023095808,WY
352,Sep 18,,48,-0.09829941004868308,-0.10001357555860825,0.04446527466115828,-0.18894412488092482,-0.01108302623629169,True,False,-0.047537575045517956,-0.048857178634146396,0.022730308581921585,True,-0.12968602108245436,-0.029777732916449813,WY
353,Sep 19,,47,-0.16550080143394763,-0.16558829485216434,0.04965963530163165,-0.26490756545542765,-0.06626902424890103,True,False,-0.07650717344474582,-0.07623791295030259,0.023871017165225425,True,-0.13994145042284264,0.06624110663698406,WY
354,Sep 20,,47,-0.12191862183182021,-0.12273468251330678,0.05274640371621835,-0.2282274899457435,-0.017241875080870078,True,False,-0.056942277575886296,-0.05728897021154016,0.02543652030308709,True,-0.12433133853927598,0.048349387401724606,WY
355,Sep 21,,47,-0.16380611191402622,-0.16341749895621388,0.04446094556762658,-0.25233939009146705,-0.07449560782096072,True,False,-0.08105882014310313,-0.08100489600915432,0.024989658637062966,True,-0.17014475212336574,0.0797546958784435,WY
356,Sep 22,,47,-0.2298288798468002,-0.23150202092468786,0.043995686715458254,-0.31949339435560437,-0.14351064749377135,True,True,-0.13197829304426414,-0.13307638126640842,0.03479481891107881,True,-0.21923495480637217,0.1654830693405742,WY
357,Sep 23,,47,-0.2785865543050796,-0.27615379845215543,0.05316626506476108,-0.3824863285816776,-0.16982126832263328,True,True,-0.17093358928830626,-0.17069122070609544,0.046642008901334235,True,-0.23957202501104494,0.22959974123965798,WY
358,Sep 24,,47,-0.2657826932641341,-0.26517657856280635,0.05445631114893547,-0.3740892008606773,-0.15626395626493542,True,True,-0.1660101180218141,-0.16694860077152532,0.0443231511805691,True,-0.23169395099988285,0.2270972864525469,WY
359,Sep 25,,47,-0.2065471448903833,-0.2056746965616352,0.0734673968840192,-0.3526094903296736,-0.05873990279359681,True,False,-0.12452289032856446,-0.12630960521811282,0.050962436114345006,True,-0.20268495182011567,0.19049470899373522,WY
360,Sep 26,,47,-0.2511116841804853,-0.2507951190673763,0.052777776426512116,-0.3563506719204005,-0.14523956621435205,True,True,-0.14856446611533058,-0.1497515819207465,0.0390486416406015,True,-0.2467566690583466,0.16009602375351384,WY
361,Sep 27,,47,-0.2914897866268289,-0.29529435203968374,0.04412767292132946,-0.38354969788234267,-0.2070390061970248,True,True,-0.17962602095788066,-0.18262718261177135,0.035275574026243255,True,-0.2907756015729084,0.17389196269296386,WY
362,Sep 28,,47,-0.2920641754753709,-0.29561535851728366,0.04305800064117781,-0.3817313597996393,-0.20949935723492802,True,True,-0.18045770648312098,-0.18279515360710524,0.03319950452054614,True,-0.2827307234497169,0.1732238481644569,WY
363,Sep 29,,47,-0.2665806494562643,-0.26849706491186826,0.04317486386122874,-0.3548467926343257,-0.18214733718941079,True,True,-0.153288735713822,-0.1550396246717633,0.030551311012413644,True,-0.21955987546610276,0.13148651628521701,WY
364,Sep 30,,47,-0.26218035581066634,-0.2651269942770417,0.04337324626847898,-0.35187348681399966,-0.17838050174008377,True,True,-0.1517416069670613,-0.15321104373386407,0.030223510303365824,True,-0.2356835156383162,0.1395516181574666,WY
0,Oct 01,,48,0.0012204774117981884,0.0030187626793748857,0.07945361613895452,-0.15588846959853414,0.16192599495728394,False,False,0.0007325063077864921,0.0006076100175290237,0.04136517862489279,False,0.07865601863374763,0.0466182327659064,CO
1,Oct 02,,48,-0.0048143544399486685,0.0019166784151667792,0.079135626376454,-0.15635457433774122,0.16018793116807475,False,False,-0.00286259208908094,-0.002610718969451384,0.03902928538856474,False,0.03955076493832921,0.06685460671509516,CO
2,Oct 03,,48,0.003157070590034567,0.0023000746472641,0.0834504802572225,-0.1646008858671809,0.1692010351617091,False,False,0.0018543537129643288,0.0021781088987984313,0.04346776810823055,False,0.05881139228427596,0.03988042152957001,CO
3,Oct 04,,48,-0.03582066341300741,-0.03861233730984882,0.08580582041500347,-0.21022397813985574,0.13299930352015812,False,False,-0.019435172528459974,-0.01766483271478896,0.041222435124953175,False,0.02684352669694349,0.06323504367988,CO
4,Oct 05,,48,-0.0073464882999849145,-0.010084206003627524,0.09066333205645484,-0.1914108701165372,0.17124245810928215,False,False,-0.003710474440903308,-0.0016012410577229544,0.04184654667091822,False,0.060389156485773914,0.039420363793480205,CO
5,Oct 06,,48,-0.03386831354361814,-0.0332936898988665,0.08121010966236235,-0.1957139092235912,0.1291265294258582,False,False,-0.016437333698857373,-0.014978331881634197,0.03742314128967225,False,0.019885035597765596,0.054219189388269855,CO
6,Oct 07,,48,-0.014878501420565944,-0.01377544891459535,0.06926218968779418,-0.1522998282901837,0.12474893046099302,False,False,-0.007746023359904925,-0.0069319634656466525,0.0349334785538317,False,0.0006187276553184448,0.01874932066046918,CO
7,Oct 08,,48,0.03293229631087658,0.036173443917311275,0.06704781734513864,-0.09792219077296599,0.17026907860758855,False,False,0.019786809273349425,0.01937385575389358,0.03663585969372089,False,0.022475777183308975,0.007520284916768719,CO
8,Oct 09,,48,0.010879313327669426,0.014873191247611309,0.06708918780246281,-0.11930518435731431,0.14905156685253693,False,False,0.006436617440974238,0.007105410762324388,0.03785503503389437,False,0.00874381893410088,0.046919472285124636,CO
9,Oct 10,,48,0.05536341232341893,0.05563071800688538,0.06916447521095202,-0.08269823241501867,0.19395966842878942,False,False,0.03387705313055638,0.03374081567138694,0.0415762026058834,False,0.03966877126924804,-0.037964615226046,CO
10,Oct 11,,48,0.11828097373589519,0.1178544685511384,0.06752203168933259,-0.017189594827526772,0.2528985319298036,False,False,0.07709406753526107,0.07804130876959837,0.045096309704104845,False,0.09938196262446736,-0.06382990967753657,CO
11,Oct 12,,48,0.1852855478133334,0.18377192902367787,0.0739825183001095,0.03580689242345886,0.3317369656238969,True,False,0.11393434375285447,0.11322117067372484,0.04691885467288181,True,0.14494265793325248,-0.06407572140537171,CO
12,Oct 13,,48,0.15148393034465765,0.15277175282577174,0.06979404093688882,0.013183670951994103,0.2923598346995494,True,False,0.09221123522844459,0.09302865979770349,0.04269193777309731,True,0.12168326961457837,-0.07375209593924661,CO
13,Oct 14,,48,0.08668143677024562,0.08564147670726127,0.06908539633735049,-0.052529315967439705,0.22381226938196225,False,False,0.05255645185330274,0.0522003291129009,0.041891692169617446,False,0.09544346926444001,-0.046718206874165044,CO
14,Oct 15,,48,0.04140603341103741,0.03981912728582448,0.06728467146886266,-0.09475021565190084,0.1743884702235498,False,False,0.025733974327362796,0.025036997151327112,0.04149642789313818,False,0.05103664401996669,-0.04425945651549841,CO
15,Oct 16,,48,-0.023627026615147505,-0.02583044715884999,0.07009918628012297,-0.16602881971909594,0.11436792540139595,False,False,-0.015105674680770525,-0.016310237637667212,0.044044025020681804,False,-0.0026994547318705472,-0.0314904562752538,CO
16,Oct 17,,48,-0.0575135422232899,-0.056987066161945536,0.07106068578302828,-0.1991084377280021,0.08513430540411102,False,False,-0.040521432661648135,-0.040825126753856376,0.049233374828175976,False,0.0024289981283006634,-0.013176252176786335,CO
17,Oct 18,,48,-0.08213318054770911,-0.07795731397312357,0.07037270953611457,-0.2187027330453527,0.06278810509910558,False,False,-0.05886150856342731,-0.05728356297543151,0.050461541576971074,False,-0.01226942827930072,-0.005464435243615576,CO
18,Oct 19,,48,-0.08656145280247056,-0.08177211942614565,0.07282339304204422,-0.22741890551023408,0.06387466665794278,False,False,-0.06146324021953476,-0.06005367714010218,0.051811038878558195,False,-0.032948885878152784,-0.012260657657577861,CO
19,Oct 20,,48,-0.057011990600184796,-0.0513620416880029,0.07241312948979363,-0.19618830066759016,0.09346421729158436,False,False,-0.04031304985849793,-0.03790262911708469,0.05027562636095814,False,0.017161924163983988,-0.04545410103965082,CO
20,Oct 21,,48,-0.02620424456418938,-0.02315566505552899,0.07677031763565721,-0.17669630032684341,0.13038497021578543,False,False,-0.01863388164975483,-0.017361704636642127,0.052933450938784425,False,0.06447853913182254,-0.05856222202521029,CO
21,Oct 22,,48,0.01689706072913241,0.022893258721162,0.08237924832142492,-0.14186523792168784,0.18765175536401182,False,False,0.011779903813382057,0.014085371450062776,0.054901213193016746,False,0.10345632708126255,-0.04410550463844275,CO
22,Oct 23,,48,0.017288315012516924,0.019707772075628155,0.07873079654543658,-0.137753821015245,0.1771693651665013,False,False,0.011667751930022051,0.01122618103651705,0.049893641379861076,False,0.11856667870576512,0.0008757204000436475,CO
23,Oct 24,,48,0.08509918877260882,0.08833209832276608,0.08524873570689137,-0.08216537309101667,0.2588295697365488,False,False,0.05664441340806065,0.05599882510974226,0.05101766369578725,False,0.16789979922547388,-0.027277532973322194,CO
24,Oct 25,,48,0.002486490335745175,0.004445497842291597,0.07804389697305507,-0.15164229610381855,0.16053329178840173,False,False,0.0016334518543217862,0.0009588638734392185,0.04905661457212373,False,0.10204642150056661,0.040984792071275575,CO
25,Oct 26,,48,-0.01808652174391239,-0.016210800638291917,0.07462788424597218,-0.16546656913023627,0.13304496785365244,False,False,-0.01200473069642781,-0.012193526902207067,0.04799625035243526,False,0.09046795746157767,0.088291414106725,CO
26,Oct 27,,48,-0.0016608719380477766,0.0004301122521252906,0.0752569198544104,-0.1500837274566955,0.1509439519609461,False,False,-0.0011053310081258372,-0.001494741812076909,0.04820991466077141,False,0.09920750597195584,0.08203111845552621,CO
27,Oct 28,,48,0.04763226317903796,0.05062364745760667,0.06897403437469096,-0.08732442129177526,0.1885717162069886,False,False,0.03181026233388268,0.032233210107711956,0.04353613985498497,False,0.13911304058614166,0.03638324548945826,CO
28,Oct 29,,48,0.07725520891781004,0.08175608998068457,0.06975450818282475,-0.05775292638496493,0.22126510634633406,False,False,0.052006866295500095,0.05300749611061217,0.04356095680053867,False,0.16278588350274584,-0.024456735358340885,CO
29,Oct 30,,48,0.11265449632680083,0.1123734351122294,0.06731997714313824,-0.02226651917404708,0.24701338939850587,False,False,0.07533116773392663,0.07435778876889244,0.04290707473140296,False,0.1939742260803196,-0.057912893860469765,CO
30,Oct 31,,48,0.14594180855993857,0.1484716114419546,0.06812644123971445,0.012218728962525682,0.2847244939213835,True,False,0.09877132949444886,0.10010541739543563,0.04490725923427762,True,0.22717780448758834,-0.08141705031867823,CO
31,Nov 01,,48,0.16499319859258407,0.16612662317487228,0.06497502942740242,0.03617656432006744,0.29607668202967713,True,False,0.11136633340711287,0.11247714382485514,0.04451021108245301,True,0.23348857967886044,-0.08769820545266879,CO
32,Nov 02,,48,0.18017676636676264,0.1830841235494745,0.06623589502410446,0.050612333501265594,0.3155559135976834,True,False,0.1193164035461026,0.12221976734420616,0.04608816229429189,True,0.21519883044770816,-0.1177505600172889,CO
33,Nov 03,,48,0.17666068499110768,0.17728293270814038,0.06479378229006731,0.04769536812800576,0.306870497288275,True,False,0.11781283335316682,0.11895268075937658,0.044839401322094456,True,0.212087624496048,-0.12430247943235212,CO
34,Nov 04,,48,0.21955556158133682,0.21930787054971035,0.060254373964415756,0.09879912262087884,0.33981661847854183,True,False,0.14536850635030651,0.14555488385734922,0.040574964633603265,True,0.23484251954076088,-0.13699452603134615,CO
35,Nov 05,,48,0.1899735144489822,0.1915511353604189,0.06024108627074501,0.07106896281892888,0.3120333079019089,True,False,0.1276111941402861,0.1284906942033102,0.03990882953399239,True,0.1860738740346286,-0.11233540035418284,CO
36,Nov 06,,48,0.20338156930075033,0.20093457291884376,0.06296489228888578,0.07500478834107219,0.32686435749661535,True,False,0.13899062056991351,0.13771378619175928,0.044093703330068366,True,0.19621866244019426,-0.13118811986018744,CO
37,Nov 07,,48,0.18104066618963616,0.17853652764654185,0.06290604395809281,0.05272443973035623,0.30434861556272746,True,False,0.12381821118315492,0.12278541394674945,0.045122936900822745,True,0.17689049749906277,-0.10996314791972145,CO
38,Nov 08,,48,0.12603948376831198,0.12532657844290784,0.06472011262675703,-0.00411364681060622,0.2547668036964219,False,False,0.08717807388123111,0.08706763595494843,0.045339443623236726,False,0.15832834676539542,-0.059519482381929945,CO
39,Nov 09,,48,0.1078629567378667,0.10682568375700824,0.06976287486632231,-0.03270006597563638,0.24635143348965285,False,False,0.07609604782709681,0.07581897030990144,0.049752263607610474,False,0.16172925752113984,-0.040846536358269334,CO
40,Nov 10,,48,0.1265581571437614,0.12446130098737378,0.06300370779307253,-0.0015461145987712838,0.2504687165735188,False,False,0.08925261938978489,0.08833326159496502,0.044914643835275714,False,0.15871019085394228,-0.036299366049749676,CO
41,Nov 11,,48,0.14307908577286674,0.13968221592960914,0.06535458915711465,0.008973037615379847,0.2703913942438384,True,False,0.10061418538650391,0.09834872568033709,0.04613783924930481,True,0.17373919933573356,-0.020040461123007395,CO
42,Nov 12,,48,0.133738169156988,0.13149192352333425,0.06731625114732098,-0.003140578771307717,0.26612442581797624,False,False,0.09300562210840789,0.0916558796212878,0.04724215068781804,False,0.1609771779953823,-0.016244241126409098,CO
43,Nov 13,,48,0.13812956458153022,0.13767832036561226,0.06846407007525748,0.0007501802150972903,0.27460646051612725,True,False,0.09552122666800332,0.09564914673494668,0.04787128521456479,False,0.17180023108566567,-0.007164728708169449,CO
44,Nov 14,,48,0.13262732618083062,0.1308943577491613,0.06454552002264824,0.0018033177038648263,0.2599853977944578,True,False,0.0919463683525664,0.09124790309559855,0.04560764253842347,True,0.193571478490838,0.0033132052257729833,CO
45,Nov 15,,48,0.13693193195513276,0.13658710479764846,0.06407777402120918,0.008431556755230107,0.2647426528400668,True,False,0.09605986378772019,0.09606807434218798,0.045660285545586723,True,0.20294979381434675,-0.01641100251223515,CO
46,Nov 16,,48,0.17063403011424427,0.16921999261620096,0.064894916134726,0.039430160346748955,0.299009824885653,True,False,0.1202505787146669,0.11967557177475607,0.046177281983151006,True,0.2185117974684398,-0.04725414915543815,CO
47,Nov 17,,48,0.16678282202588315,0.16520760837802057,0.06562224162049501,0.033963125137030536,0.2964520916190106,True,False,0.11813170372774619,0.11706835479942919,0.04660865302446838,True,0.20372832308259775,-0.05385667133478557,CO
48,Nov 18,,48,0.18047300293943963,0.17794182175927703,0.06560048543262041,0.04674085089403621,0.3091427926245178,True,False,0.13011648431694814,0.12859073643764235,0.04785593471031097,True,0.21418385149197655,-0.0629975400106546,CO
49,Nov 19,Early Accumulation,48,0.21217876378629147,0.20915913925881893,0.06552902053950493,0.07810109817980906,0.3402171803378288,True,False,0.15287750887954824,0.15102267565424546,0.047846589709429316,True,0.25059364494562103,-0.07674158891771626,CO
50,Nov 20,Early Accumulation,48,0.23254975158941757,0.23220031089016288,0.062329734058767405,0.10754084277262807,0.3568597790076977,True,False,0.16738877029844515,0.16706579527984297,0.04543052414310763,True,0.27423747854551284,-0.08635536913541056,CO
51,Nov 21,Early Accumulation,48,0.21943325443402276,0.21655657172234163,0.0644495429876185,0.08765748574710464,0.34545565769757863,True,False,0.1586322365179058,0.15653903624332083,0.04686642862344681,True,0.2715802742244028,-0.07585618156730323,CO
52,Nov 22,Early Accumulation,48,0.21793604266048128,0.2171186137371249,0.06391588948091247,0.08928683477529997,0.34495039269894984,True,False,0.15749808367380408,0.15701500799398355,0.046196971376291404,True,0.25910434179374175,-0.10434070047975227,CO
53,Nov 23,Early Accumulation,48,0.20863459793754424,0.20886582594710837,0.06198907871008999,0.08488766852692839,0.3328439833672884,True,False,0.15102196632625461,0.15102329717209556,0.044515443022676425,True,0.2431144637568164,-0.12006254196213971,CO
54,Nov 24,Early Accumulation,48,0.21779767303427103,0.21595185331404354,0.06133885235957313,0.09327414859489729,0.3386295580331898,True,False,0.15725415685982147,0.15615828608157367,0.04484303507187123,True,0.2683895850960829,-0.1311720470695854,CO
55,Nov 25,Early Accumulation,48,0.2070718184246109,0.20752744721859473,0.062009061247206655,0.08350932472418142,0.331545569713008,True,False,0.14974070895896366,0.15014707630355653,0.04531444447252349,True,0.2684197049604099,-0.13084556306108083,CO
56,Nov 26,Early Accumulation,48,0.2077654735161568,0.2074735458943561,0.06174905250289452,0.08397544088856705,0.33097165090014513,True,False,0.14955916398815036,0.14943400975998872,0.04437264320731413,True,0.2618124066847801,-0.14368410388977268,CO
57,Nov 27,Early Accumulation,48,0.2173884861660279,0.2153121791699232,0.06202882972087716,0.09125451972816889,0.3393698386116775,True,False,0.15609569438412466,0.15446464324350775,0.04438508066965542,True,0.2722057348712063,-0.15419627898587757,CO
58,Nov 28,Early Accumulation,48,0.20938445416709814,0.20962844488098395,0.060872277451596485,0.08788388997779098,0.3313729997841769,True,False,0.1509737370005815,0.15102846238994874,0.04340538819829529,True,0.275860326227531,-0.14713347889682618,CO
59,Nov 29,Early Accumulation,48,0.19974418824199036,0.20051907267428667,0.06409889765401786,0.07232127736625096,0.32871686798232236,True,False,0.14655310473527988,0.14705969861876086,0.0461652104331455,True,0.27148509881582794,-0.14483726215405412,CO
60,Nov 30,Early Accumulation,48,0.19701348762751805,0.19709533535402063,0.06206871158049216,0.07295791219303631,0.32123275851500493,True,False,0.14322770741684732,0.14295730210529345,0.04373208100154774,True,0.2734218389557812,-0.13657926702050655,CO
61,Dec 01,Early Accumulation,48,0.17095454298764387,0.16995053609507663,0.05761493141081919,0.05472067327343824,0.285180398916715,True,False,0.12252761258958822,0.12159371986342299,0.03999003387891329,True,0.2500890615416591,-0.1038750407402671,CO
62,Dec 02,Early Accumulation,48,0.16792656184693527,0.1683521086489522,0.05805015738072031,0.05225179388751158,0.2844524234103928,True,False,0.12099563267346333,0.1205625013570797,0.03946064748038991,True,0.23768436099387927,-0.0989767239626043,CO
63,Dec 03,Early Accumulation,48,0.16270184239479166,0.16347283515538588,0.05802520258801671,0.04742242997935246,0.2795232403314193,True,False,0.11763895030672465,0.11755005816585723,0.03861039116121298,True,0.2300662595961473,-0.09050137040074734,CO
64,Dec 04,Early Accumulation,48,0.15675025228968742,0.15974333633961602,0.058367353748581145,0.043008628842453725,0.2764780438367783,True,False,0.11309374580005364,0.1141048553550745,0.03873542871530128,True,0.21556154604404237,-0.08798427220941475,CO
65,Dec 05,Early Accumulation,48,0.14609578269137324,0.14706325299920586,0.055658360562616624,0.035746531873972615,0.25837997412443914,True,False,0.10525428259617413,0.10513391482242773,0.03705388940599832,True,0.2045844582798403,-0.09173310253583941,CO
66,Dec 06,Early Accumulation,48,0.12213863472461568,0.12202840749087507,0.05569279520880363,0.010642817073267807,0.23341399790848233,True,False,0.08796931885709908,0.08692761932504488,0.03797033803959951,True,0.1784974845177471,-0.08260945782025463,CO
67,Dec 07,Early Accumulation,48,0.10338172364342589,0.10428952867584204,0.05860707907667467,-0.012924629477507305,0.2215036868291914,False,False,0.07398246784901652,0.07382672682703688,0.040370438228138454,False,0.17012117082583014,-0.06036087255759734,CO
68,Dec 08,Early Accumulation,48,0.10666508510299358,0.10532648964009368,0.058543807856520275,-0.011761126072946868,0.22241410535313422,False,False,0.07647723431914387,0.07487288957013977,0.040376872762385475,False,0.17378024807154363,-0.05969203911978058,CO
69,Dec 09,Early Accumulation,48,0.10519393748275385,0.10465693364637615,0.05895437279134694,-0.01325181193631772,0.22256567922907003,False,False,0.07525648188500234,0.07396880952951122,0.03968973451999518,False,0.17409418050507297,-0.057108067342122745,CO
70,Dec 10,Early Accumulation,48,0.08642924553830308,0.0851096721579043,0.05863083521329328,-0.03215199826868226,0.20237134258449085,False,False,0.0617093385152693,0.059862050056443884,0.04005699544200628,False,0.15179307968264946,-0.046532942715220627,CO
71,Dec 11,Early Accumulation,48,0.07683542508786444,0.07765293139562891,0.059277254454076916,-0.04090157751252492,0.19620744030378273,False,False,0.05515039365804723,0.05478488397244439,0.041094704953326046,False,0.14239422639459343,-0.03811858604921892,CO
72,Dec 12,Early Accumulation,48,0.08279918602135933,0.0849528096043441,0.06251032199852427,-0.040067834392704435,0.20997345360139263,False,False,0.05956715702867167,0.06000047331014204,0.04290386925222935,False,0.13920254608760765,-0.03051522021726688,CO
73,Dec 13,Early Accumulation,48,0.09405877852601674,0.09680190348724388,0.059942286890478175,-0.02308267029371247,0.21668647726820023,False,False,0.06748257263114081,0.06810750086274237,0.040608468897896426,False,0.14565884127468995,-0.021373702961296537,CO
74,Dec 14,Early Accumulation,48,0.10111411889712511,0.09986244528228594,0.0598753322404105,-0.019888219198535062,0.21961310976310694,False,False,0.0722362175055482,0.07014927345948255,0.0404787430706426,False,0.14663150124858265,-0.028458477155126144,CO
75,Dec 15,Early Accumulation,48,0.09324204076924161,0.0945298831145725,0.06085297560670968,-0.02717606809884686,0.21623583432799187,False,False,0.06628463567396622,0.06625007047233179,0.041327136569018215,False,0.125870526668018,-0.018318108774630387,CO
76,Dec 16,Early Accumulation,48,0.08039880492116291,0.0814268017603247,0.06098942613553882,-0.040552050510752946,0.20340565403140234,False,False,0.05731521525679579,0.05711735541510005,0.041817929288331016,False,0.09497873950070451,-0.027850171978273275,CO
77,Dec 17,Early Accumulation,48,0.07609550597768593,0.07444328461133431,0.061262709111405626,-0.04808213361147694,0.19696870283414558,False,False,0.05398996379950143,0.05186333303867073,0.04208657131744586,False,0.08579566688851088,-0.031560205250946105,CO
78,Dec 18,Early Accumulation,48,0.05692564880163029,0.05752440477529224,0.059588700731581644,-0.061652996687871046,0.17670180623845552,False,False,0.040367125994819925,0.03983336579446029,0.04109581219082675,False,0.06051460035491721,-0.012516094708605902,CO
79,Dec 19,Early Accumulation,48,0.030818355148213652,0.030738546489751033,0.06053473491065072,-0.0903309233315504,0.15180801631105248,False,False,0.021887197255759706,0.02086724868931326,0.04212040223935406,False,0.036875797859427434,0.01258708608138634,CO
80,Dec 20,Early Accumulation,48,0.00564142825066164,0.00614895667312217,0.0608719389367265,-0.11559492120033084,0.12789283454657518,False,False,0.0040286068503898815,0.003350349626614895,0.04295297316148773,False,0.018790689638209873,0.03235844508285704,CO
81,Dec 21,Early Accumulation,48,-0.006781034945004894,-0.005094977414328035,0.0657550624686226,-0.13660510235157325,0.12641514752291716,False,False,-0.004826221794372419,-0.00508434553892513,0.046341479267425045,False,0.014958356841957121,0.046145732328020994,CO
82,Dec 22,Early Accumulation,48,-0.00037151332318149753,-0.0018424857818476715,0.06745882063549838,-0.13676012705284443,0.13307515548914908,False,False,-0.0002667141395171291,-0.002726019006017954,0.047910243340887046,False,0.017865410743134802,0.05000682283680086,CO
83,Dec 23,Early Accumulation,48,-0.005100415922714747,-0.0055264762399324634,0.06613802110113431,-0.1378025184422011,0.12674956596233616,False,False,-0.003691328100017555,-0.005641733051933771,0.047857851240516724,False,0.014033466850556855,0.07740179850919898,CO
84,Dec 24,Early Accumulation,48,-0.014831133098141139,-0.014296526621939965,0.06384976607878612,-0.1419960587795122,0.11340300553563228,False,False,-0.010830346750445365,-0.01230405318379308,0.04673887687129959,False,0.008607995052249462,0.10370637340858685,CO
85,Dec 25,Early Accumulation,48,-0.031264251900129936,-0.031071771082395883,0.0667800263595373,-0.16463182380147048,0.10248828163667871,False,False,-0.023007994014910847,-0.024556563314101155,0.049302409821136754,False,-0.004108940965005241,0.12828466103297895,CO
86,Dec 26,Early Accumulation,48,-0.043628309028624114,-0.044386081857297074,0.06725958002392134,-0.17890524190513973,0.0901330781905456,False,False,-0.03222844254838908,-0.03463753643998513,0.050571066806032176,False,-0.015637757858731366,0.1392979255261549,CO
87,Dec 27,Early Accumulation,48,-0.05650855410385414,-0.05422682660835233,0.06523240170588297,-0.1846916300201183,0.07623797680341361,False,False,-0.04201457128254338,-0.04209470897252636,0.04939134687431794,False,-0.02713153725544884,0.15221365110586232,CO
88,Dec 28,Early Accumulation,48,-0.07102236259684068,-0.06891855022185735,0.06381582590229173,-0.1965502020264408,0.05871310158272612,False,False,-0.052773245653546776,-0.05253512933574875,0.04854409070435975,False,-0.041946202194421585,0.16420112373985823,CO
89,Dec 29,Early Accumulation,48,-0.07411756982937674,-0.07096035300155971,0.06472108826985043,-0.2004025295412606,0.058481823538141145,False,False,-0.05506904238673766,-0.05425841107693492,0.04936797258914448,False,-0.03948737520840992,0.16028581947811887,CO
90,Dec 30,Early Accumulation,48,-0.08765086129731343,-0.08732985735002956,0.0641320329097097,-0.21559392316944898,0.040934208469389846,False,False,-0.06529457769749705,-0.06617460687241053,0.04967689438599658,False,-0.05793039097678343,0.17199139034418054,CO
91,Dec 31,Early Accumulation,48,-0.10107521053377641,-0.10244563928578304,0.0632959638711502,-0.22903756702808345,0.024146288456517367,False,False,-0.07523321766399105,-0.07741549725803479,0.04889301771909824,False,-0.06673335015420655,0.1969298286844011,CO
92,Jan 01,Early Accumulation,48,-0.10748725949982102,-0.10837433929391796,0.06078460510277321,-0.22994354949946438,0.013194870911628465,False,False,-0.08012394219833319,-0.0819250093568685,0.047213017938423724,False,-0.07447501970567072,0.19912941509920862,CO
93,Jan 02,Early Accumulation,48,-0.10609735460168725,-0.10758008516360372,0.06163955084343359,-0.2308591868504709,0.015699016523263457,False,False,-0.0790665989565682,-0.08142146840071363,0.047838551396587464,False,-0.0850763890091109,0.18893161448065374,CO
94,Jan 03,Early Accumulation,48,-0.104679281437759,-0.1057671178602977,0.060429649602044826,-0.22662641706438735,0.01509218134379195,False,False,-0.07783081687128515,-0.07975580844145794,0.04689729421186246,False,-0.086389107203769,0.17896841046370043,CO
95,Jan 04,Early Accumulation,48,-0.10773438904059814,-0.10650906520723262,0.060509608065652795,-0.2275282813385382,0.01451015092407297,False,False,-0.07946175386126575,-0.07967656868747405,0.04606035528251218,False,-0.08548872047551725,0.16605688826096687,CO
96,Jan 05,Early Accumulation,48,-0.11725813724387109,-0.11760344695839532,0.06110709307718386,-0.23981763311276305,0.004610739195972394,False,False,-0.08665259475237017,-0.08767691494994938,0.04634849390838054,False,-0.08542962392275322,0.1627369262396283,CO
97,Jan 06,Early Accumulation,48,-0.12542037589395386,-0.12763940963870524,0.06263807809543616,-0.2529155658295775,-0.0023632534478329192,True,False,-0.09297178637108498,-0.09492158815727732,0.04740917136043393,True,-0.08877162540819392,0.16997525363432253,CO
98,Jan 07,Early Accumulation,48,-0.1147215109950215,-0.11483858350497742,0.06188786986919916,-0.23861432324337573,0.00893715623342091,False,False,-0.08523418819381676,-0.08571183596255837,0.04704334787310092,False,-0.076881937573088,0.16135450237523155,CO
99,Jan 08,Early Accumulation,48,-0.11341828064553201,-0.1152695999651962,0.061190622683998136,-0.23765084533319247,0.007111645402800071,False,False,-0.08392074732890183,-0.0860983770232805,0.046526480757957615,False,-0.07294647758145043,0.15119377904081602,CO
100,Jan 09,Early Accumulation,48,-0.11698883981909276,-0.11657822819454423,0.06279720456102851,-0.24217263731660127,0.009016180927512787,False,False,-0.08677253558144124,-0.08654892030006116,0.047331482516438525,False,-0.07396648922879445,0.14021672974080202,CO
101,Jan 10,Early Accumulation,48,-0.11806301989978638,-0.11840004989653226,0.05831888539444881,-0.2350378206854299,-0.0017622791076346428,True,False,-0.08735487383431674,-0.08789634951685205,0.043917493234914305,True,-0.06742944555050927,0.13443474002654499,CO
102,Jan 11,Early Accumulation,48,-0.11049573140284491,-0.10892126949715494,0.05681828537483819,-0.22255784024683134,0.004715301252521439,False,False,-0.08238665072532547,-0.08139132977387141,0.042863842738960774,False,-0.053614145906646954,0.11443331068796456,CO
103,Jan 12,Early Accumulation,48,-0.10059829395644626,-0.09938311976129298,0.05805942746256,-0.21550197468641297,0.016735735163827023,False,False,-0.07547125985565639,-0.07507341931963787,0.043996733366172214,False,-0.03963229090409194,0.10410074200258085,CO
104,Jan 13,Early Accumulation,48,-0.09183635144490156,-0.08979969916128136,0.05738896121199673,-0.20457762158527482,0.024978223262712096,False,False,-0.06936173914985286,-0.06825725733600416,0.04418848822704885,False,-0.03631363362778572,0.09231415521205893,CO
105,Jan 14,Early Accumulation,48,-0.07826213662828478,-0.07885961678434188,0.056180727804725834,-0.19122107239379355,0.03350183882510979,False,False,-0.05939288082682958,-0.06002453672551806,0.042751559686259766,False,-0.02523835811859105,0.08237256022821587,CO
106,Jan 15,Early Accumulation,48,-0.06469916573278874,-0.06441913915387824,0.05655508150543301,-0.17752930216474427,0.04869102385698777,False,False,-0.049133331640765124,-0.049308905971568624,0.042847145443509364,False,-0.015576955110701299,0.0747423825192608,CO
107,Jan 16,Early Accumulation,48,-0.05666636421975532,-0.05626721352987245,0.05416408519934294,-0.16459538392855833,0.05206095686881343,False,False,-0.0433415045271152,-0.04316660659031934,0.04147144977097974,False,-0.007193206971985694,0.07483683116583478,CO
108,Jan 17,Early Accumulation,48,-0.051931899454059884,-0.052589227194545285,0.055477941322578425,-0.16354510983970214,0.058366655450611565,False,False,-0.039687962491204896,-0.040452703566166676,0.04263466988439839,False,0.0019309248843914252,0.0860135403489663,CO
109,Jan 18,Early Accumulation,48,-0.05423333009055844,-0.055231179102946566,0.05514565931352432,-0.1655224977299952,0.05506013952410207,False,False,-0.04131770087396525,-0.04233036127159897,0.04227374554444233,False,0.0047694412752674435,0.09345323421271695,CO
110,Jan 19,Early Accumulation,48,-0.06324976563427445,-0.06566456588565045,0.05539848964439569,-0.17646154517444185,0.045132413403140934,False,False,-0.04808332509615661,-0.050250845194523074,0.04260028501404858,False,-0.006168755369316634,0.10506492515961707,CO
111,Jan 20,Early Accumulation,48,-0.06364538711314935,-0.06274713357471329,0.05394843675829142,-0.17064400709129612,0.04514973994186955,False,False,-0.0485195859859626,-0.04802766688046959,0.041362244744558595,False,-0.004325670166412141,0.11174843866224998,CO
112,Jan 21,Early Accumulation,48,-0.07732727394087545,-0.07694346794990342,0.05377270440345098,-0.18448887675680536,0.030601940856998536,False,False,-0.05885515528891764,-0.05881294882296508,0.04147685352396014,False,-0.01152500125248039,0.13009945103763526,CO
113,Jan 22,Early Accumulation,48,-0.08117750996644718,-0.08258132936957824,0.05111120794378181,-0.18480374525714185,0.01964108651798538,False,False,-0.06190001918459199,-0.06312300977762239,0.039432428848203756,False,-0.01543529132651637,0.13809250559163128,CO
114,Jan 23,Early Accumulation,48,-0.08308742587062488,-0.08319382713415586,0.05090725075813951,-0.18500832865043487,0.018620674382123156,False,False,-0.06330383388687566,-0.06380457087919028,0.039364774006889695,False,-0.018489937172528923,0.13480488958012024,CO
115,Jan 24,Early Accumulation,48,-0.09242935529652828,-0.09307836927566268,0.05026603363837325,-0.19361043655240917,0.007453698001083822,False,False,-0.07021266620668387,-0.07075369233230347,0.03846889305951793,False,-0.025945094005651887,0.14622209563739283,CO
116,Jan 25,Early Accumulation,48,-0.10577725997352581,-0.10479327043810426,0.048940678701408585,-0.20267462784092144,-0.0069119130352870845,True,False,-0.08050878558089505,-0.07993083999610676,0.03794163309666759,True,-0.038681612907955173,0.16032317111977779,CO
117,Jan 26,Early Accumulation,48,-0.11560543580614421,-0.1150801676846878,0.04884903567207687,-0.21277823902884155,-0.01738209634053406,True,False,-0.08785577949736775,-0.08745172749526095,0.03773121089064669,True,-0.046301429090954874,0.16575562079083775,CO
118,Jan 27,Early Accumulation,48,-0.1270597122332491,-0.12807289622790488,0.04986013781266913,-0.22779317185324316,-0.028352620602566617,True,False,-0.09625403129647454,-0.09705852300357176,0.03829517372418001,True,-0.05194556316390958,0.17759824620699322,CO
119,Jan 28,Core Accumulation,48,-0.13753468100571814,-0.13776229132940393,0.05054899900242272,-0.23886028933424935,-0.03666429332455849,True,False,-0.1038405992048799,-0.10406910864547916,0.038942370344689496,True,-0.05559842502022686,0.1877797331716813,CO
120,Jan 29,Core Accumulation,48,-0.13980408732583413,-0.13992421909617156,0.05044974760861703,-0.2408237143134056,-0.0390247238789375,True,False,-0.10545500273597644,-0.10571857296806007,0.038795218547081685,True,-0.0535813219840267,0.18718628955384103,CO
121,Jan 30,Core Accumulation,48,-0.13563086055187257,-0.1362733611168891,0.052785345199919106,-0.2418440515167273,-0.03070267071705088,True,False,-0.10219613335882223,-0.10249858193933518,0.040293891891665164,True,-0.0517454933432921,0.17557538767773256,CO
122,Jan 31,Core Accumulation,48,-0.1291760000394602,-0.13014125783425076,0.05571096881735929,-0.24156319546896934,-0.01871932019953218,True,False,-0.09718320370459782,-0.09809245648371527,0.0430886269082015,True,-0.05242103381603463,0.1679863790768547,CO
123,Feb 01,Core Accumulation,48,-0.12868140390493676,-0.12862982183809113,0.060162334309083916,-0.24895449045625895,-0.008305153219923297,True,False,-0.09657653337878333,-0.09705223426927245,0.04643329543799433,True,-0.055928958606107505,0.17019807430912245,CO
124,Feb 02,Core Accumulation,48,-0.12158288820643555,-0.12155921656740395,0.05879774274291619,-0.23915470205323633,-0.003963731081571581,True,False,-0.09137544049091455,-0.09122970402462076,0.044964066203569,True,-0.046083980814143416,0.16762498840485193,CO
125,Feb 03,Core Accumulation,48,-0.13569654021362473,-0.13890501994924334,0.059637590578534024,-0.2581802011063114,-0.019629838792175294,True,False,-0.10185398129516009,-0.1044664108458563,0.04578726666616277,True,-0.04994556240461044,0.18591701287598905,CO
126,Feb 04,Core Accumulation,48,-0.14723544233050018,-0.1471232912044685,0.061268235455582284,-0.26965976211563303,-0.024586820293303918,True,False,-0.1104609007614458,-0.11095314575022126,0.04751021019806213,True,-0.05275286498262554,0.196621637429497,CO
127,Feb 05,Core Accumulation,48,-0.15465296076581114,-0.15402718367863086,0.06037077293730004,-0.27476872955323095,-0.03328563780403078,True,False,-0.11567858690631777,-0.11530110274616785,0.04602450737759324,True,-0.05716882970626646,0.20853918044722428,CO
128,Feb 06,Core Accumulation,48,-0.14961611061874444,-0.14871257902419158,0.05948134895526611,-0.2676752769347238,-0.02974988111365935,True,False,-0.11225595512556846,-0.11218065413633152,0.046286251782908516,True,-0.04854633385450215,0.2032901090744229,CO
129,Feb 07,Core Accumulation,48,-0.14221995273635246,-0.142830960810979,0.06141450026488075,-0.26565996134074055,-0.020001960281217507,True,False,-0.10689514851983427,-0.10734895313943266,0.046980761176633745,True,-0.040421208982755925,0.19219002090976114,CO
130,Feb 08,Core Accumulation,48,-0.14063182790134462,-0.14214044359608324,0.05881335878848669,-0.25976716117305665,-0.024513726019109866,True,False,-0.10574628492780358,-0.10747103143401622,0.045329599861312166,True,-0.04983702444142826,0.18526957497328095,CO
131,Feb 09,Core Accumulation,48,-0.14158001510724572,-0.1416711242891177,0.05896461422835829,-0.25960035274583426,-0.023741895832401133,True,False,-0.10634188940830047,-0.10668974434798374,0.0451695242487406,True,-0.054878084537690074,0.1788786466598845,CO
132,Feb 10,Core Accumulation,48,-0.14924073716893563,-0.14866079530613216,0.05765677150150523,-0.26397433830914263,-0.0333472523031217,True,False,-0.11188533355774112,-0.11166894589295379,0.04460146647057925,True,-0.058680241247460185,0.18394184516660167,CO
133,Feb 11,Core Accumulation,48,-0.152403421957075,-0.15446047879278177,0.05877903268331444,-0.2720185441594106,-0.036902413426152886,True,False,-0.11382060313001378,-0.11557657967372724,0.04479453010536712,True,-0.056962183851482794,0.17726377698158188,CO
134,Feb 12,Core Accumulation,48,-0.16330441166709797,-0.163694452707275,0.056419585270156676,-0.27653362324758834,-0.050855282166961654,True,False,-0.12185156713356668,-0.12205191064945635,0.043030752225295364,True,-0.061749231598598464,0.1880137182355051,CO
135,Feb 13,Core Accumulation,48,-0.16312668287542342,-0.16221781811239785,0.0563012987869752,-0.27482041568634824,-0.049615220538447455,True,False,-0.1210219273792143,-0.12054044302488737,0.042946452043055736,True,-0.05708401430536765,0.18201407832080935,CO
136,Feb 14,Core Accumulation,48,-0.15653129391573276,-0.156220274784062,0.0553268593819352,-0.2668739935479324,-0.045566556020191606,True,False,-0.11621231502506363,-0.11628518005678867,0.041763101248092335,True,-0.04132966854523982,0.17358641055814356,CO
137,Feb 15,Core Accumulation,48,-0.15151904580509487,-0.15102690621061,0.0574108761602402,-0.2658486585310904,-0.036205153890129585,True,False,-0.11283840107844749,-0.11237996073081478,0.043224381099221186,True,-0.03427866370967773,0.16744630238357336,CO
138,Feb 16,Core Accumulation,48,-0.14071629377347622,-0.14225894187528726,0.05666453227165151,-0.25558800641859025,-0.02892987733198424,True,False,-0.10449907212974996,-0.10541997824939264,0.04229927943613006,True,-0.020977875653491507,0.1499013965452013,CO
139,Feb 17,Core Accumulation,48,-0.15317056201676252,-0.15182177100065053,0.054242075138716934,-0.2603059212780844,-0.04333762072321666,True,False,-0.11352218283999434,-0.1123143402446092,0.04041686655870281,True,-0.035172553499098744,0.1508198710856324,CO
140,Feb 18,Core Accumulation,48,-0.1505658914672179,-0.15000656772283424,0.053230621084150435,-0.2564678098911351,-0.04354532555453337,True,False,-0.11130211964882991,-0.11102641091368143,0.039739262421065936,True,-0.028496619535784858,0.14389595891602475,CO
141,Feb 19,Core Accumulation,48,-0.15259185731048464,-0.15269130179795326,0.05417004868115736,-0.26103139916026796,-0.044351204435638544,True,False,-0.11314236263276152,-0.11297043762979504,0.03976104470028438,True,-0.03696789225619663,0.13911298350812745,CO
142,Feb 20,Core Accumulation,48,-0.15943473094671387,-0.1587430641000446,0.05383260331861421,-0.266408270737273,-0.05107785746281618,True,False,-0.1185631352210108,-0.11823593193217322,0.03981387768203727,True,-0.04586213279457738,0.13669056715513267,CO
143,Feb 21,Core Accumulation,48,-0.1633547161232558,-0.163878424910278,0.05417487073709483,-0.2722281663844677,-0.05552868343608833,True,False,-0.12127091731405469,-0.1211805828435526,0.03964269900872159,True,-0.0480525068207595,0.14540109166449572,CO
144,Feb 22,Core Accumulation,48,-0.16020089750682934,-0.16015646533841446,0.052763602864445924,-0.2656836710673063,-0.05462925960952261,True,False,-0.1187774672215089,-0.11897835814297596,0.039063323541537576,True,-0.039576137714663756,0.15222592603517893,CO
145,Feb 23,Core Accumulation,48,-0.1605143728513602,-0.16089727282135,0.052250115974004724,-0.2653975047693594,-0.05639704087334055,True,False,-0.11917504075196672,-0.11905206415347083,0.0381018927207706,True,-0.04043792347042016,0.15765843554487283,CO
146,Feb 24,Core Accumulation,48,-0.16016961953869513,-0.1591890610749825,0.05354524047517983,-0.26627954202534215,-0.05209858012462286,True,False,-0.11907694800271586,-0.1183094067220212,0.03940530255540316,True,-0.03951001907672401,0.15716278385374657,CO
147,Feb 25,Core Accumulation,48,-0.15460139667893913,-0.15527505202925296,0.053724749301795126,-0.2627245506328432,-0.047825553425662706,True,False,-0.11469425234260246,-0.11507367228339115,0.039206096258270214,True,-0.02877410585586954,0.15477168861743412,CO
148,Feb 26,Core Accumulation,48,-0.15485020578686856,-0.15627128017679565,0.05332368605724378,-0.2629186522912832,-0.049623908062308084,True,False,-0.11473320707993005,-0.11561389043553333,0.03884892519097817,True,-0.024696707158131093,0.15679957260946126,CO
149,Feb 27,Core Accumulation,48,-0.1461869475185713,-0.14557243608101822,0.052960373884098064,-0.2514931838492144,-0.03965168831282209,True,False,-0.1084064452780908,-0.10770721859710962,0.03912018388694347,True,-0.020871428104224533,0.14836082205265622,CO
150,Feb 28,Core Accumulation,48,-0.1437698700669843,-0.14505246234356747,0.05302474672664209,-0.2511019557968517,-0.03900296889028329,True,False,-0.10640583293914599,-0.10688362267025263,0.03843213961546799,True,-0.02524959889702559,0.14236458610546382,CO
151,Mar 01,Core Accumulation,48,-0.13438712720999482,-0.13363256391319067,0.05238622242413537,-0.23840500876146142,-0.028860119064919934,True,False,-0.10001025202489368,-0.0993499440721633,0.038489729236689064,True,-0.018311832696608885,0.12877873807068918,CO
152,Mar 02,Core Accumulation,48,-0.1327061659843714,-0.13207019083475263,0.05360980696319155,-0.23928980476113573,-0.02485057690836953,True,False,-0.09872554097545519,-0.09761816961389264,0.038719630656645056,True,-0.008422405290276283,0.12448710685452605,CO
153,Mar 03,Core Accumulation,48,-0.13556175393603345,-0.13608825012946965,0.05384202467626655,-0.24377229948200274,-0.028404200776936547,True,False,-0.10032712310363265,-0.10063886964562468,0.039133268353729996,True,-0.00696095758181562,0.11921953166398255,CO
154,Mar 04,Core Accumulation,48,-0.11586025436357436,-0.11340565384881207,0.054339618972475315,-0.2220848917937627,-0.004726415903861442,True,False,-0.08515080974545894,-0.0828356364567202,0.0394374122016123,True,0.012478023069896205,0.10812956163163168,CO
155,Mar 05,Core Accumulation,48,-0.0936394209169056,-0.09284431615811681,0.05502590723498782,-0.20289613062809245,0.017207498311858832,False,False,-0.068271809050329,-0.06731402047607443,0.03946927323273201,False,0.032064317631858484,0.09219978146438479,CO
156,Mar 06,Core Accumulation,48,-0.08198952445214713,-0.08291557347603896,0.05502146210751672,-0.1929584976910724,0.02712735073899447,False,False,-0.059297534819585704,-0.05960744640819352,0.03936164743600438,False,0.0457547347345154,0.08244549829285386,CO
157,Mar 07,Core Accumulation,48,-0.0766944272230081,-0.07624430978145241,0.05762580439729098,-0.19149591857603437,0.03900729901312955,False,False,-0.05566534875935662,-0.05470144660017681,0.041084821928679176,False,0.051132639939423845,0.07789558201019484,CO
158,Mar 08,Core Accumulation,48,-0.0712915069533224,-0.06959821520644657,0.05777154020263577,-0.1851412956117181,0.04594486519882497,False,False,-0.05163264656365648,-0.04966109451360274,0.041215744379278337,False,0.06131846950714662,0.07361403287511253,CO
159,Mar 09,Late Accumulation,48,-0.07063432263381786,-0.06876054436986494,0.05535703102300646,-0.17947460641587787,0.04195351767614798,False,False,-0.05096861722569399,-0.048997575397445016,0.03929760611703553,False,0.06171794557701701,0.07459397666017933,CO
160,Mar 10,Late Accumulation,48,-0.08127404733128665,-0.08099076625616625,0.05568070632741012,-0.1923521789109865,0.030370646398654,False,False,-0.05854254264053895,-0.05769117191717658,0.03905032857986207,False,0.051210078211872484,0.09456107177123627,CO
161,Mar 11,Late Accumulation,48,-0.08306788619958189,-0.08546182607274341,0.05553345889849944,-0.19652874386974228,0.02560509172425547,False,False,-0.059739775184455376,-0.0603842662144972,0.03859036187207541,False,0.04517983002498259,0.09500184149067106,CO
162,Mar 12,Late Accumulation,48,-0.0870351688803353,-0.08585039660317008,0.057240407879641915,-0.2003312123624539,0.02863041915611375,False,False,-0.06268768067771313,-0.061212490917359266,0.03987173056903838,False,0.04531202324132266,0.10310575975842487,CO
163,Mar 13,Late Accumulation,48,-0.08629930014830682,-0.08637237462401492,0.056218531240397406,-0.19880943710480975,0.026064687856779886,False,False,-0.06235738616918988,-0.06152073373561743,0.0388847640682971,False,0.05036197464008509,0.1054497572207708,CO
164,Mar 14,Late Accumulation,48,-0.08191069192395009,-0.08410095356338186,0.057957969168373,-0.20001689190012786,0.03181498477336414,False,False,-0.05907551957955944,-0.059377180476965934,0.04004377236632838,False,0.05353907969094761,0.11075484469479191,CO
165,Mar 15,Late Accumulation,48,-0.06969714446977596,-0.07097520264025355,0.05885929870991956,-0.18869380006009268,0.04674339477958557,False,False,-0.05024360383495621,-0.05021922491634373,0.041284304692667445,False,0.05772040794098348,0.11497312157375894,CO
166,Mar 16,Late Accumulation,48,-0.0694152386373047,-0.06824030204377855,0.05768354404925312,-0.18360739014228478,0.047126786054727685,False,False,-0.05002003836249689,-0.04864067111690768,0.0407486949573812,False,0.05618233539427868,0.12211506842177462,CO
167,Mar 17,Late Accumulation,48,-0.061017591206746796,-0.0590710323114154,0.060004245986845575,-0.17907952428510654,0.06093745966227575,False,False,-0.043912978705267426,-0.041790799239216046,0.04258381337268471,False,0.06374230444951812,0.12045629489371931,CO
168,Mar 18,Late Accumulation,48,-0.04180967048898298,-0.041265977169782246,0.05871557836392444,-0.15869713389763113,0.07616517955806662,False,False,-0.030034066351191914,-0.02899342112394713,0.041603508495785556,False,0.07969722954974214,0.11795488851661827,CO
169,Mar 19,Late Accumulation,48,-0.033623135863637375,-0.0323227034055104,0.05726623650890772,-0.14685517642332585,0.08220976961230504,False,False,-0.024075423406610775,-0.0227135428166922,0.040689904462021996,False,0.09061308476691309,0.11875055570576373,CO
170,Mar 20,Late Accumulation,48,-0.028753407063405116,-0.03075972652683997,0.057381503281036035,-0.14552273308891203,0.08400328003523211,False,False,-0.020577135857345566,-0.02143701658157423,0.04079567721075682,False,0.1018840338788651,0.11915073053395847,CO
171,Mar 21,Late Accumulation,48,-0.02918328412501761,-0.028979223049938406,0.05816801112723393,-0.14531524530440626,0.08735679920452946,False,False,-0.020996099067107615,-0.02016599170502713,0.04150255530338511,False,0.10373470425824477,0.12753632877930404,CO
172,Mar 22,Late Accumulation,48,-0.028590634702998573,-0.028367608302311137,0.05752645391948888,-0.1434205161412889,0.08668529953666662,False,False,-0.02060592709184281,-0.019446594285217386,0.04070278540926026,False,0.10707844261303151,0.1363912651317598,CO
173,Mar 23,Late Accumulation,48,-0.027491088718972625,-0.027944569905237648,0.05824745485276279,-0.14443947961076323,0.08855033980028792,False,False,-0.019770282991200313,-0.019094854190399246,0.04122375707044704,False,0.11040204122957653,0.1456238919938892,CO
174,Mar 24,Late Accumulation,48,-0.008889900833825353,-0.0095382439245361,0.058119826311581996,-0.12577789654770008,0.10670140869862789,False,False,-0.006364877500117407,-0.005950071421095517,0.041441726485885184,False,0.13198619282036356,0.13466886922031207,CO
175,Mar 25,Late Accumulation,48,0.006520912107995144,0.005196300417788086,0.05723734079728712,-0.10927838117678616,0.11967098201236233,False,False,0.00467067693385026,0.004419482760041193,0.0411738380888567,False,0.14611238845913643,0.12710842929047847,CO
176,Mar 26,Late Accumulation,48,0.02018140935508232,0.01859935041535244,0.05607656075288628,-0.09355377109042012,0.130752471921125,False,False,0.014491030638611874,0.014168388686031623,0.03999399420919674,False,0.15336736118035785,0.12312938893181284,CO
177,Mar 27,Late Accumulation,48,0.024690559030709658,0.025598639981029635,0.056503960198124065,-0.08740928041521849,0.13860656037727775,False,False,0.017740569309809474,0.019238038126929022,0.041093450362170145,False,0.1517828864658896,0.12471211399499679,CO
178,Mar 28,Late Accumulation,48,0.03739345613306524,0.036341399785180604,0.05704835328626989,-0.07775530678735917,0.1504381063577204,False,False,0.026831329596809218,0.026831748390399476,0.04119419328333536,False,0.1565324111027735,0.12304026797471289,CO
179,Mar 29,Late Accumulation,48,0.03947399552775006,0.04079869238819958,0.055851252945163694,-0.07090381350212781,0.15250119827852698,False,False,0.028313341593052217,0.030149811966936092,0.04096223066059277,False,0.15855013647726002,0.12808734104808328,CO
180,Mar 30,Late Accumulation,48,0.047270840929322905,0.04470198996671374,0.056332240539262814,-0.06796249111181188,0.15736647104523938,False,False,0.0339110587586076,0.03299148808252634,0.041188271652879443,False,0.16211833463899394,0.12363687327637325,CO
181,Mar 31,Late Accumulation,48,0.04572977161808235,0.04489297407973508,0.0577106115614638,-0.07052824904319252,0.16031419720266268,False,False,0.032959313430259346,0.033205501994129305,0.04247751640508981,False,0.16238316868571562,0.12978659925526376,CO
182,Apr 01,Late Accumulation,48,0.040819216107728234,0.03924190612996315,0.05774883859608257,-0.076255771062202,0.15473958332212828,False,False,0.02941281721796678,0.029094206200663796,0.04220985898681815,False,0.16173342041753158,0.12774459966769655,CO
183,Apr 02,Late Accumulation,48,0.040819858269118804,0.039274231260009826,0.05358001977428438,-0.06788580828855893,0.14643427080857857,False,False,0.02948572304518778,0.029031800479964318,0.03926455632323907,False,0.16012776253129482,0.11994899826393995,CO
184,Apr 03,Late Accumulation,48,0.03279436953669151,0.033434468639635916,0.05367179724628233,-0.07390912585292875,0.14077806313220056,False,False,0.02367630515138643,0.024839495552106173,0.039323087867650645,False,0.1534994362082663,0.12257726139862446,CO
185,Apr 04,Late Accumulation,48,0.023413314699796576,0.023925937184914495,0.05470277432741343,-0.08547961146991237,0.13333148583974136,False,False,0.016912276437782762,0.01788408875917198,0.03961320857644882,False,0.14031159104361535,0.12333564947377229,CO
186,Apr 05,Late Accumulation,48,0.019996358627530072,0.019748180524185057,0.05389826484518189,-0.08804834916617872,0.12754471021454883,False,False,0.014483823784637157,0.01498805663678358,0.03937029454750301,False,0.13409385565698656,0.11920039317869931,CO
187,Apr 06,Late Accumulation,48,0.02278433565557674,0.02346518665140105,0.05217424539619472,-0.08088330414098838,0.1278136774437905,False,False,0.01650798683148995,0.017503255115434182,0.03821380400569584,False,0.12901993188540922,0.12140745618683414,CO
188,Apr 07,Late Accumulation,48,0.027723258946278022,0.02678679752828584,0.05427711469129168,-0.08176743185429752,0.1353410269108692,False,False,0.0200761020103824,0.01979032154798365,0.03977503378314833,False,0.1273996545043698,0.11971999395385496,CO
189,Apr 08,Late Accumulation,48,0.02845944332446143,0.028714113660846478,0.0530432948878941,-0.07737247611494173,0.1348007034366347,False,False,0.0205663917169728,0.021252451016918812,0.038659986510328016,False,0.12520784406050559,0.1164865276223939,CO
190,Apr 09,Late Accumulation,48,0.029759798936492395,0.03013354411600332,0.05611050791303496,-0.0820874717100666,0.14235455994207324,False,False,0.021461860722045468,0.02207309373465269,0.040879903520160105,False,0.12098205821976382,0.10742595478380171,CO
191,Apr 10,Late Accumulation,48,0.033734972857605336,0.03143717255459554,0.05731823834795918,-0.08319930414132282,0.14607364925051392,False,False,0.024485158687624086,0.02331674289668216,0.042049720287590305,False,0.124568039143418,0.09606899700493544,CO
192,Apr 11,Late Accumulation,48,0.03023960559042928,0.029815076403382466,0.060924456413989025,-0.09203383642459559,0.1516639892313605,False,False,0.022091442225990993,0.022343640605855995,0.04504469492889772,False,0.12230069219938908,0.09727738529201659,CO
193,Apr 12,Late Accumulation,48,0.03407592698080097,0.03576935270608042,0.06092775338614391,-0.0860861540662074,0.15762485947836824,False,False,0.02502930216875149,0.026541335989358185,0.044948010229775494,False,0.12208125269518275,0.09415077561270153,CO
194,Apr 13,Late Accumulation,48,0.03021052313949623,0.02893786085207664,0.06192578190348351,-0.09491370295489038,0.15278942465904366,False,False,0.02227668434085101,0.02149708740504205,0.045681768424677,False,0.11218305629799526,0.09279797230670811,CO
195,Apr 14,Late Accumulation,48,0.0188029057331112,0.01793052142941403,0.06212623986981485,-0.10632195831021568,0.14218300116904373,False,False,0.013924384720933481,0.013481887169102943,0.046171703650141685,False,0.09569274917922398,0.1051453695972569,CO
196,Apr 15,Late Accumulation,48,0.016756133821595614,0.015845815416960753,0.06064691141539007,-0.10544800741381938,0.1371396382477409,False,False,0.01241625534246034,0.011948700161787496,0.04543733813004284,False,0.09299338503501582,0.10926009525592902,CO
197,Apr 16,Late Accumulation,48,0.030756505337426118,0.030447361973730033,0.05946418667674536,-0.0884810113797607,0.14937573532722076,False,False,0.022722725206085852,0.022613765020556103,0.04431097921941495,False,0.10695986680992363,0.10589103774970607,CO
198,Apr 17,Late Accumulation,48,0.05546804569962706,0.05189057262700551,0.06210407033124985,-0.07231756803549419,0.17609871328950522,False,False,0.04091367376308755,0.038323048105749095,0.04606015854548355,False,0.13328560191365663,0.09274461303887205,CO
199,Apr 18,Melt Onset,48,0.06749056044090966,0.06529708205286615,0.060658939745666884,-0.05602079743846762,0.18661496154419993,False,False,0.049592239455352544,0.04795092733190878,0.04488102228905474,False,0.14511484461918245,0.08116336599488386,CO
200,Apr 19,Melt Onset,48,0.07605123664473687,0.07649973709566925,0.06259646167683149,-0.04869318625799372,0.2016926604493322,False,False,0.05595684977311535,0.056134149668131045,0.04650205507275329,False,0.14910145925687313,0.07686329124245306,CO
201,Apr 20,Melt Onset,48,0.0827143511508948,0.08312195172369062,0.0636463453135865,-0.04417073890348237,0.2104146423508636,False,False,0.060713631935382026,0.060725840121482716,0.046572177354187276,False,0.15244492565745102,0.08314370328481605,CO
202,Apr 21,Melt Onset,48,0.089041988579777,0.08924841651383932,0.06246301659857852,-0.03567761668331773,0.21417444971099636,False,False,0.06536364650678171,0.0652089626992488,0.04586738725936437,False,0.15623524767777658,0.08668896450852089,CO
203,Apr 22,Melt Onset,48,0.08603785900097706,0.08666783496722201,0.06249176589141165,-0.03831569681560129,0.2116513667500453,False,False,0.06308843860428627,0.06361055127689745,0.04638065301395248,False,0.15742046754557842,0.09221375076754923,CO
204,Apr 23,Melt Onset,48,0.08469060937881287,0.08329301732687473,0.06126077965470408,-0.03922854198253342,0.2058145766362829,False,False,0.062019813618989235,0.06121409877856482,0.045517612177590074,False,0.16120037264365034,0.09231788026918931,CO
205,Apr 24,Melt Onset,48,0.08319523618836126,0.08393942238707015,0.06002590399384641,-0.03611238560062267,0.20399123037476297,False,False,0.06130985228314061,0.061913839884675366,0.044470662099384176,False,0.16412474696138712,0.08385389491943243,CO
206,Apr 25,Melt Onset,48,0.0806868512723235,0.08164836081719543,0.061954930744206674,-0.04226150067121792,0.20555822230560877,False,False,0.0595450387272249,0.06039638798682627,0.04618167459604522,False,0.16219921546685184,0.0775418759482192,CO
207,Apr 26,Melt Onset,48,0.08452216527497718,0.0819654269440384,0.06178143212687923,-0.041597437309720056,0.20552829119779686,False,False,0.0627317651081505,0.060675187145714626,0.04612627260142064,False,0.16214504349413844,0.06819980466093747,CO
208,Apr 27,Melt Onset,48,0.09112872533135803,0.0920895263563936,0.06395740472177194,-0.035825283087150286,0.2200043357999375,False,False,0.06758325877395997,0.06839589478100276,0.04755854090259857,False,0.160172448189065,0.06051054771889716,CO
209,Apr 28,Melt Onset,48,0.09807846718730419,0.09746169317851681,0.06367873826201177,-0.02989578334550673,0.22481916970254034,False,False,0.07293339858491801,0.07228633162533375,0.0472943061447402,False,0.15796970362785623,0.05540896378087579,CO
210,Apr 29,Melt Onset,48,0.10756536745753119,0.10696507725760324,0.06403663359543996,-0.021108189933276678,0.23503834444848315,False,False,0.08014564689441413,0.07937806471556018,0.047833297114337,False,0.15830668360022582,0.0431925101115643,CO
211,Apr 30,Melt Onset,48,0.11689481330486386,0.11619583220990408,0.06793928414363994,-0.019682736077375793,0.25207440049718394,False,False,0.0871354040543995,0.0863445831130089,0.05075585505013267,False,0.16061391522420365,0.027528893565471294,CO
212,May 01,Melt Onset,48,0.12185625468563203,0.12057497315414051,0.06818108460407869,-0.015787196054016878,0.2569371423622979,False,False,0.09119363694788965,0.08997308761554598,0.05108116043665933,False,0.16232243136516494,0.01124844529123413,CO
213,May 02,Melt Onset,48,0.12150313820430943,0.12071488306270298,0.06841368573706536,-0.016112488411427733,0.25754225453683366,False,False,0.09110913494036663,0.09028673843758629,0.05119902438628591,False,0.16311360016714244,0.01646145150740881,CO
214,May 03,Melt Onset,48,0.10821430600299671,0.10700471150818666,0.07418163625711087,-0.04135856100603508,0.2553679840224084,False,False,0.08101151705011284,0.07972231054671416,0.055651885640143124,False,0.15824299529613967,0.0409301365141481,CO
215,May 04,Melt Onset,48,0.10108047763279068,0.10070629161155857,0.07091035177783418,-0.041114411944109794,0.24252699516722692,False,False,0.07537068563443858,0.07462134241889165,0.05258245246100329,False,0.16029662422850244,0.0500359259047696,CO
216,May 05,Melt Onset,48,0.09992706150498375,0.10003928848637443,0.07306786263595659,-0.04609643678553875,0.2461750137582876,False,False,0.07430071735673029,0.07403032840499614,0.054256745571661595,False,0.16514439001797065,0.04877586650076937,CO
217,May 06,Melt Onset,48,0.11442890993305299,0.11512233594185713,0.07167135966031841,-0.028220383378779704,0.25846505526249397,False,False,0.08488048925651034,0.0854689552147568,0.053396300685128115,False,0.18091768600056632,0.027948201065297884,CO
218,May 07,Melt Onset,48,0.13550938475750934,0.13600714094627142,0.07396713187961614,-0.01192712281296085,0.28394140470550366,False,False,0.10127799510967923,0.1014080827273675,0.05530545384380816,False,0.20445428993621298,0.0015859650184951862,CO
219,May 08,Melt Onset,48,0.16429903939721383,0.16167051715330685,0.06932972814913566,0.023011060855035542,0.3003299734515782,True,False,0.12365952253159926,0.12134539136782585,0.05250014376464858,True,0.2372486740314374,-0.029901877060576003,CO
220,May 09,Melt Onset,48,0.1741034399880866,0.17534181963926,0.06917966804529131,0.036982483548677364,0.3137011557298426,True,False,0.13154686231995125,0.132793250862047,0.05275395802541597,True,0.2539182822901039,-0.051815573639105744,CO
221,May 10,Melt Onset,48,0.17564893764442158,0.17662301628710203,0.06857891075537362,0.039465194776354795,0.31378083779784927,True,False,0.13200269430701894,0.13319333889007587,0.05277433733493021,True,0.2652456686248652,-0.05279278336698505,CO
222,May 11,Melt Onset,48,0.17311363326366724,0.17070050477909188,0.0733869392204975,0.02392662633809689,0.31747438322008686,True,False,0.1299808591969505,0.12824309272895293,0.05541383109894394,True,0.26372841133726316,-0.05348433033942153,CO
223,May 12,Melt Onset,48,0.18155785515271436,0.18232144306785492,0.07199583884307857,0.03832976538169777,0.3263131207540121,True,False,0.13564273377615335,0.13638748379783805,0.05440570595613742,True,0.2735320511608342,-0.06247298614015865,CO
224,May 13,Melt Onset,48,0.1867028820527127,0.18528251472253743,0.07234634613532714,0.04058982245188314,0.3299752069931917,True,False,0.13902276610656647,0.1381502119633762,0.054558143802171624,True,0.28300949057487457,-0.0669617816901048,CO
225,May 14,Melt Onset,48,0.17920685580378626,0.17902568789372006,0.07316904043821484,0.03268760701729037,0.3253637687701497,True,False,0.13299837969495282,0.13309914728696232,0.05532802172451019,True,0.28039440222773093,-0.061889922416811814,CO
226,May 15,Melt Onset,48,0.18104349279941384,0.18174432037440652,0.07794848922445667,0.025847341925493178,0.33764129882331984,True,False,0.13487750901597798,0.13566931963502515,0.059211659217360456,True,0.2823729739688408,-0.07344901061017417,CO
227,May 16,Melt Onset,48,0.18772308052883965,0.1871685220718223,0.07914227370786757,0.028883974656087164,0.34545306948755744,True,False,0.14045476196203155,0.1409576708166213,0.06093809052399268,True,0.2901355774015558,-0.08387442957227718,CO
228,May 17,Melt Onset,48,0.19776334934599626,0.19645225262806446,0.08116157889165683,0.034129094844750796,0.3587754104113781,True,False,0.14800605051980045,0.14802777081705887,0.0627709222546746,True,0.30331411045821577,-0.08766827308085998,CO
229,May 18,Melt Onset,48,0.1953624529424476,0.1917327616329685,0.08063409199229349,0.030464577648381536,0.35300094561755546,True,False,0.14662676845251826,0.1441349135680522,0.06210351737335376,True,0.30636651809951176,-0.09137812656068892,CO
230,May 19,Melt Onset,48,0.19653661578677667,0.19379878956725116,0.08369664776299318,0.0264054940412648,0.3611920850932375,True,False,0.14887798956791987,0.14745299881678148,0.06561979823739812,True,0.31784002158114116,-0.0848394157991011,CO
231,May 20,Melt Onset,48,0.20732732880573454,0.20572342657219522,0.08424790711122151,0.03722761234975219,0.37421924079463825,True,False,0.15647173594143438,0.15649281951373273,0.06565535596671195,True,0.3302194452086088,-0.08558664958707504,CO
232,May 21,Melt Onset,48,0.20741927697988358,0.2044806322516644,0.0853081846864191,0.03386426287882621,0.3750970016245026,True,False,0.15741999901221085,0.15614236532683534,0.06709751297279991,True,0.3336323977444807,-0.0807494811023331,CO
233,May 22,Melt Onset,48,0.2158085560823044,0.21302051899837068,0.09001252357156535,0.03299547185523999,0.3930455661415014,True,False,0.16157361599032682,0.16078528981129006,0.07000085498877527,True,0.32855729234220343,-0.08634538364875988,CO
234,May 23,Melt Onset,48,0.2168766053342134,0.20971781230659733,0.09573668495211347,0.018244442402370387,0.4011911822108243,True,False,0.16424945795158147,0.16018851181565935,0.07562207544556308,True,0.3358559416499077,-0.09393630747299037,CO
235,May 24,Melt Onset,48,0.21402086985969634,0.21339844861261237,0.09551425912363788,0.022369930365336604,0.4044269668598881,True,False,0.16140474286066983,0.16200964786067976,0.07430750524707425,True,0.33457177439592367,-0.09252987339582247,CO
236,May 25,Melt Onset,48,0.20256167778206874,0.19842409217761678,0.0970900376892189,0.00424401679917899,0.39260416755605454,True,False,0.15067511448496806,0.1489175911173309,0.07435343915724124,True,0.3288335744731302,-0.09329916960941101,CO
237,May 26,Melt Onset,48,0.1998754525320253,0.19912596866199764,0.09468945358240811,0.009747061497181408,0.38850487582681387,True,False,0.14817658401272094,0.14906466110156125,0.0722293896931874,True,0.3317863287587084,-0.09164721894348442,CO
238,May 27,Melt Onset,48,0.19885497587207357,0.1964759506227353,0.08887541283950147,0.018725124943732352,0.37422677630173823,True,False,0.1448683046324921,0.1449346045242582,0.06773094214804745,True,0.3315803592090753,-0.09201870057311043,CO
239,May 28,Melt Onset,48,0.21096112670652786,0.21089081161599396,0.08970540058195285,0.03148001045208826,0.39030161277989966,True,False,0.1569584145474566,0.1584849217568727,0.07032827697238779,True,0.348800225144946,-0.11231034155040512,CO
240,May 29,Melt Onset,48,0.21367485622951005,0.21133433368550947,0.0851307537893459,0.04107282610681767,0.38159584126420126,True,False,0.160002488045685,0.15943614431976044,0.06865805687778537,True,0.35081841723316587,-0.1257652505011044,CO
241,May 30,Melt Onset,48,0.21069657562747426,0.20775386380435082,0.08425502818057046,0.039243807443209905,0.3762639201654917,True,False,0.15517125481244715,0.1550527148035742,0.06738706561148503,True,0.33663462158773344,-0.12352444115117522,CO
242,May 31,Melt Onset,48,0.21230873354210453,0.21113655908645945,0.07931552408467198,0.0525055109171155,0.3697676072558034,True,False,0.1584602441026196,0.1597109806921772,0.06571966437105627,True,0.34232327355740355,-0.1240427344531013,CO
243,Jun 01,Melt Onset,48,0.21099158356635406,0.21288916986304052,0.08119809237090632,0.05049298512122788,0.3752853546048531,True,False,0.1556778303977316,0.15967482843660638,0.06570197416792689,True,0.3354991219525358,-0.11894515922615001,CO
244,Jun 02,Melt Onset,48,0.215267593105626,0.2181871211791687,0.07963563931452848,0.05891584255011173,0.37745839980822565,True,False,0.1610038152637527,0.1647733364604976,0.0668095696249734,True,0.3401580204751339,-0.12485613399947605,CO
245,Jun 03,Melt Onset,48,0.21327463461218502,0.21497168779080772,0.0780665592579582,0.05883856927489131,0.37110480630672416,True,False,0.15775203999627688,0.1600366328006888,0.06386104595935532,True,0.331938716704929,-0.12484665003216606,CO
246,Jun 04,Melt Onset,48,0.20824515362749485,0.20504574045897442,0.08026568287503215,0.04451437470891012,0.3655771062090387,True,False,0.15393622411854535,0.15258785614838838,0.0664049220540376,True,0.32968602515998885,-0.12707113988468688,CO
247,Jun 05,Melt Onset,48,0.2018647412565394,0.20098147504537497,0.07494146454377607,0.051098545957822844,0.3508644041329271,True,False,0.14829514344815806,0.14918799843168953,0.061225458682001056,True,0.3250242008393114,-0.12071177079499194,CO
248,Jun 06,Melt Onset,48,0.19720162507716868,0.19482964416358772,0.08008686548734742,0.034655913188892884,0.35500337513828256,True,False,0.14322629315898164,0.14396500440821255,0.06397040340578157,True,0.3154890148952551,-0.1148256190547278,CO
249,Jun 07,Melt Onset,48,0.1989924570964813,0.1992768683621491,0.07897822464858405,0.04132041906498102,0.3572333176593172,True,False,0.14329958669229947,0.14525977849883678,0.06356942984484254,True,0.3094529911047775,-0.11169773931136164,CO
250,Jun 08,,48,0.19645945490494746,0.19443221425088017,0.08026404573429123,0.03390412278229771,0.35496030571946263,True,False,0.14355367090159332,0.14306271900219908,0.06368741701877961,True,0.30869017224214695,-0.11115579121312744,CO
251,Jun 09,,48,0.19939937432505883,0.19766143475956632,0.07239339996330889,0.05287463483294855,0.3424482346861841,True,False,0.13990239781702007,0.13951959091918337,0.05764911555818594,True,0.30607213073434525,-0.11890165349899755,CO
252,Jun 10,,48,0.2061501871509063,0.20723613773853503,0.07420414264483745,0.05882785244886013,0.3556444230282099,True,False,0.14904074685303853,0.14916545233134354,0.06102823966500781,True,0.3214371870193155,-0.11884234918915915,CO
253,Jun 11,,48,0.2010782626892644,0.19845938732649154,0.07923477176471376,0.03998984379706402,0.35692893085591904,True,False,0.15045028097602858,0.14982470965899933,0.06558008340649704,True,0.32006941558751584,-0.114778105826702,CO
254,Jun 12,,48,0.20417224080559906,0.20363161580462882,0.07394133394676566,0.055748947911097496,0.3515142836981602,True,False,0.15514059530250968,0.1555661032496279,0.06446397337604076,True,0.32440732562054697,-0.11309409373245446,CO
255,Jun 13,,48,0.2123951805377249,0.21378007670485683,0.07704912985100491,0.059681817002847,0.3678783364068666,True,False,0.1596965824278049,0.16184781303675178,0.06648048891114393,True,0.3218133569057705,-0.11404107302682835,CO
256,Jun 14,,48,0.21930201548409503,0.21801558206408342,0.07810922862291182,0.061797124818259774,0.37423403930990706,True,False,0.16778199176039937,0.16730807764510922,0.06743525028929222,True,0.32167683265698227,-0.12171101857487485,CO
257,Jun 15,,48,0.21481266743792696,0.21326389695853937,0.08301962026966916,0.04722465641920104,0.3793031374978777,True,False,0.15889905107556632,0.16014983244870365,0.06799436462962591,True,0.3013679700668156,-0.10553777244121082,CO
258,Jun 16,,48,0.2166071726277395,0.21340818724606692,0.08487050072543764,0.04366718579519163,0.3831491886969422,True,False,0.16508329687814027,0.16405092270064953,0.07196792958450555,True,0.3063963525863482,-0.10357988440553065,CO
259,Jun 17,,48,0.22114690460173106,0.21784209632337992,0.08357357453107697,0.050694947261225975,0.38498924538553386,True,False,0.17101198658194586,0.16932845802123378,0.07102830656512785,True,0.31086217847070896,-0.10982867811858671,CO
260,Jun 18,,48,0.20929883371985172,0.2068016414455723,0.08235811166839514,0.042085418108782024,0.3715178647823626,True,False,0.15741724905820578,0.15829096823548042,0.06815078836791656,True,0.292878474319093,-0.10186675374533008,CO
261,Jun 19,,48,0.19417001120899627,0.19286037481040422,0.08360748891633595,0.025645396977732327,0.3600753526430761,True,False,0.14634374688615978,0.14898776629844593,0.06755801502604883,True,0.2758464584408664,-0.08455178172862123,CO
262,Jun 20,,48,0.19472030370267032,0.19466310075406992,0.08631485685294742,0.02203338704817509,0.36729281445996476,True,False,0.1490479291113042,0.15221350892703162,0.0697594961293444,True,0.2773218995922764,-0.0823494395570644,CO
263,Jun 21,,48,0.21669412580211955,0.2127178014153116,0.07411396579127005,0.0644898698327715,0.3609457329978517,True,False,0.1441991758423935,0.14400347449871084,0.058152032635611715,True,0.2846329196025713,-0.10482430390897388,CO
264,Jun 22,,48,0.22346685424082627,0.21913893120445918,0.079348897368045,0.06044113646836918,0.3778367259405492,True,False,0.1504149999826973,0.1516639372892034,0.06088166343981729,True,0.2878089664829467,-0.10450129373061418,CO
265,Jun 23,,48,0.2294997788632923,0.22095398813795344,0.09113770528782171,0.038678577562310024,0.40322939871359686,True,False,0.15353915357333175,0.15134018879095482,0.06668387045244026,True,0.2919735743242477,-0.09232969573370692,CO
266,Jun 24,,48,0.24154876304151585,0.23640384289666588,0.08835882125226434,0.059686200392137206,0.41312148540119453,True,False,0.16937036579768464,0.17002193850080807,0.07082130393072067,True,0.30791445186018573,-0.10681764854927568,CO
267,Jun 25,,47,0.23683592214612298,0.23110683406057975,0.09185537717708187,0.04739607970641602,0.4148175884147435,True,False,0.1789468122316288,0.1801465297566611,0.07663989498045001,True,0.30956578016299785,-0.08936974075465147,CO
268,Jun 26,,47,0.2527927292132541,0.245554155331485,0.09502577846064875,0.05550259841018751,0.4356057122527825,True,False,0.19051765673749566,0.1907980204023762,0.08175921972197968,True,0.31646798060978654,-0.09470818949683849,CO
269,Jun 27,,47,0.25854917945059563,0.2541270872459192,0.09450120016216107,0.06512468692159706,0.44312948757024134,True,False,0.18922960507252626,0.19211776342502493,0.07775220753156784,True,0.31159728643752016,-0.09411430126243325,CO
270,Jun 28,,47,0.2502523880295406,0.24400443898742136,0.09030568666703562,0.06339306565335012,0.4246158123214926,True,False,0.1759965259193138,0.1757679596863387,0.07213235110241448,True,0.30227416851811584,-0.09469400556068797,CO
271,Jun 29,,47,0.264659453165863,0.25948592691281613,0.08742835522821552,0.0846292164563851,0.43434263736924716,True,False,0.19023013539492536,0.19161073280838095,0.07268604024632283,True,0.32062744957340794,-0.10355331664858641,CO
272,Jun 30,,47,0.2356942982840784,0.23276069792044307,0.0730217017199711,0.08671729448050086,0.3788041013603853,True,False,0.15305176750839108,0.15276493952892614,0.056297154932016764,True,0.2786870573569168,-0.11064683965923766,CO
273,Jul 01,,47,0.1947474233995494,0.1915019476697687,0.07400722196405025,0.04348750374166818,0.33951639159786917,True,False,0.12448090526007682,0.12496301822822836,0.051941427643827476,True,0.24816835831486497,-0.09054631504401718,CO
274,Jul 02,,47,0.17827228218529168,0.1759518709994636,0.06709238312969942,0.04176710474006476,0.3101366372588624,True,False,0.10946511319162845,0.11118926311577715,0.045779463348156677,True,0.2300261639830093,-0.09091958198467019,CO
275,Jul 03,,47,0.18823253920618982,0.18785127458948836,0.057684300116888916,0.07248267435571053,0.3032198748232662,True,False,0.1330538224625905,0.13328864136712848,0.05039420833026549,True,0.2632563915517595,-0.1276802991827329,CO
276,Jul 04,,47,0.14992906818514334,0.14831157103214734,0.05646575757787795,0.03538005587639144,0.26124308618790326,True,False,0.1049077805967064,0.10665098132832276,0.047393231971720726,True,0.23728430367602737,-0.10404779359552205,CO
277,Jul 05,,47,0.1457298571752299,0.14532666437132707,0.056816612344001094,0.03169343968332489,0.25895988905932926,True,False,0.10596084549234225,0.10845209081924966,0.04738553386659922,True,0.22936417937045883,-0.10182527235802359,CO
278,Jul 06,,47,0.12845538081918423,0.12009508212984998,0.0674993997817039,-0.014903717433557812,0.25509388169325775,False,False,0.08428084848936182,0.08348540213208469,0.04506475706505834,False,0.19424734364231544,-0.08038175922934136,CO
279,Jul 07,,47,0.14341155329374938,0.14073341110841253,0.05930896570868007,0.02211547969105239,0.2593513425257727,True,False,0.10210031751229111,0.10322018863438012,0.04769841708885571,True,0.23275973403300992,-0.08340401302562866,CO
280,Jul 08,,41,0.09369283510959248,0.07891066865780888,0.08638795344174728,-0.09386523822568568,0.25168657554130347,False,False,0.06651536020605552,0.0675969595327865,0.05119955581791335,False,0.19800967367696556,-0.09876459539366665,CO
281,Jul 09,,41,0.08288413602442918,0.07225773111171299,0.08443281157651907,-0.09660789204132514,0.24112335426475112,False,False,0.05027910090528909,0.05217956084662598,0.04389642679497719,False,0.1414150243842757,-0.09374422807391587,CO
282,Jul 10,,41,0.011169253847888425,0.006155448658779548,0.0930320633764367,-0.17990867809409386,0.19221957541165294,False,False,0.00565325265817435,0.006758331227966325,0.04061706055202642,False,0.06601669461954209,-0.019408345653289027,CO
283,Jul 11,,40,0.020853332059956698,0.008317297792322577,0.09351336206846934,-0.17870942634461612,0.19534402192926126,False,False,0.011631361176258877,0.012555392229816314,0.04162241103357149,False,0.1137594177491135,-0.053268243886040456,CO
284,Jul 12,,40,0.036902850725193434,0.025185225080350183,0.09653714798463149,-0.1678890708889128,0.21825952104961316,False,False,0.021170593947700624,0.02169906066644011,0.04677511744255024,False,0.12924966738134822,-0.04281000209097959,CO
286,Jul 14,,24,-0.17287196510853844,-0.16512442348295447,0.11258971158899592,-0.3903038466609463,0.06005499969503736,False,False,-0.05948135485812922,-0.06145151770067649,0.039996433182333924,False,-0.15196502959286726,-0.015243743525611024,CO
289,Jul 17,,41,0.04434280782801482,0.024433870908257792,0.09934185773957407,-0.17424984457089035,0.22311758638740595,False,False,0.03087098296101489,0.03345111797261628,0.04728181797947368,False,0.13466397698233729,-0.10263035370379078,CO
290,Jul 18,,24,-0.27375599924838295,-0.26279874584989477,0.0942842670609001,-0.45136727997169496,-0.07423021172809458,True,False,-0.08897774937507909,-0.08996667046965288,0.03875259483588732,True,-0.12377124296294317,0.023210383786095523,CO
291,Jul 19,,40,0.010230572373950307,-0.010054584661971015,0.10168049767076658,-0.21341558000350416,0.19330641067956214,False,False,0.005979641546252234,0.00632092512805925,0.041376830145836964,False,0.06987956464290625,-0.09203498562177023,CO
327,Aug 24,,46,-0.04815809670253783,-0.04624594335065643,0.05429953681156903,-0.1548450169737945,0.06235313027248163,False,False,-0.024207998685228566,-0.025087079241734683,0.026326929628709802,False,-0.09709130615705537,-0.16045283787691642,CO
328,Aug 25,,48,0.1311329755205868,0.10587251945872483,0.12138483487260952,-0.1368971502864942,0.34864218920394385,False,False,0.08224939625998672,0.0831173047664082,0.06463808344857394,False,0.08371510842670522,-0.14868093355398476,CO
329,Aug 26,,48,0.09907551469440096,0.0850253469266086,0.1060121316880963,-0.126998916449584,0.2970496103028012,False,False,0.05740768341619191,0.058244610310107074,0.05523928288012723,False,0.046090746629403254,-0.14758469353094247,CO
330,Aug 27,,47,-0.05320354725665953,-0.04666226754309682,0.04999945038168155,-0.14666116830645992,0.05333663322026628,False,False,-0.04766208811456691,-0.04759692978472529,0.03426625810613562,False,-0.12248821667439881,-0.15565948672260024,CO
331,Aug 28,,47,-0.10702910403266934,-0.11530762480453091,0.04514648424700692,-0.20560059329854474,-0.025014656310517067,True,False,-0.07877614158956758,-0.07854372062073754,0.030067076727905186,True,-0.14371795727861952,-0.1160170501323812,CO
332,Aug 29,,48,-0.09310627513849355,-0.09340770666540797,0.04040561988778108,-0.17421894644097013,-0.012596466889845809,True,False,-0.05747714696362364,-0.05851162001705059,0.027972083224906203,True,-0.12505083364132782,-0.14451711412306467,CO
333,Aug 30,,47,-0.07141130854393385,-0.07288235979744688,0.038663419916176806,-0.1502091996298005,0.004444480034906731,False,False,-0.05871048259446339,-0.05920640807099631,0.03044528098881473,False,-0.1326321351977568,-0.13835341665479872,CO
334,Aug 31,,48,-0.10828708820758277,-0.11428447770984004,0.04164455022959667,-0.19757357816903337,-0.030995377250646702,True,False,-0.06815379410764814,-0.06759680074266106,0.027091847261770535,True,-0.12617310116854064,-0.019314782836988877,CO
335,Sep 01,,48,-0.10794428099647684,-0.10327651159624121,0.05005432195195815,-0.2033851555001575,-0.0031678676923249105,True,False,-0.05687672482499525,-0.056421968154284186,0.02847713223449195,False,-0.12972379041214782,-0.0022273443714536795,CO
336,Sep 02,,48,-0.09029356174045117,-0.09422204593768274,0.039579102651280146,-0.17338025124024303,-0.01506384063512245,True,False,-0.0598073468267381,-0.06066389114373178,0.02797330101277406,True,-0.12332633325479345,-0.06461045420681588,CO
337,Sep 03,,48,-0.13042973277409012,-0.13235248863174326,0.04225556918332233,-0.2168636269983879,-0.0478413502650986,True,False,-0.07302447627617935,-0.07324207703014611,0.027003608406272916,True,-0.13203050425658241,0.012338677457032293,CO
338,Sep 04,,48,-0.09819768933614782,-0.10332273286340427,0.03925745073091304,-0.18183763432523034,-0.02480783140157819,True,False,-0.06494555046222415,-0.06555503903412409,0.028357176769698265,True,-0.13713188609847474,-0.050498689462741206,CO
339,Sep 05,,48,-0.11873700278954454,-0.1189443587110903,0.04685779768356798,-0.21265995407822624,-0.02522876334395434,True,False,-0.04681300041176353,-0.047936959729349096,0.021096993459504807,True,-0.09642191993750748,0.003450878059307133,CO
340,Sep 06,,48,-0.12036503391258059,-0.11574951697726658,0.05074879334704962,-0.21724710367136582,-0.014251930283167347,True,False,-0.061783954774662427,-0.06336323607251627,0.030104009307026686,True,-0.11823512594988217,0.07570258450919687,CO
341,Sep 07,,48,-0.13014998794491697,-0.1305089067705789,0.03601548594335374,-0.20253987865728637,-0.0584779348838714,True,False,-0.08587064167657331,-0.08860372322112013,0.03828399758539035,True,-0.1447118133225151,0.1541415883751914,CO
342,Sep 08,,48,-0.11651381941948095,-0.10843938822792032,0.05167719808336116,-0.21179378439464264,-0.0050849920611980015,True,False,-0.07812913087287554,-0.07877501364551992,0.04076392720724485,False,-0.12157164638705142,0.15816362664770606,CO
343,Sep 09,,48,0.08152934482979037,0.07235819787127402,0.06042094725002836,-0.0484836966287827,0.19320009237133073,False,False,0.059169503565883276,0.061215607665798796,0.04066556829350771,False,0.205236656542192,-0.0891441128759527,CO
344,Sep 10,,48,0.08937879288085916,0.07889535234259805,0.06084778660944867,-0.0428002208762993,0.20059092556149538,False,False,0.06422497467191376,0.06439166913737963,0.04089214236644956,False,0.21336692573075566,-0.10757268591752574,CO
345,Sep 11,,48,0.08958115361978879,0.07915123347253743,0.06392847554921441,-0.04870571762589139,0.20700818457096626,False,False,0.0669102508883809,0.06937733787410422,0.043985469125124736,False,0.2261338356147348,-0.11299228281206596,CO
346,Sep 12,,48,0.0591833579191585,0.03210572996380244,0.09389611905830292,-0.15568650815280338,0.2198979680804083,False,False,0.04128318412440098,0.04187591495997672,0.040379862588356324,False,0.19349353273106712,-0.08761871487728559,CO
347,Sep 13,,48,0.045773835546257996,0.033731878830381146,0.06936666827676359,-0.10500145772314604,0.17246521538390833,False,False,0.024605752899361455,0.02644912424095544,0.029276404788379284,False,0.10750738784472974,-0.11064010235197079,CO
348,Sep 14,,48,0.02340992509596452,0.020756307465628062,0.05745593659616923,-0.0941555657267104,0.13566818065796651,False,False,0.011090268095975391,0.012527082933018324,0.025380850357741454,False,0.06324168815154921,-0.13098551871017386,CO
349,Sep 15,,48,-0.025144866065791974,-0.02742570309163819,0.05841044829350182,-0.1442465996786418,0.08939519349536544,False,False,-0.011020639457047138,-0.010273676079731411,0.02303388628350784,False,0.03056555244503209,-0.09436745269414565,CO
350,Sep 16,,48,-0.12382457658236636,-0.12446531690315076,0.049375776590198754,-0.22321687008354826,-0.025713763722753247,True,False,-0.056129801520444784,-0.055483969171897525,0.02302061430172892,True,-0.0469095843233434,-0.03465610952135437,CO
351,Sep 17,,48,-0.12187327777132184,-0.12703713796187696,0.04195187989473003,-0.210940897751337,-0.0431333781724169,True,False,-0.06211786825029206,-0.062282505045468624,0.022845174858935786,True,-0.08579191184366164,-0.03840967677367653,CO
352,Sep 18,,48,-0.11374142008657263,-0.11388417759231077,0.04200809662650401,-0.1979003708453188,-0.029867984339302753,True,False,-0.04903988536321094,-0.049015486086773634,0.020546373761291377,True,-0.07127895816606335,-0.03774241052710792,CO
353,Sep 19,,47,-0.20266853029500873,-0.2085213499148588,0.037302977564887596,-0.283127305044634,-0.1339153947850836,True,True,-0.11476741819381199,-0.11575040627911656,0.03761742533412745,True,-0.13968485408131567,0.16846452928510494,CO
354,Sep 20,,47,-0.1682607488701817,-0.1640907991624678,0.0509892963030953,-0.2660693917686584,-0.062112206556277194,True,False,-0.09746106159532406,-0.09706686215964996,0.03781002476220437,True,-0.11920766784176753,0.17722372293008237,CO
355,Sep 21,,47,-0.15464273255881897,-0.15284552845920676,0.04565618561569452,-0.24415789969059581,-0.06153315722781773,True,False,-0.10517459076613832,-0.1040771495405944,0.04547922723308673,True,-0.14916315662851737,0.19857788418033465,CO
356,Sep 22,,47,-0.1352612928587586,-0.12887229519698076,0.05341002686498853,-0.23569234892695784,-0.0220522414670037,True,False,-0.08830926977329828,-0.0882922600193541,0.04219852617806048,True,-0.1723748237417769,0.13069335376423524,CO
357,Sep 23,,47,-0.15673077466040844,-0.15439953322758027,0.04470685703741592,-0.2438132473024121,-0.06498581915274843,True,False,-0.10102899028610268,-0.10057359792863199,0.04187796239233499,True,-0.20274775616102803,0.11720324263328581,CO
358,Sep 24,,47,-0.1740602960570076,-0.17321183478395366,0.04299597006450187,-0.25920377491295743,-0.08721989465494992,True,False,-0.1062344561762706,-0.10739027866085117,0.03604562708156271,True,-0.19554993296413878,0.09676809095337491,CO
359,Sep 25,,47,-0.15350526427797478,-0.15313649691066314,0.04439226300741786,-0.24192102292549886,-0.06435197089582742,True,False,-0.09984226894093576,-0.10035020945378756,0.0367802488967281,True,-0.18200795437571912,0.06860910292578758,CO
360,Sep 26,,47,-0.1680511957008761,-0.1752919069806186,0.03590349489579117,-0.24709889677220095,-0.10348491718903627,True,True,-0.11237774130670815,-0.113185613321188,0.031046505937396753,True,-0.20005507660282257,0.048188661061858325,CO
361,Sep 27,,47,-0.18013465394650097,-0.18671004889133308,0.03674020069626762,-0.26019045028386834,-0.11322964749879784,True,True,-0.11359270449341241,-0.11369945936032018,0.02851188948829297,True,-0.23335007568266253,0.007558768858160519,CO
362,Sep 28,,47,-0.22741920348774422,-0.23355032448686858,0.04201414643052267,-0.3175786173479139,-0.14952203162582323,True,True,-0.13705936188212664,-0.13841262774543392,0.029402103434402107,True,-0.22712798823205668,0.07579006692278369,CO
363,Sep 29,,47,-0.20230826458443046,-0.20560593847571942,0.04278421834856183,-0.29117437517284306,-0.12003750177859576,True,True,-0.11878796241911313,-0.11961269343782777,0.03106500216554395,True,-0.1783341829460458,0.05467109916058032,CO
364,Sep 30,,47,-0.19349783382321928,-0.19635363572987716,0.03943275735245557,-0.2752191504347883,-0.11748812102496602,True,True,-0.11626165032524118,-0.11698174653131065,0.028631078411725196,True,-0.21055186183127664,0.039465921202390966,CO
0,Oct 01,,48,0.3785852760397529,0.3725559069199488,0.0724630462338812,0.22762981445218639,0.5174819993877111,True,True,0.31832614727946723,0.3158528316572322,0.09641858596794221,True,0.46876308274220785,-0.16396506431791816,UT
1,Oct 02,,48,0.36306078606461495,0.3584986760126083,0.07037025428934411,0.2177581674339201,0.49923918459129657,True,True,0.30012279386860796,0.29867583722432367,0.08776055713792073,True,0.45330649906873255,-0.1483294271572399,UT
2,Oct 03,,48,0.31034905191604584,0.3089293427745789,0.07650360873367723,0.15592212530722444,0.46193656024193336,True,True,0.2382493693219548,0.2419819170096124,0.07865264285187552,True,0.38180725667219834,-0.12753046802182108,UT
3,Oct 04,,48,0.30643067434217675,0.30362130405576065,0.08376853726660198,0.1360842295225567,0.4711583785889646,True,False,0.22596708465234427,0.22879156839982562,0.07894662543742786,True,0.3585485105970926,-0.09138624666791535,UT
4,Oct 05,,48,0.26940671682276396,0.26140527697101923,0.09499109749374259,0.07142308198353406,0.45138747195850437,True,False,0.18970472163440133,0.18935843878526282,0.0775436521962746,True,0.29675739710754645,-0.030635224206940717,UT
5,Oct 06,,48,0.1994112388404733,0.195350686835004,0.10488730825094927,-0.014423929666894542,0.40512530333690255,False,False,0.14073574136892278,0.14109381160359413,0.07583514703409529,False,0.2397732190047532,0.02316866825156942,UT
6,Oct 07,,48,0.23759310715385035,0.2330101669144127,0.10442645179007676,0.024157263334259188,0.4418630704945662,True,False,0.1646572935539246,0.16225823777926393,0.0737040429661323,True,0.24882880637943697,-0.01625826990462695,UT
7,Oct 08,,48,0.2133585928134156,0.21152344223081201,0.09963469577803498,0.012254050674742056,0.410792833786882,True,False,0.14570754980850564,0.1448624643876961,0.06665463238566158,True,0.18907396897236495,-0.03312169720489753,UT
8,Oct 09,,48,0.2676280899490823,0.2663171447393273,0.08799599490637494,0.09032515492657744,0.4423091345520772,True,False,0.18250408667739618,0.1835181449986539,0.06618937271253378,True,0.25613588318085523,-0.10958668645463465,UT
9,Oct 10,,48,0.2704774692305528,0.26314023624233396,0.08553247894467671,0.09207527835298054,0.43420519413168734,True,False,0.18056321643122059,0.17829147382923657,0.06650838039838121,True,0.23993710540664218,-0.13693467099561318,UT
10,Oct 11,,48,0.28456291789371313,0.27996205051322304,0.08255120795122547,0.11485963461077209,0.445064466415674,True,False,0.18502482177283106,0.18446891212870206,0.06075913027556354,True,0.21100748938348854,-0.08296035729446458,UT
11,Oct 12,,48,0.24194540368934428,0.24043890716958452,0.08757337122608976,0.06529216471740501,0.41558564962176403,True,False,0.1601278059204044,0.15920270987933913,0.05890943514957406,True,0.15457354258988365,-0.059802397670475516,UT
12,Oct 13,,48,0.20102454099220302,0.19770736418062035,0.08912001458887366,0.019467335002873037,0.3759473933583677,True,False,0.1306277123693891,0.12870301921310515,0.05775800025100602,True,0.1133849638093489,-0.03677521821456127,UT
13,Oct 14,,48,0.18560130957978718,0.18394788832056166,0.08394138145071492,0.016065125419131826,0.35183065122199153,True,False,0.11760524191958852,0.11590349066819021,0.051698155908431416,True,0.11142675526999254,-0.05359327863155247,UT
14,Oct 15,,48,0.13743959551667906,0.13797944987004263,0.07055323929355177,-0.0031270287170609146,0.2790859284571462,False,False,0.09094922532415585,0.09116056543952848,0.046328027928533556,False,0.10288071296593024,-0.07004031353280758,UT
15,Oct 16,,48,0.059611080062697976,0.05659034384147581,0.06585803872122642,-0.07512573360097703,0.18830642128392866,False,False,0.03862729416340957,0.0367870461257193,0.04238693352870918,False,0.05000003721260001,-0.058616011850151695,UT
16,Oct 17,,48,-0.006223870309705526,-0.004213267099291777,0.07255903640361436,-0.1493313399065205,0.14090480570793693,False,False,-0.004339145573623227,-0.004363719450465833,0.048775648711679116,False,0.05687771677475066,-0.01607070211982345,UT
17,Oct 18,,48,-0.02214515309087985,-0.01724068334764247,0.07364917103406543,-0.16453902541577334,0.13005765872048838,False,False,-0.015368618472521656,-0.014052913696921989,0.04929697549104771,False,0.04281354361181057,-0.00888141512062443,UT
18,Oct 19,,48,0.02435330506828439,0.030474134171754874,0.07923372200823339,-0.1279933098447119,0.18894157818822166,False,False,0.01618518617335273,0.017427351029948916,0.04851887529339651,False,0.11824010225488248,-0.06156606146775874,UT
19,Oct 20,,48,0.019391007560001953,0.027499855087128752,0.07995858827772098,-0.1324173214683132,0.18741703164257073,False,False,0.012993770159907603,0.015666347610214196,0.0497408877684408,False,0.18161778226692135,-0.049172408437665766,UT
20,Oct 21,,48,0.010526826079952268,0.01325897882035207,0.07428800829706193,-0.1353170377737718,0.16183499541447594,False,False,0.007187237725383444,0.007732148982157,0.04784004787850619,False,0.1985002709500463,-0.0374841584014901,UT
21,Oct 22,,48,-0.030641344603578577,-0.027010953917425487,0.06914014475889942,-0.16529124343522433,0.11126933560037335,False,False,-0.020965825873031772,-0.01930258551467181,0.045446419553917684,False,0.14786550606884236,0.04123200061485295,UT
22,Oct 23,,48,0.04294569147399079,0.04320872127342464,0.0666137269086793,-0.09001873254393394,0.17643617509078324,False,False,0.029224236774726402,0.028781033689802154,0.04256119892210631,False,0.1922148984888832,0.0024803013624857956,UT
23,Oct 24,,48,0.08685358555558575,0.08610500929172993,0.07496251999253781,-0.06382003069334569,0.23603004927680554,False,False,0.06014056248298058,0.05908699663682761,0.049665116989107194,False,0.2100964613543035,-0.02539888601318959,UT
24,Oct 25,,48,0.02881645720931806,0.02863006582219168,0.06976568755561446,-0.11090130928903724,0.16816144093342061,False,False,0.02000009959715619,0.02026361473660217,0.047096357189231955,False,0.1622700610724678,-0.009262279705065282,UT
25,Oct 26,,48,0.040426124303535454,0.04213283722561739,0.07131450418380544,-0.1004961711419935,0.18476184559322828,False,False,0.028127043609829993,0.02825867848941771,0.04757819731614753,False,0.15605898516368844,0.019171708266798586,UT
26,Oct 27,,48,0.10253962904658484,0.10274131049195467,0.06989746878343538,-0.03705362707491608,0.24253624805882543,False,False,0.07373078545785008,0.07304212378628146,0.048273117533347065,False,0.21717079754618782,-0.034485136665465176,UT
27,Oct 28,,48,0.1281705337563752,0.13049572241882135,0.06546652755772467,-0.00043733269662799,0.2614287775342707,False,False,0.09394557755269357,0.09521981855356504,0.04709808155432424,True,0.2272443629401375,-0.10144113031506453,UT
28,Oct 29,,48,0.13828492458847175,0.14028608742045226,0.06521672972253793,0.009852627975376393,0.2707195468655281,True,False,0.10259453435270142,0.10333667721475205,0.04755711857276466,True,0.23329927920861987,-0.1429828220255041,UT
29,Oct 30,,48,0.13347287191817658,0.13222553963409042,0.06426751622133291,0.003690507191424608,0.26076057207675624,True,False,0.09882767981306502,0.09799963545025733,0.04790090388307436,True,0.20963553680044292,-0.133585064724643,UT
30,Oct 31,,48,0.13057042130804367,0.12991034944432056,0.06460957389682917,0.0006912016506622209,0.2591294972379789,True,False,0.09856374401244224,0.09707574083709654,0.04823839534490878,True,0.20004828822858295,-0.13034472775917888,UT
31,Nov 01,,48,0.13477630319341896,0.1367133137934028,0.06304612724091031,0.010621059311582165,0.2628055682752234,True,False,0.10133233249548282,0.10275794086415094,0.047398123936137224,True,0.19758736308843997,-0.13165264600422766,UT
32,Nov 02,,48,0.13637220211184628,0.1384753682914,0.06327133094431896,0.011932706402762089,0.2650180301800379,True,False,0.10170338669174145,0.10354312753873868,0.04816123804888976,True,0.18936153876713294,-0.12304294756272119,UT
33,Nov 03,,48,0.13507052213735904,0.13425437570545448,0.06496587358905687,0.004322628527340749,0.26418612288356824,True,False,0.09990589513447597,0.0993905561210955,0.048638577359580076,True,0.17150919797504854,-0.12871713989812877,UT
34,Nov 04,,48,0.12302098189100498,0.12369837142962287,0.06305042766571994,-0.0024024839018170208,0.24979922676106275,False,False,0.08999181927712745,0.09005517101703177,0.045280406322802946,False,0.14297511348975533,-0.09305036777032483,UT
35,Nov 05,,48,0.09067125650146135,0.09043331136693769,0.06225424500858496,-0.03407517865023223,0.21494180138410762,False,False,0.06570850688602856,0.06498216491818937,0.04436026660093244,False,0.10378707119701365,-0.05895105820343184,UT
36,Nov 06,,48,0.07889304664120428,0.07948398296572672,0.06371430683196286,-0.047944630698199,0.20691259662965245,False,False,0.056913425535481836,0.056970073108982645,0.045029576310804786,False,0.09102482716482731,-0.04340020034540046,UT
37,Nov 07,,48,0.07143866239790847,0.07009110056428693,0.06348304613139215,-0.05687499169849737,0.19705719282707124,False,False,0.05089095097685325,0.04963900500136411,0.04488737202113267,False,0.08234498984440208,-0.016999257197494108,UT
38,Nov 08,,48,0.0127865306842217,0.014727386279954449,0.07212258191602822,-0.12951777755210198,0.1589725501120109,False,False,0.00942921258610977,0.009696271249590912,0.05186006840742658,False,0.06764936984784334,0.08686949936059396,UT
39,Nov 09,,48,-0.0026417049934052265,-0.0018881762459376846,0.07503247783819608,-0.15195313192232984,0.14817677943045449,False,False,-0.001978680176554758,-0.002909919560654524,0.055369150785271055,False,0.03953868905380398,0.1218389797934759,UT
40,Nov 10,,48,0.038146150229567834,0.0362859744167139,0.07352886725103855,-0.1107717600853632,0.18334370891879098,False,False,0.028366105339266458,0.02546463497874913,0.05327536038294449,False,0.05399732817091599,0.1111531645289722,UT
41,Nov 11,,48,0.034725583074887184,0.03317785428750909,0.07213258107976313,-0.11108730787201716,0.17744301644703536,False,False,0.025515155179171644,0.02310464370077947,0.05232858647212603,False,0.04659706512928606,0.09682439370187132,UT
42,Nov 12,,48,0.026624187798306033,0.024715499149601274,0.073875255476723,-0.12303501180384471,0.17246601010304727,False,False,0.01946182941316808,0.017048557843880305,0.05346494612028352,False,0.03590549909409501,0.08717522135946382,UT
43,Nov 13,,48,0.026715501081250672,0.02616117844347511,0.07301013813970936,-0.1198590978359436,0.1721814547228938,False,False,0.01941192341304148,0.017895180288742697,0.0527715696182989,False,0.05424722257338231,0.09477319136887269,UT
44,Nov 14,,48,0.026279951307719863,0.02496124141969712,0.07135284089279195,-0.11774444036588678,0.16766692320528104,False,False,0.018798357059673854,0.016712475296436182,0.05065888992005845,False,0.09107627264392884,0.11005794680232867,UT
45,Nov 15,,48,0.041189629520823834,0.04224253693129291,0.07376763665229134,-0.10529273637328979,0.1897778102358756,False,False,0.029451703499937674,0.02881656867555122,0.05173159002453543,False,0.10658252842683127,0.10122908751057125,UT
46,Nov 16,,48,0.08376276011947205,0.08444940881759853,0.07351842988451678,-0.06258745095143502,0.23148626858663207,False,False,0.059154680290055044,0.05843341303560693,0.050279355110338306,False,0.13162878849860413,0.05434533023008088,UT
47,Nov 17,,48,0.06291937242561997,0.06021139486458301,0.07100195009063241,-0.08179250531668181,0.20221529504584784,False,False,0.044461395741230716,0.04160251120933488,0.049494235287768154,False,0.1004678393926113,0.06065539477003648,UT
48,Nov 18,,48,0.08564294239627174,0.08426616248328449,0.07206507789272502,-0.05986399330216556,0.22839631826873452,False,False,0.061248143938810146,0.05952586709829909,0.05085051768773322,False,0.12450940983522225,0.04194032909212868,UT
49,Nov 19,Early Accumulation,48,0.1343391632003835,0.13248740948866958,0.07087269952079607,-0.009257989552922563,0.2742328085302617,False,False,0.09600361975091774,0.09407240955789925,0.04978451437586554,False,0.1635432425759867,0.01985220105371916,UT
50,Nov 20,Early Accumulation,48,0.13245321286485096,0.13238897863107044,0.07182736662146254,-0.01126575461185464,0.2760437118739955,False,False,0.09448930439332352,0.09403827894615231,0.050589015153324965,False,0.1551660852644614,0.027507711699342022,UT
51,Nov 21,Early Accumulation,48,0.10673584458105491,0.10343773322383219,0.0725913956053931,-0.04174505798695401,0.2486205244346184,False,False,0.07613213984585224,0.07326946228059976,0.051424632641509614,False,0.12663094613400805,0.03685035896956437,UT
52,Nov 22,Early Accumulation,48,0.12449179076930701,0.12305582068411161,0.07570575601508246,-0.028355691346053313,0.27446733271427654,False,False,0.08728464068423623,0.08596316109071928,0.05273481478771662,False,0.12206934989989131,-0.024951087242344364,UT
53,Nov 23,Early Accumulation,48,0.10933959054567566,0.10936342181197883,0.07546833916469405,-0.04157325651740926,0.26030010014136695,False,False,0.07634084433899888,0.07591025173789907,0.05210943463809173,False,0.10929775253473457,-0.03477583638167205,UT
54,Nov 24,Early Accumulation,48,0.11209535973281895,0.11099027513564269,0.07300197698262498,-0.035013678829607264,0.25699422910089265,False,False,0.0788795998579232,0.07796020156666196,0.051002009807941555,False,0.116299635199112,-0.04919097127491899,UT
55,Nov 25,Early Accumulation,48,0.10877338796729803,0.11011034370516015,0.07589353350505566,-0.041676723304951174,0.2618974107152715,False,False,0.07755539922545486,0.07799500638708846,0.05309287029027868,False,0.12334855444014982,-0.05962775889044453,UT
56,Nov 26,Early Accumulation,48,0.09852795909638265,0.0973581789058824,0.0764966463759682,-0.055635113846054005,0.2503514716578188,False,False,0.068798906321102,0.06762047809579452,0.052813248845651355,False,0.09231072210889767,-0.06625536773081522,UT
57,Nov 27,Early Accumulation,48,0.1348865543097163,0.13233587130931984,0.07435946613732522,-0.016383060965330598,0.2810548035839703,False,False,0.09492168545817244,0.09291717959780336,0.05184124664763608,False,0.1446053785962314,-0.0942538221760405,UT
58,Nov 28,Early Accumulation,48,0.11923434126786674,0.11861193374095763,0.07221163344374881,-0.025811333146539994,0.26303520062845526,False,False,0.08652084965439115,0.08600399489980066,0.051913280504599146,False,0.1537075700658212,-0.09529993371539773,UT
59,Nov 29,Early Accumulation,48,0.13015406119124398,0.12947634601873104,0.0725515727385585,-0.015626799458385965,0.27457949149584804,False,False,0.09636650163241602,0.09585852371001402,0.05349600086744625,False,0.17714240066464096,-0.11550510822618656,UT
60,Nov 30,Early Accumulation,48,0.1466705127716129,0.14355087772836578,0.07476685832232279,-0.005982838916279792,0.2930845943730114,False,False,0.10851323495025789,0.10637788344218119,0.05546212859175661,False,0.19155183147525012,-0.12355773909355308,UT
61,Dec 01,Early Accumulation,48,0.14208179791505857,0.1397572567004687,0.07347309933366622,-0.007188941966863732,0.2867034553678012,False,False,0.10582501266097197,0.10443878583876867,0.055225861490154675,False,0.18183656584318852,-0.10772597987512031,UT
62,Dec 02,Early Accumulation,48,0.13926297689434378,0.13964904368100325,0.07335432314866841,-0.007059602616333566,0.2863576899783401,False,False,0.10449021274061834,0.10470421393101481,0.05500524395224708,False,0.17066169039582146,-0.10513587323761486,UT
63,Dec 03,Early Accumulation,48,0.13491381902127383,0.13532282286780442,0.07353287790379304,-0.011742932939781653,0.28238857867539047,False,False,0.1018192683850267,0.10214369636015042,0.055158797687527086,False,0.15588606768966853,-0.0932741243379583,UT
64,Dec 04,Early Accumulation,48,0.12363570664231051,0.12428725233619052,0.07308692511127818,-0.021886597886365836,0.2704611025587469,False,False,0.0931999291785725,0.09325405852615251,0.05439154752367967,False,0.14300021741071905,-0.08196893547282234,UT
65,Dec 05,Early Accumulation,48,0.11446088859994231,0.11455228246843564,0.07148190600573721,-0.028411529543038785,0.2575160944799101,False,False,0.08639791962496887,0.08621792665282747,0.053895984596483794,False,0.12700202320154944,-0.092217380609408,UT
66,Dec 06,Early Accumulation,48,0.09542099875020044,0.09457477047054295,0.07149381602479993,-0.0484128615790569,0.23756240252014282,False,False,0.07240503802607494,0.07111291787059232,0.05380336585988377,False,0.10818290854631149,-0.08187510589285357,UT
67,Dec 07,Early Accumulation,48,0.09356888249298229,0.09473479577963753,0.07053186161999131,-0.04632892746034509,0.23579851901962015,False,False,0.07092287646197344,0.07142112163240442,0.05319167023166185,False,0.113144882220547,-0.08229151095578877,UT
68,Dec 08,Early Accumulation,48,0.11084911160667657,0.10891528844691828,0.06516811393954217,-0.021420939432166053,0.2392515163260026,False,False,0.08508903234683958,0.08347011111341468,0.04957826674381991,False,0.13144734490943924,-0.0970748805958744,UT
69,Dec 09,Early Accumulation,48,0.10651556263247475,0.10481474622758537,0.06784318443122273,-0.030871622634860083,0.2405011150900308,False,False,0.08189415355023014,0.08030202898023735,0.0520590372828373,False,0.12367517481518406,-0.08650339713711666,UT
70,Dec 10,Early Accumulation,48,0.09420142366043456,0.09160058507018129,0.06809240069096838,-0.044584216311755465,0.22778538645211804,False,False,0.07266265882935223,0.07028721095269228,0.05215658250703047,False,0.1082744095637406,-0.08296991724597878,UT
71,Dec 11,Early Accumulation,48,0.0893609151087633,0.08923506562112078,0.06691580876489842,-0.04459655190867605,0.2230666831509176,False,False,0.06916832103648424,0.06840003413453646,0.051205931281859324,False,0.0961724349164618,-0.07585100415273097,UT
72,Dec 12,Early Accumulation,48,0.09143019402711587,0.09419002165606064,0.06732638589456538,-0.04046275013307013,0.2288427934451914,False,False,0.07096396971238013,0.07249997863237599,0.051402765396427796,False,0.10272578043127276,-0.07112981501703698,UT
73,Dec 13,Early Accumulation,48,0.11753305614040435,0.11955620002395384,0.06697677263052614,-0.01439734523709843,0.25350974528500614,False,False,0.09128812275480977,0.09212712333702637,0.05106028864546443,False,0.1286850874169309,-0.07859787205281728,UT
74,Dec 14,Early Accumulation,48,0.11464599663090984,0.11276808969528612,0.06675967265634286,-0.0207512556173996,0.24628743500797184,False,False,0.08927580270817724,0.0867656758392667,0.05040255894870402,False,0.11199043770810635,-0.06485137760788307,UT
75,Dec 15,Early Accumulation,48,0.10378195423051886,0.10622193014105878,0.06715075407798057,-0.028079578014902365,0.24052343829701994,False,False,0.08082739071692985,0.08188224818649047,0.05065605654115263,False,0.09281985533553112,-0.0492618791003914,UT
76,Dec 16,Early Accumulation,48,0.09910393231808214,0.09921307624300098,0.06769050541050416,-0.036167934578007335,0.2345940870640093,False,False,0.07731721285462875,0.07626706741566264,0.05143848811817289,False,0.07517183615075189,-0.059814463626837844,UT
77,Dec 17,Early Accumulation,48,0.09669932924682069,0.09634687909170711,0.06780294083505896,-0.03925900257841081,0.23195276076182503,False,False,0.07493595044054407,0.07381959109910534,0.05158837025147433,False,0.07072248346232574,-0.06364343515085395,UT
78,Dec 18,Early Accumulation,48,0.07694552645043556,0.07922643866270784,0.06821242984896611,-0.05719842103522438,0.21565129836064006,False,False,0.059747018420204565,0.06041005529090815,0.05195880089151219,False,0.045096436484873825,-0.04823590031008408,UT
79,Dec 19,Early Accumulation,48,0.035630110073276086,0.03659222474325984,0.0687810467140259,-0.10096986868479196,0.17415431817131166,False,False,0.027784803902516707,0.027130621196418795,0.052632622409987284,False,0.005171198128129564,-0.007448394115863677,UT
80,Dec 20,Early Accumulation,48,-0.0038721894004275694,-0.0011754676856222702,0.07039037693136344,-0.14195622154834914,0.1396052861771046,False,False,-0.0030286581186576827,-0.002700031454037767,0.054675365734511566,False,-0.022197406200679837,0.03601137051873873,UT
81,Dec 21,Early Accumulation,48,-0.01189219310865471,-0.01124461586175299,0.07503040775690069,-0.16130543137555436,0.1388161996520484,False,False,-0.009256614167762656,-0.0114500153917804,0.05802516647669918,False,-0.022539105094598916,0.050192200810599163,UT
82,Dec 22,Early Accumulation,48,0.0037322186612919936,0.0013978272522141499,0.07850848575235964,-0.15561914425250511,0.15841479875693343,False,False,0.0029195066268344343,-0.0017456452031336684,0.06026502130263245,False,-0.002057122140998735,0.05204041236341267,UT
83,Dec 23,Early Accumulation,48,0.00747495057969662,0.007882119265606205,0.08100637677481429,-0.15413063428402238,0.16989487281523477,False,False,0.0058679890289774096,0.003389903143997198,0.062432854283524034,False,0.0023015091677256252,0.06670463185153497,UT
84,Dec 24,Early Accumulation,48,-0.007717255727355346,-0.00790923070478806,0.07926462571430432,-0.16643848213339668,0.15062002072382058,False,False,-0.0060855296925851,-0.008762654631960824,0.06251666881889596,False,-0.016370040249986263,0.07835792622073703,UT
85,Dec 25,Early Accumulation,48,-0.0171358987400669,-0.0183687308846754,0.07734909958041396,-0.1730669300455033,0.13632946827615253,False,False,-0.013494592292156994,-0.01661478667279784,0.06124439586617683,False,-0.030403441337068023,0.08827606518551723,UT
86,Dec 26,Early Accumulation,48,-0.036360626052097916,-0.03791492110870307,0.07718768239076779,-0.19229028589023864,0.11646044367283251,False,False,-0.0287578637146693,-0.03224246433144897,0.06206225551256506,False,-0.06378697033258346,0.0946788840269745,UT
87,Dec 27,Early Accumulation,48,-0.048294689063232095,-0.04604656590363586,0.07620058643085237,-0.1984477387653406,0.10635460695806888,False,False,-0.03852745331020483,-0.038994182451657214,0.06173250007671766,False,-0.08086341131367748,0.10328418852727073,UT
88,Dec 28,Early Accumulation,48,-0.05641028974524406,-0.05293981239673025,0.07601638900438988,-0.20497259040551002,0.09909296561204951,False,False,-0.04510660412781407,-0.04432329033057485,0.06199388537001972,False,-0.08702187844144638,0.11216799482289155,UT
89,Dec 29,Early Accumulation,48,-0.06825539879671934,-0.06380596992138171,0.07638956914706632,-0.21658510821551435,0.08897316837275093,False,False,-0.05489543288707174,-0.05378803210466201,0.06304086735429316,False,-0.09350375341809312,0.11294524432530736,UT
90,Dec 30,Early Accumulation,48,-0.07862498394875776,-0.07844033147750426,0.0716238573967136,-0.22168804627093147,0.06480738331592295,False,False,-0.0632871210772696,-0.06530382335816529,0.05982106210667098,False,-0.10792868321383582,0.1304708713969189,UT
91,Dec 31,Early Accumulation,48,-0.09069005267144743,-0.09033886557650737,0.07207152600123277,-0.2344819175789729,0.053804186425958175,False,False,-0.07269112164872725,-0.07440083351810053,0.05972733438758688,False,-0.11225029043901763,0.15549871984901964,UT
92,Jan 01,Early Accumulation,48,-0.09134361281588298,-0.09235577181167762,0.0701294927443202,-0.23261475730031803,0.04790321367696279,False,False,-0.07342899709558647,-0.07633142096984141,0.05889082131992401,False,-0.11697896919800772,0.15369762748999813,UT
93,Jan 02,Early Accumulation,48,-0.09655169220555948,-0.09574392116084665,0.0707804122660194,-0.23730474569288545,0.04581690337119215,False,False,-0.07751435789744043,-0.07882493168490723,0.05917350235336188,False,-0.13353195827111158,0.1525116143007194,UT
94,Jan 03,Early Accumulation,48,-0.09607281008263126,-0.0964891827686449,0.06916501948354574,-0.23481922173573638,0.041840856198446574,False,False,-0.07720704442917195,-0.07938466028480556,0.057931027074161597,False,-0.13423148938516527,0.14790588217352524,UT
95,Jan 04,Early Accumulation,48,-0.09481534511598809,-0.0930130105462626,0.0675364022622881,-0.2280858150708388,0.04205979397831361,False,False,-0.075732902894145,-0.0761561401521736,0.05610514728111804,False,-0.13388707848111425,0.1302344687006181,UT
96,Jan 05,Early Accumulation,48,-0.10653452228192847,-0.10598650310199474,0.06567544669227916,-0.23733739648655305,0.025364390282563584,False,False,-0.08522980088140912,-0.08632285700268348,0.054865601104375515,False,-0.13345410614692277,0.14161823097021242,UT
97,Jan 06,Early Accumulation,48,-0.10517646710419562,-0.10733342914710164,0.06651845723579904,-0.24037034361869972,0.025703485324496428,False,False,-0.08409572503714667,-0.08703887294914633,0.05543774230265905,False,-0.12573738218949654,0.14472754948820263,UT
98,Jan 07,Early Accumulation,48,-0.09082568537191307,-0.09080241926683867,0.06669786364912482,-0.2241981465650883,0.04259330803141097,False,False,-0.07261355533213174,-0.07373723076245403,0.054977235980859004,False,-0.11308937338832237,0.12849532758384333,UT
99,Jan 08,Early Accumulation,48,-0.09334691813213647,-0.09535182274951386,0.06707771781548419,-0.22950725838048225,0.03880361288145452,False,False,-0.07470648083257472,-0.0776143904813687,0.055478678056145266,False,-0.11122689498475113,0.12170715639557941,UT
100,Jan 09,Early Accumulation,48,-0.09653652094098543,-0.09429437052893294,0.067664816300221,-0.22962400312937495,0.041035262071509065,False,False,-0.07727817613073784,-0.0761845904319067,0.05563804723228855,False,-0.10797243626566204,0.11838545833900457,UT
101,Jan 10,Early Accumulation,48,-0.09413596766898513,-0.09482274994946686,0.06324091416788395,-0.22130457828523475,0.03165907838630104,False,False,-0.07544183025083598,-0.07674518761336926,0.051978510707394766,False,-0.10141846957220203,0.11762445525600143,UT
102,Jan 11,Early Accumulation,48,-0.0798492783612945,-0.07780153574766657,0.061782063035961766,-0.2013656618195901,0.04576259032425696,False,False,-0.06416792798246648,-0.06283739791217283,0.05012395677728663,False,-0.07916943252325406,0.0952570397065714,UT
103,Jan 12,Early Accumulation,48,-0.06545318415760769,-0.06672929258314557,0.061016911798297484,-0.18876311617974054,0.0553045310134494,False,False,-0.05276513355758145,-0.05440980000479753,0.04982372304397057,False,-0.06090554268349561,0.0754868057286224,UT
104,Jan 13,Early Accumulation,48,-0.04831367080169152,-0.046353031675604714,0.061358681938944025,-0.16907039555349276,0.07636433220228334,False,False,-0.039057552981936146,-0.03815203926382225,0.05048525720477184,False,-0.042408440291204,0.05967355625919704,UT
105,Jan 14,Early Accumulation,48,-0.03812406009597215,-0.03991539653987216,0.06101125497044921,-0.16193790648077058,0.08210711340102625,False,False,-0.0308156359398944,-0.032880968736092156,0.049815414848728784,False,-0.0348373915049824,0.050517017669528014,UT
106,Jan 15,Early Accumulation,48,-0.020719918484931387,-0.020766320945789715,0.05957594762232483,-0.13991821619043937,0.09838557429885994,False,False,-0.016756731106939024,-0.017525698089847972,0.048096701278861266,False,-0.02140165193476469,0.04205476426607585,UT
107,Jan 16,Early Accumulation,48,-0.019734198515254608,-0.01923200543750547,0.06003011586868433,-0.13929223717487413,0.10082822629986318,False,False,-0.015942619428537586,-0.0161965688210998,0.048660012678902166,False,-0.017163947667432945,0.05060524840951641,UT
108,Jan 17,Early Accumulation,48,-0.0017444555319231724,-0.0014641412416068276,0.06095247722970706,-0.12336909570102095,0.12044081321780728,False,False,-0.001408942066165486,-0.001936138534428291,0.048885902677321215,False,0.01150466926747553,0.04159687024730338,UT
109,Jan 18,Early Accumulation,48,-0.001984937900789126,-0.0018188017549910774,0.05900262861374638,-0.11982405898248384,0.11618645547250168,False,False,-0.0015975860267785265,-0.0023840769876665377,0.047272095866005746,False,0.0138825408776296,0.047425758217862685,UT
110,Jan 19,Early Accumulation,48,0.004180170351416379,0.0030319777854367017,0.060241401549602565,-0.11745082531376842,0.12351478088464184,False,False,0.0033574232896123714,0.0015357231821982768,0.04828109050008881,False,0.015514808768251714,0.05394298213201701,UT
111,Jan 20,Early Accumulation,48,0.00039105974725677905,0.0005330037934558032,0.05724420473142622,-0.11395540566939663,0.11502141325630824,False,False,0.0003137886756202951,-0.000523501456479572,0.04596861562314026,False,0.010117567616024337,0.06068939515954594,UT
112,Jan 21,Early Accumulation,48,-0.005684198070761944,-0.004239689733472998,0.05753709493382249,-0.11931387960111797,0.11083450013417198,False,False,-0.004550956894867065,-0.004251066641125783,0.04627541349670005,False,0.007790520443897185,0.07273925789825161,UT
113,Jan 22,Early Accumulation,48,-0.0032659649316061296,-0.002716493044633278,0.056048393388205456,-0.1148132798210442,0.10938029373177763,False,False,-0.0026169376892531946,-0.0031014184209328002,0.04463735732812598,False,0.009565930752668934,0.07224052310186824,UT
114,Jan 23,Early Accumulation,48,-0.0031102545594427367,-0.003913386401543936,0.05448208837110462,-0.11287756314375318,0.10505079034066529,False,False,-0.0025012476659490544,-0.004264365298113004,0.043949543361972675,False,0.001666888497046791,0.0666011606359358,UT
115,Jan 24,Early Accumulation,48,-0.006074395758900791,-0.006311725724961496,0.054283576911060324,-0.11487887954708215,0.10225542809715915,False,False,-0.004869562863920109,-0.006073978413943111,0.04358804505349122,False,-0.0017916902134517548,0.07854759201451714,UT
116,Jan 25,Early Accumulation,48,-0.018006086517225607,-0.015638557761493352,0.05463794117610584,-0.12491444011370503,0.09363732459071833,False,False,-0.014435136756642226,-0.013668917745445073,0.04424007905710765,False,-0.01425147526170131,0.09567421562268094,UT
117,Jan 26,Early Accumulation,48,-0.024086153387439954,-0.021704646525276424,0.05352627497703125,-0.12875719647933892,0.08534790342878608,False,False,-0.019307869687868125,-0.018557796879494107,0.04312321971370377,False,-0.017582362254948046,0.09975434565869462,UT
118,Jan 27,Early Accumulation,48,-0.027116547593820668,-0.026820957496929337,0.05517657998992043,-0.1371741174767702,0.08353220248291152,False,False,-0.02169583794426581,-0.02257183179404306,0.044804934523229034,False,-0.015393019873621419,0.10358991247565998,UT
119,Jan 28,Core Accumulation,48,-0.034712691914042824,-0.033760782099833166,0.053178413433478934,-0.14011760896679104,0.0725960447671247,False,False,-0.027734703429649978,-0.02799804552119831,0.04319639827144518,False,-0.018474613865923598,0.11221380420320218,UT
120,Jan 29,Core Accumulation,48,-0.03750968946799452,-0.03661050259438372,0.05456044357648522,-0.14573138974735417,0.07251038455858672,False,False,-0.029899141197233754,-0.030254041133200845,0.044628324937870216,False,-0.02297952193474999,0.11107247842205964,UT
121,Jan 30,Core Accumulation,48,-0.03280256549397428,-0.032494258383079996,0.056404862445649434,-0.14530398327437888,0.08031546650821887,False,False,-0.026077857311203826,-0.026893549447212343,0.04559058236483794,False,-0.021157776982621813,0.10417438111421273,UT
122,Jan 31,Core Accumulation,48,-0.034475134318066813,-0.033989988192165026,0.05955526072828252,-0.15310050964873007,0.08512053326440003,False,False,-0.027330641723303815,-0.02825275785050487,0.04830429083841829,False,-0.021258770974597406,0.10669130029497703,UT
123,Feb 01,Core Accumulation,48,-0.036593569123462025,-0.03693637501172809,0.05767775056322256,-0.15229187613817322,0.07841912611471702,False,False,-0.02896869217329326,-0.03039429409405102,0.0469348756503172,False,-0.025688521068152642,0.10908498626648745,UT
124,Feb 02,Core Accumulation,48,-0.03176700748453068,-0.03046425854306638,0.05837055335791414,-0.14720536525889466,0.0862768481727619,False,False,-0.02513009922457003,-0.02508446650479466,0.04673173145851515,False,-0.01600414172156079,0.10420078102827776,UT
125,Feb 03,Core Accumulation,48,-0.043646013336642045,-0.046123767892015416,0.05943947348706247,-0.16500271486614038,0.07275517908210953,False,False,-0.03456188568217093,-0.037616696461209395,0.048280203461951346,False,-0.017370544696241528,0.1121009889635157,UT
126,Feb 04,Core Accumulation,48,-0.04432597611991825,-0.04485510690184603,0.0618088528533335,-0.16847281260851302,0.07876259880482098,False,False,-0.03510958445126885,-0.036851664718832715,0.05045239326553884,False,-0.016494428567274712,0.11520794346748718,UT
127,Feb 05,Core Accumulation,48,-0.03812723726990252,-0.03723129127338953,0.060900157078413286,-0.1590316054302161,0.08456902288343704,False,False,-0.030258277220941036,-0.03044793411387022,0.049289541718628094,False,-0.005372329313837333,0.11107752959752419,UT
128,Feb 06,Core Accumulation,48,-0.025543504252268274,-0.025806027619152697,0.06007525461154607,-0.14595653684224486,0.09434448160393945,False,False,-0.02030537164809808,-0.021603134145945488,0.04873186398140768,False,0.009997334401069646,0.1003770851494768,UT
129,Feb 07,Core Accumulation,48,-0.018559338303747584,-0.019187033176355228,0.06313058980901481,-0.14544821279438486,0.1070741464416744,False,False,-0.014716382091387866,-0.016089440597688028,0.05051942241551561,False,0.011030434232336746,0.08663575232076359,UT
130,Feb 08,Core Accumulation,48,-0.013708040859704944,-0.016315087068176085,0.061572535052069145,-0.1394601571723144,0.10682998303596221,False,False,-0.010831146248760625,-0.013952379302521993,0.04973636499420988,False,0.00394288864450873,0.07855455735750247,UT
131,Feb 09,Core Accumulation,48,-0.01731985994048832,-0.016578641808864505,0.06386750751423907,-0.14431365683734265,0.11115637321961364,False,False,-0.013656078536381795,-0.014008028603868353,0.05120348574157423,False,-0.0001921793061624849,0.07859574457285193,UT
132,Feb 10,Core Accumulation,48,-0.021451908961479256,-0.021204884036998703,0.06097657314405129,-0.14315803032510127,0.10074826225110388,False,False,-0.016853136075286886,-0.017659906509828717,0.04886342377459455,False,-0.0018952425139941026,0.08028541369488473,UT
133,Feb 11,Core Accumulation,48,-0.014663835448141446,-0.01619038898095161,0.060875644189226884,-0.13794167735940538,0.10556089939750216,False,False,-0.011508222438588093,-0.013589504968794224,0.04853824564833223,False,0.007626812503608721,0.06892869537520036,UT
134,Feb 12,Core Accumulation,48,-0.028260159446059203,-0.027096967205397008,0.05867526150986668,-0.14444749022513037,0.09025355581433636,False,False,-0.0220783981616146,-0.02207354726863561,0.047046930260532145,False,-0.004990549799349257,0.0807355534104174,UT
135,Feb 13,Core Accumulation,48,-0.026537216470868045,-0.026670209702272102,0.061299129351068,-0.1492684684044081,0.0959280489998639,False,False,-0.020662042746168938,-0.021645092164293837,0.04872403291968662,False,0.0020101202903696214,0.07972809980861849,UT
136,Feb 14,Core Accumulation,48,-0.016421088598606193,-0.01575197122899357,0.057941761589194965,-0.1316354944073835,0.10013155194939635,False,False,-0.012831432063958204,-0.013042253611145395,0.04583552635148854,False,0.02164373956310045,0.07121624084110842,UT
137,Feb 15,Core Accumulation,48,-0.005671016268009673,-0.005504973740033913,0.058777543130774726,-0.12306006000158337,0.11205011252151553,False,False,-0.004438078578369661,-0.005040956314937766,0.0466300697625026,False,0.0328622560636376,0.06938661474043893,UT
138,Feb 16,Core Accumulation,48,-0.009214830967760903,-0.011161514537448123,0.05959799593801315,-0.1303575064134744,0.10803447733857817,False,False,-0.007183668998238959,-0.009451348167621438,0.047097488592754554,False,0.028376688058742452,0.06783294922397123,UT
139,Feb 17,Core Accumulation,48,-0.019915163093163095,-0.016475071466507934,0.05737154994557921,-0.13121817135766636,0.09826802842465049,False,False,-0.015451382183731278,-0.013447465719324982,0.04508507600232665,False,0.013772563099381283,0.06807853791737718,UT
140,Feb 18,Core Accumulation,48,-0.007612158111062218,-0.008085212876056852,0.05865988373484276,-0.12540498034574238,0.10923455459362867,False,False,-0.005895116380641159,-0.007235453435967867,0.046321786870529985,False,0.018391815188904398,0.051069675550122,UT
141,Feb 19,Core Accumulation,48,-0.016969017868062496,-0.017551649332255222,0.05779716874072237,-0.13314598681369996,0.09804268814918951,False,False,-0.013129457255672763,-0.014261800952214977,0.045508339934374066,False,0.006819324139252458,0.05527839996734148,UT
142,Feb 20,Core Accumulation,48,-0.022577916034068585,-0.023232275330526,0.05848059735457041,-0.1401934700396668,0.09372891937861483,False,False,-0.017507473079735762,-0.01880219899959688,0.0461081528560535,False,0.0003150276711505126,0.0560422075924607,UT
143,Feb 21,Core Accumulation,48,-0.025972495996025993,-0.02478759879806646,0.05846013134491601,-0.1417078614878985,0.09213266389176555,False,False,-0.02018295003953335,-0.01991538287405755,0.045922032307458144,False,-0.0007908774916468644,0.06585040606455367,UT
144,Feb 22,Core Accumulation,48,-0.024687945048654958,-0.026404770713333768,0.056580579213729436,-0.13956592914079263,0.08675638771412511,False,False,-0.019198191160606566,-0.021387366268270192,0.04497327939947135,False,-0.002719134634373746,0.07299888623426375,UT
145,Feb 23,Core Accumulation,48,-0.021483899834903793,-0.02082772338971637,0.057095956223908444,-0.13501963583753326,0.09336418905810051,False,False,-0.016695600249025454,-0.016758003537092718,0.045036553669900635,False,-0.002006408788437136,0.0730012704304021,UT
146,Feb 24,Core Accumulation,48,-0.02341802535800703,-0.022757526969038985,0.05734380674149986,-0.1374451404520387,0.09193008651396073,False,False,-0.01817960778508294,-0.018407081433823448,0.0453954258868901,False,-0.0031626708689311903,0.07874419179505265,UT
147,Feb 25,Core Accumulation,48,-0.026710233700195523,-0.028046065839897088,0.05856661486983027,-0.14517929557955764,0.08908716389976346,False,False,-0.020719816899716286,-0.022612163999903033,0.04650380995235797,False,-0.0030037291323739695,0.08476556891440451,UT
148,Feb 26,Core Accumulation,48,-0.027397709620841697,-0.02842164367813723,0.056595292849159304,-0.14161222937645584,0.08476894202018137,False,False,-0.021244097788258625,-0.022749282739503534,0.044902398989297355,False,-0.006208160362676185,0.08977647851264148,UT
149,Feb 27,Core Accumulation,48,-0.02147210038107118,-0.02121754681442922,0.05858624536788809,-0.1383900375502054,0.09595494392134696,False,False,-0.01668713436205722,-0.017433599696691678,0.04632169808207053,False,-0.010270026362354377,0.07834853293901847,UT
150,Feb 28,Core Accumulation,48,-0.022289972099404243,-0.022354340579026234,0.05833459547256658,-0.1390235315241594,0.09431485036610693,False,False,-0.01730993478396432,-0.01814102120340336,0.045938068377032404,False,-0.015135557202499761,0.0793555772072849,UT
151,Mar 01,Core Accumulation,48,-0.01967822602950072,-0.02016436299477469,0.05848661770577927,-0.13713759840633324,0.09680887241678385,False,False,-0.015216457261217089,-0.016503363085539277,0.04606851850170993,False,-0.013862597720941228,0.0776169664312305,UT
152,Mar 02,Core Accumulation,48,-0.026547868586691344,-0.024918647536006786,0.06035499172072173,-0.14562863097745024,0.09579133590543668,False,False,-0.020430791891203472,-0.019914541342463673,0.04728824800601346,False,-0.009232662556315736,0.08170716445563084,UT
153,Mar 03,Core Accumulation,48,-0.018569055473249937,-0.019441753552710023,0.06153279230579338,-0.14250733816429678,0.10362383105887674,False,False,-0.014276790588035286,-0.01578483655652048,0.04802241118556286,False,0.002734855078053877,0.07417881169265479,UT
154,Mar 04,Core Accumulation,48,-0.011990554093902366,-0.009066053912250403,0.06127413753580398,-0.13161432898385836,0.11348222115935755,False,False,-0.009208989409970504,-0.007704177753302144,0.04797994871920013,False,0.011607107322381884,0.07513249195972484,UT
155,Mar 05,Core Accumulation,48,-0.005034447695958342,-0.0055128930053546165,0.06203447518208236,-0.12958184336951933,0.11855605735881011,False,False,-0.0038638007195126896,-0.004889470058858809,0.048461497514271465,False,0.010460525361200165,0.06584173687660569,UT
156,Mar 06,Core Accumulation,48,-0.004011178166139121,-0.0035367755765071244,0.06248771702768687,-0.12851220963188087,0.12143865847886662,False,False,-0.0030756637386672374,-0.003306437884850903,0.04867572985697276,False,0.00970487091935502,0.06114349041867474,UT
157,Mar 07,Core Accumulation,48,-0.001882485865669685,-0.002307391457258782,0.06432744129567881,-0.1309622740486164,0.12634749113409885,False,False,-0.001440783726630473,-0.0023645077936825603,0.04988762207596857,False,0.013046375682750834,0.06287439657704227,UT
158,Mar 08,Core Accumulation,48,0.003790046120490951,0.006389155756033238,0.06280747249715153,-0.11922578923826982,0.1320041007503363,False,False,0.002895624571406647,0.004426171215305935,0.04850352525094921,False,0.017692955268784935,0.0567391853906548,UT
159,Mar 09,Late Accumulation,48,-0.0014105428647406403,-0.0013797644556432834,0.06328113193795133,-0.12794202833154594,0.12518249942025939,False,False,-0.0010739063407303776,-0.0017667223009214137,0.04885816386132001,False,0.01574748131789007,0.06848038452627547,UT
160,Mar 10,Late Accumulation,48,-0.005724389266798197,-0.005128435187773674,0.06302804583785422,-0.13118452686348211,0.12092765648793477,False,False,-0.004352178883859106,-0.004558972166057062,0.04860534117611708,False,0.01286817720857674,0.07962647619569595,UT
161,Mar 11,Late Accumulation,48,-0.005257458418793951,-0.006929667136151599,0.060700790581707464,-0.12833124829956652,0.11447191402726332,False,False,-0.003982762320693568,-0.00593700764505283,0.04641708157962823,False,0.013159687164654377,0.07898340068985105,UT
162,Mar 12,Late Accumulation,48,-0.00846348886270562,-0.007324332419022895,0.06294186605384743,-0.13320806452671774,0.11855939968867196,False,False,-0.0064230898047012,-0.006307882209224349,0.04850087865560177,False,0.01495037254366944,0.08438643351205088,UT
163,Mar 13,Late Accumulation,48,-0.004201157777773747,-0.004574257878788496,0.06186306849158553,-0.12830039486195954,0.11915187910438256,False,False,-0.0031798909999579644,-0.004193215764693659,0.04757282970660311,False,0.018066837617677287,0.07904846486337147,UT
164,Mar 14,Late Accumulation,48,-0.009588217907697127,-0.010620218932879861,0.06323729871420684,-0.13709481636129356,0.11585437849553383,False,False,-0.007262934392483954,-0.008699994766295842,0.048171632117896254,False,0.012010036999733603,0.08884886307612341,UT
165,Mar 15,Late Accumulation,48,-0.006105385957004922,-0.006056705152905239,0.06419426203803816,-0.13444522922898156,0.12233181892317108,False,False,-0.004622439269279364,-0.0054643614428616216,0.049137054912494295,False,0.013579663729842581,0.0962096645604195,UT
166,Mar 16,Late Accumulation,48,-0.0078091348072119445,-0.006369049716370074,0.06516211496278898,-0.13669327964194802,0.12395518020920789,False,False,-0.005903591170586425,-0.0058268624915420765,0.04980001925587671,False,0.01735958282465553,0.10577143494992886,UT
167,Mar 17,Late Accumulation,48,-0.003479782774318186,-0.0009461246875439003,0.065149353806997,-0.1312448323015379,0.1293525829264501,False,False,-0.002635899479693854,-0.00164449385920219,0.04987852104841382,False,0.021088527798841072,0.10510927788748424,UT
168,Mar 18,Late Accumulation,48,-0.0019629025586736307,-0.002368229813955544,0.06445358060649836,-0.13127539102695227,0.12653893139904118,False,False,-0.0014825742398224245,-0.002626378930490454,0.04930318813124974,False,0.02408615810324167,0.11166312863089202,UT
169,Mar 19,Late Accumulation,48,-0.003306576920812624,-0.002452211628770003,0.06505744626412746,-0.1325671041570249,0.12766268089948493,False,False,-0.002488224579643454,-0.0030266740517173674,0.0494841560059974,False,0.02342428319698664,0.12118780766397987,UT
170,Mar 20,Late Accumulation,48,-0.009311793944030897,-0.012028176233699284,0.0655052047897615,-0.1430385858132223,0.11898223334582372,False,False,-0.007006560154395257,-0.01024513965226972,0.05007500088535703,False,0.023807416197678254,0.1344134394749349,UT
171,Mar 21,Late Accumulation,48,-0.014201525466721066,-0.01385510998265208,0.06513139556977146,-0.144117901122195,0.11640768115689085,False,False,-0.010720736541806528,-0.011446937053223171,0.04960225048203522,False,0.030870768360195186,0.14461660076222108,UT
172,Mar 22,Late Accumulation,48,-0.015995253439492985,-0.014314846590237707,0.06460032605491613,-0.14351549870006997,0.11488580551959454,False,False,-0.012095327826489255,-0.011442290593362145,0.049123642717913966,False,0.033143855288859506,0.15000075365988125,UT
173,Mar 23,Late Accumulation,48,-0.007411209294971091,-0.00642764716144646,0.06377060078992472,-0.1339688487412959,0.12111355441840298,False,False,-0.005621176446618715,-0.005830888613774302,0.04826734969174503,False,0.04763558810840114,0.1503756788218248,UT
174,Mar 24,Late Accumulation,48,0.005327304358836184,0.005438251886634971,0.06445237794248114,-0.12346650399832731,0.13434300777159724,False,False,0.0040572844229471786,0.003229222324123247,0.04948996372037818,False,0.06775876888168088,0.1472489031707333,UT
175,Mar 25,Late Accumulation,48,0.011486684286361156,0.010535114281942046,0.06340712369568055,-0.11627913310941905,0.13734936167330314,False,False,0.008796562233211042,0.007205101643594285,0.048808845505848845,False,0.07578161337870057,0.1499122157156096,UT
176,Mar 26,Late Accumulation,48,0.01690737026029494,0.015698007108930056,0.06437227574913079,-0.11304654438933152,0.14444255860719163,False,False,0.012929094470809257,0.011105243604124806,0.0489436520003914,False,0.08370679908503213,0.1506810547169706,UT
177,Mar 27,Late Accumulation,48,0.02859325346930853,0.030243126821914323,0.06481065608898275,-0.09937818535605117,0.15986443899987982,False,False,0.021896070034610086,0.022205478129462705,0.04960238405589781,False,0.08828187829578533,0.14826016843568807,UT
178,Mar 28,Late Accumulation,48,0.0411086665236975,0.04192756016199315,0.06541981582778103,-0.08891207149356892,0.1727671918175552,False,False,0.03156055961511078,0.031189981452906593,0.0496520179608704,False,0.09673535939711883,0.14547662806895933,UT
179,Mar 29,Late Accumulation,48,0.04772929294313948,0.049644972854319805,0.06708788079326776,-0.08453078873221571,0.18382073444085534,False,False,0.036693184737108316,0.03710290347200507,0.0511804644460304,False,0.10123840614358799,0.1485635175730236,UT
180,Mar 30,Late Accumulation,48,0.05629707169312677,0.05485297557947606,0.06495186342400452,-0.07505075126853299,0.1847567024274851,False,False,0.043426676062659895,0.041195524596926214,0.04917273470790691,False,0.10368429181257155,0.14232143939079733,UT
181,Mar 31,Late Accumulation,48,0.06113600266904239,0.06078476079076549,0.06778094819562086,-0.07477713560047623,0.19634665718200722,False,False,0.047324098606087286,0.04598445504433412,0.05166409758062849,False,0.11225875040913955,0.1394245537867458,UT
182,Apr 01,Late Accumulation,48,0.06578146497988079,0.06371995319703619,0.06676723872748745,-0.06981452425793871,0.1972544306520111,False,False,0.05097578922516503,0.048209485661335566,0.05077742237848511,False,0.11398069318666154,0.12627712543803768,UT
183,Apr 02,Late Accumulation,48,0.06391266006864553,0.06444353248029008,0.0652240803686125,-0.06600462825693493,0.1948916932175151,False,False,0.04959642178089175,0.04883724666074483,0.04967329957303975,False,0.10865066670070617,0.12334910524447286,UT
184,Apr 03,Late Accumulation,48,0.05882069987990666,0.06244211895225339,0.06460524956015723,-0.06676838016806107,0.19165261807256784,False,False,0.04585480700666086,0.04741276561976703,0.04938117400622149,False,0.10395097630059333,0.12851069650508865,UT
185,Apr 04,Late Accumulation,48,0.05636914560380017,0.05986386879909096,0.06612881987086232,-0.07239377094263368,0.1921215085408156,False,False,0.044159855121925426,0.045382058479314084,0.050541808460589414,False,0.10040243408589325,0.1296441363739152,UT
186,Apr 05,Late Accumulation,48,0.058605362354808614,0.06007678320505912,0.06716953275200155,-0.07426228229894398,0.1944158487090622,False,False,0.04609121642545718,0.04572748750924078,0.051982217513696756,False,0.10143740764920643,0.12585805938097805,UT
187,Apr 06,Late Accumulation,48,0.05978080645822826,0.06036623722891415,0.06612889294740609,-0.07189154866589803,0.19262402312372634,False,False,0.047113269009589814,0.04595584655969415,0.05113532309665701,False,0.09891222762018023,0.1279947902637758,UT
188,Apr 07,Late Accumulation,48,0.05760608389186745,0.059231620830683555,0.06880891833860545,-0.07838621584652733,0.19684945750789445,False,False,0.04543931838705255,0.04501439464934379,0.053056497625058666,False,0.0913493436879599,0.13317706947249147,UT
189,Apr 08,Late Accumulation,48,0.055006931769527416,0.055331591801760616,0.0644406962149737,-0.07354980062818678,0.184212984231708,False,False,0.04350885579903508,0.042442158041679445,0.05017172927626157,False,0.08326653404980719,0.1244880280111575,UT
190,Apr 09,Late Accumulation,48,0.05434373129160556,0.05432245472368096,0.06909611072726649,-0.083869766730852,0.19251467617821394,False,False,0.0431952084006049,0.04182099957414193,0.05425284731264175,False,0.08165510668203703,0.11444534182249608,UT
191,Apr 10,Late Accumulation,48,0.05760827654535944,0.0559284758941933,0.07099458930439762,-0.08606070271460192,0.19791765450298854,False,False,0.045959069943958084,0.043281101175468635,0.055950823817078624,False,0.0837745464847102,0.10204400628746688,UT
192,Apr 11,Late Accumulation,48,0.05430841325938407,0.054739542314005525,0.07309114757220157,-0.09144275283039763,0.20092183745840866,False,False,0.0434557987918186,0.04263774057529307,0.05818004943236013,False,0.07962795535921999,0.10623497021712933,UT
193,Apr 12,Late Accumulation,48,0.05720171511981937,0.05877554072482031,0.07348416857471189,-0.08819279642460348,0.20574387787424409,False,False,0.04595884434343653,0.04591045430125872,0.05855895244744092,False,0.07758009311720007,0.10926506439083604,UT
194,Apr 13,Late Accumulation,48,0.05374435812191738,0.0538462855175816,0.07409609199390244,-0.09434589847022326,0.20203846950538648,False,False,0.04319079814002118,0.04189191397474611,0.0589321226255177,False,0.06929758686139922,0.11360573437929605,UT
195,Apr 14,Late Accumulation,48,0.05137904024891725,0.04856664258110279,0.07574050416746916,-0.10291436575383553,0.20004765091604113,False,False,0.04136359129879646,0.038016072021297226,0.06111906520766518,False,0.06660710728844596,0.12147031260639332,UT
196,Apr 15,Late Accumulation,48,0.05064380878171778,0.05042309139091934,0.07411604279251141,-0.09780899419410348,0.19865517697594215,False,False,0.04085293988524394,0.03957717497688213,0.0597093643903462,False,0.06521610956879566,0.1309650523895144,UT
197,Apr 16,Late Accumulation,48,0.06612260621383685,0.06730770120483874,0.07547304079369577,-0.0836383803825528,0.2182537827922303,False,False,0.05334405883658906,0.05322075291758008,0.06060644347771473,False,0.08262711031969713,0.1188399994219244,UT
198,Apr 17,Late Accumulation,48,0.07498389042201249,0.06954316886838965,0.07744859143640712,-0.08535401400442458,0.2244403517412039,False,False,0.06046879712206801,0.0551744287425959,0.06226843390763553,False,0.0916123791830558,0.10884011867574832,UT
199,Apr 18,Melt Onset,48,0.08188133515414825,0.08114634660808726,0.07802020016682487,-0.07489405372556249,0.237186746941737,False,False,0.06606782951653452,0.06433789256266349,0.06256092477715304,False,0.09654715252581986,0.10110396904200758,UT
200,Apr 19,Melt Onset,48,0.0851297037213046,0.08641600477231308,0.07888366436956597,-0.07135132396681886,0.244183333511445,False,False,0.06845034395879847,0.06851211211748091,0.06302435892446914,False,0.09915354717841383,0.09866400659286886,UT
201,Apr 20,Melt Onset,48,0.08268483673227346,0.08365017564252925,0.07970263523331991,-0.07575509482411058,0.24305544610916907,False,False,0.06622021648757234,0.06586739646486638,0.06342936785518093,False,0.09558822463754148,0.10804148930615409,UT
202,Apr 21,Melt Onset,48,0.07848864097433467,0.08022518719756092,0.07915707885034431,-0.07808897050312771,0.23853934489824954,False,False,0.06269766136487541,0.06307672710514634,0.06268803262115494,False,0.09769797414266831,0.11560627799862742,UT
203,Apr 22,Melt Onset,48,0.07238418507267129,0.07457730317118871,0.08197031166023952,-0.08936332014929033,0.23851792649166775,False,False,0.057427564391937226,0.05841227111609768,0.06502362428767826,False,0.10160477657257745,0.1226852180585431,UT
204,Apr 23,Melt Onset,48,0.05899073576885289,0.0569316810785767,0.08065656928930703,-0.10438145750003737,0.21824481965719078,False,False,0.0466935334569124,0.044277837929224066,0.06379127644801875,False,0.08970051810781027,0.1281832047932683,UT
205,Apr 24,Melt Onset,48,0.053468082299832895,0.05539021748989401,0.07886970691300395,-0.10234919633611389,0.2131296313159019,False,False,0.042328571983975466,0.04288607977520509,0.06184378240732501,False,0.08599622145306995,0.12824398562574532,UT
206,Apr 25,Melt Onset,48,0.039441580173040565,0.041538774464309064,0.08118317901377846,-0.12082758356324785,0.20390513249186598,False,False,0.03125418164622218,0.03159873835978097,0.06398592381969964,False,0.06880996850546789,0.14042318072673374,UT
207,Apr 26,Melt Onset,48,0.04146757356405865,0.04040911879393398,0.08290356622678609,-0.1253980136596382,0.20621625124750614,False,False,0.032659812246987815,0.030495954634902414,0.06491127829419523,False,0.05982301083942155,0.1387189726406793,UT
208,Apr 27,Melt Onset,48,0.04096850601696332,0.04245748268118068,0.08621907336881716,-0.12998066405645364,0.21489562941881502,False,False,0.032084531259766604,0.032018264835828474,0.06698169459668875,False,0.050940449380650225,0.13901113751670258,UT
209,Apr 28,Melt Onset,48,0.04829222884029657,0.04738652241559573,0.08663451343559567,-0.1258825044555956,0.22065554928678707,False,False,0.038207371630686604,0.03593166569937099,0.06752229617492529,False,0.05195125062371213,0.12792312315091947,UT
210,Apr 29,Melt Onset,48,0.059715530581794664,0.05901014754335517,0.08585369167903317,-0.11269723581471117,0.23071753090142152,False,False,0.04721340702291366,0.04517369233687954,0.06695689426278763,False,0.05291712446174682,0.11488033604003874,UT
211,Apr 30,Melt Onset,48,0.07308111741395003,0.07335355180281075,0.08970873874320887,-0.10606392568360698,0.25277102928922845,False,False,0.05790141103543472,0.05695043445613951,0.07037123623542553,False,0.06267592187073373,0.09835937238605283,UT
212,May 01,Melt Onset,48,0.08179117517354592,0.0795759850420973,0.08962856458679845,-0.0996811441314996,0.2588331142156942,False,False,0.0641936550713256,0.061508106348091826,0.06933300014284087,False,0.07058882714124655,0.08846788969504733,UT
213,May 02,Melt Onset,48,0.08274767113163782,0.08196296838701142,0.08943085266012425,-0.09689873693323708,0.2608246737072599,False,False,0.06598553143498598,0.06444124401657599,0.06979645206489109,False,0.07751513121014268,0.0864228784717602,UT
214,May 03,Melt Onset,48,0.0747575656321045,0.07211326838994284,0.09303589264847498,-0.11395851690700712,0.2581850536868928,False,False,0.05964140967392117,0.05695857466065562,0.07333789059229277,False,0.08005095661793428,0.10289731314624657,UT
215,May 04,Melt Onset,48,0.07328388859572546,0.07407733607036734,0.09133584452320524,-0.10859435297604314,0.25674902511677783,False,False,0.05819404903174571,0.058004469115103666,0.07119932860140167,False,0.08093670398861143,0.1108945247208306,UT
216,May 05,Melt Onset,48,0.07664334868630383,0.07444986718807388,0.0910421476729893,-0.10763442815790471,0.2565341625340525,False,False,0.06070601619793155,0.058418378460294774,0.07078814806820415,False,0.0850189585974336,0.11095427488262698,UT
217,May 06,Melt Onset,48,0.09400265666089401,0.0933225220455553,0.09248247035496711,-0.09164241866437892,0.27828746275548955,False,False,0.07463807057731119,0.0742115857266968,0.07270576526975517,False,0.09929002354638133,0.09485345580076938,UT
218,May 07,Melt Onset,48,0.11309978654028442,0.11146384633742579,0.0934673781773507,-0.0754709100172756,0.29839860269212715,False,False,0.08973763102534578,0.08808851263230162,0.07300083516770041,False,0.11727745483191197,0.07144453142014988,UT
219,May 08,Melt Onset,48,0.12767963908529137,0.12419580974634864,0.09126658543296998,-0.05833736111959131,0.3067289806122886,False,False,0.10055517335060402,0.09727982951288083,0.07062166189139431,False,0.1301625970423835,0.05553649211934203,UT
220,May 09,Melt Onset,48,0.13271008737917608,0.1315911332377611,0.09310636531954068,-0.054621597401320277,0.31780386387684245,False,False,0.10373514000515563,0.10265552462654699,0.07147437579606707,False,0.13655530005241578,0.049185470474063964,UT
221,May 10,Melt Onset,48,0.13801040695998007,0.13671402054806525,0.09457284033909798,-0.0524316601301307,0.3258597012262612,False,False,0.10629579401889626,0.10579252951035192,0.07224693630371419,False,0.14228251515254067,0.04147169503681304,UT
222,May 11,Melt Onset,48,0.15351650449472642,0.14833521679145997,0.09748764345579768,-0.04664007012013538,0.3433105037030553,False,False,0.11945340896722234,0.1158601444069584,0.07495834477473248,False,0.16096813722783465,0.023806264541341896,UT
223,May 12,Melt Onset,48,0.17028788572407666,0.168814270735374,0.09632322648234767,-0.023832182229321347,0.3614607237000693,False,False,0.1338829518027164,0.13344354221936844,0.07551409424855311,False,0.18360866757572364,0.012194159504099716,UT
224,May 13,Melt Onset,48,0.18584325643185656,0.18033187026020311,0.09970340904238942,-0.019074947824575722,0.3797386883449819,False,False,0.14613998021929073,0.14322221355063702,0.07876670718318395,False,0.20450750372194898,0.004085700173948013,UT
225,May 14,Melt Onset,48,0.1970255629262001,0.19428111834787687,0.10015343504194123,-0.006025751736005586,0.39458798843175935,False,False,0.15411261434478019,0.15407712016383737,0.07998569294782436,False,0.22001320965711124,-0.006966185722128884,UT
226,May 15,Melt Onset,48,0.21357070526457766,0.20720921921516147,0.10546725399279655,-0.0037252887704316284,0.41814372720075454,False,False,0.16567044806724407,0.16415397785289468,0.08522860801701286,False,0.2377050484982169,-0.019535116045904827,UT
227,May 16,Melt Onset,48,0.22100773994760656,0.21153125507776052,0.10525104679223306,0.001029161493294406,0.42203334866222664,True,False,0.171999988609526,0.16904534672025054,0.08646338246691194,False,0.250098672809958,-0.029464889560485125,UT
228,May 17,Melt Onset,48,0.22042788073732325,0.21091509141408607,0.1114964493116159,-0.012077807209145724,0.43390799003731784,False,False,0.17008032490624808,0.16780403340943514,0.08979825255603348,False,0.24581670076614584,-0.04202317890913903,UT
229,May 18,Melt Onset,48,0.21292298926285344,0.2050219620931739,0.11118676150998016,-0.01735156092678644,0.4273954851131342,False,False,0.1656724106179429,0.1635434312703418,0.08832380832066387,False,0.24556286083481083,-0.03682780335058977,UT
230,May 19,Melt Onset,48,0.2119341481254011,0.20458287483211904,0.11621224217636977,-0.02784160952062051,0.43700735918485856,False,False,0.1680209470771416,0.16678662378502324,0.0934804806232872,False,0.25788491172288747,-0.030136880023227737,UT
231,May 20,Melt Onset,48,0.20970547903429995,0.20431210923025572,0.12058630926432534,-0.03686050929839496,0.4454847277589064,False,False,0.16699413560702023,0.16714294815613562,0.09584882655841354,False,0.25672549193760663,-0.02861195306908114,UT
232,May 21,Melt Onset,48,0.22035703323840514,0.21017277797854667,0.11757841466342346,-0.024984051348300257,0.4453296073053936,False,False,0.17398810822841598,0.17100541959190457,0.09402140569646712,False,0.26949147589491074,-0.038710855667615236,UT
233,May 22,Melt Onset,48,0.22820338050498598,0.2194289472801883,0.12071717322186759,-0.02200539916354688,0.4608632937239235,False,False,0.1767496166225862,0.17489267042074733,0.09631941569275013,False,0.2764822902799641,-0.045017855239487134,UT
234,May 23,Melt Onset,48,0.23025893691457222,0.21540638491232467,0.12853152427355383,-0.04165666363478299,0.4724694334594323,False,False,0.17519456199170477,0.16800314395992194,0.09980221507341282,False,0.2785718381769957,-0.045083630261363576,UT
235,May 24,Melt Onset,48,0.23645326583971205,0.23035185529910202,0.1233832865269546,-0.016414717754807184,0.4771184283530112,False,False,0.18073134972000648,0.17972048991544398,0.09614107652207667,False,0.29431513617568106,-0.05568027691673251,UT
236,May 25,Melt Onset,48,0.2286762594921908,0.21900366465414864,0.12646193174325943,-0.03392019883237021,0.4719275281406675,False,False,0.17530639193399136,0.17105856637076947,0.09748599250651702,False,0.2886004514701561,-0.05015075729862486,UT
237,May 26,Melt Onset,48,0.2455378276693903,0.2399556930018084,0.12047100227390638,-0.0009863115460043426,0.4808976975496212,False,False,0.18872050312738026,0.18768227096403325,0.09490805185462284,False,0.3084345629162082,-0.05748488033967757,UT
238,May 27,Melt Onset,48,0.24783626030707762,0.23884116007583694,0.1147915873503636,0.009257985375109745,0.46842433477656414,True,False,0.18901723667450993,0.18707110673963864,0.09165629157348486,True,0.3152132781859422,-0.05927735096504888,UT
239,May 28,Melt Onset,48,0.2260507293510185,0.22218041819076167,0.1235657664561528,-0.024951114721543932,0.4693119511030673,False,False,0.17074944415038676,0.1701566983484133,0.09208782347265337,False,0.29138321788941235,-0.04380677107270338,UT
240,May 29,Melt Onset,48,0.2012623539726139,0.19891803771311578,0.12967606853630323,-0.06043409935949068,0.45827017478572224,False,False,0.1508082923119768,0.14922500146704515,0.090483592668347,False,0.2693621856494011,-0.02915088090804971,UT
241,May 30,Melt Onset,48,0.19121469228328433,0.19181342620627828,0.1328445062772427,-0.07387558634820712,0.4575024387607637,False,False,0.13781070833770465,0.13551511833482488,0.08617210333435579,False,0.25548718959707717,-0.021670287962389068,UT
242,May 31,Melt Onset,48,0.19651818090937836,0.19615869298398134,0.12882773417875126,-0.06149677537352119,0.4538141613414839,False,False,0.14321131642514157,0.1413877299630575,0.08594387047864493,False,0.2567872213961186,-0.024021044889117757,UT
243,Jun 01,Melt Onset,48,0.1928991249144268,0.1998374520217472,0.13831123352405778,-0.07678501502636836,0.47645991906986274,False,False,0.14126522712349698,0.1424823388950246,0.08983153273375613,False,0.2477832944753712,-0.022256664251136066,UT
244,Jun 02,Melt Onset,48,0.18516744363843274,0.19133186167448263,0.13159509907823924,-0.07185833648199585,0.4545220598309611,False,False,0.14158127123981518,0.14518673432883686,0.09183468205002239,False,0.2635188230147961,-0.012990799319501117,UT
245,Jun 03,Melt Onset,48,0.19368982709920185,0.1979422716199481,0.13051442124214657,-0.06308657086434505,0.45897111410424124,False,False,0.14784654695026997,0.14928461964377754,0.0909963118189764,False,0.27791409056391037,-0.019825786132406917,UT
246,Jun 04,Melt Onset,48,0.16000650240921394,0.15655846765157838,0.13743963316789998,-0.11832079868422157,0.43143773398737834,False,False,0.117187302881363,0.11320817844890778,0.09146232443303841,False,0.24251147199828121,0.012449697231161773,UT
247,Jun 05,Melt Onset,48,0.16525640537771588,0.158426831540186,0.1304797670738428,-0.10253270260749958,0.4193863656878716,False,False,0.12296818563988093,0.12159691213738436,0.09199882050971306,False,0.24934848901629017,0.01657444401922553,UT
248,Jun 06,Melt Onset,48,0.20431534592794745,0.19766772436376584,0.1328743720953137,-0.06808101982686154,0.4634164685543932,False,False,0.15348986758609637,0.1514674662256835,0.09602293410462735,False,0.2924196128079876,-0.026033204648058944,UT
249,Jun 07,Melt Onset,48,0.19385009491759678,0.19609870595591025,0.1241650516038369,-0.05223139725176354,0.44442880916358407,False,False,0.1278031789599298,0.12989257179229388,0.07776202307358059,False,0.2682604383044003,-0.00997535121833669,UT
250,Jun 08,,48,0.19667483691620516,0.19335468609537623,0.11192972655373733,-0.03050476701209842,0.4172141392028509,False,False,0.13076189511780784,0.1294363497153706,0.07222104275939693,False,0.2901336318507431,-0.02958538960972079,UT
251,Jun 09,,48,0.19525535122670612,0.1929816680150734,0.1151872318232367,-0.037392795631399994,0.42335613166154684,False,False,0.12624410300120023,0.12485916478555065,0.0706393750574291,False,0.28034919707612327,-0.016959347911374434,UT
252,Jun 10,,48,0.15609764967751183,0.1584467198456457,0.12349629104213085,-0.08854586223861599,0.4054393019299074,False,False,0.11416749244488222,0.11288911810017462,0.08005701793295286,False,0.25554544865508205,0.002403966970226795,UT
253,Jun 11,,48,0.160155627008977,0.1603518253568879,0.1246989200913096,-0.0890460148257313,0.4097496655395071,False,False,0.11198903071399925,0.10941093760382566,0.07731898408878317,False,0.2618236411963627,0.00028222758308762974,UT
254,Jun 12,,48,0.1832092999351657,0.18732314722124951,0.12599063553893858,-0.06465812385662764,0.4393044182991267,False,False,0.11971374465332633,0.1180279452324263,0.07082593494863572,False,0.25048989800731014,-0.009058638804693889,UT
255,Jun 13,,48,0.15065512670735037,0.16323645373408258,0.13796330268803136,-0.11269015164198015,0.4391630591101453,False,False,0.09712390575294133,0.09781975347136836,0.07204743355663812,False,0.21706938782768026,0.012530956498307377,UT
256,Jun 14,,48,0.13136082010555708,0.13507348008389408,0.13310191298780522,-0.13113034589171635,0.4012773060595045,False,False,0.09691819341769324,0.09407452827116863,0.08315522817669237,False,0.22432092080623564,0.03222046382631265,UT
257,Jun 15,,48,0.15445650650282394,0.162403840015002,0.13487491785988062,-0.10734599570475925,0.43215367573476327,False,False,0.11125808788654722,0.1116353010857847,0.08332827389983766,False,0.2352408196126526,0.020307687570193383,UT
258,Jun 16,,48,0.29164900685594103,0.28356634447327644,0.12696040883968693,0.029645526793902588,0.5374871621526502,True,False,0.17811045265843425,0.17493589098946413,0.08010502763307165,True,0.2513181147530785,-0.0315678553173992,UT
259,Jun 17,,48,0.3007300244565336,0.2966773417764232,0.11987797483145449,0.05692139211351421,0.5364332914393322,True,False,0.19315405113268586,0.19628225430461949,0.08471977101985351,True,0.25659407331154266,-0.059205854074264576,UT
260,Jun 18,,48,0.2457123659919476,0.2479988252342162,0.12954103834027142,-0.01108325144632663,0.5070809019147591,False,False,0.15795392116812776,0.15783151802003387,0.0766145073272294,True,0.24358647677066006,-0.025182941664273796,UT
261,Jun 19,,48,0.09403483731856259,0.12016637034089485,0.14416610391085755,-0.16816583748082026,0.4084985781626099,False,False,0.0661319541196078,0.06815775042122113,0.07051173652282625,False,0.1790416190305699,0.04658076499898839,UT
262,Jun 20,,48,0.08053299297904486,0.10288444839127428,0.1370695710173967,-0.1712546936435191,0.3770235904260677,False,False,0.060185528723761324,0.06201268622228806,0.07230903070163099,False,0.18973122152648964,0.04258252415238167,UT
263,Jun 21,,48,0.08336979817250287,0.10485205271645834,0.14329712801596287,-0.1817422033154674,0.39144630874838404,False,False,0.0623348928994565,0.061065153926741486,0.0744814835342441,False,0.19479539150101105,0.04314678923946383,UT
264,Jun 22,,48,0.08209364799417024,0.10003068707674644,0.1361667028363062,-0.17230271859586593,0.37236409274935883,False,False,0.06046458635083367,0.05975431779807334,0.07094775349128028,False,0.1932635752097449,0.036262902023273175,UT
265,Jun 23,,48,0.10609277099820912,0.1265388634754202,0.1402022586783798,-0.15386565388133938,0.4069433808321798,False,False,0.06717737780964013,0.06631268432117532,0.06115424724830281,False,0.2071118523428534,0.0071863348743248096,UT
266,Jun 24,,48,0.1262082088155506,0.1373642826229377,0.12070011757956736,-0.10403595253619702,0.37876451778207243,False,False,0.07719048576634374,0.07638689213951809,0.05476892962489925,False,0.2290907424455252,-0.01385685497501253,UT
267,Jun 25,,48,0.06256496573353655,0.08168763445699612,0.13475707887568739,-0.18782652329437866,0.3512017922083709,False,False,0.04227416523924696,0.04195689833863679,0.0630939672898498,False,0.1703629808073049,0.05000221791084518,UT
268,Jun 26,,48,0.03930121934914876,0.06171085370612303,0.1363977349929732,-0.21108461627982336,0.33450632369206945,False,False,0.027227343829917844,0.026672995071269235,0.06263721440877472,False,0.16987527408497746,0.04500477335030097,UT
269,Jun 27,,48,0.013153162064374046,0.04544386363185769,0.15366294729893337,-0.26188203096600904,0.35276975822972445,False,False,0.009493345689441705,0.007935310646878448,0.06759446046691994,False,0.1448527174095762,0.07444214000398938,UT
270,Jun 28,,48,-0.0011928288185436378,0.036773473542333304,0.1630852033031239,-0.2893969330639145,0.3629438801485811,False,False,-0.0009249007168722364,-0.0009588588643880357,0.07602151583022229,False,0.11192396144056088,0.09225963845432221,UT
271,Jun 29,,48,-0.02044932948791944,0.015555374701043508,0.15737163840593096,-0.2991879021108184,0.33029865151290544,False,False,-0.015817559283017084,-0.016245694331395655,0.07465846495268921,False,0.09345733779077822,0.09871958422806712,UT
272,Jun 30,,48,0.04259739584121731,0.07078087200083824,0.15058904223192418,-0.23039721246301012,0.3719589564646866,False,False,0.02774460264005272,0.027106835290728496,0.0618153874128346,False,0.14015962534606283,0.03842492116216037,UT
273,Jul 01,,48,-0.013681148709562512,0.017566180113500914,0.14992181663098836,-0.2822774531484758,0.31740981337547763,False,False,-0.009673573223952521,-0.00981720556533908,0.06553974727548367,False,0.08014879513166796,0.06875546541824178,UT
274,Jul 02,,48,0.0305327737036903,0.04845914162115635,0.13160849541553712,-0.2147578492099179,0.3116761324522306,False,False,0.02295627300288031,0.023658993027106376,0.06547451530244396,False,0.15218009561526052,0.03731253294443544,UT
275,Jul 03,,48,0.03825764025924556,0.052572447599290056,0.12771600387895402,-0.20285956015861797,0.3080044553571981,False,False,0.02760257899881741,0.027429860791386523,0.05813112319962757,False,0.15591272641481324,0.02191476159813731,UT
276,Jul 04,,48,0.032465982639837306,0.04258454622278338,0.11408184299494387,-0.18557913976710436,0.27074823221267114,False,False,0.02119289022033578,0.022139664397292407,0.05339473463157463,False,0.12130877552459936,0.010065898873062445,UT
277,Jul 05,,48,0.026871295317852092,0.04194930913799131,0.13086157259050502,-0.21977383604301873,0.30367245431900136,False,False,0.019165580994058403,0.01982978748070409,0.058883684457275286,False,0.14568265649405393,0.023199545964598653,UT
278,Jul 06,,37,0.04290970695098405,0.05185416979230662,0.11563956058920623,-0.17942495138610584,0.2831332909707191,False,False,0.03612998235126718,0.04241879571582268,0.07414232013298405,False,0.26244646026974633,0.0431257156662015,UT
279,Jul 07,,37,0.08426365665053862,0.07668391990764283,0.10006131985003974,-0.12343871979243666,0.2768065596077223,False,False,0.07626991164616877,0.07939913015171755,0.07290229491702019,False,0.33865181174543174,-0.008980722610767081,UT
280,Jul 08,,37,0.09651484171955374,0.09231225916498545,0.09845372671300961,-0.10459519426103378,0.28921971259100465,False,False,0.08676235851681023,0.09006374492663219,0.06878988880243266,False,0.35057870472470926,-0.022543030595168094,UT
343,Sep 09,,48,0.08715950571382163,0.07770091493903726,0.059791457123880995,-0.04188199930872473,0.19728382918679926,False,False,0.06995071887116767,0.07269511415519915,0.04422562690441241,False,0.23040845903383828,-0.1123227495197186,UT
344,Sep 10,,48,0.018002126802999677,0.016804724727194315,0.0639730449756216,-0.1111413652240489,0.14475081467843753,False,False,0.011836181733131645,0.014045885725486243,0.036989556574405676,False,0.09920032984754515,-0.03377425304303569,UT
345,Sep 11,,48,-0.11488681711584268,-0.09542286848900043,0.08456342612498345,-0.2645497207389673,0.07370398376096647,False,False,-0.08458634400685706,-0.0831974907855783,0.056190259763773995,False,-0.048485221638649434,0.17178922553697165,UT
346,Sep 12,,48,-0.16769292538253555,-0.16492016511929347,0.052271728046634595,-0.2694636212125627,-0.06037670902602428,True,False,-0.1073615498718544,-0.10878363662561087,0.04545678140722684,True,-0.15210736924338908,0.17743337460394415,UT
347,Sep 13,,48,-0.07219382174990033,-0.08152847387880223,0.04810725110221967,-0.17774297608324158,0.014686028325637104,False,False,-0.04958676187016158,-0.05018401357058771,0.024065970094694508,True,-0.1363371282138608,0.0192981218622828,UT
348,Sep 14,,48,-0.06668973783987688,-0.07999742941879356,0.05540185185856048,-0.1908011331359145,0.0308062742983274,False,False,-0.04782326744669691,-0.04912350404978074,0.02623951071189033,False,-0.13911493647566286,0.020271883219141855,UT
349,Sep 15,,48,-0.12977878062723708,-0.12529192845820303,0.05212975027551284,-0.2295514290092287,-0.021032427907177353,True,False,-0.09304340060720452,-0.09517479387474191,0.04484658626281329,True,-0.1696438038365373,0.1667613401577995,UT
350,Sep 16,,48,-0.14910260041090032,-0.15017787799218585,0.03582970111576542,-0.22183728022371668,-0.07851847576065502,True,True,-0.11636732121849701,-0.11705777705515391,0.0517759187786391,True,-0.17517216818319936,0.2248996425289041,UT
351,Sep 17,,48,-0.22113888664631592,-0.22171917405612407,0.035833341894581906,-0.29338585784528787,-0.15005249026696027,True,True,-0.1399779289727554,-0.14139157252559745,0.044227727376822915,True,-0.18834922601577667,0.28538378879595677,UT
352,Sep 18,,48,-0.23686307140806426,-0.23597134099086697,0.038487474391250616,-0.3129462897733682,-0.15899639220836576,True,True,-0.14080496912940846,-0.14093174303725928,0.03950861162292962,True,-0.18983164898520938,0.2031660786757761,UT
353,Sep 19,,47,-0.2499042905606096,-0.25014991408718074,0.038169726975611606,-0.32648936803840395,-0.17381046013595752,True,True,-0.13842460220063366,-0.1396528386293615,0.04081549567739435,True,-0.17989586960026027,0.25534779674766067,UT
354,Sep 20,,47,-0.21625016132211777,-0.2146799845251993,0.057796157801698334,-0.330272300128596,-0.09908766892180262,True,False,-0.11361073065212768,-0.11340287897206389,0.036405219426907796,True,-0.10625280041710641,0.23243239833124874,UT
355,Sep 21,,47,-0.24295324990208167,-0.24353984969064996,0.034671642960579147,-0.31288313561180825,-0.17419656376949166,True,True,-0.13238958235658121,-0.13154271068739445,0.035524459107273816,True,-0.17415464690474836,0.2369116882479743,UT
356,Sep 22,,47,-0.20833808491988484,-0.2217869089375409,0.02764310619131896,-0.2770731213201788,-0.166500696554903,True,True,-0.14476744500133698,-0.14649316955298025,0.04563282414735853,True,-0.19319894431075052,0.27026391422327484,UT
357,Sep 23,,47,-0.021668287025093307,-0.025655998621856815,0.09502047026807216,-0.21569693915800114,0.16438494191428749,False,False,-0.012033069441001965,-0.014497709561568064,0.05059558688140287,False,-0.08792934773224953,0.02739538311302339,UT
358,Sep 24,,47,-0.07315782531692798,-0.07271238299262643,0.07033840095758016,-0.21338918490778674,0.0679644189225339,False,False,-0.04822529202107665,-0.04883855290948193,0.04514553138719571,False,-0.14282869276139185,-0.018446793673568676,UT
359,Sep 25,,47,-0.03347496653279281,-0.031914737562554786,0.07597592234763693,-0.18386658225782865,0.12003710713271909,False,False,-0.025390342454854567,-0.02873226845241305,0.05073955377683278,False,-0.1443986360801643,-0.07141474925042932,UT
360,Sep 26,,47,-0.06952067842980943,-0.0669557345806617,0.0479168266858372,-0.1627893879523361,0.028877918791012702,False,False,-0.054153387280823716,-0.054983957364634704,0.03654890545804384,False,-0.18126675937449818,-0.10377453880010505,UT
361,Sep 27,,47,-0.0890792554799792,-0.08819957035823237,0.029343997139121746,-0.14688756463647584,-0.029511576079988874,True,False,-0.06805329407166322,-0.06767709660789363,0.02950286262362415,True,-0.21165701409432708,-0.14186753008225245,UT
362,Sep 28,,47,-0.09613283391397484,-0.09698752492250833,0.027838792360245206,-0.15266510964299873,-0.04130994020201791,True,False,-0.0755594559652449,-0.07652996697039617,0.02786912263395505,True,-0.22101180062378034,-0.13548072910977227,UT
363,Sep 29,,47,-0.041231342854067446,-0.03956239688149291,0.036784058798203526,-0.11313051447789996,0.03400572071491414,False,False,-0.0316850015146352,-0.0321736325969347,0.02763701119851682,False,-0.12077792034555805,-0.1627319921207535,UT
364,Sep 30,,47,-0.0989187583050794,-0.10058228220999146,0.03249816083135675,-0.16557860387270495,-0.03558596054727796,True,False,-0.08085882726049046,-0.08113158135181481,0.0284851404855191,True,-0.20894213020407934,-0.06944322283769266,UT
0,Oct 01,,60,0.14061080586331093,0.13801793844476976,0.06580723051777461,0.006403477409220537,0.269632399480319,True,False,0.07213141004277371,0.07190792797016211,0.035068871675981536,True,0.12708589193192368,-0.029444472147665445,North (MT+ID)
1,Oct 02,,60,0.14330708443489273,0.14419717457624068,0.06489284056543727,0.01441149344536613,0.2739828557071152,True,False,0.07303254792012735,0.07420499136846197,0.03433882261863811,True,0.09059389827773622,-0.027600420157998514,North (MT+ID)
2,Oct 03,,60,0.13125217149118282,0.13511164254920877,0.06537176318367713,0.004368116181854509,0.265855168916563,True,False,0.060994865121481646,0.06274928361724823,0.03055918288262452,True,0.043301303753987115,-0.061674571224645924,North (MT+ID)
3,Oct 04,,60,0.14898899843206742,0.15043744285761904,0.0683034729645301,0.013830496928558839,0.28704438878667926,True,False,0.07176703672300955,0.07329893954870366,0.034347161074713105,True,0.07392552211717043,-0.05155966313621188,North (MT+ID)
4,Oct 05,,60,0.10707391604856668,0.10404849392546937,0.08207319822147637,-0.060097902517483356,0.2681948903684221,False,False,0.05202410211589416,0.051095608490838974,0.039610138647907175,False,0.0663806396424903,-0.032394728958655916,North (MT+ID)
5,Oct 06,,60,0.05613712770158962,0.052441332671127314,0.08624504229804318,-0.12004875192495905,0.22493141726721366,False,False,0.027859571941033275,0.025536238999767747,0.041071026222948004,False,0.024797070411469398,-0.03284744869650149,North (MT+ID)
6,Oct 07,,60,0.07846805777529423,0.079295979877654,0.079025224160264,-0.07875446844287401,0.237346428198182,False,False,0.04120767029144088,0.04115994996465402,0.03956533139831645,False,0.025162867118080835,-0.0541670140690623,North (MT+ID)
7,Oct 08,,60,0.10327923421009029,0.10356924571969381,0.0745999948485554,-0.04563074397741698,0.2527692354168046,False,False,0.056382423677773796,0.05618770771972862,0.0394522169222472,False,0.04798225036931068,-0.07164197213525253,North (MT+ID)
8,Oct 09,,60,0.20123657910690287,0.20415379291607832,0.07251211071607902,0.059129571483920285,0.34917801434823637,True,False,0.11133142364740452,0.11236804307493262,0.039098543537687325,True,0.1265018492848076,-0.11895984096464957,North (MT+ID)
9,Oct 10,,60,0.2028117245210368,0.20030479739994933,0.07115244809058906,0.057999901218771216,0.3426096935811275,True,False,0.11086521388890218,0.10862417705666019,0.0382680063920481,True,0.1088669679441681,-0.1153309157304211,North (MT+ID)
10,Oct 11,,60,0.1336511929364396,0.12935816779984255,0.07616651869529911,-0.022974869590755675,0.2816912051904408,False,False,0.07170449505139645,0.06934767138296011,0.04075336543323725,False,0.04740955062774464,-0.0523115814410466,North (MT+ID)
11,Oct 12,,60,0.03843815669763984,0.03669291582736506,0.07201017546308779,-0.10732743509881051,0.18071326675354063,False,False,0.020767668808008653,0.019667970127173886,0.03903203016815204,False,-0.02130422338981471,-0.00017315706646182547,North (MT+ID)
12,Oct 13,,60,-0.005171705794083306,-0.007532200275300446,0.07023455571735401,-0.14800131171000847,0.1329369111594076,False,False,-0.0028353359968652835,-0.004408342276221801,0.03864205660540763,False,-0.05290184275714269,0.05392998420405146,North (MT+ID)
13,Oct 14,,60,-0.0018154740208584008,-0.003924304665188901,0.07017926961905943,-0.14428284390330776,0.13643423457292997,False,False,-0.0009619806965070166,-0.0022579304551260874,0.03744521335655741,False,-0.06330163556516362,0.0260354143535203,North (MT+ID)
14,Oct 15,,60,-0.012974268869661871,-0.012934395709653696,0.06540084179934477,-0.14373607930834323,0.11786728788903585,False,False,-0.006690178740167253,-0.00676852265786094,0.0341554870344364,False,-0.07844961363857557,0.011978123788314794,North (MT+ID)
15,Oct 16,,60,-0.02578622389910621,-0.024366383120014986,0.06480886077295533,-0.15398410466592566,0.10525133842589568,False,False,-0.012870509040958902,-0.012198267598181751,0.03262657913057051,False,-0.09116929424217603,-0.007890820520290819,North (MT+ID)
16,Oct 17,,60,-0.05303474455494947,-0.05144326356139625,0.061213423112220354,-0.17387010978583695,0.07098358266304446,False,False,-0.026024913579852302,-0.025256502344716738,0.03026989424826992,False,-0.0931997489686541,-0.013086307452714756,North (MT+ID)
17,Oct 18,,60,-0.10016783273798341,-0.09899783058648641,0.06067046139358101,-0.22033875337364844,0.02234309220067561,False,False,-0.04991328913842186,-0.04932932188326005,0.030346054266303473,False,-0.104600303932352,-0.006208479589353585,North (MT+ID)
18,Oct 19,,60,-0.06682398729348746,-0.06824439578129553,0.06408119523497648,-0.19640678625124847,0.059917994688657425,False,False,-0.03520074279422607,-0.035821826333920885,0.033784144411493855,False,-0.04264897377149144,-0.04274738874328667,North (MT+ID)
19,Oct 20,,60,-0.11019534832797134,-0.10985834467034614,0.06782769198104252,-0.24551372863243118,0.025797039291738905,False,False,-0.06087176128326029,-0.06054071217910257,0.03704144697669751,False,-0.04627798743670675,0.005153463753645968,North (MT+ID)
20,Oct 21,,60,-0.14284636517995863,-0.14264851919438284,0.06679959287956669,-0.27624770495351625,-0.009049333435249468,True,False,-0.08089312787421764,-0.08036505695663856,0.03713096309663017,True,-0.07403381878185182,0.03600548792754974,North (MT+ID)
21,Oct 22,,60,-0.16582377856207378,-0.16863618076729406,0.06467544491637953,-0.29798707060005314,-0.039285290934535005,True,False,-0.09379307673949434,-0.09519189431747926,0.03664634622880729,True,-0.10432188887718788,0.03439669131812544,North (MT+ID)
22,Oct 23,,60,-0.12973652840733965,-0.12858338520843038,0.06470057768219681,-0.257984540572824,0.0008177701559632378,False,False,-0.0746604956533014,-0.07429829369958149,0.037910011640302436,False,-0.08944831356407601,0.015321925550406658,North (MT+ID)
23,Oct 24,,60,-0.15564889892558276,-0.1541717771276292,0.05909801890234211,-0.27236781493231343,-0.03597573932294497,True,False,-0.09198510854076788,-0.09172645735701007,0.0365491127262204,True,-0.11642857745701915,0.044259693073051935,North (MT+ID)
24,Oct 25,,60,-0.12801862462912142,-0.12524041108587086,0.06400408823813618,-0.2532485875621432,0.0027677653904014943,False,False,-0.07886443273488201,-0.07836195988794419,0.04147038490950897,False,-0.09219069988754403,0.05479148490119159,North (MT+ID)
25,Oct 26,,60,-0.09853836949827882,-0.09919610219067888,0.0679211869484445,-0.2350384760875679,0.03664627170621011,False,False,-0.06211308062079068,-0.06366470797739206,0.043986902242807546,False,-0.06254136720167545,0.07851640974974429,North (MT+ID)
26,Oct 27,,60,-0.0792889560993834,-0.07757920754376729,0.06992748361815915,-0.2174341747800856,0.062275759692551,False,False,-0.05046943563498932,-0.05038065712833352,0.045302094964033306,False,-0.05291010744337608,0.07387291645184085,North (MT+ID)
27,Oct 28,,60,-0.06528956613845834,-0.06457458198755313,0.06886934602325392,-0.20231327403406096,0.07316411005895472,False,False,-0.0414837581283555,-0.04213165634782075,0.044152581223567196,False,-0.036039276192151214,0.059288561420075964,North (MT+ID)
28,Oct 29,,60,-0.022548492381944413,-0.021318599035557113,0.07345147626383551,-0.16822155156322813,0.12558435349211391,False,False,-0.014144433813332554,-0.014689235105683568,0.04558881157676636,False,0.003756791969066367,0.05053709084788333,North (MT+ID)
29,Oct 30,,60,-0.024376044274824146,-0.02374759359997534,0.06969125316671648,-0.1631300999334083,0.11563491273345762,False,False,-0.015009303429154637,-0.01576320952792858,0.042412944762672836,False,0.020127805874553102,0.06149970532691258,North (MT+ID)
30,Oct 31,,60,-0.021596481871729845,-0.01816621602310331,0.07331545322296126,-0.16479712246902584,0.12846469042281922,False,False,-0.01317449653294022,-0.01208274469166503,0.04426423181523007,False,0.026616649854286335,0.06073942891394548,North (MT+ID)
31,Nov 01,,60,-0.006695742112869581,-0.0032019872864364985,0.06992333739320807,-0.14304866207285263,0.13664468749997963,False,False,-0.004069905817634783,-0.002713971802962217,0.04192453240998629,False,0.03569199458766395,0.054757894632805455,North (MT+ID)
32,Nov 02,,60,-0.010273021875582941,-0.010508234365870988,0.06990240297217688,-0.15031304031022474,0.1292965715784828,False,False,-0.006379759692938543,-0.007943220579079783,0.04226110116764143,False,0.027455703768023098,0.0697217565319436,North (MT+ID)
33,Nov 03,,60,-0.0072326393958683675,-0.0046162743034258245,0.06504530311389543,-0.13470688053121668,0.12547433192436505,False,False,-0.004522121784950616,-0.004438109003674692,0.03942970803785921,False,0.01983915721198453,0.08528417353593354,North (MT+ID)
34,Nov 04,,60,-0.04587877100657926,-0.04449556788441211,0.065501722896466,-0.1754990136773441,0.08650787790851988,False,False,-0.029328591203918765,-0.02951774713442041,0.04191510695829135,False,-0.016191822736155416,0.12153977183063067,North (MT+ID)
35,Nov 05,,60,-0.06559028392626494,-0.06323809317607386,0.06667692304797661,-0.19659193927202706,0.07011575291987936,False,False,-0.0430340600214273,-0.042502655758753734,0.044137932549306536,False,-0.03317472076248251,0.13755611973226262,North (MT+ID)
36,Nov 06,,60,-0.07659652460952387,-0.07425750350395686,0.0647268647858884,-0.2037112330757337,0.055196226067819945,False,False,-0.05055640637309443,-0.050147072803382854,0.043590118759200276,False,-0.050504739666644524,0.14102582294941482,North (MT+ID)
37,Nov 07,,60,-0.10232933124134436,-0.10387352907839331,0.061580358101737,-0.22703424528186733,0.019287187125080693,False,False,-0.067881885594034,-0.06987787309865084,0.04222156472261087,False,-0.09262173290401308,0.1598238014266836,North (MT+ID)
38,Nov 08,,60,-0.12153291819076785,-0.12186384463893093,0.060194576853757724,-0.24225299834644637,-0.0014746909314154871,True,False,-0.0807992452542811,-0.08228662758247068,0.04182646802926614,False,-0.11102757536024059,0.1779417619379929,North (MT+ID)
39,Nov 09,,60,-0.11456702349520921,-0.11215959217265314,0.06143736269605547,-0.2350343175647641,0.0107151332194578,False,False,-0.07598130240745411,-0.07549507720882195,0.04238995191551148,False,-0.10223141366612191,0.19005708871069277,North (MT+ID)
40,Nov 10,,60,-0.13079637939324712,-0.1312022769855858,0.05788258292943446,-0.2469674428444547,-0.015437111126716863,True,False,-0.0860096049285541,-0.087517088407176,0.04019851967662104,True,-0.10734833837283833,0.2106745001236603,North (MT+ID)
41,Nov 11,,60,-0.12873733395004588,-0.12867698852803916,0.058491407017668084,-0.24565980256337533,-0.011694174492702991,True,False,-0.08389082298066412,-0.08511349289571427,0.04031973173742358,True,-0.10856870994405932,0.2214690043770976,North (MT+ID)
42,Nov 12,,60,-0.14156240948059223,-0.13861526334220492,0.05843110606066565,-0.2554774754635362,-0.02175305122087362,True,False,-0.09137604945054717,-0.08998454818275457,0.03954016805408509,True,-0.10420296938006599,0.23501576536033697,North (MT+ID)
43,Nov 13,,60,-0.16362572953791787,-0.1637185618279449,0.05924887714955993,-0.28221631612706477,-0.04522080752882503,True,False,-0.10504424553498994,-0.10636688848234098,0.04044213291895205,True,-0.10247313224942223,0.25126422721299596,North (MT+ID)
44,Nov 14,,60,-0.16684611091752868,-0.1638671152572212,0.06008523249966803,-0.28403758025655723,-0.04369665025788513,True,False,-0.10681710617453068,-0.10538181845590122,0.04022481401432342,True,-0.09524430553860416,0.2460557693838967,North (MT+ID)
45,Nov 15,,60,-0.18083120747123405,-0.18078417891485668,0.059970496405715265,-0.3007251717262872,-0.06084318610342615,True,False,-0.11709147221344202,-0.1178705155961621,0.040744199267869805,True,-0.10316758089437797,0.25049306281428707,North (MT+ID)
46,Nov 16,,60,-0.18369192198617135,-0.18167386001922722,0.061971387054549916,-0.30561663412832707,-0.05773108591012739,True,False,-0.12015557266114775,-0.11913053674981768,0.04203291092398821,True,-0.11249769302638171,0.2425082987714643,North (MT+ID)
47,Nov 17,,60,-0.1842254694470437,-0.1837480887399297,0.06168755142866397,-0.30712319159725765,-0.06037298588260176,True,False,-0.11997477766898522,-0.12024318028508167,0.0424133203337589,True,-0.1253352627904933,0.24238722872036994,North (MT+ID)
48,Nov 18,,60,-0.17732318343946427,-0.17807752739080218,0.06204834159463969,-0.30217421058008154,-0.0539808442015228,True,False,-0.1164926869255073,-0.11785086889373768,0.04273404736335117,True,-0.1329467495206714,0.2332869935644377,North (MT+ID)
49,Nov 19,Early Accumulation,60,-0.16523203595235894,-0.16360532109142065,0.06096995253080612,-0.2855452261530329,-0.0416654160298084,True,False,-0.10856535877440532,-0.108366279426813,0.0422657344379915,True,-0.13365164861871073,0.23033930935648703,North (MT+ID)
50,Nov 20,Early Accumulation,60,-0.16967645126843872,-0.170701530886452,0.059056613361271486,-0.288814757608995,-0.05258830416390904,True,False,-0.1123371145376482,-0.11366511289402172,0.0414770168117344,True,-0.14543416926575709,0.23439352510683537,North (MT+ID)
51,Nov 21,Early Accumulation,60,-0.19300847542942515,-0.19346567543875443,0.059714755363796265,-0.31289518616634693,-0.0740361647111619,True,False,-0.12710865090895007,-0.12819916506228013,0.04208938970085112,True,-0.168905383867739,0.22973319973353662,North (MT+ID)
52,Nov 22,Early Accumulation,60,-0.2128271483332389,-0.21120161979399726,0.060863875936571644,-0.33292937166714054,-0.08947386792085397,True,False,-0.14007291059847465,-0.14003187130058614,0.04295614581653266,True,-0.17508797868508022,0.22573638446822883,North (MT+ID)
53,Nov 23,Early Accumulation,60,-0.23883999558842597,-0.2391747562211058,0.06031304889167662,-0.35980085400445905,-0.11854865843775254,True,False,-0.15679783196604805,-0.157733071042606,0.04182822419163931,True,-0.17724797617939222,0.241093432784042,North (MT+ID)
54,Nov 24,Early Accumulation,60,-0.23846688955081075,-0.24041972547635052,0.06016766738133632,-0.36075506023902315,-0.12008439071367788,True,False,-0.15501419786936127,-0.15697300410596998,0.04254428415712077,True,-0.16384701871781698,0.23670691459333956,North (MT+ID)
55,Nov 25,Early Accumulation,60,-0.2404719219472184,-0.2398702550066921,0.05776898983620662,-0.3554082346791053,-0.12433227533427886,True,True,-0.15552703736809678,-0.15578423708971836,0.04073060700969299,True,-0.14833131268101696,0.24001013435951551,North (MT+ID)
56,Nov 26,Early Accumulation,60,-0.2413057641553524,-0.24162064474611047,0.05736602345915007,-0.35635269166441064,-0.12688859782781034,True,True,-0.1573455932156498,-0.1584525356864338,0.04076147972688193,True,-0.14395179309198897,0.2450397979629199,North (MT+ID)
57,Nov 27,Early Accumulation,60,-0.24987706743350932,-0.2502692962092545,0.0583382104164495,-0.3669457170421535,-0.13359287537635547,True,True,-0.16524212105157482,-0.16614634659290142,0.042265618290560886,True,-0.14240348698301236,0.25271897447440944,North (MT+ID)
58,Nov 28,Early Accumulation,60,-0.26517394767068025,-0.2655276027527657,0.058761282299330725,-0.38305016735142716,-0.14800503815410426,True,True,-0.1763519041378286,-0.17761721881076364,0.04280066069482625,True,-0.1620984762047108,0.25482041407118117,North (MT+ID)
59,Nov 29,Early Accumulation,60,-0.26834715718936236,-0.26863499657252565,0.05664462609553211,-0.3819242487635899,-0.15534574438146143,True,True,-0.1794404400848495,-0.1804860470848115,0.04163702760094725,True,-0.16643255590714975,0.2568587921596365,North (MT+ID)
60,Nov 30,Early Accumulation,60,-0.27227494056509877,-0.2730696337127922,0.0568735132974659,-0.386816660307724,-0.1593226071178604,True,True,-0.1857017779414114,-0.18716447804124844,0.042489743806551086,True,-0.17143438777251754,0.2589168281783427,North (MT+ID)
61,Dec 01,Early Accumulation,60,-0.25777810869752477,-0.2579246145993219,0.05635245398525728,-0.3706295225698365,-0.14521970662880734,True,True,-0.17709646876572513,-0.1781132623087592,0.04172276956991118,True,-0.16771659080332219,0.22090934652206176,North (MT+ID)
62,Dec 02,Early Accumulation,60,-0.27284443838768574,-0.2714985523007757,0.05583393636969969,-0.38316642504017506,-0.1598306795613763,True,True,-0.18628047021953228,-0.18664514690646866,0.04100747018984521,True,-0.1818668934682659,0.20666080543021662,North (MT+ID)
63,Dec 03,Early Accumulation,60,-0.281973765872107,-0.28129976399436535,0.05567595850892416,-0.39265168101221365,-0.16994784697651705,True,True,-0.19409585795532458,-0.19413871774323826,0.04080140189397427,True,-0.18443667284774973,0.21034269603880806,North (MT+ID)
64,Dec 04,Early Accumulation,60,-0.28347884836641674,-0.2843145759780286,0.05521562918366209,-0.3947458343453528,-0.17388331761070444,True,True,-0.19515730797554445,-0.19613297633856044,0.040479217263651175,True,-0.19680345947638297,0.20195977390436456,North (MT+ID)
65,Dec 05,Early Accumulation,60,-0.27755261445305424,-0.2761417943769503,0.05545484136769082,-0.38705147711233195,-0.16523211164156865,True,True,-0.19172814814040037,-0.19149988705413168,0.040627890865799744,True,-0.1974380285312004,0.1943631931419224,North (MT+ID)
66,Dec 06,Early Accumulation,60,-0.27448853400895834,-0.2757734058145454,0.057883249268600806,-0.391539904351747,-0.1600069072773438,True,True,-0.18986286972074012,-0.19122589938430706,0.04208899766874136,True,-0.1916701026785586,0.18623716606278506,North (MT+ID)
67,Dec 07,Early Accumulation,60,-0.2527844854339819,-0.2514955580480348,0.05696881590278503,-0.36543318985360485,-0.13755792624246474,True,True,-0.17515954958738197,-0.17513925085647872,0.042079642088978284,True,-0.17592392816801236,0.17004005502910433,North (MT+ID)
68,Dec 08,Early Accumulation,60,-0.2453650797567855,-0.24295384695433575,0.05737463842496145,-0.3577031238042586,-0.12820457010441286,True,True,-0.16903442994416856,-0.16753365641986837,0.041239796278803094,True,-0.1726695767022774,0.1512492658557553,North (MT+ID)
69,Dec 09,Early Accumulation,60,-0.2568786188697482,-0.2572197556165508,0.056031544981922116,-0.36928284558039504,-0.14515666565270657,True,True,-0.17596500884929356,-0.1761733992399416,0.03992365305995812,True,-0.18537361405885178,0.1520182780254163,North (MT+ID)
70,Dec 10,Early Accumulation,60,-0.248382042581416,-0.24814085061755173,0.056311320141017966,-0.36076349089958765,-0.1355182103355158,True,True,-0.17131377749099805,-0.1713792148053614,0.040435427567224465,True,-0.18749950712553276,0.15152277775505027,North (MT+ID)
71,Dec 11,Early Accumulation,60,-0.2558961863131449,-0.25530767790642145,0.05662216302384495,-0.36855200395411136,-0.14206335185873153,True,True,-0.17631928563988755,-0.17570877135878585,0.040961648189698864,True,-0.19387027772718138,0.16550098956969173,North (MT+ID)
72,Dec 12,Early Accumulation,60,-0.25030870884975664,-0.2515042423476949,0.05689908428921596,-0.3653024109261268,-0.137706073769263,True,True,-0.17337934792333837,-0.17487471042670927,0.04135613799110463,True,-0.18356858438918267,0.17482260515250028,North (MT+ID)
73,Dec 13,Early Accumulation,60,-0.2372206678627733,-0.23486630864605829,0.056516440677949656,-0.34789919000195757,-0.12183342729015897,True,True,-0.16413607226403326,-0.16300399439936997,0.0409484300822813,True,-0.1808602703551634,0.16728986376522909,North (MT+ID)
74,Dec 14,Early Accumulation,60,-0.23745753651469387,-0.24176087523673537,0.058387191404486546,-0.35853525804570846,-0.12498649242776227,True,True,-0.16560716123247693,-0.168566228377062,0.04301210673590864,True,-0.18338135978941975,0.1703699573288007,North (MT+ID)
75,Dec 15,Early Accumulation,60,-0.2427016236788699,-0.24283138348515462,0.056962814107838405,-0.3567570117008314,-0.1289057552694778,True,True,-0.16975651147011503,-0.16991513557252866,0.04228578275101878,True,-0.18646391510521185,0.178443654433929,North (MT+ID)
76,Dec 16,Early Accumulation,60,-0.23556072726401125,-0.23486260262499453,0.05716986460575276,-0.34920233183650007,-0.12052287341348901,True,True,-0.16532498295449774,-0.1650580348992219,0.042373340583749614,True,-0.18142316162441807,0.18177752817809448,North (MT+ID)
77,Dec 17,Early Accumulation,60,-0.23057736136466386,-0.2309139605227443,0.05983301888966796,-0.3505799983020802,-0.11124792274340838,True,False,-0.1612038943716303,-0.16166092460809012,0.04421032107413502,True,-0.19013046672202955,0.17866137263500853,North (MT+ID)
78,Dec 18,Early Accumulation,60,-0.2214727272662009,-0.22252891674991393,0.058975801199519624,-0.34048051914895316,-0.10457731435087468,True,False,-0.15467579820336394,-0.1557138203764932,0.04343868665847522,True,-0.18799734668064177,0.1798124268213063,North (MT+ID)
79,Dec 19,Early Accumulation,60,-0.2342756405568685,-0.23669627830981602,0.05959507001957095,-0.3558864183489579,-0.11750613827067412,True,False,-0.16261349718444199,-0.16491932823671157,0.044508721769760534,True,-0.20154820107348909,0.1967986676872486,North (MT+ID)
80,Dec 20,Early Accumulation,60,-0.23834620031733392,-0.2400439492498745,0.06010457812582302,-0.3602531055015205,-0.11983479299822845,True,False,-0.1643727171484516,-0.16560582910856467,0.04473084598993423,True,-0.21095490862258065,0.20168549878164718,North (MT+ID)
81,Dec 21,Early Accumulation,60,-0.21910699715454351,-0.21919100180900927,0.06357998589086786,-0.34635097359074496,-0.09203103002727356,True,False,-0.15027294683651043,-0.15064521131085587,0.04692320234590615,True,-0.19461570450155624,0.1983707417553277,North (MT+ID)
82,Dec 22,Early Accumulation,60,-0.21644281821254316,-0.21515394235365892,0.06690955191759493,-0.3489730461888488,-0.08133483851846907,True,False,-0.14835028876468406,-0.14747917223947804,0.048560075655561294,True,-0.19528377880573392,0.2058949209603436,North (MT+ID)
83,Dec 23,Early Accumulation,60,-0.21859682563388386,-0.21634783202045413,0.06315493383639692,-0.342657699693248,-0.09003796434766029,True,False,-0.15044798257637818,-0.14948270169373618,0.04579676261866206,True,-0.19856076054375676,0.21417870328450664,North (MT+ID)
84,Dec 24,Early Accumulation,60,-0.23203412442172522,-0.2330448362814335,0.06573714623757988,-0.36451912875659326,-0.10157054380627373,True,False,-0.16001360257139902,-0.16107823972217938,0.04898400298356081,True,-0.20665818868156732,0.22520275153007327,North (MT+ID)
85,Dec 25,Early Accumulation,60,-0.24715784887242445,-0.2504653656245913,0.06404680651307741,-0.37855897865074617,-0.1223717525984365,True,False,-0.17100735091237712,-0.17396341967528167,0.047809716476376614,True,-0.21615640732383629,0.24433911618556692,North (MT+ID)
86,Dec 26,Early Accumulation,60,-0.25982582536250054,-0.25972209907368593,0.061224276232175606,-0.38217065153803714,-0.13727354660933472,True,True,-0.18111892630461696,-0.18165626026547807,0.04644584237867627,True,-0.22890831790614183,0.25111338134568706,North (MT+ID)
87,Dec 27,Early Accumulation,60,-0.2678824346445596,-0.26882241930857526,0.06002170033765771,-0.3888658199838907,-0.14877901863325982,True,True,-0.18894551308205626,-0.18930015600332048,0.04617579780717964,True,-0.2372184154960575,0.25837334206556545,North (MT+ID)
88,Dec 28,Early Accumulation,60,-0.2925841022699128,-0.2930092068656248,0.05486213870571837,-0.40273348427706157,-0.18328492945418806,True,True,-0.2086886813853474,-0.20933924301420784,0.04336638021332405,True,-0.2598887519367928,0.2874907744685522,North (MT+ID)
89,Dec 29,Early Accumulation,60,-0.31052192163274867,-0.3142167515942488,0.055724205298523406,-0.4256651621912956,-0.20276834099720198,True,True,-0.2247973287443298,-0.22663624503799934,0.04532350891833432,True,-0.2791263409828727,0.30132648721252697,North (MT+ID)
90,Dec 30,Early Accumulation,60,-0.3267762004297479,-0.3268707519939789,0.05426106877127942,-0.43539288953653776,-0.21834861445142006,True,True,-0.2364848384566383,-0.23621234389735188,0.04400810560817314,True,-0.288808936780509,0.32669566194766625,North (MT+ID)
91,Dec 31,Early Accumulation,60,-0.3244523337724331,-0.3245765392539958,0.05208162592758201,-0.42873979110915983,-0.22041328739883181,True,True,-0.2348281552030825,-0.23462031962287874,0.04173239911346645,True,-0.2912739420629634,0.3196005719523408,North (MT+ID)
92,Jan 01,Early Accumulation,60,-0.3177655245963739,-0.3193641205457045,0.052322026235340616,-0.4240081730163857,-0.21472006807502328,True,True,-0.22947479107281077,-0.22884013713406787,0.040880165338520645,True,-0.28988650139548333,0.30325925097682654,North (MT+ID)
93,Jan 02,Early Accumulation,60,-0.31753540200553193,-0.3166020383989737,0.05040896251118049,-0.4174199634213347,-0.21578411337661274,True,True,-0.22846777024870824,-0.22733669325295974,0.039821594458986656,True,-0.28927637002233314,0.2973497466996562,North (MT+ID)
94,Jan 03,Early Accumulation,60,-0.3162933438921622,-0.3182497013901936,0.04924757350629874,-0.4167448484027911,-0.2197545543775961,True,True,-0.22815727259235655,-0.22812326555945264,0.039533137010370756,True,-0.2896469987382012,0.29161452380230424,North (MT+ID)
95,Jan 04,Early Accumulation,60,-0.31578229438690436,-0.31793286356854866,0.0502818836228744,-0.41849663081429744,-0.21736909632279988,True,True,-0.22821540874449395,-0.22957383352559305,0.04007744756242497,True,-0.2780742892855385,0.29370330738872724,North (MT+ID)
96,Jan 05,Early Accumulation,60,-0.3130803111915094,-0.31564857984520256,0.05291715945835417,-0.4214828987619109,-0.2098142609284942,True,True,-0.22677530044609542,-0.22830315380090235,0.041646276495970844,True,-0.26388334563585913,0.2960875751177412,North (MT+ID)
97,Jan 06,Early Accumulation,60,-0.31232935596497635,-0.31546897458658274,0.05274676054023548,-0.4209624956670537,-0.2099754535061118,True,True,-0.22750892477208345,-0.2295548800746731,0.04213885982115763,True,-0.25518173131132926,0.30446548873144214,North (MT+ID)
98,Jan 07,Early Accumulation,60,-0.3089947338119999,-0.3105984779337564,0.05517669721553212,-0.4209518723648206,-0.20024508350269216,True,True,-0.22642523412386004,-0.22754177225952646,0.044398535235211,True,-0.2564859827921071,0.30264068245762155,North (MT+ID)
99,Jan 08,Early Accumulation,60,-0.3166038439772827,-0.3181781226152479,0.05387488623364216,-0.42592789508253226,-0.2104283501479636,True,True,-0.232495136309018,-0.23393794160526296,0.042469488521319834,True,-0.26157796818022727,0.3039782281371753,North (MT+ID)
100,Jan 09,Early Accumulation,60,-0.3254361355050895,-0.3269033063157045,0.052156775949629905,-0.43121685821496436,-0.2225897544164447,True,True,-0.2394892138586234,-0.24058299190603294,0.04093596679231866,True,-0.26549196999610464,0.31511147270304374,North (MT+ID)
101,Jan 10,Early Accumulation,60,-0.33372154693215844,-0.3373918283539252,0.05270964149181852,-0.44281111133756224,-0.2319725453702882,True,True,-0.2471717938476101,-0.24992204375730195,0.04284888312601232,True,-0.2670794699709659,0.3268186869239773,North (MT+ID)
102,Jan 11,Early Accumulation,60,-0.33554444806206757,-0.33640487594655294,0.05096394664428357,-0.4383327692351201,-0.2344769826579858,True,True,-0.24682414334086444,-0.24684641408031735,0.04052759489764897,True,-0.258171938473579,0.3323429881613379,North (MT+ID)
103,Jan 12,Early Accumulation,60,-0.3387175278280483,-0.3419911582208456,0.05153097275400499,-0.44505310372885554,-0.2389292127128356,True,True,-0.2467404722159039,-0.24792263700974804,0.040669217313185235,True,-0.24865235272963443,0.33802652305929937,North (MT+ID)
104,Jan 13,Early Accumulation,60,-0.33836740866050313,-0.33951184756454633,0.05038291061221652,-0.44027766878897934,-0.2387460263401133,True,True,-0.2450237592489819,-0.245630855053061,0.04025070469346719,True,-0.23925830783819282,0.3386054924640442,North (MT+ID)
105,Jan 14,Early Accumulation,60,-0.338303839498089,-0.34151729879716897,0.052389783695296635,-0.4462968661877622,-0.2367377314065757,True,True,-0.24506355271160415,-0.2472977293765046,0.04081283777940934,True,-0.22993404260900788,0.3391466755565735,North (MT+ID)
106,Jan 15,Early Accumulation,60,-0.3459424943610763,-0.34864111354361005,0.050936307414264144,-0.4505137283721383,-0.24676849871508177,True,True,-0.2504645829829675,-0.25131133289973406,0.04036896847438516,True,-0.23362911057185257,0.3476458658578267,North (MT+ID)
107,Jan 16,Early Accumulation,60,-0.3482547181255779,-0.34883646162383425,0.047963053156164455,-0.44476256793616314,-0.25291035531150535,True,True,-0.25156125494669723,-0.2516128775832729,0.03864962353214244,True,-0.23194799150452802,0.3539437554966794,North (MT+ID)
108,Jan 17,Early Accumulation,60,-0.3414033096166137,-0.340768125262096,0.04945034643104039,-0.4396688181241768,-0.2418674324000152,True,True,-0.24582982946427978,-0.24576165421885934,0.0402663611794697,True,-0.22140595268000957,0.36124986886478877,North (MT+ID)
109,Jan 18,Early Accumulation,60,-0.3435789732089309,-0.34573722361874615,0.04868573492237249,-0.44310869346349113,-0.24836575377400116,True,True,-0.24765115646364946,-0.24971983365578063,0.03980393972680352,True,-0.2237733813423756,0.37063838391587206,North (MT+ID)
110,Jan 19,Early Accumulation,60,-0.3412871439868529,-0.3424873493057946,0.04764098876754612,-0.4377693268408869,-0.24720537177070237,True,True,-0.24697472522670838,-0.24751071779394446,0.039659520080621645,True,-0.22502857198481566,0.3840866158036391,North (MT+ID)
111,Jan 20,Early Accumulation,60,-0.33830138254163067,-0.338126202192738,0.0486996853173392,-0.4355255728274164,-0.24072683155805957,True,True,-0.24748464225085745,-0.24698995371886948,0.04111809793335796,True,-0.22951711095014976,0.3884772184289895,North (MT+ID)
112,Jan 21,Early Accumulation,60,-0.3422050792784013,-0.34569239910685945,0.04723441525081621,-0.44016122960849186,-0.25122356860522704,True,True,-0.25290113562885436,-0.2552040450596875,0.04044102642356511,True,-0.2379622502611015,0.39316924067885206,North (MT+ID)
113,Jan 22,Early Accumulation,60,-0.341858361667697,-0.34247604987524277,0.048203071981274395,-0.4388821938377916,-0.24606990591269398,True,True,-0.25367380380868304,-0.2539448258806386,0.04090576279154315,True,-0.2469534550278988,0.389083554015745,North (MT+ID)
114,Jan 23,Early Accumulation,60,-0.3375272785402662,-0.33703274860128146,0.04713830216629515,-0.43130935293387174,-0.24275614426869116,True,True,-0.25073460403677644,-0.24998735123137855,0.04110344658314765,True,-0.25213324499359674,0.3840172211363395,North (MT+ID)
115,Jan 24,Early Accumulation,60,-0.33885992090635836,-0.3400800668829891,0.04765212707160773,-0.43538432102620456,-0.2447758127397736,True,True,-0.2524957793970143,-0.253817590814969,0.042005252640557066,True,-0.26185247513180626,0.3899244852572254,North (MT+ID)
116,Jan 25,Early Accumulation,60,-0.33765596858344,-0.3388360638739508,0.04555772517889867,-0.42995151423174816,-0.2477206135161535,True,True,-0.25201171268997374,-0.25392585776280546,0.04068964401260718,True,-0.2685251159335857,0.387758275000498,North (MT+ID)
117,Jan 26,Early Accumulation,60,-0.3382464568846996,-0.3392284347990618,0.046912951262715455,-0.4330543373244927,-0.24540253227363087,True,True,-0.25316407013226583,-0.25501421706791577,0.04101711985229751,True,-0.27487987953551385,0.3863999910098547,North (MT+ID)
118,Jan 27,Early Accumulation,60,-0.3447443593034489,-0.3462848414505922,0.04680680718341426,-0.4398984558174207,-0.25267122708376366,True,True,-0.2583582674635879,-0.25914214846160744,0.04024553420272827,True,-0.2820381135755782,0.3977973168161881,North (MT+ID)
119,Jan 28,Core Accumulation,60,-0.34900806727586303,-0.3508536315081012,0.04591036180264285,-0.44267435511338693,-0.2590329079028155,True,True,-0.26195979246655876,-0.263592578613404,0.04099299499413706,True,-0.2902399435848163,0.4002594017011319,North (MT+ID)
120,Jan 29,Core Accumulation,60,-0.35387700959160123,-0.3552637908588526,0.04700945193849735,-0.4492826947358473,-0.26124488698185794,True,True,-0.26548751778841323,-0.26679751085860004,0.04182405673668513,True,-0.29966019391972043,0.39723962434006665,North (MT+ID)
121,Jan 30,Core Accumulation,60,-0.35413951555006823,-0.35523441383199234,0.047446822009811214,-0.45012805785161475,-0.2603407698123699,True,True,-0.2658450964885652,-0.26621752173783353,0.041135529999838806,True,-0.3035338372637502,0.3916892815079938,North (MT+ID)
122,Jan 31,Core Accumulation,60,-0.3543169702748159,-0.3572056668304506,0.045536122125490866,-0.44827791108143233,-0.2661334225794688,True,True,-0.26665594893808775,-0.26862789649317464,0.039629984618225214,True,-0.3044263578504578,0.3834699088377715,North (MT+ID)
123,Feb 01,Core Accumulation,60,-0.3603781689636556,-0.36201426007253884,0.04846075651373149,-0.45893577310000183,-0.26509274704507585,True,True,-0.27112595380365906,-0.27231373450928953,0.040891320052327124,True,-0.30467905599219225,0.3826439103445518,North (MT+ID)
124,Feb 02,Core Accumulation,60,-0.36621965906697634,-0.3684973999391076,0.04670401583134488,-0.4619054316017973,-0.27508936827641783,True,True,-0.2754684448752315,-0.2775595517216016,0.039991273369531205,True,-0.3041902428829957,0.38685904364322,North (MT+ID)
125,Feb 03,Core Accumulation,60,-0.36605347023338164,-0.36714001227377036,0.047567074738985075,-0.4622741617517405,-0.2720058627958002,True,True,-0.27587563005308474,-0.2765572521558228,0.04035812346611865,True,-0.2973548353634986,0.3862597544829159,North (MT+ID)
126,Feb 04,Core Accumulation,60,-0.3678414462747612,-0.36986760461939183,0.04637567267976074,-0.4626189499789133,-0.2771162592598704,True,True,-0.2770797751069441,-0.2779414554148722,0.039620343780217004,True,-0.29760670472276984,0.39002812938199916,North (MT+ID)
127,Feb 05,Core Accumulation,60,-0.3716726286995514,-0.37216322063378604,0.0453847359965837,-0.46293269262695347,-0.2813937486406186,True,True,-0.2805618679594664,-0.28116228226617873,0.039532823379261534,True,-0.2965252762403695,0.3955757982445491,North (MT+ID)
128,Feb 06,Core Accumulation,60,-0.37744735496276194,-0.378371991999355,0.04620812977712099,-0.470788251553597,-0.285955732445113,True,True,-0.28467151047857325,-0.2855071702498884,0.04014396039931895,True,-0.30264595406964884,0.4010614919933579,North (MT+ID)
129,Feb 07,Core Accumulation,60,-0.3865370048199671,-0.3877637234539248,0.0447217316946443,-0.4772071868432134,-0.2983202600646362,True,True,-0.2917195903342034,-0.2932842788815746,0.03939433119076498,True,-0.3112965007831484,0.40579380032476176,North (MT+ID)
130,Feb 08,Core Accumulation,60,-0.3849698214004702,-0.38494632360438824,0.04613231133976909,-0.4772109462839264,-0.2926817009248501,True,True,-0.29061391040151474,-0.2906841370606649,0.04067564588252357,True,-0.31223184983914004,0.4000500518070273,North (MT+ID)
131,Feb 09,Core Accumulation,60,-0.386031747440955,-0.3877051611822427,0.046670271819386454,-0.4810457048210156,-0.29436461754346976,True,True,-0.2912252440647239,-0.29132220109176,0.040342038167623405,True,-0.3120633938915233,0.39495608106900665,North (MT+ID)
132,Feb 10,Core Accumulation,60,-0.38603354311552734,-0.3871392921324388,0.04661433618603443,-0.4803679645045077,-0.2939106197603699,True,True,-0.2909011919625338,-0.2920313211905693,0.04106381826323838,True,-0.3115277953984803,0.3922472796955016,North (MT+ID)
133,Feb 11,Core Accumulation,60,-0.38658934073430884,-0.3869187190280404,0.04590917712659856,-0.47873707328123755,-0.2951003647748433,True,True,-0.2911577406671149,-0.2907244458879199,0.03987034537286649,True,-0.3096809859206429,0.3935099938591991,North (MT+ID)
134,Feb 12,Core Accumulation,60,-0.3835614909979266,-0.381842396352699,0.045741162098825804,-0.47332472055035063,-0.2903600721550474,True,True,-0.28938480046588055,-0.28893483678656373,0.04018726647394375,True,-0.31026432362342427,0.3890150657921525,North (MT+ID)
135,Feb 13,Core Accumulation,60,-0.38104025540317643,-0.38259741913972833,0.04486676532696531,-0.47233094979365897,-0.2928638884857977,True,True,-0.2876805422557763,-0.28899289773294956,0.04035794634285247,True,-0.3082787542688127,0.38173697302215626,North (MT+ID)
136,Feb 14,Core Accumulation,60,-0.3803468647041972,-0.38263799705034685,0.045971763285716526,-0.4745815236217799,-0.2906944704789138,True,True,-0.28798881184547,-0.28924086467523763,0.04118277509856637,True,-0.31119506225242205,0.3758775185166466,North (MT+ID)
137,Feb 15,Core Accumulation,60,-0.37986778955557704,-0.3794711362235666,0.04505122164228315,-0.4695735795081329,-0.2893686929390003,True,True,-0.2881749161810503,-0.28880253286812724,0.04055542349803976,True,-0.3127025740723749,0.37140177011997405,North (MT+ID)
138,Feb 16,Core Accumulation,60,-0.3851686877137828,-0.3865825845372571,0.04380128772829749,-0.4741851599938521,-0.2989800090806621,True,True,-0.2916245420738002,-0.2914441056211416,0.0395453891943615,True,-0.32256006314489927,0.3655796267561158,North (MT+ID)
139,Feb 17,Core Accumulation,60,-0.3901273317598586,-0.388296859289327,0.044961876441298905,-0.4782206121719248,-0.2983731064067292,True,True,-0.29482368021398664,-0.29341630045117517,0.040813349831238285,True,-0.3325009758688818,0.36113150883569994,North (MT+ID)
140,Feb 18,Core Accumulation,60,-0.39210465313560083,-0.39368934344957124,0.04381912506313566,-0.48132759357584254,-0.30605109332329994,True,True,-0.29612129059317904,-0.2965260068232683,0.04019394580875959,True,-0.34242265708575326,0.35893429083770434,North (MT+ID)
141,Feb 19,Core Accumulation,60,-0.3953366235510252,-0.3974743434008303,0.04513541940477507,-0.48774518221038043,-0.3072035045912802,True,True,-0.29770970748836467,-0.2994527555531352,0.041419985983195344,True,-0.3509348180773536,0.3574564174899797,North (MT+ID)
142,Feb 20,Core Accumulation,60,-0.3961194030241321,-0.39572217509795393,0.04400675288299012,-0.48373568086393415,-0.3077086693319737,True,True,-0.2973067774814951,-0.2974732750359677,0.040005884408108046,True,-0.35157091421632847,0.3572396801468654,North (MT+ID)
143,Feb 21,Core Accumulation,60,-0.40005605155488566,-0.40041683937337474,0.044147981522950824,-0.4887128024192764,-0.3121208763274731,True,True,-0.2995933030601243,-0.30031819905673285,0.04011551013358325,True,-0.3576909312566106,0.3621430225977097,North (MT+ID)
144,Feb 22,Core Accumulation,60,-0.4087997880908565,-0.40941689048849184,0.04372939963555323,-0.4968756897595983,-0.3219580912173854,True,True,-0.3062350350479093,-0.307141691234703,0.04019765503054957,True,-0.366223905490195,0.3686433793037457,North (MT+ID)
145,Feb 23,Core Accumulation,60,-0.4195073737525285,-0.4199987110061578,0.042178508434967815,-0.5043557278760935,-0.3356416941362222,True,True,-0.3142028680400615,-0.3153534690254707,0.03938664120328083,True,-0.3783822704615276,0.37204183935440915,North (MT+ID)
146,Feb 24,Core Accumulation,60,-0.4263032677596685,-0.4256998355292128,0.043291163784108716,-0.5122821630974302,-0.3391175079609954,True,True,-0.31961646015565504,-0.3196925552960397,0.04096882310434455,True,-0.3815145550549329,0.3787070283455343,North (MT+ID)
147,Feb 25,Core Accumulation,60,-0.42867827190189656,-0.4307012317552063,0.04258685401226514,-0.5158749397797366,-0.345527523730676,True,True,-0.322362980665734,-0.3246288194396835,0.04018442701299329,True,-0.3800419801032367,0.3863334096997972,North (MT+ID)
148,Feb 26,Core Accumulation,60,-0.4273228291362485,-0.4277249179067591,0.0444272982388398,-0.5165795143844387,-0.33887032142907947,True,True,-0.3227090340019867,-0.32429652916115004,0.040391780477130636,True,-0.37959637320700734,0.3920622783004642,North (MT+ID)
149,Feb 27,Core Accumulation,60,-0.42880224834801456,-0.42992208925612563,0.04438634049124802,-0.5186947702386216,-0.3411494082736296,True,True,-0.3244064173208701,-0.3264442226525827,0.0403675585223155,True,-0.3810429878333612,0.39637219478145946,North (MT+ID)
150,Feb 28,Core Accumulation,60,-0.42955901876195207,-0.4288667034621592,0.043379836084335564,-0.5156263756308304,-0.3421070312934881,True,True,-0.3239961953035812,-0.3241661502862059,0.040217351279733124,True,-0.3808408276828324,0.4009258876930186,North (MT+ID)
151,Mar 01,Core Accumulation,60,-0.4345894193714715,-0.43427602036432345,0.044967913039735546,-0.5242118464437946,-0.34434019428485235,True,True,-0.33080972284150295,-0.3309134560419243,0.041370339752243745,True,-0.3900345651400171,0.4128037144130905,North (MT+ID)
152,Mar 02,Core Accumulation,60,-0.4359201155149541,-0.43863055657825567,0.043365485776905334,-0.5253615281320664,-0.351899585024445,True,True,-0.33324183276899416,-0.3363692516539794,0.04093622844092753,True,-0.3942552534908283,0.4183382925968219,North (MT+ID)
153,Mar 03,Core Accumulation,60,-0.42955652151232704,-0.4290437620202469,0.043850197570787175,-0.5167441571618212,-0.34134336687867256,True,True,-0.3287956522512946,-0.32881453271374966,0.04159079850803061,True,-0.3935894616749248,0.41327446475233337,North (MT+ID)
154,Mar 04,Core Accumulation,60,-0.43373500345905214,-0.4352143249592615,0.044589951871372505,-0.5243942287020065,-0.3460344212165165,True,True,-0.3319878275751571,-0.3344895023114242,0.04133118965686378,True,-0.3991199340045962,0.41404251720933316,North (MT+ID)
155,Mar 05,Core Accumulation,60,-0.43655678930419317,-0.43753642358576045,0.043476708968042864,-0.5244898415218462,-0.3505830056496747,True,True,-0.33492044403710497,-0.33681541852487357,0.041353453858143506,True,-0.4017178669941516,0.4132532774768274,North (MT+ID)
156,Mar 06,Core Accumulation,60,-0.43604541519985607,-0.4367297212903461,0.044610499967098524,-0.5259507212245431,-0.3475087213561491,True,True,-0.3348619705664558,-0.33593775682908655,0.04105327170747802,True,-0.40383351773859005,0.4087034736528954,North (MT+ID)
157,Mar 07,Core Accumulation,60,-0.4355551426381931,-0.4361166606254227,0.04451136468710148,-0.5251393899996256,-0.34709393125121973,True,True,-0.33408871553547753,-0.33488553400379156,0.04236787476443956,True,-0.4038241630213667,0.4036166543216377,North (MT+ID)
158,Mar 08,Core Accumulation,60,-0.4381517618399192,-0.43897565227845087,0.04408763044016594,-0.5271509131587827,-0.35080039139811897,True,True,-0.33549299469304855,-0.33669662219024304,0.04215659095946395,True,-0.4047630927639627,0.40407392863876584,North (MT+ID)
159,Mar 09,Late Accumulation,60,-0.43666203178434787,-0.4361426572527755,0.042990012505284406,-0.5221226822633444,-0.3501626322422067,True,True,-0.3339515935396154,-0.3339931762784429,0.03992227869679742,True,-0.4028382357507132,0.40306294637075996,North (MT+ID)
160,Mar 10,Late Accumulation,60,-0.43500075397743765,-0.4362818163040286,0.04324849413550363,-0.5227788045750359,-0.34978482803302136,True,True,-0.33158439200226564,-0.33367374852582526,0.039618691735699985,True,-0.40239271089258866,0.3975502708417975,North (MT+ID)
161,Mar 11,Late Accumulation,60,-0.43202533748940625,-0.43224576688339844,0.04320141137255187,-0.5186485896285022,-0.3458429441382947,True,True,-0.329776151950858,-0.3305265669157119,0.04065827744996608,True,-0.40227534195091214,0.39203971129583176,North (MT+ID)
162,Mar 12,Late Accumulation,60,-0.4324645777489682,-0.4333158707324817,0.04384843286604526,-0.5210127364645722,-0.34561900500039117,True,True,-0.3303171681407585,-0.33199922584567493,0.04082942578128572,True,-0.4021150855106888,0.38941531753356506,North (MT+ID)
163,Mar 13,Late Accumulation,60,-0.43470942140070307,-0.4352900732412991,0.044403826689083235,-0.5240977266194655,-0.3464824198631326,True,True,-0.33127941673666916,-0.3331164624156847,0.04098168094833775,True,-0.40411586682886363,0.39296899740173025,North (MT+ID)
164,Mar 14,Late Accumulation,60,-0.438038585771582,-0.4404525734780438,0.04340086319275741,-0.5272542998635587,-0.353650847092529,True,True,-0.33304224047951086,-0.33564347318358123,0.0415477978617615,True,-0.40804671967672423,0.4011001289087042,North (MT+ID)
165,Mar 15,Late Accumulation,60,-0.44309904039596265,-0.44352819121412607,0.045431568752694655,-0.5343913287195153,-0.35266505370873674,True,True,-0.33638258673799204,-0.3373607930811872,0.04180834838605591,True,-0.4133280460827791,0.4067455478911469,North (MT+ID)
166,Mar 16,Late Accumulation,60,-0.4489256584714815,-0.4492732634465077,0.045129152395702136,-0.5395315682379119,-0.3590149586551034,True,True,-0.33940128562069605,-0.33951981880051735,0.0423404087436884,True,-0.4198336049818539,0.40734377592742776,North (MT+ID)
167,Mar 17,Late Accumulation,60,-0.4530964597124626,-0.4524467676866156,0.04436444143559848,-0.5411756505578126,-0.36371788481541867,True,True,-0.3404437597551183,-0.3401359167526453,0.04102114950553042,True,-0.42566584396955454,0.4080975220383817,North (MT+ID)
168,Mar 18,Late Accumulation,60,-0.45622265172370136,-0.4548977959299293,0.04414964202134571,-0.5431970799726207,-0.36659851188723785,True,True,-0.3417388282798859,-0.34065769643499716,0.040947488961195634,True,-0.42628678019330923,0.4140261266586428,North (MT+ID)
169,Mar 19,Late Accumulation,60,-0.46346965503980614,-0.4664177143791326,0.043937197009585906,-0.5542921083983045,-0.3785433203599608,True,True,-0.34645490561021647,-0.34982390525277984,0.04130022672908507,True,-0.43055246224517374,0.4222404409131082,North (MT+ID)
170,Mar 20,Late Accumulation,60,-0.472068870139848,-0.4724466362934212,0.04482197893113278,-0.5620905941556867,-0.3828026784311557,True,True,-0.3517526186687049,-0.351687108602736,0.04043136296341585,True,-0.43502258319228587,0.4298227662095884,North (MT+ID)
171,Mar 21,Late Accumulation,60,-0.47813665298253,-0.4795904834264945,0.044080313233335444,-0.5677511098931654,-0.39142985695982363,True,True,-0.3544931986743173,-0.3561656400269769,0.039683549812880116,True,-0.4358447067477096,0.4360775254524445,North (MT+ID)
172,Mar 22,Late Accumulation,60,-0.4803894600307989,-0.48112686909825864,0.042916182785126517,-0.5669592346685117,-0.3952945035280056,True,True,-0.35509491019247674,-0.3563258258335706,0.03934999338352583,True,-0.43267881224301974,0.4405322003079873,North (MT+ID)
173,Mar 23,Late Accumulation,60,-0.47630894419480396,-0.4765045509368331,0.045454109054615936,-0.567412769046065,-0.3855963328276012,True,True,-0.35174286307560426,-0.35233109456564576,0.04182754447299592,True,-0.4279404151820338,0.4381565372062791,North (MT+ID)
174,Mar 24,Late Accumulation,60,-0.47699140475851926,-0.4786147650798746,0.044632120011017955,-0.5678790051019105,-0.3893505250578387,True,True,-0.3516030269851371,-0.354054990851929,0.03966638231163065,True,-0.4231072415933047,0.44366257850996027,North (MT+ID)
175,Mar 25,Late Accumulation,60,-0.47558984741888755,-0.47804525435815504,0.04479303086037445,-0.5676313160789039,-0.38845919263740614,True,True,-0.3511964846632162,-0.35420821297841376,0.041146918646529376,True,-0.42028315615194656,0.45430414307045786,North (MT+ID)
176,Mar 26,Late Accumulation,60,-0.47661116550628174,-0.4764749223635295,0.04589238692848068,-0.5682596962204909,-0.38469014850656813,True,True,-0.3507731196178152,-0.35136510038460256,0.04154675528558696,True,-0.41624932975163265,0.4594433867575548,North (MT+ID)
177,Mar 27,Late Accumulation,60,-0.4734619757341591,-0.47176222042078786,0.046016017270275864,-0.5637942549613396,-0.3797301858802361,True,True,-0.3482425263035202,-0.34759697499891595,0.04166776289133348,True,-0.4121786124382834,0.45809104380923726,North (MT+ID)
178,Mar 28,Late Accumulation,60,-0.46979808138728185,-0.47023933522077355,0.04483364194404495,-0.5599066191088634,-0.3805720513326837,True,True,-0.3454117381095153,-0.3463251778302992,0.041028989169420674,True,-0.4081032780069888,0.4575873509113757,North (MT+ID)
179,Mar 29,Late Accumulation,60,-0.4698373151605891,-0.4716463484897731,0.045558609478621906,-0.5627635674470169,-0.38052912953252926,True,True,-0.3463078981707289,-0.3488025085732484,0.04140847695799749,True,-0.40881937858747586,0.46262829612998463,North (MT+ID)
180,Mar 30,Late Accumulation,60,-0.4696878656449252,-0.47066836291466896,0.04663222970950109,-0.5639328223336711,-0.37740390349566677,True,True,-0.34639695716383145,-0.3483067354348193,0.04336209184448978,True,-0.4077312640687274,0.4658701313318596,North (MT+ID)
181,Mar 31,Late Accumulation,60,-0.47057964534501423,-0.47308505734762274,0.047963801682836,-0.5690126607132947,-0.3771574539819507,True,True,-0.3463211545789912,-0.3498189884500837,0.043702962736608904,True,-0.4061804573988256,0.46723254470528536,North (MT+ID)
182,Apr 01,Late Accumulation,60,-0.47199881687419537,-0.4738409536054163,0.04737139780942666,-0.5685837492242696,-0.379098157986563,True,True,-0.3489025073417536,-0.35073987936055845,0.04368228908284551,True,-0.4019264814241623,0.47140321051077516,North (MT+ID)
183,Apr 02,Late Accumulation,60,-0.4734720416740926,-0.4742560489896076,0.04682609190927046,-0.5679082328081485,-0.3806038651710667,True,True,-0.3501752516981176,-0.35220501513142244,0.04352918486678149,True,-0.4009686199887197,0.47434208409635975,North (MT+ID)
184,Apr 03,Late Accumulation,60,-0.47816517279346854,-0.47883530737420893,0.04509417569978182,-0.5690236587737726,-0.38864695597464527,True,True,-0.3538564543487881,-0.355474150162494,0.04150018066599911,True,-0.40641825151055294,0.4754004229142732,North (MT+ID)
185,Apr 04,Late Accumulation,60,-0.48177156659707604,-0.4829607725285698,0.04605001240398364,-0.575060797336537,-0.39086074772060253,True,True,-0.3567128303775739,-0.35927186280396867,0.04309587634335821,True,-0.4099038300344103,0.47565820996223296,North (MT+ID)
186,Apr 05,Late Accumulation,60,-0.4793658085758165,-0.4809298987645293,0.04648693769718034,-0.5739037741588899,-0.3879560233701686,True,True,-0.3548808631065634,-0.3578965596158011,0.04369245714724047,True,-0.4052333968570294,0.4809220428070109,North (MT+ID)
187,Apr 06,Late Accumulation,60,-0.4722215933261713,-0.4739135845472949,0.046315882284159095,-0.566545349115613,-0.3812818199789767,True,True,-0.34910448949210565,-0.3514484807921185,0.043445323939852676,True,-0.39669465163861384,0.4808105700636004,North (MT+ID)
188,Apr 07,Late Accumulation,60,-0.46759398209123854,-0.4683669105857006,0.04485169211564418,-0.558070294816989,-0.37866352635441225,True,True,-0.3457760379383968,-0.34713132692443327,0.042181587376611256,True,-0.39402697588113506,0.48212110069691466,North (MT+ID)
189,Apr 08,Late Accumulation,60,-0.4647659462926383,-0.46536739806280264,0.0444049957746578,-0.5541773896121183,-0.376557406513487,True,True,-0.3435772607479256,-0.345829687749344,0.04188788738902121,True,-0.39159251623728963,0.48121345512282654,North (MT+ID)
190,Apr 09,Late Accumulation,60,-0.4642340716929611,-0.4651189289108834,0.045211938670792325,-0.5555428062524681,-0.3746950515692988,True,True,-0.34347603684839373,-0.34487130092124435,0.04203570387459738,True,-0.3930690817315038,0.4774975135881963,North (MT+ID)
191,Apr 10,Late Accumulation,60,-0.461858132621205,-0.4611719160605322,0.04627814158604903,-0.5537281992326303,-0.36861563288843413,True,True,-0.3419730288971244,-0.34246625158409066,0.043409239210818566,True,-0.3947120477546156,0.4705791353230412,North (MT+ID)
192,Apr 11,Late Accumulation,60,-0.46209271751689057,-0.46276427200813086,0.044142475210112074,-0.551049222428355,-0.3744793215879067,True,True,-0.3423894664084416,-0.3440295419401027,0.04228274726366587,True,-0.4010571716465924,0.46917540297904875,North (MT+ID)
193,Apr 12,Late Accumulation,60,-0.46104603483123563,-0.46160954122397413,0.0446429625198962,-0.5508954662637665,-0.37232361618418175,True,True,-0.34187191547083967,-0.34335134703345077,0.041548850602710984,True,-0.40630269353753923,0.4667586973854514,North (MT+ID)
194,Apr 13,Late Accumulation,60,-0.45798930345503014,-0.45750273803480596,0.04546343995360277,-0.5484296179420115,-0.3665758581276004,True,True,-0.33999516411971664,-0.3414767884333046,0.04222673797358953,True,-0.40796192067305287,0.46503417759724,North (MT+ID)
195,Apr 14,Late Accumulation,60,-0.45251169459563356,-0.4540907584862565,0.04543697287050062,-0.5449647042272577,-0.3632168127452553,True,True,-0.3369609974092779,-0.3388768483613511,0.042351580199118576,True,-0.4064691441899055,0.4640671109154782,North (MT+ID)
196,Apr 15,Late Accumulation,60,-0.44590344684225436,-0.4452843166781512,0.0461278492400315,-0.5375400151582143,-0.35302861819808823,True,True,-0.33293862712124844,-0.33404749973558673,0.04321541709868557,True,-0.4044868009794661,0.4617746963236664,North (MT+ID)
197,Apr 16,Late Accumulation,60,-0.44097224260928436,-0.4421840451178472,0.045633756043042185,-0.5334515572039316,-0.35091653303176285,True,True,-0.330413138436856,-0.33178930237299425,0.042689103717589376,True,-0.40303991760669133,0.46375676008344596,North (MT+ID)
198,Apr 17,Late Accumulation,60,-0.43648687413113063,-0.43671944887062863,0.046244538113483766,-0.5292085250975962,-0.3442303726436611,True,True,-0.3280120965796754,-0.32941175761620184,0.04357532164916164,True,-0.4030817747327412,0.4612580589367567,North (MT+ID)
199,Apr 18,Melt Onset,60,-0.42978897433445196,-0.43046389434001503,0.0464907761685975,-0.52344544667721,-0.33748234200282,True,True,-0.32317390765560083,-0.32422181804127626,0.04322705848126668,True,-0.3997871452031074,0.45703673730292227,North (MT+ID)
200,Apr 19,Melt Onset,60,-0.4271230865528227,-0.42760277342794734,0.044669116979640947,-0.5169410073872293,-0.3382645394686654,True,True,-0.3204658998943138,-0.3223260195184661,0.0420703082511109,True,-0.39654700859609504,0.46113714106386966,North (MT+ID)
201,Apr 20,Melt Onset,60,-0.4321673518244504,-0.4329134353299155,0.04450855819523772,-0.5219305517203909,-0.34389631893944006,True,True,-0.3244612719345838,-0.326127846029565,0.04152986716904867,True,-0.40187082175526817,0.4698928170533445,North (MT+ID)
202,Apr 21,Melt Onset,60,-0.43816555869889856,-0.4375101920654895,0.04521314205823388,-0.5279364761819573,-0.3470839079490218,True,True,-0.3304093807994238,-0.33156284898778016,0.041992028618501286,True,-0.4089327223254154,0.4782669858483482,North (MT+ID)
203,Apr 22,Melt Onset,60,-0.44714266041602246,-0.446655697938608,0.0442314985927051,-0.5351186951240182,-0.35819270075319776,True,True,-0.33831110883308224,-0.33929690344957203,0.04149584260542241,True,-0.4209424800102989,0.48438655448808626,North (MT+ID)
204,Apr 23,Melt Onset,60,-0.4553423915606995,-0.4554769900532041,0.04400611444571444,-0.543489218944633,-0.3674647611617752,True,True,-0.3464383672531258,-0.3474678275424086,0.040829210755655675,True,-0.43618429208881776,0.4892558243566219,North (MT+ID)
205,Apr 24,Melt Onset,60,-0.45593292247363293,-0.4563615844349955,0.04300551373150079,-0.5423726118979971,-0.3703505569719939,True,True,-0.347945811478344,-0.3484738828313857,0.04149691579349646,True,-0.4470205159158952,0.49061553463342095,North (MT+ID)
206,Apr 25,Melt Onset,60,-0.45912116631848676,-0.45887714409931757,0.044625411181708576,-0.5481279664627348,-0.36962632173590043,True,True,-0.3519280136991636,-0.352541317910439,0.043651283891811436,True,-0.4603859233618618,0.49285366687875476,North (MT+ID)
207,Apr 26,Melt Onset,60,-0.46506413655779905,-0.46509680928668795,0.04226797568065959,-0.5496327606480071,-0.38056085792536876,True,True,-0.3587773685964716,-0.36002310181954505,0.04243402159407462,True,-0.47362586951002383,0.4984488323185918,North (MT+ID)
208,Apr 27,Melt Onset,60,-0.46759056336116844,-0.4656820583793754,0.04175427885545497,-0.5491906160902853,-0.38217350066846545,True,True,-0.36324051855100314,-0.3628384438484886,0.04106374207815482,True,-0.4871196473760512,0.4956538787770626,North (MT+ID)
209,Apr 28,Melt Onset,60,-0.4630879796706944,-0.4624186658218657,0.0426800127176806,-0.5477786912572269,-0.3770586403865045,True,True,-0.3626606399908831,-0.3629697516455535,0.04289455272279202,True,-0.4925654938034101,0.4911351859662297,North (MT+ID)
210,Apr 29,Melt Onset,60,-0.45425674002145044,-0.45617921048480276,0.043071837352004254,-0.5423228851888112,-0.37003553578079423,True,True,-0.35762378857516847,-0.36053125226195176,0.04306898017151563,True,-0.49433121449117756,0.4782609712803038,North (MT+ID)
211,Apr 30,Melt Onset,60,-0.4409693162616086,-0.4389946514638217,0.04331372122350462,-0.5256220939108309,-0.3523672090168125,True,True,-0.34597079174687934,-0.3457245938230831,0.04436310713362897,True,-0.48692060881418453,0.46352886469317683,North (MT+ID)
212,May 01,Melt Onset,60,-0.4367135843750309,-0.43651722662339615,0.044794699004450066,-0.5261066246322963,-0.346927828614496,True,True,-0.3438360374279015,-0.34471805664695593,0.04442733937771297,True,-0.4846761984093976,0.45509394854719276,North (MT+ID)
213,May 02,Melt Onset,60,-0.4318332565221634,-0.4320417841019173,0.0432311593822497,-0.5185041028664167,-0.3455794653374179,True,True,-0.33962920039142447,-0.3396498051232458,0.04220543249834056,True,-0.474667400789149,0.4565465928255607,North (MT+ID)
214,May 03,Melt Onset,60,-0.42688207744894485,-0.4279022423490239,0.045669574877374594,-0.5192413921037731,-0.33656309259427475,True,True,-0.33449082070216857,-0.3365646610245512,0.043955273061346084,True,-0.46320817740588927,0.45137568371727765,North (MT+ID)
215,May 04,Melt Onset,60,-0.4221617902673719,-0.42083772902943156,0.043921778752632396,-0.5086812865346964,-0.33299417152416677,True,True,-0.3302316422313691,-0.3300930920362364,0.04351986775409735,True,-0.4560988291087922,0.4414272099250914,North (MT+ID)
216,May 05,Melt Onset,60,-0.4169847749070964,-0.41645525800602046,0.0454932543509762,-0.5074417667079729,-0.32546874930406805,True,True,-0.3255955739533406,-0.32591087442004985,0.043561241240723594,True,-0.44914763242864997,0.43599800707205455,North (MT+ID)
217,May 06,Melt Onset,60,-0.4066007411019128,-0.40715018977687945,0.045051941446799686,-0.49725407267047883,-0.31704630688328006,True,True,-0.31660317452740755,-0.31840709873679546,0.04319255167893948,True,-0.4414380860503753,0.4266257965575601,North (MT+ID)
218,May 07,Melt Onset,60,-0.3953221889976361,-0.39419026173537586,0.04690948186459667,-0.4880092254645692,-0.3003712980061825,True,True,-0.30601074879051277,-0.30594446277492127,0.044750270370724106,True,-0.4347319623295163,0.41439890591945117,North (MT+ID)
219,May 08,Melt Onset,60,-0.38136747036067753,-0.38226292685729124,0.048359688289861,-0.47898230343701326,-0.2855435502775692,True,True,-0.2933917115517962,-0.29503679706765873,0.044783714481866604,True,-0.4245283693018821,0.40048985770413253,North (MT+ID)
220,May 09,Melt Onset,60,-0.3661430889976539,-0.3655287649491066,0.04997133705912766,-0.4654714390673619,-0.2655860908308513,True,True,-0.2813517090019627,-0.281939223557222,0.04554107576425905,True,-0.41438318154484016,0.38750405710925634,North (MT+ID)
221,May 10,Melt Onset,60,-0.3522609653746794,-0.35229083137127587,0.05061887189697613,-0.45352857516522815,-0.2510530875773236,True,True,-0.27040850092877095,-0.27161965899913776,0.04580129412612699,True,-0.40518122134965023,0.37322767538057666,North (MT+ID)
222,May 11,Melt Onset,60,-0.3459908654408213,-0.34408531332607023,0.05159919816522291,-0.44728370965651604,-0.24088691699562442,True,True,-0.26550894837429767,-0.2648183176177887,0.04663784055875962,True,-0.40079724335962713,0.3708969889111731,North (MT+ID)
223,May 12,Melt Onset,60,-0.3441632661290204,-0.3441732940792618,0.053493896510509065,-0.4511610871002799,-0.23718550105824365,True,True,-0.26350275500432147,-0.26527262770229926,0.04777244332649195,True,-0.3970650531772898,0.3670582111376435,North (MT+ID)
224,May 13,Melt Onset,60,-0.3461285250601636,-0.34646715260848887,0.054891661722318026,-0.4562504760531249,-0.23668382916385283,True,True,-0.26320372927672087,-0.2638746853420953,0.04701157019359888,True,-0.3929155734548512,0.3626728505182326,North (MT+ID)
225,May 14,Melt Onset,60,-0.3492949096374699,-0.34978880263325546,0.05623577721295672,-0.4622603570591689,-0.237317248207342,True,True,-0.26221470405363795,-0.2633749163197715,0.04805207896549622,True,-0.3903293028416724,0.35297095057939537,North (MT+ID)
226,May 15,Melt Onset,60,-0.34932905731436065,-0.3495158401323022,0.05886852282059624,-0.46725288577349466,-0.23177879449110972,True,True,-0.25800296182490357,-0.2592916569138223,0.04871075788374854,True,-0.37955740764259155,0.3415917509916784,North (MT+ID)
227,May 16,Melt Onset,60,-0.34822941074381863,-0.34892534159915367,0.06056907860169786,-0.4700634988025494,-0.22778718439575796,True,True,-0.2532259210828376,-0.25456908812960966,0.04931143739630687,True,-0.36751454546895934,0.3340853870138194,North (MT+ID)
228,May 17,Melt Onset,60,-0.34244455275964525,-0.3426135015589932,0.0638259645591903,-0.4702654306773738,-0.21496157244061262,True,True,-0.2472783886606926,-0.24862392626406762,0.05134435937744855,True,-0.3579614700055564,0.32358936464951954,North (MT+ID)
229,May 18,Melt Onset,60,-0.3377238298428231,-0.3365700180765825,0.06304282635056366,-0.4626556707777098,-0.21048436537545517,True,True,-0.24242214082780184,-0.24207915441575617,0.05051004788188449,True,-0.3473210597929289,0.31914204350749803,North (MT+ID)
230,May 19,Melt Onset,60,-0.3398286701124645,-0.34060383195461486,0.06641784509830692,-0.4734395221512287,-0.207768141758001,True,True,-0.2443930247027086,-0.245398457202948,0.052245672797891884,True,-0.3402435360115875,0.33305616218449735,North (MT+ID)
231,May 20,Melt Onset,60,-0.34494318584944494,-0.3466401631391793,0.06606988935761642,-0.4787799418544121,-0.21450038442394645,True,True,-0.244450656683376,-0.24675310215334428,0.05132672443817948,True,-0.3274151874624975,0.3498411042055651,North (MT+ID)
232,May 21,Melt Onset,60,-0.34081380437493514,-0.34170153930092595,0.06526137884163888,-0.4722242969842037,-0.2111787816176482,True,True,-0.23997329749498353,-0.24179847908855176,0.05174692896280498,True,-0.31748994152087445,0.3477530650939133,North (MT+ID)
233,May 22,Melt Onset,60,-0.3309559518654862,-0.333272794596242,0.06378298761275376,-0.46083876982174954,-0.20570681937073446,True,True,-0.23059122069777285,-0.23338609773911834,0.049991462358514774,True,-0.2982979098955999,0.33686998536161095,North (MT+ID)
234,May 23,Melt Onset,60,-0.3381430517435779,-0.3393840552092632,0.0625282421912918,-0.4644405395918468,-0.21432757082667958,True,True,-0.23613997520213376,-0.23809423037766647,0.04978558381364078,True,-0.29694096230886036,0.3520037025257952,North (MT+ID)
235,May 24,Melt Onset,60,-0.32723112939507176,-0.32909323659701706,0.05901280971196207,-0.4471188560209412,-0.21106761717309291,True,True,-0.23224759396787903,-0.23426867747924468,0.04902141280840874,True,-0.28514063082967206,0.3582785569942389,North (MT+ID)
236,May 25,Melt Onset,60,-0.32917759631202104,-0.3301731658249413,0.05817136391105698,-0.44651589364705524,-0.2138304380028273,True,True,-0.23033325840950566,-0.23199607363070662,0.04750726574803193,True,-0.2694668760339438,0.36011146894130924,North (MT+ID)
237,May 26,Melt Onset,60,-0.3341910239974969,-0.33592930840755486,0.05478831064611482,-0.44550592969978453,-0.22635268711532522,True,True,-0.2279555236913551,-0.23040298409752036,0.04543065165174412,True,-0.2602265264398765,0.35865231142296056,North (MT+ID)
238,May 27,Melt Onset,60,-0.34259992355169866,-0.343016752350355,0.05200203209344732,-0.4470208165372497,-0.23901268816346036,True,True,-0.23632606137066528,-0.23858050107251808,0.0454601588654768,True,-0.29167133831072034,0.36266850806514045,North (MT+ID)
239,May 28,Melt Onset,60,-0.3556235263607694,-0.35617437539542784,0.05010134948832556,-0.456377074372079,-0.2559716764187767,True,True,-0.23572239485109522,-0.23707222876935782,0.04227690930553149,True,-0.2935448882475235,0.35606928051575976,North (MT+ID)
240,May 29,Melt Onset,60,-0.36214367747889054,-0.3630835887627087,0.04671979585781321,-0.4565231804783351,-0.26964399704708225,True,True,-0.24909646032630645,-0.24998660643124687,0.04316352294809138,True,-0.30737815923300527,0.3742652214492489,North (MT+ID)
241,May 30,Melt Onset,60,-0.3623001132170422,-0.3634578237027817,0.046908528399118014,-0.4572748805010177,-0.26964076690454564,True,True,-0.24613991500226073,-0.24709068557018812,0.04381392257185345,True,-0.29816587948774853,0.36440368942869533,North (MT+ID)
242,May 31,Melt Onset,60,-0.35672205946039715,-0.35789182302458084,0.04836127037685485,-0.45461436377829056,-0.2611692822708711,True,True,-0.23693679046817684,-0.23844051571175687,0.04422842266697253,True,-0.28081110192251824,0.3495773037306517,North (MT+ID)
243,Jun 01,Melt Onset,60,-0.3471443986061011,-0.3465984820821321,0.04659506365065177,-0.43978860938343567,-0.25340835478082857,True,True,-0.2309865545312094,-0.23126041194754515,0.04418887822795291,True,-0.27179017724535426,0.342980621506044,North (MT+ID)
244,Jun 02,Melt Onset,60,-0.3574383732929414,-0.35928423142456756,0.043927517549802134,-0.4471392665241718,-0.2714291963249633,True,True,-0.24149650945781073,-0.24353800941206036,0.04325439950514437,True,-0.27551196330845945,0.36069783703422553,North (MT+ID)
245,Jun 03,Melt Onset,60,-0.3652347147258044,-0.36753885936503056,0.04316792617423833,-0.45387471171350724,-0.2812030070165539,True,True,-0.23995007727311438,-0.24136133053333356,0.04381450880665526,True,-0.2826776998424053,0.36075127313123523,North (MT+ID)
246,Jun 04,Melt Onset,60,-0.3614454027367772,-0.36185422752345064,0.04360419943871065,-0.4490626264008719,-0.2746458286460294,True,True,-0.2377249571107877,-0.23802501794518535,0.04436342748591871,True,-0.27977415300929853,0.3596899356512146,North (MT+ID)
247,Jun 05,Melt Onset,60,-0.3561796025982544,-0.35618873772978255,0.04799939884071448,-0.4521875354112115,-0.2601899400483536,True,True,-0.22338711201917139,-0.22437080295239026,0.04244646414851898,True,-0.2600675206355787,0.3277064572624603,North (MT+ID)
248,Jun 06,Melt Onset,60,-0.3354201908607667,-0.33457202578295264,0.051057509329315805,-0.43668704444158424,-0.23245700712432105,True,True,-0.2118869127026746,-0.2112617692621616,0.03987715902596927,True,-0.23178990318956302,0.3072672100570133,North (MT+ID)
249,Jun 07,Melt Onset,60,-0.3304925175409141,-0.3298867149830636,0.05523639224561705,-0.4403594994742977,-0.2194139304918295,True,True,-0.2012198673788916,-0.2003447393066498,0.04023447286733431,True,-0.21670696690780794,0.28502152690679855,North (MT+ID)
250,Jun 08,,60,-0.3467337143253823,-0.3477570381069393,0.052675737069955306,-0.4531085122468499,-0.2424055639670287,True,True,-0.21517869505128867,-0.21687739753839513,0.039786985830872694,True,-0.23563099642815621,0.29791249294027417,North (MT+ID)
251,Jun 09,,60,-0.3505310521571688,-0.3507067951475543,0.05124460641765559,-0.4531960079828655,-0.24821758231224314,True,True,-0.21348649721482,-0.2142697122586457,0.039383431339807984,True,-0.2454416126793666,0.27993902119329417,North (MT+ID)
252,Jun 10,,60,-0.3569341085037891,-0.3565792746136831,0.04997989527062037,-0.4565390651549238,-0.2566194840724424,True,True,-0.22116519331436119,-0.22186882816557704,0.039835993195000086,True,-0.2575713239083108,0.28434336391586545,North (MT+ID)
253,Jun 11,,60,-0.3823699153870973,-0.38245952762928426,0.04962776715882938,-0.481715061946943,-0.2832039933116255,True,True,-0.22876265675841273,-0.2289154285592664,0.03993571364237126,True,-0.2589263581265636,0.30131416448103326,North (MT+ID)
254,Jun 12,,60,-0.4098880889874922,-0.40831499412206634,0.05096626924755039,-0.5102475326171672,-0.30638245562696553,True,True,-0.23144233970965328,-0.23130816275734514,0.04194217467864614,True,-0.24936338632835042,0.3029079780348989,North (MT+ID)
255,Jun 13,,60,-0.41552861863856627,-0.4156298732037224,0.04692185924487351,-0.5094735916934694,-0.3217861547139754,True,True,-0.23883595864628626,-0.23933089416960007,0.041018724708377585,True,-0.26031368684518286,0.32090473664827207,North (MT+ID)
256,Jun 14,,60,-0.4067067470434887,-0.40824846921331354,0.047098893454141304,-0.5024462561215961,-0.3140506823050309,True,True,-0.23457150130026733,-0.23605130170612382,0.038243029281518515,True,-0.2621439953819727,0.32303886326430803,North (MT+ID)
257,Jun 15,,60,-0.39103004686468984,-0.3910974929302196,0.045940680798716875,-0.4829788545276534,-0.29921613133278585,True,True,-0.22152374417158258,-0.22174914643635998,0.03842077933609808,True,-0.25005996150272874,0.3058855470479153,North (MT+ID)
258,Jun 16,,60,-0.32237533227610377,-0.32192515941381944,0.04758455230252344,-0.4170942640188663,-0.22675605480877256,True,True,-0.1845613770005671,-0.18458265059000037,0.03932620152727907,True,-0.21434258621802607,0.26352737971131623,North (MT+ID)
259,Jun 17,,60,-0.2858632055331545,-0.2862353736602472,0.05246439619600595,-0.3911641660522591,-0.1813065812682353,True,True,-0.16060185536491872,-0.1612315665716007,0.039587929740634596,True,-0.17640184825293706,0.2370052119418675,North (MT+ID)
260,Jun 18,,60,-0.2715556931297024,-0.2682147136031764,0.054026492070680894,-0.37626769774453817,-0.16016172946181462,True,True,-0.14854212582377072,-0.14691572777451783,0.038706829140135804,True,-0.1638055350615621,0.22658620582070474,North (MT+ID)
261,Jun 19,,60,-0.2654954131283084,-0.26373380266731256,0.05622780464454148,-0.37618941195639555,-0.1512781933782296,True,True,-0.1536958611191235,-0.15383899452124572,0.04240899231146567,True,-0.16775676426398536,0.24040365138094966,North (MT+ID)
262,Jun 20,,60,-0.2894896420223111,-0.28997304112280947,0.045744666525053934,-0.38146237417291734,-0.1984837080727016,True,True,-0.1701831801404644,-0.17069663642011573,0.03976100722649839,True,-0.182954366659319,0.24782174203044874,North (MT+ID)
263,Jun 21,,60,-0.29978874180990867,-0.2989430168281765,0.046833557998477805,-0.3926101328251321,-0.20527590083122088,True,True,-0.17738138203887158,-0.17720726965388825,0.040793156607909664,True,-0.19169948447324342,0.24677751645159882,North (MT+ID)
264,Jun 22,,60,-0.32443892990198986,-0.3268692490192651,0.044166801626032905,-0.4152028522713309,-0.23853564576719932,True,True,-0.18764156363347168,-0.18845108357221177,0.03963980080348747,True,-0.21259904941080224,0.24858722731074812,North (MT+ID)
265,Jun 23,,60,-0.306471099348607,-0.30634275005525197,0.04454992685634121,-0.3954426037679344,-0.21724289634256955,True,True,-0.18682877337896706,-0.18660055246669413,0.04081349057688736,True,-0.20821468848972674,0.2618953837238593,North (MT+ID)
266,Jun 24,,60,-0.28666538162401034,-0.2879928345249975,0.04529051630426903,-0.3785738671335356,-0.19741180191645946,True,True,-0.1706485796479238,-0.17131491664407433,0.04040525964316039,True,-0.17620387971469018,0.24260071265676952,North (MT+ID)
267,Jun 25,,60,-0.2915324146261988,-0.2914298378209431,0.04175043124850828,-0.37493070031795966,-0.20792897532392657,True,True,-0.16909639859981007,-0.16989555339256135,0.03913615644367104,True,-0.17179966306907418,0.24322173456126384,North (MT+ID)
268,Jun 26,,60,-0.2890204323727429,-0.29055793934689417,0.04223229999421004,-0.37502253933531426,-0.20609333935847407,True,True,-0.18319414990662608,-0.18438798855476302,0.04384065499358563,True,-0.19096510139720344,0.2787051983300028,North (MT+ID)
269,Jun 27,,60,-0.2827518859600257,-0.28206698040360745,0.04248749898085483,-0.3670419783653171,-0.1970919824418978,True,True,-0.17030845365987002,-0.17066355910755543,0.04126101667773417,True,-0.17029351307423374,0.2619433813949352,North (MT+ID)
270,Jun 28,,60,-0.29005532775037485,-0.29089461896945934,0.03810851349595894,-0.36711164596137724,-0.21467759197754147,True,True,-0.17275697595261152,-0.1730105670007399,0.04017068915666597,True,-0.18183973517063143,0.2492758788104691,North (MT+ID)
271,Jun 29,,60,-0.2822136306784976,-0.2828393569076489,0.040098974018479866,-0.3630373049446086,-0.20264140887068915,True,True,-0.17052728546285753,-0.17135825447818198,0.04012077206845143,True,-0.1859163327055134,0.26121463588581956,North (MT+ID)
272,Jun 30,,60,-0.2717176351686268,-0.27288439746531457,0.040589902585576834,-0.3540642026364682,-0.1917045922941609,True,True,-0.15169364807342467,-0.15190024269806834,0.03832506281907952,True,-0.1641424978070554,0.23846654274100956,North (MT+ID)
273,Jul 01,,60,-0.2599861191329209,-0.2603152686552857,0.040695723725212726,-0.34170671610571113,-0.17892382120486025,True,True,-0.14601412347036832,-0.14666767567350336,0.038025176541330266,True,-0.16326833822304304,0.2335360420335075,North (MT+ID)
274,Jul 02,,60,-0.2497036376022648,-0.24874304917308865,0.043236703488662716,-0.33521645615041407,-0.16226964219576323,True,True,-0.13207891960755416,-0.13172137368604356,0.036690890454327094,True,-0.14983905440505033,0.21217754913429968,North (MT+ID)
275,Jul 03,,60,-0.2732475468461849,-0.2736085734146408,0.037775951602863705,-0.3491604766203682,-0.19805667020891338,True,True,-0.15052280137115967,-0.15039225079118448,0.03751775665735653,True,-0.17348490350434762,0.24514222508497474,North (MT+ID)
276,Jul 04,,60,-0.2906219443996335,-0.29058965613416887,0.03970624877350878,-0.37000215368118644,-0.2111771585871513,True,True,-0.14527091463160574,-0.14555682653921967,0.03399686847345882,True,-0.16717768116775233,0.21563800401383573,North (MT+ID)
277,Jul 05,,60,-0.26541097196374164,-0.26465068402208647,0.03979984867003446,-0.34425038136215536,-0.18505098668201755,True,True,-0.13223394482168657,-0.1322638893357266,0.03393672656693625,True,-0.15511039830934897,0.20872890117346676,North (MT+ID)
278,Jul 06,,60,-0.22357026437911792,-0.22358047914704618,0.04522770326403752,-0.3140358856751212,-0.13312507261897114,True,True,-0.10215886855976991,-0.10363062026149615,0.02864247787058227,True,-0.14671236758717188,0.14909919445136877,North (MT+ID)
279,Jul 07,,60,-0.240183298271939,-0.2392933169854636,0.04568929749790363,-0.3306719119812709,-0.14791472198965633,True,True,-0.1206290350642611,-0.12104967891500326,0.035008420926251935,True,-0.14409905662241884,0.20791131433644547,North (MT+ID)
280,Jul 08,,59,-0.23933827444593284,-0.237743477381633,0.04629063048005782,-0.33032473834174864,-0.1451622164215174,True,True,-0.12900548858067493,-0.12903783548503378,0.03790562753260057,True,-0.14345100833509322,0.228780342880685,North (MT+ID)
281,Jul 09,,59,-0.23836084640057142,-0.23757280400176228,0.04159590961350054,-0.32076462322876337,-0.1543809847747612,True,True,-0.13615302036249616,-0.1375577073981301,0.04006050114109069,True,-0.15551572269468922,0.24002551647343787,North (MT+ID)
282,Jul 10,,59,-0.1426467463076238,-0.1413205493349621,0.07234223184597356,-0.2860050130269092,0.0033639143569850205,False,False,-0.0748192893571721,-0.07604710669830596,0.03878733685395196,False,-0.06552034759721834,0.16740172616932184,North (MT+ID)
283,Jul 11,,60,-0.05699800073553061,-0.04731071757509106,0.09502146892702795,-0.23735365542914696,0.14273222027896484,False,False,-0.026567370288004533,-0.026414588558389865,0.04078883999121014,False,-0.034067014665044235,0.1316206168197673,North (MT+ID)
284,Jul 12,,59,-0.15317615621348676,-0.14311582559003552,0.07324572232972673,-0.28960727024948896,0.00337561906941794,False,False,-0.0839556531989765,-0.08286729125411701,0.0446642490219673,False,-0.10899475650568227,0.19209721348423023,North (MT+ID)
285,Jul 13,,59,-0.20912757709828653,-0.20647336522498985,0.04754641100798075,-0.30156618724095136,-0.11138054320902835,True,True,-0.12619709289557374,-0.12750917326668518,0.04617511503422786,True,-0.13690439896435924,0.21559247333357517,North (MT+ID)
286,Jul 14,,59,-0.22469027834548244,-0.2231640246120464,0.04291108149229607,-0.30898618759663854,-0.13734186162745426,True,True,-0.13546034974833537,-0.13529340119441463,0.046347218817691826,True,-0.1457170510575885,0.21461512387300202,North (MT+ID)
287,Jul 15,,60,-0.2245408836946137,-0.22418376745299506,0.039323973576380525,-0.3028317146057561,-0.14553582030023401,True,True,-0.10616549115573005,-0.10659024894192082,0.03455235064454757,True,-0.14654677004662772,0.11619514275352487,North (MT+ID)
288,Jul 16,,59,-0.1804496161632532,-0.17585337554693717,0.05406380006042066,-0.28398097566777847,-0.06772577542609585,True,False,-0.08281676419603,-0.0837138928044481,0.03317787735406123,True,-0.11237498042640759,0.07865065061810517,North (MT+ID)
289,Jul 17,,59,-0.12266570666530953,-0.10866377499727507,0.07957748063794753,-0.26781873627317015,0.050491186278619996,False,False,-0.054285534272421554,-0.0524879251972781,0.03500862703316865,False,-0.06766039609999927,0.055734914197000045,North (MT+ID)
290,Jul 18,,52,-0.08594702772853405,-0.07619213477759655,0.09498173479427342,-0.2661556043661434,0.1137713348109503,False,False,-0.0455098973372257,-0.04547970121442009,0.044086013570775205,False,0.007740145610488257,0.06213289120508679,North (MT+ID)
291,Jul 19,,52,-0.11626851579627719,-0.0994154039744591,0.09354485929508295,-0.286505122564625,0.08767431461570681,False,False,-0.06093800448709884,-0.06006483682027837,0.04388036025831612,False,-0.014737757383565055,0.07439720928297955,North (MT+ID)
292,Jul 20,,52,-0.18604065047418253,-0.17834136608668325,0.06967523578920921,-0.3176918376651017,-0.03899089450826482,True,False,-0.12153944069842226,-0.12268247040661971,0.055980696892540274,True,-0.07970577092082412,0.15088252590762244,North (MT+ID)
293,Jul 21,,51,-0.2303596662957402,-0.23325427133822768,0.03952093483965554,-0.3122961410175388,-0.1542124016589166,True,True,-0.13348874087221155,-0.13501351069524203,0.05046609046659054,True,-0.14676771686066414,0.13212377085830226,North (MT+ID)
294,Jul 22,,52,-0.12083722666368955,-0.08784382342823421,0.12540175835255918,-0.33864734013335257,0.16295969327688414,False,False,-0.0637427918986665,-0.06380700939829594,0.04769926658315027,False,-0.0803360864726827,0.06358870258837035,North (MT+ID)
295,Jul 23,,57,-0.12376817495017622,-0.10895800576327347,0.07701457577681815,-0.2629871573169098,0.04507114579036284,False,False,-0.07133945228956998,-0.07101113660506045,0.042312212648337844,False,-0.1386384545486971,0.06339050373928347,North (MT+ID)
296,Jul 24,,57,-0.12187352296387556,-0.10724101294628648,0.07625871312820842,-0.2597584392027033,0.04527641331013037,False,False,-0.07299766647306617,-0.07240802262964344,0.04384164573758282,False,-0.1382716704878891,0.0654143121980485,North (MT+ID)
297,Jul 25,,46,-0.17322456212910045,-0.15406187422503592,0.08578468141754328,-0.3256312370601225,0.017507488610050637,False,False,-0.1066886506196967,-0.10635044317346574,0.05575902713252168,False,-0.14679157132194157,0.11748563461005687,North (MT+ID)
298,Jul 26,,44,-0.1877954519908654,-0.1650828189335186,0.09903347575949055,-0.3631497704524997,0.03298413258546251,False,False,-0.15781991217150415,-0.1589565512727101,0.0821154581271226,False,-0.1449154984951019,0.22821513100394172,North (MT+ID)
299,Jul 27,,57,-0.03284250200854786,-0.029173723094811713,0.0764210335828304,-0.1820157902604725,0.12366834407084908,False,False,-0.019292031994275625,-0.018536405279773807,0.03799465328396184,False,0.030541959037733164,0.024022581645711732,North (MT+ID)
300,Jul 28,,46,-0.1117123208137172,-0.09468604306113121,0.09998625702555039,-0.294658557112232,0.10528647098996957,False,False,-0.06740571290463647,-0.06735358250769312,0.05137403746558925,False,0.002230979888527481,0.09009978648585579,North (MT+ID)
301,Jul 29,,48,-0.1750351544501429,-0.1612473904896812,0.07727113757963301,-0.3157896656489472,-0.006705115330415179,True,False,-0.10318830319255827,-0.10269554630775919,0.05312959807886134,False,-0.14227788913108053,0.10013926809742335,North (MT+ID)
302,Jul 30,,48,-0.14978511457315408,-0.14233644345947913,0.07213111945838842,-0.28659868237625596,0.0019257954572977076,False,False,-0.09108547097614854,-0.08991715848410745,0.04869580142605295,False,-0.13866483140736818,0.08200268292178711,North (MT+ID)
310,Aug 07,,55,-0.04244934709590445,-0.052691211846149576,0.025756220018974933,-0.10420365188409944,-0.0011787718081997106,True,False,-0.027856855100821726,-0.028074463662077512,0.01172309866723316,True,-0.14043444510091818,-0.11939300368229544,North (MT+ID)
311,Aug 08,,56,-0.02097949136939387,-0.024532996653143513,0.02238552277390695,-0.06930404220095741,0.020238048894670388,False,False,-0.015476517453982805,-0.015277864448982954,0.010606205430485259,False,-0.1237830904186305,-0.133981863489856,North (MT+ID)
312,Aug 09,,48,-0.03886609847233629,-0.042998516103855765,0.030051465878724648,-0.10310144786130507,0.01710441565359353,False,False,-0.031205038176358953,-0.030933807761350445,0.01665429604003151,False,-0.14600537082349713,-0.1470235830003565,North (MT+ID)
315,Aug 12,,30,0.1252842907056488,0.11513405197908114,0.06947287857154678,-0.02381170516401243,0.2540798091221747,False,False,0.08152595505653874,0.08353543279047809,0.048978342225223265,False,0.25165286958217614,-0.12770689005653066,North (MT+ID)
316,Aug 13,,46,-0.08907000962864874,-0.08614490525583142,0.05406540800963105,-0.19427572127509352,0.021985910763430677,False,False,-0.06388114602093653,-0.06484266555938703,0.03468046260768883,False,-0.07249094785915482,0.01095216671625774,North (MT+ID)
317,Aug 14,,47,0.12369532203859684,0.11753574847327705,0.06788880165787459,-0.01824185484247212,0.25331335178902625,False,False,0.07150373189907462,0.07184011781436948,0.04139403374292203,False,0.1624894420305888,-0.13638479200502235,North (MT+ID)
318,Aug 15,,59,0.11602812651944158,0.12064901365286036,0.06041667408984413,-0.00018433452682789508,0.24148236183254862,False,False,0.05729513786289579,0.057400865792743914,0.025077980176068767,True,0.06781850102401914,-0.14881356818654137,North (MT+ID)
319,Aug 16,,59,0.10908660072976412,0.10742516706915978,0.052250835527090075,0.0029234960149796263,0.21192683812333993,True,False,0.053710063913155255,0.05440568015137617,0.0272547505508145,False,0.11121723692880303,-0.11574352363293822,North (MT+ID)
320,Aug 17,,49,0.11363991536959192,0.1019133014626329,0.06441991998362767,-0.02692653850462244,0.23075314142988823,False,False,0.08590511532945688,0.08692204318206365,0.048309176804334455,False,0.25403160785092693,-0.05845059760447059,North (MT+ID)
324,Aug 21,,45,0.1300489904436934,0.12838472757636868,0.05014060478795512,0.028103518000458433,0.22866593715227893,True,False,0.05786481625817882,0.05857999952708676,0.027285823537097065,True,0.14006388703982037,-0.14481856767088178,North (MT+ID)
325,Aug 22,,58,0.24517238858942172,0.23896841045830028,0.06437593500278135,0.11021654045273757,0.36772028046386296,True,False,0.11507044330406167,0.1143999350407156,0.04504492355256584,True,0.10630071560152217,-0.11569110757830428,North (MT+ID)
326,Aug 23,,58,0.17159079549848893,0.1544982961811969,0.08783963489080429,-0.021180973600411684,0.33017756596280545,False,False,0.10561525685436292,0.10549321759748254,0.05755884503805064,False,0.08085406397305604,-0.13267616630324114,North (MT+ID)
327,Aug 24,,60,0.20667510864827396,0.19611717118675262,0.07294359876919317,0.05022997364836629,0.34200436872513895,True,False,0.14390442617000695,0.1433157779822247,0.07133152698918424,True,0.1668459144752406,-0.13357489041366188,North (MT+ID)
328,Aug 25,,59,0.21252799036750694,0.20330136299940726,0.06718135995743207,0.06893864308454312,0.3376640829142714,True,False,0.13235667763519257,0.13236580700430875,0.06106301160886949,True,0.12776314274772044,-0.1349134548096036,North (MT+ID)
329,Aug 26,,59,0.2079950104137707,0.19637975981230796,0.07182320623866383,0.05273334733498031,0.3400261722896356,True,False,0.12174909712409063,0.12083658405096656,0.05889738388536657,True,0.1155223642942949,-0.1319815670715301,North (MT+ID)
330,Aug 27,,57,0.21825682553311013,0.21037312460799262,0.06757934859495085,0.07521442741809092,0.3455318217978943,True,False,0.09916251622492023,0.09971864753802967,0.042860314876224576,True,0.09123206571900785,-0.12319912969801712,North (MT+ID)
331,Aug 28,,59,0.06394168091198174,0.0718413972996371,0.041331999885483264,-0.010822602471329434,0.15450539707060362,False,False,0.03405450825137738,0.03379141855427572,0.016375322859421972,True,-0.07125524266234715,-0.12307577943909619,North (MT+ID)
332,Aug 29,,59,-0.03170830742582576,-0.03722719391843481,0.05969464658819095,-0.1566164870948167,0.0821620992579471,False,False,-0.01502982236648474,-0.014990437994071314,0.022815974438372418,False,-0.07103160303931277,-0.021634698011959448,North (MT+ID)
333,Aug 30,,60,0.08109342684432652,0.0746249995743226,0.07742954870260732,-0.08023409783089204,0.22948409697953726,False,False,0.030056063295141544,0.030451128239303387,0.02784118046735817,False,0.009600760522550706,-0.058623344150048724,North (MT+ID)
334,Aug 31,,60,0.07281364068795079,0.06559725674276105,0.08705417691494047,-0.10851109708711988,0.239705610572642,False,False,0.030512315761245332,0.030696877092538336,0.03382553613244354,False,0.011767560249903952,-0.026782248464703697,North (MT+ID)
335,Sep 01,,59,-0.21774986020871726,-0.21335593843344844,0.08603527901545695,-0.38542649646436233,-0.041285380402534544,True,False,-0.09185144494953906,-0.09314720300211451,0.04050575708915265,True,-0.061508222649043265,0.08016895778251416,North (MT+ID)
336,Sep 02,,60,-0.3698876095127721,-0.37138271393012895,0.0360400618665406,-0.44346283766321015,-0.29930259019704775,True,True,-0.19539420054391896,-0.195403255253391,0.049764609120764254,True,-0.14595406465676108,0.21667898169835406,North (MT+ID)
337,Sep 03,,59,-0.35358427192621256,-0.35350220743053,0.058517232617575264,-0.47053667266568056,-0.23646774219537947,True,True,-0.14604169079768134,-0.1459838919270606,0.03206283831877404,True,-0.1605914910302795,0.1379481060182089,North (MT+ID)
338,Sep 04,,59,-0.10310071059737604,-0.10834628865829592,0.07143511045140845,-0.2512165095611128,0.03452393224452098,False,False,-0.031657623681923486,-0.031743072690161425,0.018725565679302923,False,-0.029047340844659746,-0.005464823538747554,North (MT+ID)
339,Sep 05,,60,0.04622373669770447,0.05339061014926683,0.08587755618316228,-0.11836450221705774,0.2251457225155914,False,False,0.020726023122509634,0.019724589028570758,0.030701594888445833,False,0.03812146618300274,0.052265898539347044,North (MT+ID)
340,Sep 06,,60,-0.007940870835421839,-0.0026412462574536364,0.08737768812382583,-0.1773966225051053,0.17211412999019804,False,False,-0.003627247008842377,-0.005890805453919894,0.032977458008714336,False,-0.019309303790364454,0.08936710897109183,North (MT+ID)
341,Sep 07,,60,-0.05541446420315574,-0.04670606503220127,0.06922854354873528,-0.18516315212967183,0.0917510220652693,False,False,-0.03077443644168087,-0.0315747989565162,0.031409629613724566,False,-0.07122415406272949,0.11916496364767516,North (MT+ID)
342,Sep 08,,60,0.03173510601676758,0.029803620702976593,0.05686043457480583,-0.08391724844663506,0.14352448985258826,False,False,0.01447579982247608,0.015517812102036312,0.02377666838404566,False,0.03876003234354146,-0.005710651307027545,North (MT+ID)
343,Sep 09,,60,0.0724088435469728,0.07325935730849074,0.07230797927952393,-0.07135660125055711,0.2178753158675386,False,False,0.023905644477723684,0.0241889461974791,0.023164889039779004,False,0.06715091421120106,-0.023865408951413293,North (MT+ID)
344,Sep 10,,60,0.11363983985960269,0.11279058233945014,0.04031767167045966,0.032155238998530816,0.19342592568036945,True,False,0.05112968714551012,0.052030967741035286,0.022214289399107023,True,0.1328646618449151,-0.1072888882781634,North (MT+ID)
345,Sep 11,,60,0.07488506897223428,0.0731259385088157,0.05014003385363512,-0.027154129198454544,0.17340600621608593,False,False,0.02960938702230539,0.030081544563696945,0.02082907611871242,False,0.09171337956557454,-0.10172093640402992,North (MT+ID)
346,Sep 12,,60,0.10135758918876886,0.10241443722619545,0.044724649834013114,0.01296513755816922,0.19186373689422168,True,False,0.05033136362934365,0.05058223529758831,0.022515546226558363,True,0.0312270182183547,-0.17169701179128818,North (MT+ID)
347,Sep 13,,60,0.16730061090871917,0.17628934467059346,0.05615988249388067,0.06396957968283212,0.2886091096583548,True,False,0.08385834303399478,0.08424987978684385,0.019943818707216843,True,0.03295060794493524,-0.1867056461458999,North (MT+ID)
348,Sep 14,,60,0.10577416001053057,0.11169544342410782,0.0495939495638701,0.01250754429636762,0.21088334255184804,True,False,0.049124078991006015,0.04892972142841418,0.017572744752889564,True,-0.0289568900523632,-0.16010689895592525,North (MT+ID)
349,Sep 15,,60,0.006194021128076997,0.007764760566370717,0.035407104408005784,-0.06304944824964084,0.07857896938238229,False,False,0.002903546551686025,0.003268289614979582,0.016082855849770518,False,-0.08900743194489864,-0.08486023417540202,North (MT+ID)
350,Sep 16,,60,-0.006082154554115499,-0.005051234841689987,0.046088006570818775,-0.09722724798332753,0.08712477829994757,False,False,-0.002713810536525913,-0.002997213636666501,0.019714075596298765,False,-0.06689338346887082,-0.04859009578955103,North (MT+ID)
351,Sep 17,,60,0.05807012496047837,0.057070410838124905,0.0643018527423785,-0.07153329464663209,0.1856741163228819,False,False,0.023098441419731316,0.022708607690097245,0.025101123290395818,False,-0.0004882679634588327,-0.054973518655304594,North (MT+ID)
352,Sep 18,,60,0.09377020867073305,0.09341305978945713,0.06001363079695112,-0.026614201804445112,0.2134403213833594,False,False,0.042700234393367474,0.04259165510258951,0.02716711247453667,False,0.004617072393820479,-0.1323547040782678,North (MT+ID)
353,Sep 19,,59,0.07819091203039422,0.08002083778129469,0.056292781118532934,-0.032564724455771174,0.19260640001836055,False,False,0.04239397918538409,0.041653174441612206,0.026995270927400204,False,-0.0053905338200956575,-0.10969731812890395,North (MT+ID)
354,Sep 20,,59,0.050149321026982246,0.056368277398665026,0.0483804287668873,-0.040392580135109574,0.15312913493243963,False,False,0.029324349869882797,0.029944083541979957,0.022599071287563832,False,-0.016545392375511392,-0.1117179514876616,North (MT+ID)
355,Sep 21,,59,-0.017021602364426774,-0.01616086754869008,0.0426519965483844,-0.10146486064545887,0.06914312554807872,False,False,-0.00967949019464873,-0.008946810350015297,0.020880632341291654,False,-0.08735221593306888,-0.05148037959139855,North (MT+ID)
356,Sep 22,,59,-0.08861990779979037,-0.09476593744001138,0.04842130743713888,-0.19160855231428914,0.002076677434266372,False,False,-0.05013224003862866,-0.049612305395149374,0.022221971159773528,True,-0.1306338518400899,0.013726507921188381,North (MT+ID)
357,Sep 23,,59,-0.0985850692633976,-0.10702435037165572,0.05191376232122499,-0.2108518750141057,-0.003196825729205738,True,False,-0.05152248807525125,-0.05216336886445614,0.021606339241015574,True,-0.11229788219403618,0.017166464694613102,North (MT+ID)
358,Sep 24,,59,-0.11089165203096162,-0.11676095444366771,0.04376150165610881,-0.20428395775588531,-0.0292379511314501,True,False,-0.05511505305084043,-0.055325325836415765,0.018336980462076352,True,-0.12871668622804575,0.014035845848176883,North (MT+ID)
359,Sep 25,,59,-0.14823207847981726,-0.1507088571196953,0.03693525980632796,-0.22457937673235123,-0.07683833750703939,True,True,-0.07048400398278222,-0.070689175138388,0.017445005061257908,True,-0.17242234878867096,-0.008370282516207951,North (MT+ID)
360,Sep 26,,59,-0.1605701727937986,-0.16173114710590059,0.035234183890313846,-0.2321995148865283,-0.0912627793252729,True,True,-0.0764135727914257,-0.07654466407758741,0.018781933749065952,True,-0.1886140916239505,-0.012807723380562387,North (MT+ID)
361,Sep 27,,59,-0.17627635890548943,-0.17780631439544917,0.03826554557532157,-0.2543374055460923,-0.10127522324480602,True,True,-0.08871653611807258,-0.08921732016103635,0.022224914063453824,True,-0.18516449312934952,0.02373887005809266,North (MT+ID)
362,Sep 28,,59,-0.1488918405623558,-0.14863073045701003,0.04386546832046889,-0.23636166709794781,-0.060899793816072245,True,False,-0.08139859391864357,-0.08105087522593965,0.02576538694455944,True,-0.15444337160209992,0.030403923367105786,North (MT+ID)
363,Sep 29,,59,-0.0626266302415864,-0.06231664574584387,0.057007036086416156,-0.1763307179186762,0.05169742642698844,False,False,-0.03385224300619449,-0.03290006351993153,0.028465792096650167,False,-0.07608526140440369,-0.03185978094643422,North (MT+ID)
364,Sep 30,,59,-0.0993260397941248,-0.09913213024091616,0.05815615603034093,-0.21544444230159804,0.017180181819765702,False,False,-0.0555256378804619,-0.05563282554927963,0.032052148089460795,False,-0.09475461505741431,0.00803967616059992,North (MT+ID)
0,Oct 01,,48,0.26932864708338894,0.2638338002372302,0.08528313637140543,0.09326752749441933,0.434400072980041,True,False,0.17272892652853997,0.17121343654656795,0.06408529525985537,True,0.2884278415015216,-0.059922859894813885,South (CO+UT)
1,Oct 02,,48,0.24298442321264904,0.2395200989171369,0.08258286412325738,0.07435437067062214,0.40468582716365165,True,False,0.15397286226675833,0.15311729565129992,0.05783941090403598,True,0.25019085498411386,-0.03810297246245101,South (CO+UT)
2,Oct 03,,48,0.20370221128197016,0.2022134741105982,0.07999820173526553,0.042217070640067134,0.36220987758112927,True,False,0.12556657443701613,0.12767380255420757,0.05533931565690616,True,0.2254193599047463,-0.042290010215821974,South (CO+UT)
3,Oct 04,,48,0.185278569072494,0.18286851124288397,0.08370195547168392,0.01546460029951613,0.3502724221862518,True,False,0.10842319751877783,0.11069513185478749,0.05402284363678274,True,0.1977265851548333,-0.014518002771795685,South (CO+UT)
4,Oct 05,,48,0.18253856838295687,0.177249654552075,0.08785664565881902,0.0015363632344369549,0.35296294586971305,True,False,0.0998853706658758,0.10058715086726727,0.05212628313706327,False,0.18657642144743783,0.0008764320100427964,South (CO+UT)
5,Oct 06,,48,0.1274513499988167,0.1266470549386981,0.09196959373312351,-0.05729213252754892,0.31058624240494515,False,False,0.0694092886371688,0.07027872445829231,0.049609753199494615,False,0.13758653255749909,0.03469157166701211,South (CO+UT)
6,Oct 07,,48,0.1558944208792442,0.15424969895774737,0.0901184507859723,-0.025987202614197236,0.334486600529692,False,False,0.08482670623650952,0.08387529312941366,0.04781293276980606,False,0.13240214264334102,-0.000754430031372863,South (CO+UT)
7,Oct 08,,48,0.14612614879811014,0.14790858447493838,0.08692376768691866,-0.025938950898898944,0.3217561198487757,False,False,0.08865644960795731,0.08801430145438985,0.04845598127927717,False,0.11333132255773241,-0.014800833281742948,South (CO+UT)
8,Oct 09,,48,0.16519557109850289,0.16722057181585506,0.08458905316036769,-0.001957534504880315,0.3363986781365904,False,False,0.09814315301525728,0.09898074498627661,0.04958826785200503,False,0.13827113593878515,-0.028752991703463432,South (CO+UT)
9,Oct 10,,48,0.1853169140932171,0.18113950600639345,0.08191567310271533,0.017308159800962786,0.3449708522118241,True,False,0.11080174100678683,0.10950514193359959,0.05182567582403482,True,0.14466358091262174,-0.08667723263708785,South (CO+UT)
10,Oct 11,,48,0.22189987183034796,0.21943263291967358,0.07572649076741796,0.06797965138483766,0.3708856144545095,True,False,0.1347741292986247,0.1348854531897699,0.05015540139361773,True,0.15989715265793167,-0.07459409168662244,South (CO+UT)
11,Oct 12,,48,0.23821798904411348,0.23614691419854641,0.08020346263161661,0.0757399889353132,0.39655383946177963,True,False,0.141693378660398,0.1408464305344926,0.049961470227910955,True,0.15543442168436594,-0.06598519824469366,South (CO+UT)
12,Oct 13,,48,0.20169708986253068,0.20009276662307024,0.07855396853200615,0.04298482955905794,0.35720070368708257,True,False,0.1168709829268594,0.11626567209332342,0.046450641074364474,True,0.12404389388340306,-0.06032483600768834,South (CO+UT)
13,Oct 14,,48,0.15729896199453253,0.1556113273276705,0.0748964323189735,0.005818462689723497,0.3054041919656175,True,False,0.08996394150522453,0.08887872635399535,0.04280334142851715,True,0.10918796398767075,-0.05501467502144366,South (CO+UT)
14,Oct 15,,48,0.10657887953815252,0.10590963382556225,0.06714298777789551,-0.02837634173022878,0.24019560938135326,False,False,0.06320837449313016,0.06294781606119017,0.040187073113852986,False,0.08264412986632297,-0.06210140768382351,South (CO+UT)
15,Oct 16,,48,0.02678931153500514,0.02396070029052315,0.06789819522198223,-0.11183569015344132,0.15975709073448763,False,False,0.016003499306646265,0.014479655023392723,0.04026742439390593,False,0.02937985440502442,-0.048735464596490065,South (CO+UT)
16,Oct 17,,48,-0.029205402805752113,-0.02749629937716012,0.07327757796071027,-0.17405145529858065,0.11905885654426042,False,False,-0.019593374255397873,-0.019743992984040646,0.04772779176494203,False,0.03424680068025552,-0.01546230054204932,South (CO+UT)
17,Oct 18,,48,-0.05030784868717546,-0.04504159375589069,0.07411629364585683,-0.19327418104760435,0.10319099353582296,False,False,-0.033705855615932756,-0.03221783402789539,0.048541773689233896,False,0.023686315396486954,-0.008364407608669674,South (CO+UT)
18,Oct 19,,48,-0.030063553424282304,-0.02359376877722054,0.07927951017493792,-0.18215278912709637,0.13496525157265532,False,False,-0.019396099964816848,-0.017952353820725117,0.04876804234740065,False,0.056127612262370216,-0.0368648441377461,South (CO+UT)
19,Oct 20,,48,-0.014352233986952291,-0.005516525238064353,0.08107056271806541,-0.16765765067419516,0.15662460019806648,False,False,-0.009146059338452259,-0.006457826479463936,0.04851842407479816,False,0.1180324715639391,-0.04822448037806966,South (CO+UT)
20,Oct 21,,48,-0.003028428957176215,0.002202201052148512,0.0812341812577977,-0.16026616146344688,0.16467056356774393,False,False,-0.0019103660206631794,-0.0010201936918886605,0.048174607943103416,False,0.1481510895121055,-0.04894746930281173,South (CO+UT)
21,Oct 22,,48,-0.0004498437961514854,0.007319273364353092,0.08108070695400178,-0.15484214054365047,0.16948068727235666,False,False,-0.00027591065101578336,0.0016372093196704292,0.04619118589543808,False,0.1443202440666973,-0.002233173751041803,South (CO+UT)
22,Oct 23,,48,0.0411966403913681,0.045493117375291776,0.07827383982795125,-0.11105456228061072,0.20204079703119426,False,False,0.024480413881548386,0.02409255906961827,0.04135075423643794,False,0.17386283378047762,0.0011806594432325485,South (CO+UT)
23,Oct 24,,48,0.10478361037180957,0.10843772144796673,0.08724990249396986,-0.06606208353997298,0.2829375264359064,False,False,0.06256321434222246,0.06177984433015294,0.045448774504878824,False,0.20733420842905498,-0.026950460864294215,South (CO+UT)
24,Oct 25,,48,0.02374892129325848,0.026585444803270897,0.07751534893566683,-0.12844525306806276,0.18161614267460457,False,False,0.01415406062896841,0.013960108602064076,0.04376467657266161,False,0.14781063947669892,0.01550475037621861,South (CO+UT)
25,Oct 26,,48,0.018779252260057954,0.022579356649929338,0.0767288381188004,-0.13087831958767146,0.17603703288753011,False,False,0.011420251584119578,0.011364621824355417,0.04394505943713904,False,0.13782617668745065,0.05391671585610918,South (CO+UT)
26,Oct 27,,48,0.06375367792140992,0.06651632655563217,0.07656178396121739,-0.08660724136680262,0.21963989447806695,False,False,0.039251092251484807,0.03870418639276248,0.04332678917039586,False,0.17106061136629286,0.023680235090563707,South (CO+UT)
27,Oct 28,,48,0.10408687951561726,0.10837902954549256,0.0712828724559882,-0.03418671536648385,0.250944774457469,False,False,0.06570191240939328,0.06660993591834295,0.040925948965070486,False,0.19556033305527354,-0.032423841124651964,South (CO+UT)
28,Oct 29,,48,0.12393016999401926,0.12842391624987118,0.07208634096444803,-0.01574876567902489,0.27259659817876725,False,False,0.07988804742504514,0.08073906499772528,0.04230532993280051,False,0.20928673423144167,-0.08380468898669305,South (CO+UT)
29,Oct 30,,48,0.14044807340304388,0.14040402937759164,0.06918630097353425,0.0020314274305231472,0.27877663132466013,True,False,0.09005309656961821,0.08917519199495481,0.041828319730775505,True,0.21327450864765085,-0.09613291437883005,South (CO+UT)
30,Oct 31,,48,0.15650695077952934,0.15834766506496611,0.07012474300923902,0.018098179046488083,0.29859715108344415,True,False,0.10157696081315565,0.10152633136803202,0.04288583934742274,True,0.224774087088664,-0.10587877025769349,South (CO+UT)
31,Nov 01,,48,0.16949772851196487,0.17223161206791168,0.06683996863582845,0.03855167479625479,0.30591154933956854,True,False,0.10908565741119819,0.11033495604968784,0.04140854514733954,True,0.22625021246269802,-0.10911712891158162,South (CO+UT)
32,Nov 02,,48,0.1801305639587128,0.1839257430032362,0.06773691442597952,0.04845191415127714,0.31939957185519524,True,False,0.11348063568547914,0.11587392705819641,0.04253901512409791,True,0.2136684407834438,-0.11954572528341953,South (CO+UT)
33,Nov 03,,48,0.175916513156677,0.17662067214956978,0.06804767673969912,0.040525318670171534,0.31271602562896805,True,False,0.11180967142062632,0.11216008964623989,0.042879495397849895,True,0.20281380944432273,-0.12582748426250817,South (CO+UT)
34,Nov 04,,48,0.1917819319202607,0.19299229746656388,0.0647262331059161,0.06353983125473167,0.3224447636783961,True,False,0.12087730800529131,0.12103567279030718,0.03849142690007644,True,0.1995968290793651,-0.1153173188718312,South (CO+UT)
35,Nov 05,,48,0.15787599104968014,0.15954306330997514,0.06382611378402411,0.031890835741926915,0.28719529087802337,True,False,0.1003286899761287,0.10039241874436702,0.0383213000374972,True,0.15620915266016477,-0.08632092362916259,South (CO+UT)
36,Nov 06,,48,0.15863683601790857,0.15838490283138676,0.06588364975857583,0.0266176033142351,0.29015220234853845,True,False,0.10155508028123106,0.10094296613382213,0.04062346995722442,True,0.15478751351913572,-0.08789992984125664,South (CO+UT)
37,Nov 07,,48,0.1426204162883519,0.14125891925102968,0.06490518336902,0.01144855251298968,0.27106928598906965,True,False,0.09076535004891134,0.08967080275152604,0.040968738702615304,True,0.14089792184844224,-0.06329710145140664,South (CO+UT)
38,Nov 08,,48,0.07843286495307597,0.07976871189306231,0.07016671373448755,-0.06056471557591278,0.2201021393620374,False,False,0.05128840085957879,0.05131299107481758,0.0444121038106807,False,0.12213643724113131,0.01476265336936873,South (CO+UT)
39,Nov 09,,48,0.06130122139481864,0.061916864048094725,0.07576750405977327,-0.08961814407145181,0.21345187216764128,False,False,0.04031375808616743,0.03971966996108204,0.04868404774084878,False,0.1089708160223396,0.04144204560825458,South (CO+UT)
40,Nov 10,,48,0.09483476548516304,0.09294489911796483,0.07106498356745772,-0.049185068016950606,0.23507486625288027,False,False,0.06230115180018256,0.06040036428687495,0.04542316761835641,False,0.11412121555475296,0.038053730958188495,South (CO+UT)
41,Nov 11,,48,0.1002204774197729,0.09768672691817352,0.07172541864489747,-0.04576411037162141,0.24113756420796845,False,False,0.06553951487881143,0.0632185257141814,0.04603008083219336,False,0.11499963855925965,0.038973702104099214,South (CO+UT)
42,Nov 12,,48,0.09024752972979372,0.08823893168897155,0.07362706361579573,-0.0590151955426199,0.235493058920563,False,False,0.058529608810513334,0.05666110795080962,0.0471528436880838,False,0.10326428723320866,0.03627299455993218,South (CO+UT)
43,Nov 13,,48,0.09231092540919908,0.0918710919570184,0.07431736012028697,-0.05676362828355555,0.24050581219759234,False,False,0.05957939041059327,0.05887486813154105,0.04750531812815215,False,0.11780046562864553,0.04502289944690057,South (CO+UT)
44,Nov 14,,48,0.09000703553054366,0.08855693938123164,0.07131145988600619,-0.05406598039078074,0.23117985915324402,False,False,0.05759242438300347,0.05623353241508465,0.045182730564681355,False,0.14729084546754712,0.05818506992673101,South (CO+UT)
45,Nov 15,,48,0.10113957348997965,0.10153352296466472,0.07203740704322659,-0.04254129112178845,0.2456083370511179,False,False,0.0651080105100483,0.06479216537414687,0.04571980647842046,False,0.16010056762474809,0.043962778008125133,South (CO+UT)
46,Nov 16,,48,0.14378544607694468,0.14342654633137555,0.07153048249766064,0.00036558133605427146,0.2864875113266968,True,False,0.09210025051746863,0.09152502432055044,0.04476192423429935,True,0.18150517271316835,0.00563153137145795,South (CO+UT)
47,Nov 17,,48,0.12980271368873797,0.12747252531065442,0.07097513270181773,-0.014477740092981028,0.2694227907142899,False,False,0.08338951937732077,0.08141927978822726,0.04487287125156108,False,0.15831250267591598,0.00603261236162278,South (CO+UT)
48,Nov 18,,48,0.1515366559638356,0.14945966851210368,0.07118419940356713,0.007091269704969427,0.29182806731923794,True,False,0.09853270350290168,0.09689923106472816,0.045606885479541955,True,0.17757720681529793,-0.008112017343277579,South (CO+UT)
49,Nov 19,Early Accumulation,48,0.19499224610540855,0.19254401095771037,0.06947787464556845,0.05358826166657346,0.3314997602488473,True,False,0.12688723759841206,0.12500855593544616,0.04455645868457217,True,0.21341330480216067,-0.025673290133081672,South (CO+UT)
50,Nov 20,Early Accumulation,48,0.20369970407462473,0.20347685687228748,0.06770677461864648,0.06806330763499452,0.33889040610958043,True,False,0.13335585690986085,0.13290619253725391,0.04378636076520759,True,0.22002038779680078,-0.02653340512405141,South (CO+UT)
51,Nov 21,Early Accumulation,48,0.18246854589940673,0.17921686582947433,0.06899730986162379,0.04122224610622674,0.31721148555272194,True,False,0.11969305542050328,0.11722831290444728,0.044515976883800504,True,0.20385205589069386,-0.01648296555017259,South (CO+UT)
52,Nov 22,Early Accumulation,48,0.19176260457839264,0.19082386603132795,0.0709861830301056,0.048851499971116735,0.3327962320915392,True,False,0.12436254719091264,0.12350021864329307,0.04528432427141415,True,0.19445570417314384,-0.06136205547019011,South (CO+UT)
53,Nov 23,Early Accumulation,48,0.1784390063536945,0.17880542345999473,0.06930728414942491,0.0401908551611449,0.31741999175884456,True,False,0.11551143630355358,0.11529495235568561,0.04386503593321855,True,0.18059513744339223,-0.07404009887506632,South (CO+UT)
54,Nov 24,Early Accumulation,48,0.18254809348721832,0.18108961606762478,0.06782958328132858,0.04543044950496761,0.31674878263028194,True,False,0.11893191531675833,0.1179302954227715,0.04364596134371009,True,0.1948582526104699,-0.0857096682926966,South (CO+UT)
55,Nov 25,Early Accumulation,48,0.1743635225745283,0.17545066095646308,0.07002060648082313,0.03540944799481682,0.31549187391810934,True,False,0.11440049101134464,0.11482169038717467,0.04503968747952918,True,0.19889801543173405,-0.09015583128333857,South (CO+UT)
56,Nov 26,Early Accumulation,48,0.16959697069031515,0.16885084248126297,0.06957649003408191,0.029697862413099158,0.3080038225494268,True,False,0.1097296948164687,0.10907604775390625,0.044283157883226294,True,0.17861728934309992,-0.10050714626959478,South (CO+UT)
57,Nov 27,Early Accumulation,48,0.19376371481855853,0.19134842319785597,0.06871335483992051,0.053921713518014946,0.328775132877697,True,False,0.12606403571976557,0.12425384304608456,0.04411739827378176,True,0.20968286684200016,-0.1199421250201452,South (CO+UT)
58,Nov 28,Early Accumulation,48,0.1790946359048634,0.17877501301920035,0.06688349453984373,0.04500802393951289,0.31254200209888783,True,False,0.11916187794683941,0.11889123530274365,0.04385119933438857,True,0.21641635409776788,-0.11659726623737915,South (CO+UT)
59,Nov 29,Early Accumulation,48,0.17904340587284034,0.1791317764507688,0.06861701515626216,0.041897746138244485,0.3163658067632931,True,False,0.12222589154167471,0.12221692037728812,0.046048147293275395,True,0.2266793457992512,-0.12561265075451222,South (CO+UT)
60,Nov 30,Early Accumulation,48,0.18795148460730135,0.18644982382749614,0.06848652986144668,0.04947676410460278,0.3234228835503895,True,False,0.12728407372112868,0.12598593182865886,0.045191097842645925,True,0.2352645997562996,-0.1252470365183319,South (CO+UT)
61,Dec 01,Early Accumulation,48,0.17085792293815635,0.16936270732511996,0.06543807488836055,0.03848655754839886,0.30023885710184106,True,False,0.11560113890216939,0.11441735796621685,0.043245122040258495,True,0.2193930037452276,-0.10071346528294219,South (CO+UT)
62,Dec 02,Early Accumulation,48,0.1668704315178048,0.16773718101779356,0.0647492678622488,0.03823864529329596,0.29723571674229116,True,False,0.11412114766049362,0.11397781641377282,0.04236755212203925,True,0.2077304161080079,-0.09706119830358623,South (CO+UT)
63,Dec 03,Early Accumulation,48,0.16120439459538563,0.16225936257105117,0.06524748328462185,0.03176439600180747,0.29275432914029487,True,False,0.11102040700792129,0.11114707614758816,0.04241760834702344,True,0.1964058419527081,-0.0863355328742408,South (CO+UT)
64,Dec 04,Early Accumulation,48,0.15166594037725062,0.1539606088044253,0.06569390142605566,0.02257280595231398,0.2853484116565366,True,False,0.1043131661466483,0.10481290418881915,0.04243805218886787,True,0.18217510910988222,-0.07946678315322221,South (CO+UT)
65,Dec 05,Early Accumulation,48,0.140045819366508,0.14097730121632468,0.06269545949453573,0.015586382227253226,0.26636822020539613,True,False,0.09666869455706448,0.09651147532886592,0.04111048019118243,True,0.16823652552768537,-0.0862264392733621,South (CO+UT)
66,Dec 06,Early Accumulation,48,0.11712773818765455,0.11691063354216422,0.0628750023938358,-0.008839371245507377,0.2426606383298358,False,False,0.08103270372384934,0.07986453172641447,0.04167550326461509,False,0.14573128573283672,-0.07656549269487213,South (CO+UT)
67,Dec 07,Early Accumulation,48,0.10594815185734634,0.10746495229420873,0.06339356598808246,-0.019322179681956195,0.23425208427037364,False,False,0.07304562393175171,0.07320350739082981,0.04219400361241655,False,0.14297133195200235,-0.06567137452796809,South (CO+UT)
68,Dec 08,Early Accumulation,48,0.11722145617248855,0.11578924033501432,0.060110376103044254,-0.004431511871074184,0.23600999254110283,False,False,0.08142136850445524,0.07980746630786492,0.04003714471165961,False,0.15393034473809908,-0.07283903242287318,South (CO+UT)
69,Dec 09,Early Accumulation,48,0.11407294800428705,0.1131575738522532,0.06158471534241386,-0.010011856832574523,0.23632700453708091,False,False,0.07921687472154279,0.07771153283106846,0.04071343983102141,False,0.1502028600060591,-0.06623564620113744,South (CO+UT)
70,Dec 10,Early Accumulation,48,0.09739683810582436,0.09555528197135303,0.061505400961538746,-0.02745551995172446,0.21856608389443052,False,False,0.06772434406724392,0.06557233670268424,0.04114772231589075,False,0.13148111471163215,-0.059092849149190246,South (CO+UT)
71,Dec 11,Early Accumulation,48,0.0895629776684142,0.0901116236647566,0.06048938257550832,-0.030867141486260047,0.21109038881577324,False,False,0.06260168528848989,0.061955467783281745,0.040725365339944045,False,0.12043132868052343,-0.05146819294004565,South (CO+UT)
72,Dec 12,Early Accumulation,48,0.0933342304056686,0.09622721294307973,0.06295647722470558,-0.029685741506331437,0.2221401673924909,False,False,0.06549998762916581,0.06640074297247432,0.04193489657013574,False,0.12190047809220537,-0.0448591658376995,South (CO+UT)
73,Dec 13,Early Accumulation,48,0.11329393842079434,0.11617286046927171,0.060962283913872685,-0.005751707358473662,0.23809742829701708,False,False,0.07949895757454216,0.08017592710098864,0.04026507831855016,False,0.13773724929885206,-0.04379259105822461,South (CO+UT)
74,Dec 14,Early Accumulation,48,0.11519987882049755,0.11384185220360135,0.06181851342870216,-0.009795174653802974,0.23747887906100568,False,False,0.0808188580592026,0.07846748011488922,0.040610367017821745,False,0.12998173731459203,-0.04035442463518932,South (CO+UT)
75,Dec 15,Early Accumulation,48,0.10510203716565052,0.1075504188923152,0.0617530931080012,-0.015955767323687198,0.2310566051083176,False,False,0.07369126340208626,0.07421474027318728,0.0405740624820292,False,0.11028411390306547,-0.027359751324147197,South (CO+UT)
76,Dec 16,Early Accumulation,48,0.09556105110604013,0.09650610579855626,0.062154714152212465,-0.02780332250586867,0.2208155341029812,False,False,0.06721158486327981,0.06655093857671636,0.041410522692112664,False,0.08566519710406395,-0.036908004790296406,South (CO+UT)
77,Dec 17,Early Accumulation,48,0.0921295868289669,0.09138786143749343,0.06165139049430639,-0.031914919551119345,0.2146906424261062,False,False,0.0643957965543113,0.06276037254977163,0.04114354996314842,False,0.07895381652219516,-0.040673855922664814,South (CO+UT)
78,Dec 18,Early Accumulation,48,0.07137122624411006,0.07320696703641584,0.061861171860063506,-0.05051537668371117,0.19692931075654285,False,False,0.049928348603222046,0.049960395806564514,0.041592042830816515,False,0.05374746620636248,-0.023191933969482437,South (CO+UT)
79,Dec 19,Early Accumulation,48,0.03523193999337518,0.035919929883415316,0.06285048871067576,-0.08978104753793621,0.16162090730476686,False,False,0.02481701205471174,0.02397480077389022,0.04307738304993227,False,0.02246281558259866,0.009746978855051547,South (CO+UT)
80,Dec 20,Early Accumulation,48,0.0012759054167553842,0.003155744572540849,0.06421875264103129,-0.12528176070952174,0.1315932498546034,False,False,0.0009045740186018956,0.0007192675868650116,0.04495049330344294,False,0.0007336529745883835,0.04065436733722266,South (CO+UT)
81,Dec 21,Early Accumulation,48,-0.009391455108759265,-0.008052780933487238,0.06917497533654568,-0.1464027316065786,0.13029716973960412,False,False,-0.00662639337354338,-0.00788184604873582,0.04822979020879993,False,-0.0007521376136936236,0.05451051831771969,South (CO+UT)
82,Dec 22,Early Accumulation,48,0.0027688980848789096,0.0006744049937982421,0.07173183009143429,-0.14278925518907032,0.14413806517666683,False,False,0.001969516194334961,-0.0016680128300552315,0.050025205517814704,False,0.011162359299373335,0.056725760745197584,South (CO+UT)
83,Dec 23,Early Accumulation,48,0.0025776715369253945,0.0025614487974281123,0.07265366860355021,-0.1427458884096723,0.14786878600452855,False,False,0.0018445556654656586,-0.0004272193450588382,0.05142260808374649,False,0.01175002144570094,0.0775114835573126,South (CO+UT)
84,Dec 24,Early Accumulation,48,-0.010612194387865011,-0.010418100208388185,0.07130508281023677,-0.15302826582886173,0.13219206541208536,False,False,-0.007655694361092851,-0.009763635257716785,0.051564331681423894,False,-3.3482079500074535e-05,0.09606391667915196,South (CO+UT)
85,Dec 25,Early Accumulation,48,-0.023651952631283703,-0.024157031655485467,0.07175242067259628,-0.16766187300067803,0.1193478096897071,False,False,-0.01716611142469915,-0.019521499972304148,0.05235244703425777,False,-0.013114448661431646,0.11266263279584732,South (CO+UT)
86,Dec 26,Early Accumulation,48,-0.04054652188906526,-0.04178669629718273,0.07165528195731712,-0.18509726021181697,0.1015238676174515,False,False,-0.029569656378077146,-0.03257469150704864,0.053242265322274454,False,-0.03609332310840279,0.12148968652700387,South (CO+UT)
87,Dec 27,Early Accumulation,48,-0.05337541225288768,-0.050899180855256174,0.07021676539148862,-0.1913327116382334,0.08953434992772107,False,False,-0.039312542217877236,-0.039572045475856,0.05264977931161202,False,-0.05046702800455681,0.1321738171423378,South (CO+UT)
88,Dec 28,Early Accumulation,48,-0.06525684134186598,-0.062232642836444314,0.0693369773642023,-0.2009065975648489,0.0764413118919603,False,False,-0.04809102966929977,-0.047572608829835286,0.052357621906205916,False,-0.06135389557257267,0.14260880231264036,South (CO+UT)
89,Dec 29,Early Accumulation,48,-0.0733791781763284,-0.06945478930304297,0.06995313199166553,-0.20936105328637403,0.07045147468028809,False,False,-0.054162415673302385,-0.05321062985503167,0.0531880275395296,False,-0.06380708654889461,0.14056751278476295,South (CO+UT)
90,Dec 30,Early Accumulation,48,-0.0857163337188529,-0.08557727831588888,0.06694642957395631,-0.2194701374638015,0.04831558083202375,False,False,-0.06347233688591217,-0.06497926860233588,0.05173818596926404,False,-0.08027184160989871,0.15501042521934616,South (CO+UT)
91,Dec 31,Early Accumulation,48,-0.09894929290957329,-0.09943741992355343,0.0667618982165634,-0.23296121635668024,0.034086376509573385,False,False,-0.07301595050878383,-0.07496264037736589,0.05124112274121734,False,-0.08660897672841211,0.1795377841372363,South (CO+UT)
92,Jan 01,Early Accumulation,48,-0.10266913105526403,-0.10370982634339002,0.06437357646364149,-0.232456979270673,0.02503732658389296,False,False,-0.07588177022627135,-0.07827535178148251,0.049992256102234546,False,-0.09265513099781073,0.17983120556216953,South (CO+UT)
93,Jan 02,Early Accumulation,48,-0.10444905892218405,-0.1047639542382322,0.06539380165556245,-0.2355515575493571,0.0260236490728927,False,False,-0.07723604169782038,-0.07907529039501174,0.05057837897765164,False,-0.10639809713462797,0.17349667639046634,South (CO+UT)
94,Jan 03,Early Accumulation,48,-0.10358491136311673,-0.10436583570372095,0.06365438745935852,-0.231674610622438,0.022942939214996086,False,False,-0.07663515885251931,-0.07870486314808238,0.049406233056300715,False,-0.10829438849213398,0.16613631481181218,South (CO+UT)
95,Jan 04,Early Accumulation,48,-0.10473161834821819,-0.10307724213100897,0.06297834014836806,-0.2290339224277451,0.022879438165727156,False,False,-0.07698974538478982,-0.0772877557700834,0.048221058362261246,False,-0.10864711591850297,0.1509933910645348,South (CO+UT)
96,Jan 05,Early Accumulation,48,-0.11586420070158088,-0.11577552177322961,0.06192775373608077,-0.23963102924539115,0.008079985698931924,False,False,-0.08542857947420884,-0.08653808608738213,0.04758589532296514,False,-0.10875446958225207,0.1549019012652187,South (CO+UT)
97,Jan 06,Early Accumulation,48,-0.11921404135925205,-0.12151306993231188,0.06357547140175442,-0.24866401273582073,0.00563787287119695,False,False,-0.08808042226587026,-0.09056680922663028,0.04877437798343581,False,-0.10669799667050045,0.16014742383410357,South (CO+UT)
98,Jan 07,Early Accumulation,48,-0.10652155307351781,-0.10657328277707478,0.06334071289546535,-0.23325470856800548,0.02010814301385591,False,False,-0.07870907275312158,-0.07952361185843196,0.04827883317573306,False,-0.09452137630546978,0.14824620530769017,South (CO+UT)
99,Jan 08,Early Accumulation,48,-0.1072672339678624,-0.1092964902836493,0.06341316171125427,-0.23612281370615784,0.017529833138859252,False,False,-0.07925986538568369,-0.08185569522543656,0.04855704955113439,False,-0.09254340012142691,0.13961802716487887,South (CO+UT)
100,Jan 09,Early Accumulation,48,-0.11061720797852174,-0.10924405691025177,0.06479991558541291,-0.2388438880810776,0.020355774260574055,False,False,-0.08183270909371501,-0.08123283450797299,0.049240506123810306,False,-0.09037234423048146,0.13238359929372623,South (CO+UT)
101,Jan 10,Early Accumulation,48,-0.11034781702913851,-0.11080565030775767,0.06000354815542291,-0.2308127466186035,0.009201446003088143,False,False,-0.08131766347822879,-0.08225432969103748,0.045406393493419926,False,-0.08401250101692373,0.12920042562094192,South (CO+UT)
102,Jan 11,Early Accumulation,48,-0.09829956840189047,-0.09632217598115739,0.05830264949345814,-0.21292747496807368,0.020283123005758893,False,False,-0.07295031020585077,-0.07175589584349461,0.04387486665809488,False,-0.06513035369379677,0.10759610951295025,South (CO+UT)
103,Jan 12,Early Accumulation,48,-0.08560326141267857,-0.08570023912789539,0.058382944370550395,-0.20246612786899618,0.031065649613205404,False,False,-0.06380005820286773,-0.06446322245603245,0.04411395204733248,False,-0.04862707034683424,0.09273619189829863,South (CO+UT)
104,Jan 13,Early Accumulation,48,-0.0715829219026574,-0.06950143991977932,0.05813330829943076,-0.18576805651864084,0.0467651766790822,False,False,-0.05357923921718503,-0.05258377569176512,0.04447113848282346,False,-0.03595071310365,0.07887337862141394,South (CO+UT)
105,Jan 14,Early Accumulation,48,-0.05929559560335051,-0.0605644461100772,0.0575649503483608,-0.1756943468067988,0.054565454586644406,False,False,-0.04444651179085609,-0.04581210665033002,0.04350695640982535,False,-0.026635575844044423,0.06920380934968157,South (CO+UT)
106,Jan 15,Early Accumulation,48,-0.04322699937508565,-0.043104990289844866,0.05700812560219502,-0.1571212414942349,0.07091126091454518,False,False,-0.032378052605644504,-0.032847781891209016,0.0425641920871886,False,-0.01560989528498748,0.06097338376810518,South (CO+UT)
107,Jan 16,Early Accumulation,48,-0.03887943717641602,-0.03851471864756518,0.056001619820136614,-0.1505179582878384,0.07348852099270806,False,False,-0.029166997267876603,-0.029247628374810347,0.04214768475929267,False,-0.009003404726442498,0.0652507465102716,South (CO+UT)
108,Jan 17,Early Accumulation,48,-0.026285362909932986,-0.02648295258387403,0.05720810527791384,-0.14089916313970172,0.08793325797195364,False,False,-0.019766557336252735,-0.020412918862075018,0.04298258444682723,False,0.010680609457726732,0.06636507357758792,South (CO+UT)
109,Jan 18,Early Accumulation,48,-0.027577041567398344,-0.028010666994362284,0.055803373782195624,-0.13961741455875354,0.08359608057002896,False,False,-0.020686608867766146,-0.021578554343718536,0.041928848561593283,False,0.01350928373863941,0.07294543541227227,South (CO+UT)
110,Jan 19,Early Accumulation,48,-0.028846452003994973,-0.03071895885271811,0.05627994937813671,-0.14327885760899153,0.08184093990355532,False,False,-0.021583651486370665,-0.023605306991418298,0.042397104978061866,False,0.009114838711175615,0.08213943503222737,South (CO+UT)
111,Jan 20,Early Accumulation,48,-0.03140210609850925,-0.030937072457561676,0.05370051533201135,-0.13833810312158437,0.07646395820646103,False,False,-0.023530337527921896,-0.02374429950737294,0.040503460071781676,False,0.006591611176869825,0.088564767797322,South (CO+UT)
112,Jan 21,Early Accumulation,48,-0.04160859413105804,-0.04067596241673252,0.053513384091481236,-0.147702730599695,0.06635080576622995,False,False,-0.031137240361974173,-0.030980546501133844,0.04053928861111638,False,0.0015882914676491056,0.10372958544793534,South (CO+UT)
113,Jan 22,Early Accumulation,48,-0.042286387982159154,-0.04264262627872659,0.05174057431038153,-0.14612377489948966,0.06083852234203647,False,False,-0.03169091033103399,-0.032538656072154254,0.039050099580930336,False,0.0007072140687184973,0.1075183633466163,South (CO+UT)
114,Jan 23,Early Accumulation,48,-0.04304941798846735,-0.04359591015661498,0.050616013294945306,-0.1448279367465056,0.05763611643327563,False,False,-0.03236261663710195,-0.03355892004711401,0.03862796623750456,False,-0.0046488934171508844,0.10314572730551923,South (CO+UT)
115,Jan 24,Early Accumulation,48,-0.049178988673640546,-0.04962059199932635,0.05024276716693221,-0.15010612633319076,0.050864942334538074,False,False,-0.03683666250992204,-0.03770191854849026,0.03808578800008623,False,-0.009650720343610267,0.11480571461049557,South (CO+UT)
116,Jan 25,Early Accumulation,48,-0.06244838614469275,-0.06068513694778763,0.04972320402609741,-0.16013154499998244,0.03876127110440719,False,False,-0.04685379404519828,-0.04621259613042036,0.038134392649757806,False,-0.022581896094767316,0.1304024622053616,South (CO+UT)
117,Jan 26,Early Accumulation,48,-0.07082381604689011,-0.06918129108872086,0.049053945098763076,-0.167289181286247,0.028926599108805295,False,False,-0.053112514748847095,-0.05250450343599458,0.037537505733074954,False,-0.028621803676131256,0.13523868304923964,South (CO+UT)
118,Jan 27,Early Accumulation,48,-0.07791235039384727,-0.07819243503692033,0.0504146609986918,-0.17902175703430395,0.022636886960463273,False,False,-0.05829032823825105,-0.05914024144127858,0.03873175749426247,False,-0.029757751895889067,0.14297398040544346,South (CO+UT)
119,Jan 28,Core Accumulation,48,-0.08717955226211645,-0.08677171268885042,0.04990964007707877,-0.18659099284300795,0.013047567465307122,False,False,-0.06512801703578479,-0.06538061277008854,0.038316465531490686,False,-0.03336733373896196,0.15233441465472325,South (CO+UT)
120,Jan 29,Core Accumulation,48,-0.09006277307432668,-0.08957663696234604,0.05048034383660301,-0.19053732463555206,0.011384050710859989,False,False,-0.06713405436705012,-0.06743201753648916,0.038975523359910696,False,-0.03539671292819406,0.15154620324982632,South (CO+UT)
121,Jan 30,Core Accumulation,48,-0.08550907232863075,-0.08573472461243291,0.05276304570529819,-0.1912608160230293,0.01979136679816347,False,False,-0.06351355724507893,-0.06409457139694134,0.04024873964912796,False,-0.03332168021390909,0.1420053909088162,South (CO+UT)
122,Jan 31,Core Accumulation,48,-0.08308731178255835,-0.08334671628926942,0.056317827817275304,-0.19598237192382,0.029288939345281192,False,False,-0.06149293885551575,-0.062440042747322524,0.043219141667396245,False,-0.032984572092862936,0.13919291125694,South (CO+UT)
123,Feb 01,Core Accumulation,48,-0.08382025992212333,-0.08409827969575298,0.05742929886992843,-0.19895687743560986,0.030760318044103882,False,False,-0.061952179847461826,-0.06296688694783958,0.04390292003244061,False,-0.036956854182409044,0.14152847579447508,South (CO+UT)
124,Feb 02,Core Accumulation,48,-0.07800024357758929,-0.07729592395587383,0.05718427897352656,-0.19166448190292695,0.0370726339911793,False,False,-0.05765653798700881,-0.05754750030125588,0.043188520110097134,False,-0.027577502523706332,0.13788703917147566,South (CO+UT)
125,Feb 03,Core Accumulation,48,-0.09116845647918749,-0.09414258245276091,0.05821737049984469,-0.21057732345245028,0.022292158546928467,False,False,-0.06746057670542202,-0.07030024229107497,0.04446415597219449,False,-0.030223060671875242,0.15079371260778895,South (CO+UT)
126,Feb 04,Core Accumulation,48,-0.09733271691861221,-0.0975444911249985,0.060670261636389916,-0.21888501439777833,0.023796032147781337,False,False,-0.07204598422333072,-0.07321741599902083,0.04677792711935634,False,-0.03131666930686966,0.15766127746171604,South (CO+UT)
127,Feb 05,Core Accumulation,48,-0.09753660907138352,-0.09679815113877793,0.05960208702719308,-0.2160023251931641,0.022406022915608226,False,False,-0.07220933395918354,-0.07214808329123176,0.045370714248255,False,-0.027162099227747493,0.16179334449119492,South (CO+UT)
128,Feb 06,Core Accumulation,48,-0.08829369860191351,-0.08799465196401983,0.0586869577942534,-0.20536856755252664,0.029379263624486965,False,False,-0.06552174287043631,-0.06615616688491047,0.04522764635716244,False,-0.01501960117597781,0.15375984429924316,South (CO+UT)
129,Feb 07,Core Accumulation,48,-0.08102036503935722,-0.08160402262756407,0.06181124257703075,-0.20522650778162557,0.042018462526497435,False,False,-0.06015652849200373,-0.0610754928903729,0.04681961561425753,False,-0.010955986162413611,0.1412663286519576,South (CO+UT)
130,Feb 08,Core Accumulation,48,-0.07791849903023856,-0.08010536412630404,0.05942718113554117,-0.19895972639738638,0.03874899814477831,False,False,-0.057702780892699104,-0.06017571179584047,0.04549144017564824,False,-0.019015576785030835,0.13392180856376223,South (CO+UT)
131,Feb 09,Core Accumulation,48,-0.08039528915037542,-0.0800494979264148,0.060883607558360864,-0.20181671304313653,0.041717717190306924,False,False,-0.05940037535154518,-0.0597802643064052,0.046100831589826155,False,-0.023426328925601262,0.13057393938944573,South (CO+UT)
132,Feb 10,Core Accumulation,48,-0.08656156509051773,-0.0861320333280169,0.05856105127470753,-0.20325413587743196,0.03099006922139816,False,False,-0.06375561540747862,-0.0640949940177442,0.044645733274522946,False,-0.026021285749616076,0.13396467070718251,South (CO+UT)
133,Feb 11,Core Accumulation,48,-0.08424374367248648,-0.08599000425960272,0.058840759132531485,-0.2036715225246657,0.03169151400546025,False,False,-0.06195236444127762,-0.06383324535604805,0.04447598100744803,False,-0.02031072643598389,0.1250490030252835,South (CO+UT)
134,Feb 12,Core Accumulation,48,-0.09727078381057384,-0.09678816302954431,0.05659388512235667,-0.20997593327425765,0.016399607215169032,False,False,-0.07125803863893511,-0.07138227394274411,0.04299162370655383,False,-0.029179695096792954,0.13618206837008795,South (CO+UT)
135,Feb 13,Core Accumulation,48,-0.09575681138101516,-0.09530614127393824,0.05768903545701069,-0.21068421218795963,0.02007192964008314,False,False,-0.06982291108738443,-0.07013914292238005,0.04353750477621285,False,-0.022704499516606424,0.13276899692129027,South (CO+UT)
136,Feb 14,Core Accumulation,48,-0.0868681782102984,-0.08629409081413458,0.05489121842735673,-0.19607652766884803,0.02348834604057888,False,False,-0.06354704022176845,-0.06370233319452398,0.04110214261875851,False,-0.005209924206203025,0.12428684462836546,South (CO+UT)
137,Feb 15,Core Accumulation,48,-0.07871860290532944,-0.07829412185729581,0.0564908052613869,-0.19127573238006962,0.034687488665477995,False,False,-0.05771609201646883,-0.05780493107995378,0.042308045594899917,False,0.0035367712347059363,0.12016656092901427,South (CO+UT)
138,Feb 16,Core Accumulation,48,-0.07499023116450054,-0.07674854396858267,0.05634706426052476,-0.1894426724896322,0.03594558455246684,False,False,-0.05485583646796712,-0.05647175896947938,0.0420285018615474,False,0.008136821970836601,0.11044178390373206,South (CO+UT)
139,Feb 17,Core Accumulation,48,-0.08701110016469922,-0.08447657341864814,0.05394088602469382,-0.19235834546803576,0.02340519863073949,False,False,-0.06346233989530409,-0.06188289857275407,0.04007444220963673,False,-0.005974361174581784,0.11092513956713618,South (CO+UT)
140,Feb 18,Core Accumulation,48,-0.07888792674609679,-0.07886574667156161,0.053437935599809416,-0.18574161787118043,0.02801012452805722,False,False,-0.057350990626862525,-0.05795146798711178,0.04009774942724265,False,0.00019534521308553487,0.09898188217809924,South (CO+UT)
141,Feb 19,Core Accumulation,48,-0.08490962871659914,-0.08517747037232565,0.054222596996509505,-0.19362266436534464,0.023267723620693362,False,False,-0.06188757062645885,-0.06234398996781489,0.0402143078532455,False,-0.00958573928455127,0.09874335453936985,South (CO+UT)
142,Feb 20,Core Accumulation,48,-0.0914773455500586,-0.0915356621806663,0.054226465939227544,-0.1999885940591214,0.016917269697788784,False,False,-0.06682200962515002,-0.06734963265718207,0.040368270226749096,False,-0.0174580634434134,0.09815740798229962,South (CO+UT)
143,Feb 21,Core Accumulation,48,-0.0948656207788537,-0.09452122617035918,0.05428064300530522,-0.20308251218096962,0.014040059840251251,False,False,-0.06924242263458986,-0.06907584782272516,0.04002905410742374,False,-0.018219070558456948,0.10733643292053033,South (CO+UT)
144,Feb 22,Core Accumulation,48,-0.09246723736145032,-0.09332874950273558,0.05210409139708823,-0.19753693229691205,0.01087943329144088,False,False,-0.0674657415757037,-0.06863622142225168,0.03897541820669967,False,-0.01530973871262132,0.11409619759381565,South (CO+UT)
145,Feb 23,Core Accumulation,48,-0.09131056801979323,-0.09119461584427725,0.052390812395078264,-0.19597624063443378,0.013587008945879275,False,False,-0.06658418160851784,-0.06656175339896385,0.03860733207029477,False,-0.016198919611867563,0.11690434612774447,South (CO+UT)
146,Feb 24,Core Accumulation,48,-0.0923875425227128,-0.09157013295780121,0.05311698273366842,-0.19780409842513805,0.014663832509535624,False,False,-0.06733708033675521,-0.06707568646942143,0.03939945235429117,False,-0.01690005179555206,0.11934191710516842,South (CO+UT)
147,Feb 25,Core Accumulation,48,-0.09116650922032794,-0.09222339853342476,0.05358359076672193,-0.1993905800668686,0.014943783000019098,False,False,-0.06636169695488471,-0.06750768721446175,0.0397339071849701,False,-0.011299595857232319,0.12089845651649761,South (CO+UT)
148,Feb 26,Core Accumulation,48,-0.09163097144089005,-0.09294835557625819,0.05231846105770393,-0.19758527769166606,0.011688566539149667,False,False,-0.06651143410132501,-0.06770536650869667,0.03860513755339516,False,-0.010185063392766626,0.12438634578887534,South (CO+UT)
149,Feb 27,Core Accumulation,48,-0.08384511262081601,-0.08342154390952458,0.05328630508769844,-0.18999415408492146,0.023151066265872294,False,False,-0.06096293232961334,-0.061008778519085226,0.039554714344230156,False,-0.010174906031971236,0.11438011462619817,South (CO+UT)
150,Feb 28,Core Accumulation,48,-0.08285555458674411,-0.08349975116571777,0.0529084645892563,-0.18931668034423038,0.022317178012794828,False,False,-0.06011674646019352,-0.06075276934645971,0.03880677359550415,False,-0.014470407534306624,0.11169511264893321,South (CO+UT)
151,Mar 01,Core Accumulation,48,-0.07739590565428232,-0.07728888185117368,0.05256981188301589,-0.18242850561720547,0.027850741914858104,False,False,-0.05603143549655598,-0.056360893815223106,0.038733232028864376,False,-0.010732832781573855,0.10400092564566144,South (CO+UT)
152,Mar 02,Core Accumulation,48,-0.08031031433014413,-0.0790959502355659,0.05445339234746049,-0.18800273493048686,0.029810834459355076,False,False,-0.05794160576559731,-0.0571243054370711,0.03960386885959848,False,-0.003287606715364745,0.10402465124752963,South (CO+UT)
153,Mar 03,Core Accumulation,48,-0.07712481157170446,-0.07797692741935607,0.0543269814638541,-0.18663089034706426,0.03067703550835213,False,False,-0.05545281194960955,-0.056421624386190146,0.03962326182028726,False,0.0042471768880068365,0.09769818871328356,South (CO+UT)
154,Mar 04,Core Accumulation,48,-0.06336620682253702,-0.06062607738747184,0.05503344285337546,-0.17069296309422277,0.049440808319279085,False,False,-0.04545152325498994,-0.04358398241616344,0.04011076602322475,False,0.01851785087554286,0.09253367388582248,South (CO+UT)
155,Mar 05,Core Accumulation,48,-0.048570885070242986,-0.04844927343499784,0.05642614438212629,-0.16130156219925043,0.06440301532925474,False,False,-0.03469028323551859,-0.03472711269209642,0.040761595872350474,False,0.026955144228945106,0.08001799161699788,South (CO+UT)
156,Mar 06,Core Accumulation,48,-0.041591874958110335,-0.041998892280059735,0.05677131555893729,-0.1555415233979343,0.07154373883781484,False,False,-0.029677238459350375,-0.030016575153826528,0.041011066232529876,False,0.033794900729186284,0.07282366751741773,South (CO+UT)
157,Mar 07,Core Accumulation,48,-0.038358419191879316,-0.03843195821134188,0.05956431832397774,-0.15756059485929735,0.0806966784366136,False,False,-0.027331472484840042,-0.027317651020102,0.042754871143221414,False,0.03744256435152089,0.07133112944329612,South (CO+UT)
158,Mar 08,Core Accumulation,48,-0.032660609424185236,-0.030455350773410043,0.058628530375234834,-0.1477124115238797,0.08680170997705963,False,False,-0.023226577912544663,-0.021461353369615736,0.042002886666243786,False,0.044526824214310895,0.066278015345096,South (CO+UT)
159,Mar 09,Late Accumulation,48,-0.03486027352834719,-0.03399102830837515,0.057051862043872484,-0.14809475239612013,0.08011269577936982,False,False,-0.02468942686558193,-0.02407853598190141,0.040814640544753235,False,0.0440467752108986,0.07222575772127426,South (CO+UT)
160,Mar 10,Late Accumulation,48,-0.04246078349388547,-0.042157410892769434,0.0572438627571399,-0.15664513640704925,0.07233031462151036,False,False,-0.030054503831964417,-0.02975568675143157,0.040731983677649866,False,0.03741907082011707,0.08768646129916899,South (CO+UT)
161,Mar 11,Late Accumulation,48,-0.043047959596898666,-0.045212345146390436,0.05553507176412727,-0.15628248867464498,0.06585779838186409,False,False,-0.03041593657147665,-0.031703581821311874,0.03928483008905676,False,0.03461048788556319,0.08753148057358394,South (CO+UT)
162,Mar 12,Late Accumulation,48,-0.046247880065212674,-0.04521697752364561,0.05813268987979017,-0.16148235728322596,0.07104840223593473,False,False,-0.03277122777212746,-0.031985763945224045,0.04134240317819637,False,0.03715950725226235,0.09407984617240178,South (CO+UT)
163,Mar 13,Late Accumulation,48,-0.043948056904806125,-0.044328971903878536,0.05626194041129376,-0.15685285272646604,0.06819490891870898,False,False,-0.031126228830425078,-0.031230415735566428,0.03989973864091071,False,0.04081448271931082,0.09271540408280449,South (CO+UT)
164,Mar 14,Late Accumulation,48,-0.044723083273581016,-0.04654950410726873,0.058619967689994654,-0.16378943948725805,0.07069043127272058,False,False,-0.03172690880815916,-0.03261222283830269,0.04138741600803298,False,0.03915468489723457,0.10036395687007998,South (CO+UT)
165,Mar 15,Late Accumulation,48,-0.03687174088318541,-0.03769757328274527,0.05989546295211972,-0.1574884991869847,0.08209335262149417,False,False,-0.026170310107837984,-0.02658278020686731,0.042781143091663074,False,0.04174563610920665,0.10611500073604549,South (CO+UT)
166,Mar 16,Late Accumulation,48,-0.03769611220889818,-0.03652434238636294,0.05995985534723969,-0.1564440530808423,0.08339536830811643,False,False,-0.026746166646504577,-0.02603302278032282,0.042952397934040466,False,0.04252994273677903,0.11442517677821192,South (CO+UT)
167,Mar 17,Late Accumulation,48,-0.031020284683425152,-0.028861407956228987,0.061039228713290865,-0.1509398653828107,0.09321704947035274,False,False,-0.022031024142378234,-0.0204685427355475,0.04372965588424454,False,0.048281539953196784,0.11313394652676713,South (CO+UT)
168,Mar 18,Late Accumulation,48,-0.020559919336374702,-0.02066112950148314,0.060360937027395103,-0.14138300355627334,0.10006074455330707,False,False,-0.01455911820081344,-0.014607357411057885,0.0431034636655543,False,0.058062923119271206,0.11529896328104663,South (CO+UT)
169,Mar 19,Late Accumulation,48,-0.016848975546644576,-0.015936885997531566,0.05998843474969859,-0.13591375549692875,0.10403998350186561,False,False,-0.011866177529099289,-0.011452895548610027,0.042636961660697914,False,0.06363749203648265,0.12027298728367568,South (CO+UT)
170,Mar 20,Late Accumulation,48,-0.01745381682428595,-0.020143650244454393,0.06026983558357433,-0.14068332141160306,0.10039602092269426,False,False,-0.012278494590464841,-0.014339409666970584,0.042863638137403876,False,0.069681223893181,0.12694730992711956,South (CO+UT)
171,Mar 21,Late Accumulation,48,-0.020402498451361585,-0.02031867932748162,0.06081561927631589,-0.1419499178801134,0.10131255922515016,False,False,-0.014401945092473861,-0.014354048492786972,0.04314216166100073,False,0.0744200389587327,0.13624112062773405,South (CO+UT)
172,Mar 22,Late Accumulation,48,-0.020949530188405705,-0.020099400911235552,0.06038353202635415,-0.14086646496394387,0.10066766314147275,False,False,-0.014829997328965392,-0.013918080182280117,0.04270337495960793,False,0.07736897248243815,0.14329845697084498,South (CO+UT)
173,Mar 23,Late Accumulation,48,-0.015634935496233404,-0.015526969279091831,0.06006392547103388,-0.1356548202211596,0.10460088166297593,False,False,-0.011072078315622163,-0.010835628891301841,0.042370735555564254,False,0.08648462726751827,0.1480546421625909,South (CO+UT)
174,Mar 24,Late Accumulation,48,0.0009033648776731357,0.00041195089806345364,0.060227932404973594,-0.12004391391188374,0.12086781570801064,False,False,0.0006398620410048008,0.00039176444043562776,0.04300958509249005,False,0.10764826819837922,0.14096977044757247,South (CO+UT)
175,Mar 25,Late Accumulation,48,0.012074374508815901,0.010692252600829628,0.059266756902648994,-0.10784126120446835,0.12922576640612762,False,False,0.00858058016880334,0.007644586889921461,0.042464444955717426,False,0.1189508630932668,0.13853142054090387,South (CO+UT)
176,Mar 26,Late Accumulation,48,0.02164769513994647,0.019957726241110207,0.0594588358435095,-0.09895994544590879,0.1388753979281292,False,False,0.015381033832792122,0.014296014527157959,0.04211336034904812,False,0.12613599930805908,0.1371387517817881,South (CO+UT)
177,Mar 27,Late Accumulation,48,0.030168188519491337,0.031280781239849946,0.059649749756531825,-0.0880187182732137,0.1505802807529136,False,False,0.0214467214879995,0.022333909298643286,0.04276536184435814,False,0.12778970227800904,0.13696334690618275,South (CO+UT)
178,Mar 28,Late Accumulation,48,0.04311282529725821,0.042836104314258674,0.06040206895170427,-0.07796803358914986,0.1636402422176672,False,False,0.030688574051202726,0.030512360311353254,0.04304511083894635,False,0.1336553246689205,0.13461666604625316,South (CO+UT)
179,Mar 29,Late Accumulation,48,0.047739674308197325,0.04925106890731004,0.060902491766535914,-0.07255391462576179,0.17105605244038186,False,False,0.03398340185507017,0.035114159862139074,0.04384734903084314,False,0.13660519941209848,0.13854034193914094,South (CO+UT)
180,Mar 30,Late Accumulation,48,0.056292341109631314,0.054080868855291654,0.059610645404523294,-0.06514042195375494,0.17330215966433823,False,False,0.040224270749737695,0.03866073007369485,0.04280877462961718,False,0.13982057550079677,0.1332609600619977,South (CO+UT)
181,Mar 31,Late Accumulation,48,0.05815614938844804,0.05735784447250282,0.061901494957297125,-0.06644514544209143,0.18116083438709707,False,False,0.04175942285140574,0.04121542942710799,0.04485482225300511,False,0.14463247102789567,0.13483236718750513,South (CO+UT)
182,Apr 01,Late Accumulation,48,0.05789258486701265,0.05579007108330255,0.06122205827867165,-0.06665404547404075,0.17823418764064586,False,False,0.04161867198471548,0.0400632303518909,0.0442528756463638,False,0.1446477580337962,0.1274401725908756,South (CO+UT)
183,Apr 02,Late Accumulation,48,0.05693673478179728,0.05620215564043548,0.058564137806514885,-0.06092611997259429,0.17333043125346526,False,False,0.041001411750103085,0.040373626529864766,0.042365874788948196,False,0.14097564058249537,0.12214007003635309,South (CO+UT)
184,Apr 03,Late Accumulation,48,0.05022742385280011,0.05233345595403123,0.058058332103391314,-0.0637832082527514,0.16845012016081384,False,False,0.03625920564124195,0.03764036409945708,0.04216673638759835,False,0.1346535399835979,0.1257710926093114,South (CO+UT)
185,Apr 04,Late Accumulation,48,0.044196352490856385,0.046197875568651466,0.05953769247037019,-0.07287750937208892,0.16527326050939184,False,False,0.032004350000809124,0.03310281178132197,0.04303631786721314,False,0.12582544459395079,0.1264628288751354,South (CO+UT)
186,Apr 05,Late Accumulation,48,0.04373237290142986,0.04422060272351757,0.0595150490631418,-0.07480949540276602,0.16325070084980117,False,False,0.03177456757859344,0.03181820549554739,0.043527220309858644,False,0.12325034370511292,0.12233432850425978,South (CO+UT)
187,Apr 06,Late Accumulation,48,0.04584048861520697,0.04637311860890028,0.058052083599539075,-0.06973104859017787,0.16247728580797843,False,False,0.03333072254388809,0.03325045398407053,0.042319764385505054,False,0.1188846036708538,0.12425877659423075,South (CO+UT)
188,Apr 07,Late Accumulation,48,0.047166038758342875,0.047489403495044866,0.06056329136826984,-0.07363717924149482,0.16861598623158455,False,False,0.034270995751963976,0.03394559273737277,0.04409667227305107,False,0.11379373879848892,0.12570662622455686,South (CO+UT)
189,Apr 08,Late Accumulation,48,0.04644509845468627,0.04666933460593972,0.057452907743870525,-0.06823648088180133,0.16157515009368079,False,False,0.033697615780531556,0.03354604683056028,0.041822033488038146,False,0.10905229107869828,0.11956728799107993,South (CO+UT)
190,Apr 09,Late Accumulation,48,0.04691565888852545,0.046985156777409505,0.062012900888524104,-0.0770406449996387,0.17101095855445772,False,False,0.034081693510414277,0.03369113887537392,0.04524635843083604,False,0.10594064022605162,0.10967602476224429,South (CO+UT)
191,Apr 10,Late Accumulation,48,0.050697985855387456,0.04850956049043503,0.06378676533044217,-0.0790639701704493,0.17608309115131937,False,False,0.03703306835904325,0.03509706781312227,0.04681572091604059,False,0.1085634244324935,0.09753548419631172,South (CO+UT)
192,Apr 11,Late Accumulation,48,0.04706774000891097,0.046988444135542234,0.06644967420000089,-0.08591090426445955,0.17988779253554402,False,False,0.03453911808492768,0.034266575856560205,0.04922166869696149,False,0.1051962005414108,0.10022068769123241,South (CO+UT)
193,Apr 12,Late Accumulation,48,0.05076440015829098,0.05236938082311427,0.06642969178443321,-0.08049000274575216,0.1852287643919807,False,False,0.037380044446848275,0.038116988609539944,0.04906354553823919,False,0.10428275421336419,0.10021771302708792,South (CO+UT)
194,Apr 13,Late Accumulation,48,0.04714805628436292,0.046434015149877765,0.06751372861439378,-0.08859344207890979,0.18146147237866533,False,False,0.034744679947402664,0.033712372006341425,0.04980461025191978,False,0.09546933968115612,0.10165846519294486,South (CO+UT)
195,Apr 14,Late Accumulation,48,0.04004465388400549,0.03798053805167214,0.0688037893485432,-0.09962704064541425,0.17558811674875854,False,False,0.02963544142291907,0.027733100825017024,0.051419618717643965,False,0.08567694592165336,0.11154733798900625,South (CO+UT)
196,Apr 15,Late Accumulation,48,0.0384695449934333,0.037785046799355425,0.06716791363819752,-0.0965507804770396,0.17212087407575047,False,False,0.028510352423494388,0.02760592570207779,0.05035160645280039,False,0.08299423785305002,0.11819742941937432,South (CO+UT)
197,Apr 16,Late Accumulation,48,0.05396124683066866,0.05438489727790274,0.06748333289452879,-0.08058176851115484,0.18935156306696033,False,False,0.03993208025750295,0.039818725900589685,0.050296377305755,False,0.09861909556730901,0.11063638824196129,South (CO+UT)
198,Apr 17,Late Accumulation,48,0.07144552834928633,0.06655513101382309,0.06974956173310133,-0.07294399245237958,0.20605425448002573,False,False,0.052719541475224445,0.04871240734321216,0.05165959262315293,False,0.11653557540336881,0.0991182479323805,South (CO+UT)
199,Apr 18,Melt Onset,48,0.08130116590157514,0.0796967961329812,0.06921158509362613,-0.05872637405427106,0.21811996632023345,False,False,0.05984567834113039,0.05816944744338279,0.05110619129583755,False,0.12466543874383365,0.08963723514520329,South (CO+UT)
200,Apr 19,Melt Onset,48,0.0875155438331682,0.08824989757421817,0.0704449173604743,-0.05263993714673043,0.22913973229516676,False,False,0.06421989857252218,0.06432753815553793,0.05194490324257701,False,0.1278874110691388,0.08624520826339462,South (CO+UT)
201,Apr 20,Melt Onset,48,0.0895945086938579,0.09007939337248627,0.07195356626776833,-0.05382773916305039,0.23398652590802294,False,False,0.06540476361182246,0.06521707846040993,0.05246694089729902,False,0.12708650607456118,0.09401902114794218,South (CO+UT)
202,Apr 21,Melt Onset,48,0.09046064937275462,0.09133201147663586,0.0710550661992277,-0.05077812092181955,0.23344214387509127,False,False,0.0659454169940119,0.0660644817267396,0.05165346426569536,False,0.12990782536883547,0.09947869497837462,South (CO+UT)
203,Apr 22,Melt Onset,48,0.08532969316724849,0.08666669330181115,0.07280545781713547,-0.0589442223324598,0.2322776089360821,False,False,0.0620299825546004,0.06277393399139455,0.05335670396457699,False,0.13208231391958686,0.10592526466708667,South (CO+UT)
204,Apr 23,Melt Onset,48,0.07761862435565751,0.07562794926229006,0.07152437172719904,-0.06742079419210802,0.21867669271668816,False,False,0.056303567580476374,0.054682886714493804,0.05221450279712584,False,0.12847599181100822,0.10868762448356721,South (CO+UT)
205,Apr 24,Melt Onset,48,0.0742271900984862,0.07550998184745811,0.06990341774679365,-0.06429685364612919,0.2153168173410454,False,False,0.05399474665917699,0.05456132212368003,0.05070200454683751,False,0.1287058752348063,0.10425402805302426,South (CO+UT)
206,Apr 25,Melt Onset,48,0.06558220918587232,0.06713335873009854,0.0725419546557591,-0.07795055058141967,0.21221726804161675,False,False,0.047856208009627345,0.048468536409199556,0.052901702229476856,False,0.11889310249603084,0.10692689281964693,South (CO+UT)
207,Apr 26,Melt Onset,48,0.06840847550306699,0.06656262317033326,0.07365664698577697,-0.08075067080122067,0.2138759171418872,False,False,0.049937066752783844,0.04785188169474099,0.05351646283906945,False,0.1137497134552181,0.10156955648718985,South (CO+UT)
208,Apr 27,Melt Onset,48,0.07178214976326605,0.07313168109481456,0.07672702056163681,-0.08032236002845906,0.2265857222180882,False,False,0.052155816438456966,0.05250111328393983,0.055369798490231985,False,0.10894945175915642,0.09776103655240359,South (CO+UT)
209,Apr 28,Melt Onset,48,0.07916882437228115,0.07840003622862039,0.0767389127256248,-0.07507778922262921,0.23187786167987,False,False,0.05804071554090978,0.05652204217938895,0.05544523536979151,False,0.10882668958467226,0.0895819467787956,South (CO+UT)
210,Apr 29,Melt Onset,48,0.09006168262456338,0.08951052472354229,0.07645189634807872,-0.06339326797261516,0.24241431741969974,False,False,0.06622447909794003,0.06483040941787294,0.05561340853846335,False,0.10868172666525594,0.07666594025214865,South (CO+UT)
211,Apr 30,Melt Onset,48,0.10188958185950629,0.10172448135790549,0.08023910829211736,-0.058753735226329235,0.26220269794214024,False,False,0.07512866696244022,0.07422871940655709,0.05871105046457782,False,0.11497255766594744,0.0606325410918456,South (CO+UT)
212,May 01,Melt Onset,48,0.1087570098779729,0.10707200516574346,0.08024253375466037,-0.053413062343577275,0.2675570726750642,False,False,0.08001654311093016,0.07802865106724347,0.05828497132524838,False,0.11833981987877512,0.047542352305109566,South (CO+UT)
213,May 02,Melt Onset,48,0.10938928329035628,0.1086440614182937,0.08026407603515202,-0.05188409065201034,0.26917221348859777,False,False,0.08126327466878946,0.08002049086562826,0.05860310973370463,False,0.12243541161821585,0.048547601014760494,South (CO+UT)
214,May 03,Melt Onset,48,0.09851010125083355,0.0966228537190981,0.0854995564964742,-0.0743762592738503,0.2676219667120465,False,False,0.07303662445695043,0.07099582931417517,0.06283761829848457,False,0.12067550141322042,0.06886783552202427,South (CO+UT)
215,May 04,Melt Onset,48,0.09386762039229068,0.09429902581388243,0.08288323747177108,-0.07146744912965973,0.2600655007574246,False,False,0.06923324350336071,0.068679487321766,0.06019762308877044,False,0.1214129718198208,0.07751520423943081,South (CO+UT)
216,May 05,Melt Onset,48,0.09500022443502038,0.09414656317661772,0.08335153223534274,-0.07255650129406775,0.2608496276473032,False,False,0.06983251148356771,0.0685075632861422,0.060472912731783054,False,0.12543847531947283,0.07698639535354894,South (CO+UT)
217,May 06,Melt Onset,48,0.1114647695265623,0.11159044427145998,0.08387501512889792,-0.05615958598633586,0.2793404745292558,False,False,0.08198891109899659,0.08202903847523382,0.06142892874810602,False,0.14018028466483792,0.058345871851780653,South (CO+UT)
218,May 07,Melt Onset,48,0.13207116307485436,0.13159251490628113,0.0855985351624479,-0.039604555418614684,0.30278958523117694,False,False,0.09760218218853282,0.09677927536300208,0.06264158215609034,False,0.1606374490777895,0.03354384678758827,South (CO+UT)
219,May 08,Melt Onset,48,0.15457840199693598,0.15154380671631534,0.08158645743118638,-0.011629108146057415,0.31471672157868813,False,False,0.11423079037511541,0.11137395533538683,0.05961761261302714,False,0.18346463835880256,0.009763125501567632,South (CO+UT)
220,May 09,Melt Onset,48,0.16303685384325772,0.1633364894990243,0.08275916805978663,-0.0021818466205489606,0.3288548256185976,False,False,0.11972859590379435,0.11975855784055181,0.060043171361373555,False,0.1947004135404185,-0.004196000625289735,South (CO+UT)
221,May 10,Melt Onset,48,0.16746896861065716,0.16758041638965177,0.0827035626070434,0.002173291175564973,0.33298754160373856,True,False,0.12113546413243716,0.12143117855247802,0.059827688210294376,True,0.20229871672543734,-0.008198805870170293,South (CO+UT)
222,May 11,Melt Onset,48,0.17420847204102624,0.1707426063319608,0.08694740002838058,-0.003152193724800356,0.344637406388722,False,False,0.1265838942515233,0.12390674405100058,0.06259535949195584,False,0.21096535465346788,-0.01724616496198747,South (CO+UT)
223,May 12,Melt Onset,48,0.18885804036831957,0.18903693480039072,0.08545187205083063,0.018133190698729457,0.35994067890205195,True,False,0.13728728012873498,0.1373882522356846,0.061885702502270955,True,0.22803060033293712,-0.028591987873931093,South (CO+UT)
224,May 13,Melt Onset,48,0.20127945100107675,0.1981989358063443,0.08770245571687679,0.022794024372590704,0.3736038472400979,True,False,0.1457938239822317,0.1438140807684387,0.06362484872928102,True,0.2435783043194753,-0.036064430067127284,South (CO+UT)
225,May 14,Melt Onset,48,0.20335658754122726,0.20233567451328924,0.08872960172841886,0.02487647105645152,0.37979487797012695,True,False,0.1464647513710976,0.1463416689093798,0.06493022769249582,True,0.24942351487995557,-0.038743696818516374,South (CO+UT)
226,May 15,Melt Onset,48,0.2131289207296049,0.21084973281202765,0.09410210930792075,0.022645514196186156,0.39905395142786915,True,False,0.1530684888619363,0.15264377093808873,0.06975640486140046,True,0.2585273826968091,-0.05059937592037543,South (CO+UT)
227,May 16,Melt Onset,48,0.2209780212446129,0.2161024753227526,0.09407843585628403,0.027945603610184527,0.4042593470353206,True,False,0.15947576050051876,0.15817790428911666,0.07125301015536789,True,0.2685740530047064,-0.0616287802004959,South (CO+UT)
228,May 17,Melt Onset,48,0.2250732175835634,0.21982123379764248,0.09834510641002679,0.0231310209775889,0.41651144661769607,True,False,0.16165053380126615,0.16040463730310478,0.07409964940194196,True,0.2716698366907614,-0.06878969583638632,South (CO+UT)
229,May 18,Melt Onset,48,0.21953807018045465,0.2137202738715175,0.09788697788994574,0.01794631809162603,0.409494229651409,True,False,0.15876374202000504,0.156390226919356,0.07301584055926769,True,0.27277780140908797,-0.06895815457195624,South (CO+UT)
230,May 19,Melt Onset,48,0.218787286921761,0.21383045633345488,0.10239471060740439,0.009041035118646096,0.4186198775482637,True,False,0.16071693503599138,0.15943652301513037,0.07765954046391957,True,0.28361165667915555,-0.06220493230656084,South (CO+UT)
231,May 20,Melt Onset,48,0.22319707006844075,0.2198402347289497,0.10490726444717773,0.01002570583459425,0.4296547636233051,True,False,0.1644682544679499,0.16445986447666838,0.07899264454370918,True,0.28988371400590746,-0.06293538322130557,South (CO+UT)
232,May 21,Melt Onset,48,0.22707034312265512,0.22064335400387886,0.10415021308924624,0.012342927825386374,0.42894378018237134,True,False,0.16743878396999276,0.16528797347396304,0.07899518601833401,True,0.2967024326752683,-0.06423825615440479,South (CO+UT)
233,May 22,Melt Onset,48,0.23468701301659142,0.2288666558143106,0.1082171949743535,0.012432265865603587,0.4453010457630176,True,False,0.17126368223818414,0.16977158056928346,0.08224586026990907,True,0.2993027490969743,-0.0708082649897638,South (CO+UT)
234,May 23,Melt Onset,48,0.2344107588842492,0.2231729262141584,0.11541108008795573,-0.007649233961753044,0.45399508639006986,False,False,0.17099345102659744,0.1651131964851298,0.08712567621400213,False,0.3031118465000815,-0.07327184550167978,South (CO+UT)
235,May 24,Melt Onset,48,0.2351499664953762,0.23179924767163765,0.112467300436875,0.006864646797887647,0.4567338485453877,True,False,0.17227644862946395,0.17199557280960912,0.08459431564811129,True,0.31102393655679195,-0.07787943658222968,South (CO+UT)
236,May 25,Melt Onset,48,0.22500637498683584,0.2177879666305971,0.11435831299216766,-0.010928659353738213,0.4465045926149324,False,False,0.16412690166417088,0.16096810339033815,0.08492447363459577,False,0.3063260127032593,-0.07592779595871622,South (CO+UT)
237,May 26,Melt Onset,48,0.23170883388045221,0.2282575767418416,0.11018993531135166,0.007877706119138295,0.4486374473645449,True,False,0.1692479074488093,0.1690817759989619,0.08254773838873103,True,0.31816335216564395,-0.07883511314603638,South (CO+UT)
238,May 27,Melt Onset,48,0.23298806658590912,0.22731935641478093,0.1041821165622311,0.01895512329031873,0.43568358953924313,True,False,0.16786930630930616,0.16693516385227258,0.0784177049121176,True,0.3210990557699581,-0.07931841738243539,South (CO+UT)
239,May 28,Melt Onset,48,0.22897015033684245,0.22678951374294798,0.10830895489673902,0.010171603949469948,0.44340742353642604,True,False,0.1656244695307507,0.16604952516374344,0.07981574495487241,True,0.3187159551497039,-0.08182028364997909,South (CO+UT)
240,May 29,Melt Onset,48,0.21995963350070447,0.2166563691587335,0.10774498554214851,0.0011663980744364977,0.43214634024303056,True,False,0.15823746664136934,0.1571570875628405,0.07756392816657728,True,0.312170238999981,-0.08196155871793437,South (CO+UT)
241,May 30,Melt Onset,48,0.21467547414043675,0.21165888748038822,0.10862359365375565,-0.005588299827123083,0.42890607478789955,False,False,0.14934490199797887,0.148063449037579,0.07496055307678348,False,0.2991219967681229,-0.0767865837517501,South (CO+UT)
242,May 31,Melt Onset,48,0.21918665123321326,0.2168004676424179,0.10290987371687971,0.010980720208658479,0.4226202150761773,True,False,0.15422166037040505,0.15396345322697738,0.07320543113274688,True,0.3055471602276737,-0.08032587587071248,South (CO+UT)
243,Jun 01,Melt Onset,48,0.21861480829769403,0.22090796513742594,0.10811493495812083,0.004678095221184286,0.4371378350536676,True,False,0.15258035990526814,0.155232772409287,0.07478359741314237,True,0.29973545255699513,-0.07777266950589934,South (CO+UT)
244,Jun 02,Melt Onset,48,0.21853137307224643,0.22116530193961798,0.10397020304610465,0.013224895847408685,0.42910570803182724,True,False,0.1573290012705307,0.16106481786647703,0.07621987803784112,True,0.3133907471286685,-0.07873062402622677,South (CO+UT)
245,Jun 03,Melt Onset,48,0.22262206446418178,0.22371317635190296,0.10236437791163402,0.018984420528634915,0.428441932175171,True,False,0.1587813327205802,0.16064343386705066,0.07401567659823713,True,0.31561400292505964,-0.08209324082923329,South (CO+UT)
246,Jun 04,Melt Onset,48,0.20509850655873255,0.19973404919595117,0.10770989949799008,-0.015685749800028986,0.41515384819193135,False,False,0.14311294214790424,0.14047600591722162,0.07569290853552563,False,0.2985228527862524,-0.06899749489182119,South (CO+UT)
247,Jun 05,Melt Onset,48,0.2036250437412517,0.19966689150759634,0.10088032153614954,-0.002093751564702734,0.40142753457989544,False,False,0.14193455796539284,0.14182281466217786,0.07206472585868368,False,0.29914749311645156,-0.06467185685787841,South (CO+UT)
248,Jun 06,Melt Onset,48,0.2175164913900805,0.21235718488864666,0.1043074691861714,0.0037422465163038654,0.42097212326098943,True,False,0.15192308196309662,0.1514310227081422,0.0754336222517181,True,0.3130904329133199,-0.07967603547284796,South (CO+UT)
249,Jun 07,Melt Onset,48,0.2108517221766356,0.21070622302886827,0.09930721831713332,0.012091786394601622,0.4093206596631349,True,False,0.1392134272527422,0.14124449024657412,0.0681293013184288,True,0.29618042280900764,-0.06733041414554045,South (CO+UT)
250,Jun 08,,48,0.20436015328379453,0.2011221848058906,0.09439394880977926,0.012334287186332088,0.3899100824254491,True,False,0.13968934980005787,0.1388029211255693,0.06644255671194589,True,0.3046394187190842,-0.07499212063563827,South (CO+UT)
251,Jun 09,,48,0.210540170037982,0.207365204947045,0.09059382127462587,0.026177562397793258,0.3885528474962967,True,False,0.1368534583172505,0.13603426474409172,0.06131969667007304,True,0.300889111694091,-0.07552932333840318,South (CO+UT)
252,Jun 10,,48,0.20061697203298734,0.19926258405226888,0.09392981361276408,0.011402956826740723,0.387122211277797,True,False,0.13969500748973168,0.13922960016174574,0.06652398148567644,True,0.3037706992690584,-0.07433607705685269,South (CO+UT)
253,Jun 11,,48,0.19690049380308106,0.19233581563383595,0.09622557501394546,-0.00011533439405497781,0.3847869656617269,False,False,0.1374961874012555,0.13605308125573448,0.06833701485487693,False,0.30204276581752576,-0.07012569112747251,South (CO+UT)
254,Jun 12,,48,0.20847811441477898,0.2064289471578026,0.09084328212017445,0.024742382917453704,0.3881155113981515,True,False,0.14205819225701785,0.14158048400553178,0.06433908306982393,True,0.2976852070090417,-0.07093223462053047,South (CO+UT)
255,Jun 13,,48,0.20408231710151342,0.20431464882070074,0.09632853370983813,0.011657581401024492,0.39697171624037697,True,False,0.13594174465799022,0.13749431140233537,0.06565843236877408,True,0.28424088204879555,-0.06361544794503562,South (CO+UT)
256,Jun 14,,48,0.20054358674500905,0.19586120900403234,0.0972011284834257,0.0014589520371809384,0.39026346597088374,True,False,0.14291717934733408,0.14151290165739824,0.07080840863385592,False,0.28888459224122615,-0.0637468039475016,South (CO+UT)
257,Jun 15,,48,0.20651223748536793,0.2041145184122728,0.09968808220821895,0.0047383539958348875,0.4034906828287107,True,False,0.143431694004976,0.1443201208250186,0.07124607236981464,True,0.28186838981607487,-0.05953232182618959,South (CO+UT)
258,Jun 16,,48,0.2873958801638938,0.28465163908349184,0.09632713537644422,0.0919973683306034,0.47730590983638027,True,False,0.17229901780012558,0.17017833900505036,0.061808632983111005,True,0.28035337837020613,-0.06736191244131409,South (CO+UT)
259,Jun 17,,48,0.30087795323297406,0.30277455058984926,0.0947164756560532,0.11334159927774284,0.49220750190195567,True,False,0.18161362196350442,0.18255590389655843,0.0613223540009597,True,0.2816777098228309,-0.08337251282191394,South (CO+UT)
260,Jun 18,,48,0.2492523292603226,0.25001466721666293,0.09250004838624104,0.06501457044418085,0.435014763989145,True,False,0.15851427234096213,0.15894996760569177,0.06105950462434738,True,0.2729900512337618,-0.06844876490720106,South (CO+UT)
261,Jun 19,,48,0.1666164571456367,0.17057276597667875,0.09693681470686176,-0.023300863437044766,0.36444639539040224,False,False,0.11466610360389815,0.11707411009934837,0.06288368279336845,False,0.24023880403223652,-0.03408542995837008,South (CO+UT)
262,Jun 20,,48,0.15976534870567433,0.163693934595075,0.09873474835666791,-0.03377556211826083,0.36116343130841083,False,False,0.11548141942755899,0.11813153573986204,0.06655691813643495,False,0.2478901229987891,-0.03643290017077669,South (CO+UT)
263,Jun 21,,48,0.18990118116895324,0.1887773669425813,0.08932658047408437,0.01012420599441255,0.36743052789075004,True,False,0.12224440215197267,0.12174300798236029,0.05863143307438731,True,0.26315704411867974,-0.06366714967283678,South (CO+UT)
264,Jun 22,,48,0.19103879657432982,0.18953967854893,0.09088808329749874,0.007763511953932517,0.37131584514392746,True,False,0.12350747179004803,0.12418340425639617,0.059429740214325656,True,0.26311987769788014,-0.06183868673453347,South (CO+UT)
265,Jun 23,,48,0.2027696536864643,0.20030673532347446,0.09893361521049374,0.002439504902486983,0.39817396574446196,True,False,0.12289009039407993,0.12123423422336335,0.05995349928355735,True,0.2651843252439819,-0.05824362224180847,South (CO+UT)
266,Jun 24,,48,0.21375847049549482,0.21281529471389277,0.09403230832613287,0.024750678061627035,0.4008799113661585,True,False,0.1304061332204702,0.13046494254586424,0.05860439203569431,True,0.27608676626319806,-0.07079121957589626,South (CO+UT)
267,Jun 25,,48,0.174209852515695,0.17472808205186907,0.10524867447768127,-0.03576926690349347,0.3852254310072316,False,False,0.11628548121343663,0.11706972732001635,0.06649060829446721,False,0.24943153300975215,-0.03109401079151343,South (CO+UT)
268,Jun 26,,48,0.17640461124139456,0.17742718797638474,0.10711343489850415,-0.03679968182062357,0.391654057773393,False,False,0.11508293828016315,0.11500569392727178,0.06486046686270217,False,0.2532724009330146,-0.03695527924884534,South (CO+UT)
269,Jun 27,,48,0.17340550899094032,0.17347888441060683,0.11355292787394182,-0.05362697133727681,0.40058474015849044,False,False,0.11187075510455376,0.10957659281521062,0.0660676170349729,False,0.24563109993577742,-0.02647018430209422,South (CO+UT)
270,Jun 28,,48,0.16401243328031284,0.16713400340842047,0.11019487431633879,-0.053255745224257106,0.387523752041098,False,False,0.10658336917711181,0.10734400704963704,0.06539869750987352,False,0.22917331225725654,-0.02899169304491648,South (CO+UT)
271,Jun 29,,48,0.1682647008873191,0.16863926159920115,0.1033287718396016,-0.03801828208000205,0.37529680527840437,False,False,0.10746549471296642,0.10808104385993936,0.06227217447372303,False,0.22998701970937294,-0.03182309220245888,South (CO+UT)
272,Jun 30,,48,0.16481940719341617,0.1684270213713421,0.10186754706142348,-0.035308072751504854,0.3721621154941891,False,False,0.09745157656463696,0.09806574217222956,0.0548436175212817,False,0.22078426778521662,-0.049439599820402844,South (CO+UT)
273,Jul 01,,48,0.11412457611099074,0.11424303354981746,0.0951324568632224,-0.07602188017662734,0.3045079472762623,False,False,0.06818920635161096,0.0677421809046658,0.050657859023960375,False,0.181919246088827,-0.029872694898773686,South (CO+UT)
274,Jul 02,,48,0.12835309851436305,0.12487079242221187,0.08297726622826114,-0.04108374003431041,0.29082532487873414,False,False,0.07871662284465554,0.07920367869110573,0.04919209183918502,False,0.20567192852834532,-0.04922622409125306,South (CO+UT)
275,Jul 03,,48,0.1374275417707735,0.13792718966079798,0.07632224907482095,-0.014717308488843922,0.29057168781043985,False,False,0.09279304522188817,0.09361617015630684,0.048880529362173096,False,0.22361809594824178,-0.07523265247978556,South (CO+UT)
276,Jul 04,,48,0.10913261714715189,0.10436383706953259,0.07825686325533555,-0.05214988944113852,0.2608775635802037,False,False,0.0706176027227835,0.07198692609246922,0.046177894715856885,False,0.19159269436518225,-0.06143526607971821,South (CO+UT)
277,Jul 05,,48,0.1039021114758099,0.09854625662308873,0.08555309088925195,-0.07255992515541516,0.26965243840159264,False,False,0.07174966334126308,0.07200305432337674,0.04996046021606582,False,0.19691943088692776,-0.056828179510782034,South (CO+UT)
278,Jul 06,,48,0.11351448419025757,0.1062800554538008,0.07965101819464612,-0.053021980935491445,0.26558209184309306,False,False,0.07546306900487426,0.07552421343050834,0.04862924860059003,False,0.1941668476629796,-0.06069314604391214,South (CO+UT)
279,Jul 07,,47,0.13516783552505568,0.1332983463183046,0.06534044951096105,0.002617447296382497,0.26397924534022665,True,False,0.09898450161669677,0.10057169300432668,0.04963144601818885,True,0.23578080031423504,-0.07766076737931471,South (CO+UT)
280,Jul 08,,47,0.11505110171494345,0.10783115859325601,0.07330507643140816,-0.0387789942695603,0.2544413114560723,False,False,0.08154169113749475,0.0814451149505511,0.04921046795479434,False,0.195106529336454,-0.08375143954316441,South (CO+UT)
281,Jul 09,,47,0.13730763759562778,0.13750961114049876,0.06414564254271392,0.009218326055070919,0.2658008962259266,True,False,0.08841410649122247,0.09036575265979561,0.04388299601758456,True,0.23702836883187828,-0.08665138584564416,South (CO+UT)
282,Jul 10,,47,0.10224691049690542,0.09983836476674593,0.07397991887518666,-0.0481214729836274,0.24779820251711926,False,False,0.0612358467967014,0.061939292800664444,0.042082792316896385,False,0.20801302827243412,-0.03137649003533529,South (CO+UT)
283,Jul 11,,41,0.05488493926160573,0.04340277135786722,0.09161373686242223,-0.13982470236697725,0.22663024508271168,False,False,0.03372035720179077,0.03453597689410926,0.04669125546989125,False,0.1614567827801192,-0.04337251147175051,South (CO+UT)
284,Jul 12,,41,0.06675577907456666,0.05798037611197056,0.09322352687516695,-0.12846667763836334,0.24442742986230448,False,False,0.04191567047966653,0.04233969815030572,0.04900693745370969,False,0.17471399127798112,-0.036020790693858704,South (CO+UT)
285,Jul 13,,41,0.06677193051349035,0.059795107166640875,0.09061731966250794,-0.121439532158375,0.24102974649165676,False,False,0.04545804506321534,0.04852245995732786,0.05197822241991008,False,0.14912555762091464,-0.05165214312015747,South (CO+UT)
286,Jul 14,,41,0.06622224331188556,0.04738805316334293,0.09999385214696073,-0.15259965113057852,0.2473757574572644,False,False,0.05065714181511044,0.052170844591119134,0.0571976846429664,False,0.16203512927166724,-0.08046591856312049,South (CO+UT)
287,Jul 15,,41,0.08445927818076075,0.0619442625281933,0.09546480268366984,-0.1289853428391464,0.252873867895533,False,False,0.06648824768938805,0.06602684832464205,0.05757315965672835,False,0.19903677826126417,-0.08341259793156668,South (CO+UT)
288,Jul 16,,41,0.06567090502442224,0.030889598247751393,0.12291274102318357,-0.21493588379861575,0.2767150802941185,False,False,0.047611353419999315,0.04844195871685314,0.052750616677675444,False,0.17774789050525547,-0.03697339566994686,South (CO+UT)
289,Jul 17,,41,0.0633531943966902,0.035807129525861306,0.10562757353095935,-0.17544801753605738,0.24706227658778002,False,False,0.04633657697043336,0.04692403698418903,0.051002275426177836,False,0.16971812792578517,-0.10623130415167127,South (CO+UT)
290,Jul 18,,41,0.0077479039559729245,-0.014657060239147868,0.10240102235769859,-0.21945910495454504,0.1901449844762493,False,False,0.004723637539598095,0.004623894170768001,0.04072124670255424,False,0.09267507209664301,-0.034643183455986236,South (CO+UT)
291,Jul 19,,41,0.04360324041865729,0.016045375567000197,0.1073518309083111,-0.198658286249622,0.2307490373836224,False,False,0.02794491446407136,0.027826843497303053,0.0446819646279485,False,0.11767603122458166,-0.09469328040168398,South (CO+UT)
292,Jul 20,,24,-0.275117859988984,-0.2613825315711026,0.09440807858786696,-0.4501986887468365,-0.07256637439536867,True,False,-0.0901358582046941,-0.09033797594537993,0.040048076200591434,True,-0.11584886246257359,0.03072399165895248,South (CO+UT)
293,Jul 21,,24,-0.08586411313459208,-0.07044049726496965,0.07181530900845234,-0.21407111528187434,0.07319012075193504,False,False,-0.017572529210872042,-0.017646337378446845,0.010868916395257314,False,-0.10556200875176325,-0.10520845916536119,South (CO+UT)
310,Aug 07,,24,0.17171301099481517,0.1606919220819751,0.16498754960443415,-0.1692831771268932,0.4906670212908434,False,False,0.07082770871269785,0.06340297953597003,0.06469404149290686,False,-0.04180634170770643,-0.05699235742742365,South (CO+UT)
311,Aug 08,,24,0.17171301099481517,0.15678198806792137,0.16817959172314156,-0.17957719537836175,0.4931411715142045,False,False,0.07082770871269785,0.06179045566027543,0.0665520237418844,False,-0.04180634170770643,-0.05699235742742365,South (CO+UT)
313,Aug 10,,20,0.16590823139275118,0.1483725328956475,0.20456460107560928,-0.26075666925557106,0.5575017350468661,False,False,0.0675456456791506,0.05651281643092335,0.07897573745638255,False,-0.021531569212675107,-0.02496962398290635,South (CO+UT)
327,Aug 24,,46,-0.04815809670253783,-0.0457278588535122,0.0547450069176973,-0.1552178726889068,0.0637621549818824,False,False,-0.024207998685228566,-0.024658824696087957,0.02626399317225145,False,-0.09709130615705537,-0.16045283787691642,South (CO+UT)
328,Aug 25,,48,0.1311329755205868,0.10613730054098948,0.12261709467144363,-0.1390968888018978,0.35137148988387673,False,False,0.08224939625998672,0.08336642676596023,0.06534259619354274,False,0.08371510842670522,-0.14868093355398476,South (CO+UT)
329,Aug 26,,48,0.09907551469440096,0.0864930372501066,0.10532923313883515,-0.1241654290275637,0.29715150352777686,False,False,0.05740768341619191,0.05942127216616217,0.05458998925484811,False,0.046090746629403254,-0.14758469353094247,South (CO+UT)
330,Aug 27,,47,-0.05320354725665953,-0.04532076132493552,0.049276487087769875,-0.14387373550047527,0.053232212850604234,False,False,-0.04766208811456691,-0.04736201931790511,0.0341512063467643,False,-0.12248821667439881,-0.15565948672260024,South (CO+UT)
331,Aug 28,,48,-0.13357733651066264,-0.14466612675241092,0.05463397052899173,-0.2539340678103944,-0.03539818569442746,True,False,-0.09158138132896308,-0.09230178813507414,0.033780515770675,True,-0.14642014514324275,-0.08038959136853613,South (CO+UT)
332,Aug 29,,48,-0.09310627513849355,-0.09280764278012896,0.041861946199629074,-0.1765315351793871,-0.009083750380870809,True,False,-0.05747714696362364,-0.05784757078693894,0.028300852758705412,True,-0.12505083364132782,-0.14451711412306467,South (CO+UT)
333,Aug 30,,48,0.010582984961797803,0.03166573267933676,0.09273245370534765,-0.15379917473135854,0.21713064009003205,False,False,0.006717814517894805,0.005205800060122508,0.031470767972266916,False,-0.02527797783267831,-0.14072114579522838,South (CO+UT)
334,Aug 31,,48,-0.07281374154379927,-0.07168878381280633,0.046779126496164065,-0.16524703680513447,0.021869469179521803,False,False,-0.04102435927730624,-0.04124832896923337,0.0252249017270188,False,-0.08138550970769842,-0.03491787617685533,South (CO+UT)
335,Sep 01,,48,-0.14773918657776797,-0.1457976888345803,0.04860294891728698,-0.24300358666915428,-0.04859179100000634,True,False,-0.05933932736391755,-0.058985411591048816,0.02277014377899131,True,-0.11002724404948262,0.015816113113974906,South (CO+UT)
336,Sep 02,,48,-0.1531469028612994,-0.16613118013972855,0.05404966911031531,-0.27423051836035917,-0.05803184191909794,True,False,-0.08779079170278345,-0.08850572681604135,0.02739327011706647,True,-0.12823169541030707,-0.014736678727440063,South (CO+UT)
337,Sep 03,,48,-0.13042973277409012,-0.13313131210930537,0.04261308404888296,-0.2183574802070713,-0.04790514401153945,True,False,-0.07302447627617935,-0.0735921976250288,0.02705906075911586,True,-0.13203050425658241,0.012338677457032293,South (CO+UT)
338,Sep 04,,48,-0.11592022943086028,-0.12091532026322906,0.042722163689971046,-0.20635964764317116,-0.035470992883286964,True,False,-0.06549104147546786,-0.06575128301681867,0.026075053066212116,True,-0.1350423365643229,0.0005904545706480469,South (CO+UT)
339,Sep 05,,48,-0.11873700278954454,-0.11775294165817429,0.04782971775435028,-0.21341237716687483,-0.022093506149473738,True,False,-0.04681300041176353,-0.047285127387266056,0.021293700138567188,True,-0.09642191993750748,0.003450878059307133,South (CO+UT)
340,Sep 06,,48,-0.12036503391258059,-0.11508671903246086,0.0492675927793167,-0.21362190459109426,-0.016551533473827457,True,False,-0.061783954774662427,-0.0628205364925445,0.030006084603842884,True,-0.11823512594988217,0.07570258450919687,South (CO+UT)
341,Sep 07,,48,-0.12695861910615158,-0.12315032089151648,0.04179841902119988,-0.20674715893391624,-0.03955348284911672,True,False,-0.08146761217470874,-0.08093604810407676,0.03943917141361907,True,-0.13353666156909746,0.14597601735721472,South (CO+UT)
342,Sep 08,,48,-0.1132541765677628,-0.10402468069785652,0.05653380230150663,-0.21709228530086977,0.00904292390515675,False,False,-0.0741919730174058,-0.07619116470960208,0.0391201950441691,False,-0.11276294862428358,0.15052183286377746,South (CO+UT)
343,Sep 09,,48,0.08449075747850471,0.07435647238277113,0.06393215537688372,-0.05350783837099632,0.20222078313653857,False,False,0.06229368516424417,0.0655530413710944,0.042430815860027865,False,0.21114947039513182,-0.09664118194679883,South (CO+UT)
344,Sep 10,,48,0.08169029084394905,0.06734674303342537,0.06675296236439579,-0.0661591816953662,0.20085266776221694,False,False,0.056346918720455275,0.05712329055615046,0.03944554281089684,False,0.19572359471190787,-0.09799546279883697,South (CO+UT)
345,Sep 11,,48,0.04946592969133148,0.034268282600612224,0.08154309516960748,-0.12881790773860274,0.19735447293982716,False,False,0.033711640303850786,0.03747770021117499,0.038863162260942795,False,0.17381819376720287,-0.051775430403332684,South (CO+UT)
346,Sep 12,,48,0.012792154769766504,-0.01716102144265842,0.10926151057296223,-0.23568404258858286,0.20136199970326604,False,False,0.008012863008584718,0.009957764782162374,0.035864491367674625,False,0.13057655714125216,-0.02924032578872618,South (CO+UT)
347,Sep 13,,48,0.0016147879334530088,-0.010135000434196585,0.06709716327617492,-0.1443293269865464,0.12405932611815325,False,False,0.000774757283163815,0.0010366681406550802,0.023922559788694387,False,0.03783103479418355,-0.07614968300937058,South (CO+UT)
348,Sep 14,,48,-0.027037411744439216,-0.031506051368095554,0.05209342920911637,-0.13569290978632828,0.07268080705013719,False,False,-0.011991566251901046,-0.011979035702665144,0.019925873187191436,False,-0.007324689832915815,-0.09123165141646818,South (CO+UT)
349,Sep 15,,48,-0.11256715989586086,-0.10821282179198913,0.052460001597411134,-0.2131328249868114,-0.0032928185971668605,True,False,-0.046706070831895395,-0.046215027366470374,0.023112990057463943,False,-0.057502751733924204,0.010905717486269444,South (CO+UT)
350,Sep 16,,48,-0.17143263058001312,-0.1704776313601297,0.039075488423035,-0.2486286082061997,-0.09232665451405969,True,True,-0.0840686426940196,-0.0847064897657335,0.030037756015577528,True,-0.10921232571638412,0.0724306354727307,South (CO+UT)
351,Sep 17,,48,-0.21363433685109082,-0.21346548114637756,0.03883810088017841,-0.29114168290673437,-0.13578927938602076,True,True,-0.09984184419281372,-0.10054594260571287,0.02796493948533622,True,-0.13836178454881332,0.10173248382992667,South (CO+UT)
352,Sep 18,,48,-0.20488079072458115,-0.20549218666060334,0.04014153491954123,-0.2857752564996858,-0.1252091168215209,True,True,-0.09822781046639571,-0.09818647401348406,0.027949375895832452,True,-0.13486547317856154,0.08616568490226618,South (CO+UT)
353,Sep 19,,47,-0.2558424599932131,-0.26299347450563143,0.0341883555655022,-0.33137018563663584,-0.19461676337462702,True,True,-0.13189586042065318,-0.1319130912696909,0.034916679413704944,True,-0.16051987169070786,0.22057602565638249,South (CO+UT)
354,Sep 20,,47,-0.2231362707000225,-0.22181716063117946,0.04146829153892615,-0.30475374370903174,-0.13888057755332717,True,True,-0.11160042993073906,-0.11196692968841461,0.032372721810014354,True,-0.11919942656901743,0.21623271562782145,South (CO+UT)
355,Sep 21,,47,-0.2045297116818096,-0.21406771060523727,0.030435113803097134,-0.27493793821143153,-0.153197482999043,True,True,-0.12188947902640224,-0.12353135593718542,0.03881891767509897,True,-0.16351983089845973,0.22696613777886385,South (CO+UT)
356,Sep 22,,47,-0.17478408570444318,-0.18084248314142023,0.031697090704975416,-0.24423666455137105,-0.1174483017314694,True,True,-0.11345594867189795,-0.1143474829113352,0.04140557974811688,True,-0.18300518052410736,0.19217082126346585,South (CO+UT)
357,Sep 23,,47,-0.11391885797727533,-0.10946300750582535,0.0662067947528551,-0.24187659701153555,0.02295058199988484,False,False,-0.06075185237413847,-0.0624358003347181,0.037581032485836545,False,-0.1490556499670876,0.08133950300793244,South (CO+UT)
358,Sep 24,,47,-0.13964666217274374,-0.1394108751251839,0.05731494144349887,-0.2540407580121816,-0.024780992238186167,True,False,-0.07944146338618292,-0.08153607209442673,0.03768346560324189,True,-0.1702267239375121,0.046970263609248344,South (CO+UT)
359,Sep 25,,47,-0.09760514057176181,-0.10029303733900059,0.059268559864921445,-0.21883015706884348,0.018244082390842298,False,False,-0.0642510046632843,-0.06620168746959013,0.03893704311669288,False,-0.16382787278713978,0.004925185085290995,South (CO+UT)
360,Sep 26,,47,-0.12228185111289103,-0.13201788969398426,0.04140698990861016,-0.2148318695112046,-0.04920390987676394,True,False,-0.08502310814756107,-0.08659228122827482,0.03149448781971269,True,-0.19202691049128634,-0.02332957280082306,South (CO+UT)
361,Sep 27,,47,-0.13706002651365282,-0.14597824592051245,0.03126220640476836,-0.20850265873004917,-0.08345383311097573,True,True,-0.09235164474952977,-0.09415254490305341,0.02797914952747308,True,-0.22558190710890338,-0.06693703786318017,South (CO+UT)
362,Sep 28,,47,-0.16429847715807575,-0.1727128490899077,0.03551195581677819,-0.24373676072346406,-0.10168893745635131,True,True,-0.10605624747658253,-0.10652607000461842,0.02543195185612011,True,-0.22789635775774703,-0.03669163109425934,South (CO+UT)
363,Sep 29,,47,-0.12058602917860158,-0.12339995869060269,0.035727827276333564,-0.19485561324326983,-0.05194430413793556,True,False,-0.07335888134581069,-0.0740477109023245,0.025466169028281742,True,-0.1546825016685657,-0.06626574521598921,South (CO+UT)
364,Sep 30,,47,-0.14898166427017653,-0.15420941987309414,0.03362346865241297,-0.22145635717792006,-0.0869624825682682,True,True,-0.09568594734800541,-0.09678847029524927,0.02492741413185185,True,-0.21530031303843764,-0.0313251169055562,South (CO+UT)
0,Oct 01,,60,0.2066858944500349,0.203081642082393,0.07112198470834756,0.06083767266569787,0.34532561149908814,True,False,0.1107848483408618,0.1097227217964042,0.04095624558366736,True,0.1842199036289629,-0.028688118666876195,ALL
1,Oct 02,,60,0.21294290056575116,0.21331816597046352,0.06584740289423867,0.08162336018198618,0.34501297175894086,True,False,0.11582692564706425,0.11689727505704242,0.038867950549358696,True,0.14829660063218267,-0.03726244390580171,ALL
2,Oct 03,,60,0.19495557012804743,0.19585622072752237,0.062161369709560654,0.07153348130840106,0.3201789601466437,True,False,0.09521120111570978,0.09642533426236168,0.033959331616721745,True,0.10677210597476103,-0.06597372626629606,ALL
3,Oct 04,,60,0.18737288030989566,0.18749247523281656,0.06554972865195335,0.056393017928909855,0.31859193253672324,True,False,0.08937153247902395,0.0906740995524485,0.03447227341872844,True,0.107011997229326,-0.048208021579760715,ALL
4,Oct 05,,60,0.1621134536214806,0.1570389054561741,0.07403931129519634,0.008960282865781433,0.3051175280465668,True,False,0.07364377574413987,0.07261972134321833,0.03620323529982123,True,0.10217594716003855,-0.030874048083864788,ALL
5,Oct 06,,60,0.10258230264364493,0.09643182815956786,0.0795977082864952,-0.06276358841342256,0.25562724473255827,False,False,0.04614303732934543,0.044032575384802174,0.036272559260702324,False,0.062025252596471056,-0.016222103250624374,ALL
6,Oct 07,,60,0.11422174092695003,0.11428974751593085,0.07285758676638136,-0.031425426016831876,0.26000492104869355,False,False,0.05344035039748785,0.05349770933567713,0.033755316243812325,False,0.056681104291394425,-0.03788517193705595,ALL
7,Oct 08,,60,0.11386755684097347,0.11429353002581948,0.0724296957712174,-0.03056586151661532,0.25915292156825426,False,False,0.05849884242791386,0.058180791272738196,0.03615265304842435,False,0.058499872923543875,-0.036908439052762636,ALL
8,Oct 09,,60,0.1843916018759337,0.1868997364378896,0.07137992616879961,0.04413988410029038,0.32965958877548884,True,False,0.0948916163673546,0.0956971785296152,0.03581635614324138,True,0.11105293360550912,-0.0694388984730245,ALL
9,Oct 10,,60,0.19767289091732387,0.19595433166574122,0.06536287108852565,0.06522858948868993,0.3266800738427925,True,False,0.10302048257304593,0.10184674488095274,0.03390552780279885,True,0.11031452334012799,-0.09207084111381687,ALL
10,Oct 11,,60,0.1839099321389568,0.18079223491449503,0.0713367426997315,0.038118749515032024,0.32346572031395804,True,False,0.09490130028972221,0.09306931910958324,0.036676661743968324,True,0.09761704741085513,-0.055906987780858494,ALL
11,Oct 12,,60,0.13891379363330453,0.13525730668361866,0.07301138006491177,-0.010765453446204887,0.2812800668134422,False,False,0.07031625541776204,0.06819741024277454,0.03684924041489669,False,0.06819409202788082,-0.021569164827265796,ALL
12,Oct 13,,60,0.09467778963320986,0.09209095203230026,0.07049666353126084,-0.04890237503022142,0.23308427909482193,False,False,0.048068823086601424,0.04651332430203078,0.0356689836632644,False,0.03865497364086455,0.010652512679799471,ALL
13,Oct 14,,60,0.08448460959912375,0.08370116037917154,0.067896413019495,-0.05209166565981847,0.21949398641816154,False,False,0.04199626568938207,0.041346121239911084,0.0338550397822262,False,0.02087537933186756,-0.005866105730783646,ALL
14,Oct 15,,60,0.06384033689867277,0.06498630382962932,0.06425373772336913,-0.06352117161710895,0.19349377927636757,False,False,0.03185842446073659,0.032491042749225284,0.032359571303169236,False,0.005397674644831089,-0.017795385474639856,ALL
15,Oct 16,,60,0.028114741563415587,0.02899526321704492,0.06343702276396758,-0.09787878231089024,0.1558693087449801,False,False,0.013766823136539116,0.014320895130472308,0.03128708547668117,False,-0.0239566043421715,-0.034300499833790736,ALL
16,Oct 17,,60,-0.009095618585926245,-0.0072179719302183625,0.06388684598316371,-0.1349916638965458,0.12055572003610907,False,False,-0.0046043459819099086,-0.003760992763212249,0.03241707255204484,False,-0.02485982045990032,-0.03152933865010685,ALL
17,Oct 18,,60,-0.044420179475358874,-0.042338372060440305,0.06228437008637531,-0.16690711223319094,0.08223036811231031,False,False,-0.021913601651525665,-0.02113630181424027,0.030804055710105582,False,-0.03858065575679988,-0.02447684416962552,ALL
18,Oct 19,,60,-0.02935477488885718,-0.030971496526845683,0.06650583111705125,-0.16398315876094818,0.10204016570725681,False,False,-0.014724971760699626,-0.01584594166128095,0.03361759078963457,False,0.001046128700251467,-0.043565830925856225,ALL
19,Oct 20,,60,-0.060833591382265205,-0.0577983721411312,0.07025387714345786,-0.19830612642804693,0.08270938214578452,False,False,-0.03175630225725514,-0.030429501105392207,0.03685821790764036,False,0.025192841637813785,-0.012784155914227595,ALL
20,Oct 21,,60,-0.08614106638294526,-0.08430217388912452,0.07051663959660057,-0.22533545308232567,0.056731105304076615,False,False,-0.04523010787759975,-0.04443865133400383,0.037095553444626485,False,0.019201313536069815,0.006394539224925822,ALL
21,Oct 22,,60,-0.10491071501050911,-0.10630641414851785,0.06877062099701464,-0.24384765614254714,0.03123482784551143,False,False,-0.054073307216951444,-0.0550998750299553,0.03589240016846574,False,0.005599149050927172,0.03303172460933422,ALL
22,Oct 23,,60,-0.07101972533021264,-0.06953377373431605,0.06703417739489452,-0.20360212852410509,0.064534581055473,False,False,-0.03609402655847023,-0.0357700595533633,0.034312655575706424,False,0.023384321835898676,0.024981337498348976,ALL
23,Oct 24,,60,-0.06762893114420286,-0.06547673562374985,0.06748995017971833,-0.20045663598318653,0.06950316473568681,False,False,-0.03515871038025341,-0.03471920409258805,0.035609645581493016,False,0.021309372443233717,0.036036867324334046,ALL
24,Oct 25,,60,-0.08672550594927562,-0.08311795330561664,0.0681151333499234,-0.21934822000546345,0.05311231339423017,False,False,-0.048293190578213095,-0.047660373679473865,0.03885043549475452,False,0.014508690366452168,0.06410087258912507,ALL
25,Oct 26,,60,-0.07526956741050077,-0.07495570703004607,0.0682678485628072,-0.21149140415566048,0.06157999009556832,False,False,-0.04307425443730779,-0.044346232438124286,0.03984418340751195,False,0.01821459612726682,0.09347887049432843,ALL
26,Oct 27,,60,-0.04489741393687413,-0.04251253793980808,0.06910652463624295,-0.18072558721229398,0.09570051133267782,False,False,-0.026327524224152105,-0.0263058513490694,0.04066921020445012,False,0.035609881550856606,0.08755083594509448,ALL
27,Oct 28,,60,-0.02234373000251027,-0.02130177399544376,0.06825560715904255,-0.15781298831352886,0.11520944032264134,False,False,-0.013385020638675632,-0.014149362905626354,0.04045271243053054,False,0.04656220545808222,0.060104393672204,ALL
28,Oct 29,,60,0.00644660992915738,0.00774502255180901,0.07145717461093895,-0.1351693266700689,0.1506593717736869,False,False,0.0038902201144933595,0.0032581060573250438,0.04195779560438246,False,0.07117482360288949,0.03804234240200888,ALL
29,Oct 30,,60,-0.005691582540388957,-0.0041589692454862106,0.0671307869660028,-0.1384205431774918,0.1301026046865194,False,False,-0.0033675820013387486,-0.003498252554873914,0.03903195099572339,False,0.07560912533434752,0.052273755947997276,ALL
30,Oct 31,,60,-0.0008266433149135264,0.0022177706298500766,0.07026390986814558,-0.1383100491064411,0.14274559036614123,False,False,-0.0004886101831538189,0.0003258255150882026,0.040875070795404825,False,0.0791646937288236,0.05719642064280142,ALL
31,Nov 01,,60,0.016256493876696525,0.019420327650253217,0.06826117613625828,-0.11710202462226334,0.15594267992276978,False,False,0.009414262180236133,0.010604484226222198,0.03886528465071827,False,0.08216140417849761,0.05145569188583737,ALL
32,Nov 02,,60,0.021627603543414108,0.0211741121369764,0.0672120236655327,-0.11324993519408899,0.15559815946804179,False,False,0.01248521228550697,0.01143667911724874,0.037894907221712855,False,0.07693138304364053,0.052398530223828545,ALL
33,Nov 03,,60,0.023327366515767826,0.02450891823260009,0.06278027434426976,-0.10105163045593943,0.15006946692113962,False,False,0.013381117253031245,0.013312904896764817,0.03515425865863077,False,0.07224399794150975,0.05583186659469597,ALL
34,Nov 04,,60,-0.0006427274629711647,0.0004635602252930031,0.06440839605230456,-0.1283532318793161,0.12928035232990212,False,False,-0.00037311042447965635,-0.00046448633219388407,0.03708332825069739,False,0.052134527271708454,0.08057993733298036,ALL
35,Nov 05,,60,-0.03308018695111373,-0.031472755673343414,0.06592466583562899,-0.1633220873446014,0.10037657599791457,False,False,-0.01964869601811815,-0.01940717122194941,0.03930333269317131,False,0.023587529862893718,0.0992965566863567,ALL
36,Nov 06,,60,-0.04083465860775317,-0.03863612177008159,0.06675506521689382,-0.17214625220386925,0.09487400866370606,False,False,-0.024038611406686398,-0.02351974568369796,0.03959838730469803,False,0.01169563501556579,0.09526975748397151,ALL
37,Nov 07,,60,-0.06121039578057306,-0.06290611604116625,0.06508707883034633,-0.1930802737018589,0.0672680416195264,False,False,-0.03577471446076105,-0.03745176798667326,0.038360369740946525,False,-0.01634068632669981,0.10618554246920148,ALL
38,Nov 08,,60,-0.09138974831867293,-0.09105541601664699,0.06452793826970706,-0.2201112925560611,0.03800046052276712,False,False,-0.054378990396703034,-0.05518322350749358,0.03932504554255317,False,-0.029023537090651162,0.13655284106416124,ALL
39,Nov 09,,60,-0.09782111889750467,-0.09518911891129234,0.06405287280283119,-0.2232948645169547,0.03291662669437004,False,False,-0.05808954786531614,-0.057299566233818405,0.03883155447309066,False,-0.03267347997058721,0.15495495042454804,ALL
40,Nov 10,,60,-0.09187577430974717,-0.09303932810918454,0.06288791885830046,-0.21881516582578547,0.03273650960741638,False,False,-0.054090241196523385,-0.05570542039313416,0.038015787909979566,False,-0.03315733452119467,0.16217949392405748,ALL
41,Nov 11,,60,-0.09002527949087866,-0.09070262618971899,0.06219329538233548,-0.21508921695438993,0.03368396457495197,False,False,-0.05258697327716,-0.053919715439537136,0.037491202391932946,False,-0.03683134313628613,0.16859483603394895,ALL
42,Nov 12,,60,-0.10136841603946004,-0.09886318266843179,0.06139460040383938,-0.22165238347611055,0.02392601813924697,False,False,-0.05909603520249674,-0.058015393885421866,0.03647261273566306,False,-0.041367872371410895,0.17276538983154646,ALL
43,Nov 13,,60,-0.11187651062672686,-0.11222139440980114,0.06344042712687074,-0.23910224866354263,0.014659459843940348,False,False,-0.06473250843132905,-0.06563924435112374,0.03764686135660624,False,-0.036582916443412564,0.17966817253282394,ALL
44,Nov 14,,60,-0.10828116921565296,-0.1059818646260315,0.06379390082388167,-0.23356966627379483,0.021605937021731844,False,False,-0.06248783607394796,-0.06143681334556406,0.03716094492100904,False,-0.013672779715148181,0.17462461548882846,ALL
45,Nov 15,,60,-0.1168135743699653,-0.11643855227590598,0.06447952134965333,-0.24539759497521263,0.012520490423400685,False,False,-0.0684826088593688,-0.068761772616183,0.03838117942375823,False,-0.012249779547064094,0.17691625872917527,ALL
46,Nov 16,,60,-0.104480234375216,-0.10341847532738174,0.06758823764654255,-0.23859495062046684,0.03175799996570336,False,False,-0.06153053217665166,-0.061195701793590594,0.04013570273530978,False,-0.010131129610980453,0.16013214338268,ALL
47,Nov 17,,60,-0.11372982095962089,-0.11369127923195498,0.06677922225008241,-0.24724972373211979,0.01986716526820985,False,False,-0.06788178067494643,-0.068324914071764,0.04065450742206157,False,-0.030148517931906794,0.16390464386937212,ALL
48,Nov 18,,60,-0.10275145746204499,-0.10399850860987667,0.06667158807876704,-0.23734168476741074,0.02934466754765741,False,False,-0.06226590314960224,-0.06353194467343055,0.04113154841715454,False,-0.03409984601867999,0.15484579299326437,ALL
49,Nov 19,Early Accumulation,60,-0.07791329958503011,-0.07659216768554446,0.06656736870724024,-0.20972690510002495,0.056542569728936024,False,False,-0.04716900115574818,-0.04695369527013483,0.04107683596113382,False,-0.022911197472557203,0.14757230109048225,ALL
50,Nov 20,Early Accumulation,60,-0.0788038675697003,-0.07981317497916234,0.0647446135075012,-0.20930240199416472,0.049676052035840065,False,False,-0.047928843201143045,-0.049035116934148415,0.04012743494914559,False,-0.03036639641157628,0.14713198155115967,ALL
51,Nov 21,Early Accumulation,60,-0.09692942375283724,-0.09734843579325012,0.06626891486945546,-0.22988626553216104,0.03518939394566081,False,False,-0.05910392871156981,-0.059918085817427365,0.041393425002515784,False,-0.04584405582097365,0.14832417523185773,ALL
52,Nov 22,Early Accumulation,60,-0.1060412714666657,-0.10456240889307478,0.06677237387886789,-0.23810715665081056,0.028982338864661006,False,False,-0.06451940895471875,-0.06437076715918892,0.0419533625775036,False,-0.053522454123937066,0.13006319306368103,ALL
53,Nov 23,Early Accumulation,60,-0.13102849898604496,-0.13144221293539476,0.06561359798267018,-0.2626694089007351,-0.00021501697005441023,True,False,-0.07998283217081724,-0.0807715859011174,0.0411300154247232,False,-0.05966948374087853,0.1433139807359885,ALL
54,Nov 24,Early Accumulation,60,-0.12661634327385182,-0.12909381901314834,0.06598750941563192,-0.26106883784441215,0.002881199818115493,False,False,-0.0771796289413343,-0.07925806088908119,0.04143545342764042,False,-0.04031471203945234,0.13817630895310995,ALL
55,Nov 25,Early Accumulation,60,-0.12560855596878956,-0.12502812621676426,0.06363687759369416,-0.25230188140415255,0.002245628970624053,False,False,-0.07623479722153274,-0.07647188761427128,0.03987227792345242,False,-0.02544103632279924,0.13601357762303568,ALL
56,Nov 26,Early Accumulation,60,-0.12876602044510568,-0.12921809274829418,0.06409553527494495,-0.2574091632981841,-0.0010270221984042815,True,False,-0.07841820975355453,-0.07938441125628701,0.0402862913798884,False,-0.029556643959669532,0.13551541088015198,ALL
57,Nov 27,Early Accumulation,60,-0.12534497750783155,-0.12591409955076208,0.06553367488836015,-0.25698144932748235,0.0051532502259582225,False,False,-0.07668442631382637,-0.0776617008333942,0.04155570004538464,False,-0.017726176968670328,0.13069110894875088,ALL
58,Nov 28,Early Accumulation,60,-0.13659952319283133,-0.13731683061679864,0.06471553423843351,-0.2667478990936657,-0.007885762139931612,True,False,-0.0843508132029087,-0.08554113213264082,0.04123687943386756,True,-0.026115541403869624,0.13023406276034583,ALL
59,Nov 29,Early Accumulation,60,-0.13990742812890825,-0.1399428681123456,0.06316911858639336,-0.2662811052851323,-0.013604630939558882,True,False,-0.08791415184552755,-0.08855937340617244,0.04112181990445399,True,-0.026222661125087237,0.13323515251061024,ALL
60,Nov 30,Early Accumulation,60,-0.14400395210676,-0.14446639169533407,0.0628759442963256,-0.2702182802879853,-0.018714503102682856,True,False,-0.09191208453316457,-0.09304804380216368,0.041678348737930325,True,-0.025049780087388295,0.13592725503138076,ALL
61,Dec 01,Early Accumulation,60,-0.13859077546078424,-0.13894146074232652,0.06086384188362198,-0.26066914450957046,-0.017213776975082556,True,False,-0.08915306680510637,-0.09017009306135722,0.040678882349293434,True,-0.025034781003529155,0.1193204892314074,ALL
62,Dec 02,Early Accumulation,60,-0.1424838317762799,-0.14182919703085486,0.06106276455729635,-0.26395472614544757,-0.019703667916262158,True,False,-0.09195978385593419,-0.09249560785773278,0.04093866413064872,True,-0.03500800243995209,0.10709930718970449,ALL
63,Dec 03,Early Accumulation,60,-0.14742101295438984,-0.14631438194165416,0.05997507206126306,-0.2662645260641803,-0.026364237819128042,True,False,-0.09612569579029043,-0.09609016679572148,0.04081638100377925,True,-0.03945394944432369,0.1098028489405699,ALL
64,Dec 04,Early Accumulation,60,-0.15347794791682487,-0.15325592913122357,0.05876457553932126,-0.2707850802098661,-0.03572677805258105,True,False,-0.09980655506777598,-0.10033100689141358,0.03983373023264446,True,-0.05059608509605971,0.11111315260086614,ALL
65,Dec 05,Early Accumulation,60,-0.15400193820562302,-0.15214812564287844,0.05894180536924566,-0.2700317363813698,-0.03426451490438712,True,False,-0.10077512574048807,-0.100258725476112,0.040082649626079374,True,-0.053938275883084766,0.10651570827577407,ALL
66,Dec 06,Early Accumulation,60,-0.16068636139056677,-0.16171167650961318,0.059151523011616004,-0.2800147225328452,-0.043408630486381175,True,False,-0.1058989713154201,-0.1071351145460118,0.040561557883211585,True,-0.05771465113973236,0.1057660462472874,ALL
67,Dec 07,Early Accumulation,60,-0.15397070760948992,-0.1527146508723694,0.057610531625411146,-0.2679357141231917,-0.037493587621547114,True,False,-0.10229459684074517,-0.10217963147569481,0.03995754050010223,True,-0.049702397307485234,0.10435319972587008,ALL
68,Dec 08,Early Accumulation,60,-0.14348581711586939,-0.14141524471687492,0.05743600593061743,-0.2562872565781098,-0.02654323285564006,True,False,-0.09519119459499983,-0.09424044718673856,0.039440040800510945,True,-0.04376205286551312,0.09224039607825395,ALL
69,Dec 09,Early Accumulation,60,-0.14911005498564675,-0.14978177913286575,0.05535146257009507,-0.2604847042730559,-0.039078853992675605,True,False,-0.09845310827265194,-0.09929180349846092,0.037810834115281404,True,-0.053581806243061816,0.09188277735984168,ALL
70,Dec 10,Early Accumulation,60,-0.15072839269114197,-0.15052606805334276,0.056128919266610684,-0.26278390658656414,-0.03826822952012139,True,False,-0.0996413984340877,-0.09993293992741173,0.03827854846405372,True,-0.06036326060715945,0.09435842613304966,ALL
71,Dec 11,Early Accumulation,60,-0.1544097840341741,-0.1526116384467078,0.05746978239606639,-0.2675512032388406,-0.03767207365457502,True,False,-0.10256254991936467,-0.10172881597476464,0.039515085034680625,True,-0.06726355761883306,0.10209690738222416,ALL
72,Dec 12,Early Accumulation,60,-0.1492806883376594,-0.15033870175474895,0.055856102235248825,-0.2620509062252466,-0.0386264972842513,True,False,-0.09969708057131405,-0.10104350340818158,0.03881099576152842,True,-0.06057385689848256,0.10901136956634071,ALL
73,Dec 13,Early Accumulation,60,-0.13650008856734858,-0.1347940337001366,0.0533066444132728,-0.24140732252668218,-0.028180744873591,True,False,-0.09127961896557296,-0.09072643252560354,0.036793721152094054,True,-0.05616688440982735,0.10712395506595009,ALL
74,Dec 14,Early Accumulation,60,-0.1344664011025214,-0.1381625141993997,0.055661807946348146,-0.249486130092096,-0.026838898306703413,True,False,-0.0910413558873792,-0.09382864589613436,0.03897759902105904,True,-0.05815624366676538,0.107949730937715,ALL
75,Dec 15,Early Accumulation,60,-0.14210898948481132,-0.14179774436216602,0.05624890060652544,-0.2542955455752169,-0.029299943149115146,True,False,-0.09661775219700068,-0.09671798602400156,0.039694897016182284,True,-0.06868070996666811,0.11708863310763519,ALL
76,Dec 16,Early Accumulation,60,-0.14690955272564643,-0.14592460230084098,0.05422403248254283,-0.25437266726592667,-0.03747653733575532,True,False,-0.100389043014883,-0.10011182852411661,0.03850069174263607,True,-0.07865388463684052,0.1204322536326956,ALL
77,Dec 17,Early Accumulation,60,-0.14611242353718748,-0.14611628222235432,0.05768174417854173,-0.2614797705794378,-0.030752793865270855,True,False,-0.0992744181584612,-0.09963120867108985,0.040623333909386695,True,-0.08686665496836955,0.11792306791283558,ALL
78,Dec 18,Early Accumulation,60,-0.14870750086064946,-0.14916243329252882,0.05591896787439641,-0.2610003690413216,-0.037324497543736,True,False,-0.10063006663363688,-0.10129855243063839,0.03910183687435264,True,-0.09500943277573617,0.1259770673797046,ALL
79,Dec 19,Early Accumulation,60,-0.17016918105479362,-0.17174858099238072,0.055591017318831676,-0.28293061563004407,-0.060566546354717365,True,False,-0.11450530947411965,-0.11622182180049546,0.03950030376237006,True,-0.11470216714335449,0.14824000928795347,ALL
80,Dec 20,Early Accumulation,60,-0.18442349966128768,-0.18471235774998704,0.05770045680308855,-0.30011327135616417,-0.06931144414380994,True,False,-0.12339113337966562,-0.12383542398524533,0.041157410477590604,True,-0.12862188769836738,0.16389380585387447,ALL
81,Dec 21,Early Accumulation,60,-0.17825495512394993,-0.17784078947906373,0.05673086415502575,-0.2913025177891152,-0.06437906116901224,True,False,-0.11863403186339118,-0.11876952332717386,0.04034050263338693,True,-0.11984984979751814,0.16955372037531624,ALL
82,Dec 22,Early Accumulation,60,-0.16997937561853443,-0.16845874344609404,0.0601994027853121,-0.28885754901671823,-0.048059937875469846,True,False,-0.11312516527163377,-0.11235200510825114,0.042194566465361016,True,-0.11252235651562319,0.17435415473275204,ALL
83,Dec 23,Early Accumulation,60,-0.1720008571315942,-0.1687871321261991,0.058265883952770964,-0.28531890003174104,-0.052255364220657186,True,False,-0.11451304560793811,-0.11300823439332178,0.040924119036347836,True,-0.11264634555659334,0.19034130924394754,ALL
84,Dec 24,Early Accumulation,60,-0.18656664658554628,-0.1870483879730455,0.06140813168353459,-0.30986465134011465,-0.06423212460597631,True,False,-0.12400814840737581,-0.124847426418788,0.0435689253904219,True,-0.12079961925615615,0.2077476175527511,ALL
85,Dec 25,Early Accumulation,60,-0.20095120674234407,-0.20454596774774159,0.06076129480137696,-0.3260685573504955,-0.08302337814498767,True,False,-0.133410391175701,-0.13654123776784538,0.043186133374861255,True,-0.12935504418658045,0.2268393814519736,ALL
86,Dec 26,Early Accumulation,60,-0.21699374942808095,-0.21643392232108186,0.058817481226932436,-0.33406888477494673,-0.09879895986721698,True,False,-0.14418142424956165,-0.144503356487993,0.04233445032675161,True,-0.14442951665039286,0.23794167311962358,ALL
87,Dec 27,Early Accumulation,60,-0.22662513678160243,-0.22682766740796623,0.05729739810954549,-0.3414224636270572,-0.11223287118887525,True,False,-0.15187361562176385,-0.15206340210809535,0.04176477092672847,True,-0.1539762650452695,0.2466951645817284,ALL
88,Dec 28,Early Accumulation,60,-0.24686230001854592,-0.24677342522308737,0.053412535621844795,-0.353598496466777,-0.13994835397939778,True,True,-0.1666192437576097,-0.16710638429886288,0.039608809174955247,True,-0.1706709328624025,0.2666847150765697,ALL
89,Dec 29,Early Accumulation,60,-0.2620218033624899,-0.26517084403257857,0.053625968103210644,-0.3724227802389999,-0.15791890782615728,True,True,-0.17799514538460276,-0.1798421699324046,0.04039299202127114,True,-0.18362982515341533,0.2734620591307377,ALL
90,Dec 30,Early Accumulation,60,-0.27531359390280946,-0.27464441382052357,0.05358706818678262,-0.38181855019408883,-0.16747027744695833,True,True,-0.18766750096735413,-0.18747852598364687,0.040703463594972664,True,-0.1940595625049645,0.2945613981813019,ALL
91,Dec 31,Early Accumulation,60,-0.27659175839617783,-0.2754358562888099,0.051664356416543024,-0.37876456912189593,-0.17210714345572387,True,True,-0.1889948503671848,-0.18860379010990316,0.03894854508557809,True,-0.19817552815312295,0.29930496295628567,ALL
92,Jan 01,Early Accumulation,60,-0.2734188095866252,-0.27353945972908594,0.05194562778552597,-0.3774307153001379,-0.169648204158034,True,True,-0.186836921074134,-0.18640788267043423,0.03865673141599362,True,-0.19889961067368675,0.2904505625003169,ALL
93,Jan 02,Early Accumulation,60,-0.2720160025016743,-0.2701243012424458,0.050791315562116704,-0.3717069323666792,-0.1685416701182124,True,True,-0.18569661381861358,-0.18473516268381543,0.037842446445906876,True,-0.20250973776652162,0.2830227461479185,ALL
94,Jan 03,Early Accumulation,60,-0.27049820508235023,-0.270302709467574,0.04859829996385245,-0.3674993093952789,-0.1731061095398691,True,True,-0.185875759599621,-0.1856616509351036,0.037228102837890416,True,-0.20362970815342005,0.27901441935137544,ALL
95,Jan 04,Early Accumulation,60,-0.27104858795987335,-0.272003004334043,0.04996923611150419,-0.3719414765570514,-0.17206453211103462,True,True,-0.1865093839453164,-0.18774080732086856,0.03763086028767597,True,-0.1976385599606584,0.27552128092119177,ALL
96,Jan 05,Early Accumulation,60,-0.2719864050841051,-0.27336715988358956,0.05096781320620159,-0.37530278629599273,-0.1714315334711864,True,True,-0.18745312033488692,-0.18866901538672068,0.037752271949310114,True,-0.18600610117334251,0.2784985529335804,ALL
97,Jan 06,Early Accumulation,60,-0.27328367681087007,-0.27539995986684146,0.05111649467339455,-0.37763294921363055,-0.17316697052005237,True,True,-0.18926221706641178,-0.19108930144447311,0.038539844639737246,True,-0.1775171604982434,0.28905380652815366,ALL
98,Jan 07,Early Accumulation,60,-0.26739432870311963,-0.26777912143361093,0.0538264754019127,-0.37543207223743635,-0.1601261706297855,True,True,-0.18599453735840277,-0.18660103509717027,0.040220630270583306,True,-0.17343901037120477,0.28709460835408623,ALL
99,Jan 08,Early Accumulation,60,-0.2718871441908904,-0.2731571511105115,0.05235746738244807,-0.3778720858754076,-0.16844221634561535,True,True,-0.19034819268148034,-0.19192000750501848,0.03896578897602252,True,-0.17715517455368096,0.28695801567430623,ALL
100,Jan 09,Early Accumulation,60,-0.27989231415243226,-0.28144697305756394,0.04937669556820996,-0.38020036419398384,-0.18269358192114402,True,True,-0.19639061562673443,-0.19779402502513005,0.03687952619058443,True,-0.1807382661761029,0.29327075301819294,ALL
101,Jan 10,Early Accumulation,60,-0.28301411490258344,-0.28436279577753476,0.048816447839006086,-0.3819956914555469,-0.1867299000995226,True,True,-0.20007672968352294,-0.20165777981308172,0.03768062734505632,True,-0.1781167568137661,0.30111087623033156,ALL
102,Jan 11,Early Accumulation,60,-0.2805796349104141,-0.280868010016723,0.04677069374501319,-0.3744093975067494,-0.18732662252669663,True,True,-0.19700526260872678,-0.19739910666194124,0.035735310348710414,True,-0.1652301156110331,0.2990902771822357,ALL
103,Jan 12,Early Accumulation,60,-0.2776703303673307,-0.27946522969825727,0.047615824693912116,-0.3746968790860815,-0.18423358031043302,True,True,-0.19382422156740345,-0.19471471551433536,0.03613260610417121,True,-0.15240592739533926,0.2986060362446621,ALL
104,Jan 13,Early Accumulation,60,-0.2749547783115784,-0.27474143065560575,0.04629007964888007,-0.3673215899533659,-0.1821612713578456,True,True,-0.19149671639697535,-0.191595317182553,0.03554605149882772,True,-0.14431506851548692,0.29476206646533815,ALL
105,Jan 14,Early Accumulation,60,-0.27334564110806614,-0.2751108096190292,0.047852720126601654,-0.3708162498722325,-0.17940536936582585,True,True,-0.19027479763612223,-0.19189610231885346,0.03609832749828246,True,-0.13595697533970102,0.29235646095940515,ALL
106,Jan 15,Early Accumulation,60,-0.2717900294643701,-0.273267614120623,0.04772757923586591,-0.3687227725923548,-0.1778124556488912,True,True,-0.1883965909977652,-0.18910973752678542,0.03590079295030355,True,-0.13416574530224498,0.29337475439651284,ALL
107,Jan 16,Early Accumulation,60,-0.2717997153131879,-0.2715525685262627,0.04559749948747009,-0.36274756750120285,-0.1803575695513225,True,True,-0.18794543589876225,-0.1878774432867674,0.034636168151880684,True,-0.1319387234454952,0.29930987326340436,ALL
108,Jan 17,Early Accumulation,60,-0.264239445122906,-0.26292639610343205,0.04722851842612672,-0.3573834329556855,-0.16846935925117862,True,True,-0.18228647309964469,-0.1822019526186865,0.03589635019191224,True,-0.12050162299706164,0.3068588231998357,ALL
109,Jan 18,Early Accumulation,60,-0.26615694382161903,-0.26822762475285644,0.045915100496266154,-0.36005782574538875,-0.17639742376032413,True,True,-0.1834197545718749,-0.18549989671293451,0.03471058378217733,True,-0.11983094487793237,0.3150742165573901,ALL
110,Jan 19,Early Accumulation,60,-0.2653571683414376,-0.2651068393074963,0.04542539696739798,-0.35595763324229224,-0.17425604537270034,True,True,-0.1838560598186743,-0.18367856685016987,0.03474051064097515,True,-0.1215005257110188,0.327007276767983,ALL
111,Jan 20,Early Accumulation,60,-0.26232357556115277,-0.2615002910120823,0.04631626321426275,-0.35413281744060776,-0.1688677645835568,True,True,-0.1838487436176585,-0.18346368348948586,0.03619294482668271,True,-0.12382567440776848,0.33060702361021854,ALL
112,Jan 21,Early Accumulation,60,-0.26819811905334573,-0.27007377232081053,0.045647749099546456,-0.3613692705199034,-0.17877827412171762,True,True,-0.1896388476195722,-0.19100193087397896,0.03582919512197128,True,-0.12996940262347526,0.33738837352815765,ALL
113,Jan 22,Early Accumulation,60,-0.2700249921063633,-0.2694643249035905,0.04654756882660621,-0.36255946255680294,-0.1763691872503781,True,True,-0.19131839511911294,-0.19106814797814053,0.03638070257618076,True,-0.14005854528735945,0.3358017509335418,ALL
114,Jan 23,Early Accumulation,60,-0.27089419542621906,-0.26938522029099077,0.044889759758614305,-0.3591647398082194,-0.17960570077376214,True,True,-0.19252892641040006,-0.19140524448178434,0.0359459876787426,True,-0.149965867500356,0.33424100866795237,ALL
115,Jan 24,Early Accumulation,60,-0.27475180347837336,-0.27551817541195267,0.04594685564049716,-0.367411886692947,-0.18362446413095834,True,True,-0.195774380280863,-0.1968505236072852,0.037140311263228004,True,-0.15704225331554172,0.3444540763686763,ALL
116,Jan 25,Early Accumulation,60,-0.27686420337492884,-0.27764689667615516,0.043219971060532526,-0.3640868387972202,-0.19120695455509013,True,True,-0.19809332732049817,-0.1995254320513522,0.0357654746192113,True,-0.16406501271324775,0.34856763069718083,ALL
117,Jan 26,Early Accumulation,60,-0.28068826031038996,-0.28116131610155126,0.0448632981934282,-0.3708879124884077,-0.19143471971469486,True,True,-0.20114447934402532,-0.20242841637149792,0.036146829024117845,True,-0.17080649324099856,0.35009135875098557,ALL
118,Jan 27,Early Accumulation,60,-0.2880006126558881,-0.2882630965444635,0.044167339040254015,-0.37659777462497157,-0.19992841846395548,True,True,-0.20604391842085718,-0.20595224946860466,0.03512800680435884,True,-0.17526891860928068,0.35805212286179355,ALL
119,Jan 28,Core Accumulation,60,-0.29560472950115596,-0.29711237067592433,0.0446344837504222,-0.38638133817676873,-0.20784340317507993,True,True,-0.21100318152844533,-0.2122830240240433,0.0364023226814485,True,-0.18142886706472683,0.3624787232284779,ALL
120,Jan 29,Core Accumulation,60,-0.3013992193075415,-0.30216497052989827,0.04405342053042837,-0.390271811590755,-0.2140581294690415,True,True,-0.21454196713421655,-0.21548249742033515,0.03603536150628507,True,-0.18782183362568608,0.3614011086120534,ALL
121,Jan 30,Core Accumulation,60,-0.29950734554499997,-0.3005520356704646,0.045968718068097505,-0.3924894718066596,-0.2086145995342696,True,True,-0.21257793791761811,-0.2129156965141113,0.03661969856112055,True,-0.18823843091966203,0.35302965881681625,ALL
122,Jan 31,Core Accumulation,60,-0.29531509996833705,-0.2975999848815935,0.04533445539358259,-0.38826889566875866,-0.20693107409442832,True,True,-0.21002417192871178,-0.21179972045644707,0.036320861714108255,True,-0.18692292655626044,0.345540039131285,ALL
123,Feb 01,Core Accumulation,60,-0.3011860614298673,-0.3019090215955879,0.04770043073958945,-0.3973098830747668,-0.20650816011640902,True,True,-0.21362930384456505,-0.21449396236131088,0.03765314405091544,True,-0.1896239596830304,0.3456864246241562,ALL
124,Feb 02,Core Accumulation,60,-0.30140290670284825,-0.3032310159943181,0.04822008087013901,-0.39967117773459615,-0.2067908542540401,True,True,-0.21372264920363995,-0.21551358011211313,0.03804826518031447,True,-0.18452062810924458,0.3452668961953966,ALL
125,Feb 03,Core Accumulation,60,-0.3068902715858202,-0.30745570209827916,0.04778569578363832,-0.4030270936655558,-0.21188431053100254,True,True,-0.2187141850576447,-0.21918997236511312,0.03750546386629285,True,-0.18007958938869453,0.3520971823822046,ALL
126,Feb 04,Core Accumulation,60,-0.30911216388667534,-0.31121373163371835,0.04631811685480162,-0.40384996534332157,-0.21857749792411513,True,True,-0.2207577627741384,-0.2218357930434437,0.03661011607943081,True,-0.17836101482921524,0.35736850294069883,ALL
127,Feb 05,Core Accumulation,60,-0.31081653537700976,-0.31018958683823034,0.04566888513168206,-0.4015273571015945,-0.21885181657486621,True,True,-0.22320349786419658,-0.22297301009623113,0.03685470638292552,True,-0.17579348502087438,0.36306117586698244,ALL
128,Feb 06,Core Accumulation,60,-0.310649785210989,-0.31063266061239037,0.0468308845827356,-0.40429442977786156,-0.21697089144691917,True,True,-0.22307885069990097,-0.22323354530609318,0.03751717090325272,True,-0.1753198795295822,0.36413320903717333,ALL
129,Feb 07,Core Accumulation,60,-0.31368645004997237,-0.31560608722466305,0.045381276265904484,-0.406368639756472,-0.22484353469285406,True,True,-0.22491590139262022,-0.22687287510201873,0.03682120464904528,True,-0.17951393500575757,0.3612183294852478,ALL
130,Feb 08,Core Accumulation,60,-0.3126298590336104,-0.31154875928334286,0.047359323186648115,-0.4062674056566391,-0.2168301129100466,True,True,-0.2239587824502024,-0.2234681984860294,0.03822393453423675,True,-0.18386405317294857,0.35598860831730583,ALL
131,Feb 09,Core Accumulation,60,-0.3142679911833956,-0.315465232333682,0.04699056140845348,-0.40944635515058897,-0.22148410951677505,True,True,-0.22457235004552323,-0.2247101224797932,0.03717872146030046,True,-0.18489630192460393,0.3511000676320777,ALL
132,Feb 10,Core Accumulation,60,-0.3168124720979988,-0.3172812364952116,0.04772459542914841,-0.41273042735350846,-0.22183204563691478,True,True,-0.22608357977405835,-0.22669070956353723,0.03829716207975599,True,-0.18569211871964705,0.3510878122455087,ALL
133,Feb 11,Core Accumulation,60,-0.3186308290206668,-0.3186971094568511,0.046599096925808034,-0.41189530330846713,-0.22549891560523502,True,True,-0.2270555084093324,-0.22687654244193203,0.0368558736252962,True,-0.18452950312304892,0.35127370479045167,ALL
134,Feb 12,Core Accumulation,60,-0.32364826259215823,-0.3212996692369563,0.04594973735051154,-0.4131991439379794,-0.22940019453593322,True,True,-0.23140496288979479,-0.23057017392962076,0.03701221192983581,True,-0.19196834639135188,0.354435854054497,ALL
135,Feb 13,Core Accumulation,60,-0.3226340016550807,-0.3239674252185787,0.044211893049525795,-0.4123912113176303,-0.23554363911952708,True,True,-0.23121448457937308,-0.23241124690183088,0.03660422586125048,True,-0.19122742059711553,0.34781103142418285,ALL
136,Feb 14,Core Accumulation,60,-0.3193179447684832,-0.3201367023669246,0.04566839556589895,-0.41147349349872253,-0.2287999112351267,True,True,-0.2297008201113853,-0.22987647498663744,0.03771358603326787,True,-0.18843214991341814,0.34122855484768333,ALL
137,Feb 15,Core Accumulation,60,-0.31617223906574726,-0.31552219322673003,0.04457294810736148,-0.404668089441453,-0.22637629701200707,True,True,-0.22848268547454798,-0.22885573309224505,0.036708031752890564,True,-0.18796568088738208,0.3379380120168875,ALL
138,Feb 16,Core Accumulation,60,-0.31770525314109327,-0.31827676368071356,0.043962838467375115,-0.4062024406154638,-0.23035108674596333,True,True,-0.22859004949198297,-0.22813673309913315,0.036461189375361226,True,-0.19180725676391464,0.3303261722240174,ALL
139,Feb 17,Core Accumulation,60,-0.32642540794018543,-0.32443008443122967,0.04408033566163142,-0.4125907557544925,-0.23626941310796684,True,True,-0.23387475668227276,-0.2327278127219386,0.0364106932358306,True,-0.20393144522859882,0.3287398152745604,ALL
140,Feb 18,Core Accumulation,60,-0.3275144062014214,-0.3280341991101774,0.04264487517196115,-0.41332394945409967,-0.2427444487662551,True,True,-0.23382255274547648,-0.23326909196305803,0.035523579503687674,True,-0.2093361139541209,0.32488290520022983,ALL
141,Feb 19,Core Accumulation,60,-0.3327649733842641,-0.3342525983684153,0.043812906048942404,-0.42187841046630015,-0.2466267862705305,True,True,-0.23717323976303623,-0.23844711662344198,0.036417723507697196,True,-0.21934515949989594,0.32595984316410836,ALL
142,Feb 20,Core Accumulation,60,-0.3361450820989508,-0.3354826567543081,0.042195659581861736,-0.41987397591803155,-0.25109133759058466,True,True,-0.23943797686252488,-0.2394288816733947,0.03519961413512856,True,-0.222976546643099,0.32755563431613005,ALL
143,Feb 21,Core Accumulation,60,-0.33967283237320883,-0.34028765038901865,0.042667191244373036,-0.42562203287776473,-0.25495326790027256,True,True,-0.24131112706760943,-0.24231524696012446,0.035186346629013654,True,-0.22626614599321745,0.33276882391470514,ALL
144,Feb 22,Core Accumulation,60,-0.3433996426497468,-0.34360205219355816,0.04263431098047251,-0.4288706741545032,-0.2583334302326131,True,True,-0.2439342798813191,-0.2445791910051278,0.0357960888947559,True,-0.23026551706838827,0.3384181144965527,ALL
145,Feb 23,Core Accumulation,60,-0.3489957331917058,-0.3488646443378679,0.04040940881779527,-0.4296834619734584,-0.2680458267022774,True,True,-0.2473604289654763,-0.24801898471785347,0.0340987589839062,True,-0.2366535412925121,0.3411968530065811,ALL
146,Feb 24,Core Accumulation,60,-0.35372470224826774,-0.3518493404823298,0.042001006857940226,-0.43585135419821025,-0.26784732676644935,True,True,-0.2506651041578832,-0.2499686436138742,0.0358715599992457,True,-0.23782784360139556,0.3460731907657466,ALL
147,Feb 25,Core Accumulation,60,-0.3574801379487681,-0.35898251379993495,0.041192194242803244,-0.44136690228554143,-0.2765981253143285,True,True,-0.2532642990062024,-0.2549105386065879,0.03513971467089835,True,-0.23525928504896193,0.35279626230929156,ALL
148,Feb 26,Core Accumulation,60,-0.3582293750145083,-0.3588480598220107,0.043004069744981006,-0.4448561993119727,-0.2728399203320487,True,True,-0.2544417385372165,-0.255964943020613,0.03575496773101276,True,-0.2345828315394302,0.3592602718790723,ALL
149,Feb 27,Core Accumulation,60,-0.35743251275197524,-0.3587554440174835,0.043323896005120155,-0.4454032360277238,-0.2721076520072432,True,True,-0.2545132988252915,-0.2562291698493412,0.035431543419899125,True,-0.23705012967446176,0.35877693244160347,ALL
150,Feb 28,Core Accumulation,60,-0.3573877493753101,-0.35701087251922936,0.04299896282351392,-0.4430087981662572,-0.2710129468722015,True,True,-0.25318187303146555,-0.2535330046272802,0.03534268312490105,True,-0.237659662430277,0.3603226418073437,ALL
151,Mar 01,Core Accumulation,60,-0.36216638860499123,-0.36122281874927487,0.04409356747506203,-0.44940995369939896,-0.2730356837991508,True,True,-0.2582993042602601,-0.2579383056785807,0.035982428334843594,True,-0.24541532578501038,0.36509922541562784,ALL
152,Mar 02,Core Accumulation,60,-0.3654385713180821,-0.36712667769985013,0.042480536874263834,-0.4520877514483778,-0.28216560395132245,True,True,-0.26113732789050886,-0.2632829719326011,0.03582341679024911,True,-0.24476617112486093,0.36907347615649866,ALL
153,Mar 03,Core Accumulation,60,-0.36122720166747113,-0.3608026427243866,0.04432976426408406,-0.4494621712525547,-0.2721431141962185,True,True,-0.2582588459884838,-0.2582230231744256,0.036452098307768833,True,-0.24173521588600932,0.3643586806565294,ALL
154,Mar 04,Core Accumulation,60,-0.3598371491464786,-0.3606298621017343,0.0455110671955828,-0.4516519964928999,-0.26960772771056873,True,True,-0.2570688111539583,-0.2588463934662689,0.03756809013625537,True,-0.2401601699202883,0.3629215615033482,ALL
155,Mar 05,Core Accumulation,60,-0.3559904665266073,-0.3558991427820176,0.04501052816941022,-0.4459201991208381,-0.26587808644319716,True,True,-0.25463739962837845,-0.2555038355980917,0.03737800498891942,True,-0.23768426279224425,0.3578466758523891,ALL
156,Mar 06,Core Accumulation,60,-0.3533166211522419,-0.3529588050974388,0.04589221668666152,-0.44474323847076186,-0.2611743717241158,True,True,-0.2527220021675639,-0.252889453800616,0.03715010108083297,True,-0.23610763567302961,0.35254377526930825,ALL
157,Mar 07,Core Accumulation,60,-0.35287210151469206,-0.3528031083593927,0.04626918563027338,-0.4453414796199395,-0.26026473709884596,True,True,-0.25157298935097067,-0.2518658289438452,0.038308540111078426,True,-0.2346703851703238,0.3485494506953258,ALL
158,Mar 08,Core Accumulation,60,-0.35166384835724257,-0.35235898504372226,0.04560202475736425,-0.44356303455845075,-0.26115493552899377,True,True,-0.24976523420361443,-0.2509470476265039,0.03792270388550396,True,-0.230853788563204,0.34597234969096663,ALL
159,Mar 09,Late Accumulation,60,-0.3525016576418709,-0.35137519837573383,0.045351317471176295,-0.4420778333180864,-0.26067256343338124,True,True,-0.24930449719338146,-0.24892091975942213,0.03638033863479981,True,-0.2299072323780152,0.34724660129431145,ALL
160,Mar 10,Late Accumulation,60,-0.3544320174433955,-0.35575354584348906,0.044690574766196735,-0.4451346953758825,-0.2663723963110956,True,True,-0.24945071511958677,-0.251410492327987,0.035958057111991557,True,-0.23162803257674264,0.3485331992625454,ALL
161,Mar 11,Late Accumulation,60,-0.35383289862791406,-0.3534526138730662,0.045477435696574746,-0.4444074852662157,-0.2624977424799167,True,True,-0.24963947556916713,-0.24984868577315722,0.037063081794674074,True,-0.23283489148471723,0.3458266770683172,ALL
162,Mar 12,Late Accumulation,60,-0.3554370153650731,-0.35560732929480404,0.04502047073202348,-0.445648270758851,-0.2655663878307571,True,True,-0.25135272169135014,-0.2522986828124318,0.03673291451628837,True,-0.23058068358135522,0.34699388787384783,ALL
163,Mar 13,Late Accumulation,60,-0.3559297273515944,-0.35590988426804326,0.04571568806721592,-0.4473412604024751,-0.2644785081336114,True,True,-0.251521761694368,-0.2528171848227007,0.03658409694212733,True,-0.22962904538999407,0.3485933717093422,ALL
164,Mar 14,Late Accumulation,60,-0.3588079412763671,-0.3612197395134866,0.04540566598024204,-0.4520310714739707,-0.27040840755300255,True,True,-0.25319586997757215,-0.25531939891956396,0.03722580736257317,True,-0.23295281336900495,0.35452797766875493,ALL
165,Mar 15,Late Accumulation,60,-0.3574483933473293,-0.3573025352243022,0.04705304025565228,-0.45140861573560676,-0.2631964547129977,True,True,-0.25166469187868273,-0.25228078813669147,0.03799406635368548,True,-0.23502816373296023,0.356668837055444,ALL
166,Mar 16,Late Accumulation,60,-0.3598623025553099,-0.35990606467528663,0.04664876972855936,-0.45320360413240535,-0.2666085252181679,True,True,-0.25159535829109125,-0.25169271419632483,0.03795318505912181,True,-0.23681984305647288,0.35734634242120067,ALL
167,Mar 17,Late Accumulation,60,-0.3595699406320876,-0.3575694912688574,0.04675936434152303,-0.45108821995190346,-0.26405076258581134,True,True,-0.2495635758795495,-0.24847695538012995,0.037639816127836144,True,-0.23823837449590965,0.3554295141826673,ALL
168,Mar 18,Late Accumulation,60,-0.35887949461338786,-0.3566529397068044,0.04655479716907487,-0.44976253404495414,-0.26354334536865465,True,True,-0.24796425625877996,-0.24641247899034477,0.037115696416576444,True,-0.23588500108253424,0.3590629525615983,ALL
169,Mar 19,Late Accumulation,60,-0.3626821428120571,-0.3651219344395507,0.04645088233713723,-0.4580236991138252,-0.27222016976527624,True,True,-0.24972570071984207,-0.25249548708313196,0.037722724945462104,True,-0.23727935277819348,0.3650973402919911,ALL
170,Mar 20,Late Accumulation,60,-0.36920723287728324,-0.3679361866291222,0.047251668710181355,-0.4624395240494849,-0.2734328492087595,True,True,-0.2528848844133314,-0.25197482532697135,0.03709361145912026,True,-0.2370797746087761,0.37225614538340646,ALL
171,Mar 21,Late Accumulation,60,-0.373385854783324,-0.373811043823158,0.04706279495641001,-0.46793663373597805,-0.27968545391033794,True,True,-0.25394054807137134,-0.2548018705777341,0.03624595125739829,True,-0.2333541787451741,0.37867490337248083,ALL
172,Mar 22,Late Accumulation,60,-0.37500105680859747,-0.3758710582093306,0.04593842341415404,-0.4677479050376387,-0.2839942113810225,True,True,-0.2545907373814022,-0.25565902364430576,0.036123181874825494,True,-0.23184012413146532,0.3832265958158962,ALL
173,Mar 23,Late Accumulation,60,-0.37032402968042144,-0.3698464166790338,0.04780380567166949,-0.4654540280223728,-0.2742388053356948,True,True,-0.25101546087163396,-0.25118267491765,0.03754457866745286,True,-0.2269894729594759,0.38337744120178563,ALL
174,Mar 24,Late Accumulation,60,-0.36354239848475567,-0.36496832413452024,0.04763554951863623,-0.46023942317179267,-0.2696972250972478,True,True,-0.24650337579943357,-0.24817223069207414,0.03632012329716397,True,-0.2167631353295493,0.3840042252483563,ALL
175,Mar 25,Late Accumulation,60,-0.35740850763040943,-0.3594607424768797,0.04890772385515292,-0.45727619018718557,-0.26164529476657383,True,True,-0.24359815048928554,-0.24570537041135912,0.03838712609669728,True,-0.21181497177697337,0.3901458302679232,ALL
176,Mar 26,Late Accumulation,60,-0.3545069210792207,-0.35392045842437736,0.0496343412028882,-0.45318914083015377,-0.25465177601860095,True,True,-0.24087785545915985,-0.24092684835498793,0.037941211904578366,True,-0.20702452228181212,0.39231194837232003,ALL
177,Mar 27,Late Accumulation,60,-0.35144323630239566,-0.3490860705824484,0.049697806472552515,-0.4484816835275534,-0.24969045763734338,True,True,-0.2381334503403695,-0.23735988122712848,0.03883527008979779,True,-0.20740496341320677,0.39040776680807227,ALL
178,Mar 28,Late Accumulation,60,-0.3459207540873098,-0.3459476928706216,0.04978516096095201,-0.4455180147925256,-0.2463773709487176,True,True,-0.23376907021426957,-0.23445636149202834,0.03831151126837683,True,-0.205144869354487,0.3882346770808573,ALL
179,Mar 29,Late Accumulation,60,-0.34400998197247956,-0.3450857359079837,0.04976822366962126,-0.44462218324722624,-0.24554928856874117,True,True,-0.2327482560874148,-0.23423059301889024,0.038623910710835534,True,-0.20484541481762183,0.3908170458627135,ALL
180,Mar 30,Late Accumulation,60,-0.3389484253237458,-0.3401158217489782,0.049565837390454164,-0.43924749652988654,-0.24098414696806986,True,True,-0.22966970051213736,-0.23155795096694967,0.039546355958159425,True,-0.204428747249893,0.3892002145333144,ALL
181,Mar 31,Late Accumulation,60,-0.3364117354270774,-0.3374817255605408,0.05170865897522785,-0.4408990435109965,-0.2340644076100851,True,True,-0.22707947563458902,-0.2291267373318386,0.040313570402508145,True,-0.20052693041029204,0.38852827875071333,ALL
182,Apr 01,Late Accumulation,60,-0.3369733897208713,-0.3378454820134341,0.05163710867564569,-0.4411196993647255,-0.23457126466214273,True,True,-0.22866467064057291,-0.22976323699910797,0.04055815419630621,True,-0.19893026460957905,0.38847282902516883,ALL
183,Apr 02,Late Accumulation,60,-0.33855979917007534,-0.33940446681380565,0.05131116783804809,-0.44202680248990184,-0.23678213113770946,True,True,-0.22960556686957365,-0.23158409927015522,0.040591723859877527,True,-0.1995750087606435,0.3892489530080104,ALL
184,Apr 03,Late Accumulation,60,-0.3433139856127664,-0.34393467756588897,0.04904821018507943,-0.44203109793604783,-0.2458382571957301,True,True,-0.23329126935484754,-0.23450931393474447,0.03894562279676066,True,-0.20587229498466972,0.3911616580334749,ALL
185,Apr 04,Late Accumulation,60,-0.3462185838256941,-0.34700316058670894,0.05073741626476994,-0.4484779931162488,-0.24552832805716907,True,True,-0.23621052037786253,-0.23830593134162847,0.04055064485472625,True,-0.21242040742902732,0.3912039872660033,ALL
186,Apr 05,Late Accumulation,60,-0.34555406489076135,-0.3464520130514609,0.05017230105485107,-0.44679661516116304,-0.24610741094175875,True,True,-0.23607965978252388,-0.2380879671613756,0.0404519760847256,True,-0.21226545858030277,0.39347086750127996,ALL
187,Apr 06,Late Accumulation,60,-0.340049006203388,-0.34109209069441354,0.050187546699540266,-0.44146718409349406,-0.24071699729533302,True,True,-0.2324837148658146,-0.23412063514713571,0.04049102533256136,True,-0.2098784174904104,0.3950127331285737,ALL
188,Apr 07,Late Accumulation,60,-0.33683948080911014,-0.336795125324619,0.04990142390511557,-0.43659797313485016,-0.2369922775143879,True,True,-0.23068604826732755,-0.23119555682549117,0.040008576398090606,True,-0.21169210391133447,0.3975388855881144,ALL
189,Apr 08,Late Accumulation,60,-0.3349119480372802,-0.3350902964915735,0.04916313472416279,-0.4334165659398991,-0.23676402704324795,True,True,-0.2293632026602509,-0.23098584587653337,0.039368831285190684,True,-0.213954342786151,0.3938375725618911,ALL
190,Apr 09,Late Accumulation,60,-0.33540515201782345,-0.3361807911611787,0.05044011853750608,-0.43706102823619086,-0.23530055408616657,True,True,-0.23031765676675742,-0.23168159511031552,0.040064177201937064,True,-0.22010026664165294,0.38869012199191655,ALL
191,Apr 10,Late Accumulation,60,-0.3327939528144668,-0.33154861020649584,0.05341649485888937,-0.4383815999242746,-0.2247156204887171,True,True,-0.2293497696984861,-0.22942667165679662,0.0428234181680133,True,-0.22392683276101216,0.3796326348492899,ALL
192,Apr 11,Late Accumulation,60,-0.3327019973823035,-0.33273599994623315,0.051682893580705117,-0.43610178710764336,-0.22937021278482292,True,True,-0.2302642002434979,-0.2313157645392253,0.04179873819923517,True,-0.23087277345029392,0.3774624399648395,ALL
193,Apr 12,Late Accumulation,60,-0.3287782416796089,-0.32892783957167226,0.05151508806946289,-0.43195801571059805,-0.22589766343274648,True,True,-0.22810572463845175,-0.2292170840364683,0.04139105090834065,True,-0.2347308327915832,0.37435559021249154,ALL
194,Apr 13,Late Accumulation,60,-0.32805229623055854,-0.32780652471941385,0.05336169724800125,-0.43452991921541634,-0.22108313022341136,True,True,-0.22823087954468033,-0.2292790792332277,0.042384409352139385,True,-0.2397157390858673,0.3742559436467873,ALL
195,Apr 14,Late Accumulation,60,-0.3270056451890728,-0.328622689532395,0.053150202903066955,-0.4349230953385289,-0.22232228372626106,True,True,-0.22916283299284076,-0.23132276247131725,0.043064534916514643,True,-0.2441316800767392,0.3798246170354737,ALL
196,Apr 15,Late Accumulation,60,-0.32364887519821195,-0.3228041309191793,0.05379099757312025,-0.4303861260654198,-0.2152221357729388,True,True,-0.22770494008230974,-0.22825965213544602,0.04336953143416017,True,-0.2427991951211237,0.3839597833691887,ALL
197,Apr 16,Late Accumulation,60,-0.3152630964463054,-0.3161324750178247,0.05337662606345301,-0.4228857271447307,-0.2093792228909187,True,True,-0.22168950884327152,-0.2231112837817752,0.04296674419840843,True,-0.2329479974770333,0.38559271435725717,ALL
198,Apr 17,Late Accumulation,60,-0.3069280914264967,-0.3066276220452081,0.056077863563730096,-0.4187833491726683,-0.1944718949177479,True,True,-0.21551260096712185,-0.21636830001943816,0.044616881003732865,True,-0.22476302320100872,0.38265796912818717,ALL
199,Apr 18,Melt Onset,60,-0.297275743555986,-0.29733525116389703,0.05646910086883468,-0.41027345290156636,-0.18439704942622767,True,True,-0.20880245517032608,-0.20959742256449593,0.044819868946430134,True,-0.2176418273316824,0.3784030449154567,ALL
200,Apr 19,Melt Onset,60,-0.2908984379790051,-0.29122246501664756,0.0541317285885355,-0.3994859221937186,-0.18295900783957655,True,True,-0.20353088401371758,-0.2051085823770898,0.04368519981999491,True,-0.2114088670561311,0.3795677620294113,ALL
201,Apr 20,Melt Onset,60,-0.2915329489875948,-0.2923407839387555,0.053846945569605016,-0.40003467507796553,-0.1846468927995455,True,True,-0.20383608497547875,-0.20565967005420055,0.04334209433527602,True,-0.2112312656116225,0.3882560871205097,ALL
202,Apr 21,Melt Onset,60,-0.2929420004659376,-0.2927109709117776,0.055342957531149664,-0.40339688597407697,-0.18202505584947828,True,True,-0.20564267180174794,-0.20688505958788092,0.04385409379870594,True,-0.21229561193352658,0.39529351088458226,ALL
203,Apr 22,Melt Onset,60,-0.29888735543044403,-0.29887641556134786,0.053262701472743264,-0.4054018185068344,-0.19235101261586135,True,True,-0.21038044435757164,-0.21171690938116353,0.04270009937743075,True,-0.21691741416100263,0.4019222986107467,ALL
204,Apr 23,Melt Onset,60,-0.30486922127661026,-0.3049796394344735,0.05440515632955939,-0.41378995209359226,-0.1961693267753547,True,True,-0.21539544419253018,-0.21639576985188191,0.04299467194855096,True,-0.22523396469874898,0.404845045002965,ALL
205,Apr 24,Melt Onset,60,-0.3046727592055686,-0.3047322540711934,0.053227038239121095,-0.4111863305494356,-0.19827817759295124,True,True,-0.21645063751343696,-0.217138575867299,0.043406394785059935,True,-0.2321057024227692,0.40438049974177753,ALL
206,Apr 25,Melt Onset,60,-0.3099673339637329,-0.30909410288295736,0.05473593273605806,-0.4185659683550735,-0.19962223741084123,True,True,-0.22197783087186906,-0.2222356374200721,0.044917301893504805,True,-0.24689116846362502,0.40863312633375964,ALL
207,Apr 26,Melt Onset,60,-0.3142192075564042,-0.3144709703878582,0.05253893991031816,-0.41954885020849453,-0.20939309056722188,True,True,-0.22721520346700277,-0.2285424362194941,0.044009677723225324,True,-0.26049134861390455,0.4126723411269344,ALL
208,Apr 27,Melt Onset,60,-0.31469984621389024,-0.3128869436630098,0.05157893753049689,-0.41604481872400356,-0.209729068602016,True,True,-0.22911626708143826,-0.22875676557604457,0.043046063627405345,True,-0.2711062353905684,0.41001102668877326,ALL
209,Apr 28,Melt Onset,60,-0.30829193224870766,-0.30796155664141783,0.05287906365725959,-0.413719683955937,-0.20220342932689866,True,True,-0.22645380882539715,-0.22713983590090767,0.044827989149910305,True,-0.27457345801294386,0.40334337015310845,ALL
210,Apr 29,Melt Onset,60,-0.29672297813070064,-0.29928180436385954,0.052984642186018276,-0.4052510887358961,-0.19331251999182297,True,True,-0.21944444508606978,-0.22255933354248095,0.04506261478210087,True,-0.2761325194764038,0.3883606835435147,ALL
211,Apr 30,Melt Onset,60,-0.28069779672226736,-0.2785486068622995,0.05410467172094949,-0.38675795030419846,-0.1703392634204005,True,True,-0.20793020503048196,-0.2076459789560979,0.04653204485024241,True,-0.269382816986037,0.37136800380040086,ALL
212,May 01,Melt Onset,60,-0.2743900395483344,-0.27460532242340596,0.05635726041912695,-0.38731984326165986,-0.16189080158515207,True,True,-0.20354273976161646,-0.20486420871188876,0.04755021080915043,True,-0.26675294195598476,0.3577400579649019,ALL
213,May 02,Melt Onset,60,-0.2697060890595783,-0.2694379090881214,0.05419696114028749,-0.37783183136869636,-0.1610439868075464,True,True,-0.2007864790540527,-0.2011018254987708,0.04532604289077745,True,-0.26073018584131213,0.3581350142311195,ALL
214,May 03,Melt Onset,60,-0.27004804335193466,-0.2719422195258662,0.0572617426528095,-0.38646570483148524,-0.15741873422024721,True,True,-0.20016665298563077,-0.202799829550734,0.04760267639315479,True,-0.2546083067968346,0.35998866457698087,ALL
215,May 04,Melt Onset,60,-0.2685014191469707,-0.26715730092702644,0.055535686088327,-0.37822867310368047,-0.15608592875037244,True,True,-0.19818448281561288,-0.19825486672314196,0.04651996135811056,True,-0.24922271679466118,0.3549600059168513,ALL
216,May 05,Melt Onset,60,-0.26549970937959083,-0.26464365677792334,0.05659807448758335,-0.37783980575309006,-0.15144750780275665,True,True,-0.19550009478861075,-0.19553746470969466,0.04631680537952303,True,-0.24302092609336637,0.35175144089628013,ALL
217,May 06,Melt Onset,60,-0.25332177489162505,-0.2551568272800613,0.057497318989818004,-0.3701514652596973,-0.1401621893004253,True,True,-0.18610627925963397,-0.1888121584750781,0.0467565625438819,True,-0.23419199481222225,0.34064604308520724,ALL
218,May 07,Melt Onset,60,-0.23411683829864108,-0.23242063261966095,0.059423098298884765,-0.35126682921743047,-0.11357443602189142,True,False,-0.17097989901319402,-0.1705906302509098,0.04766110633613192,True,-0.21978476893018187,0.32115479256355267,ALL
219,May 08,Melt Onset,60,-0.21467908481080558,-0.2158986807528813,0.05947035566245154,-0.33483939207778435,-0.09695796942797821,True,False,-0.1557311587960874,-0.15745312690492713,0.04670666240951391,True,-0.20544763049813528,0.30132595505822724,ALL
220,May 09,Melt Onset,60,-0.20000573863600557,-0.19953949030593185,0.06015600028191497,-0.3198514908697618,-0.0792274897421019,True,False,-0.14480391659612,-0.14548436362094774,0.04692358470416622,True,-0.1949570724179202,0.28458463170474096,ALL
221,May 10,Melt Onset,60,-0.18681220100950638,-0.18766552788435595,0.060546845921756604,-0.3087592197278691,-0.06657183604084274,True,False,-0.13484592978342963,-0.1364781284381762,0.04688130494826698,True,-0.1855622450670475,0.269479598684535,ALL
222,May 11,Melt Onset,60,-0.17878600017932247,-0.1767557054858024,0.06276200570806857,-0.30227971690193955,-0.05123169406966527,True,False,-0.12977367813171198,-0.12925972195031948,0.04850531929072532,True,-0.1801326435114527,0.2621641308537608,ALL
223,May 12,Melt Onset,60,-0.17278657156645275,-0.1737319322740685,0.06387377532968933,-0.3014794829334472,-0.045984381614689845,True,False,-0.12535400607207414,-0.1273347339730532,0.049305397155076765,True,-0.17342902524673012,0.2554746336317433,ALL
224,May 13,Melt Onset,60,-0.17028046011724285,-0.17017383951842066,0.0651202332903168,-0.3004143060990543,-0.039933372937787065,True,False,-0.12290023913107954,-0.12342597639989344,0.04910645945730134,True,-0.1667749149081974,0.2501233046226029,ALL
225,May 14,Melt Onset,60,-0.17370487032966908,-0.1740377510284257,0.06788990513056496,-0.3098175612895556,-0.03825794076729577,True,False,-0.12413800002314493,-0.1250193815348123,0.050577073562550805,True,-0.16551692603467094,0.24292853188386887,ALL
226,May 15,Melt Onset,60,-0.17281611215618423,-0.17318252172060636,0.07005054059928811,-0.31328360291918256,-0.03308144052203013,True,False,-0.12183497406409548,-0.12285596744306292,0.05106621928122267,True,-0.15754356896255678,0.23379864603981557,ALL
227,May 16,Melt Onset,60,-0.17092668047785906,-0.17206780919533005,0.07432177588379446,-0.32071136096291897,-0.023424257427741124,True,False,-0.11947461863120849,-0.1207193844508456,0.05310223727217495,True,-0.14694184189829002,0.22979542476372472,ALL
228,May 17,Melt Onset,60,-0.16545248345192307,-0.166168191792248,0.07858798769091395,-0.3233441671740759,-0.008992216410420112,True,False,-0.11494041770980841,-0.1159526414442743,0.05540595572539204,True,-0.1372375398525797,0.22201537199876825,ALL
229,May 18,Melt Onset,60,-0.16612606095923546,-0.16494626990614306,0.07834824329971272,-0.3216427565055685,-0.008249783306717606,True,False,-0.11570726975856141,-0.11508874301098217,0.055263368505562016,True,-0.1319049552779338,0.2230152348331546,ALL
230,May 19,Melt Onset,60,-0.1695279906344839,-0.17097645633961014,0.08280693674099815,-0.3365903298216064,-0.005362582857613846,True,False,-0.11946062569731652,-0.1203862181514308,0.05826887089940852,True,-0.12372035881280449,0.24010846398670663,ALL
231,May 20,Melt Onset,60,-0.1714649797965329,-0.17474122660153074,0.08356303557198977,-0.3418672977455103,-0.007615155457551204,True,False,-0.1201040728839732,-0.1226241406712701,0.05811544906272826,True,-0.11308576148037783,0.25710315335358364,ALL
232,May 21,Melt Onset,60,-0.16587800751995163,-0.16814562890380796,0.08565640771228236,-0.3394584443283727,0.0031671865207567595,False,False,-0.11607253635320228,-0.11801182259595694,0.05983134767084097,False,-0.10212859408418126,0.2599660444880478,ALL
233,May 22,Melt Onset,60,-0.15906896798169798,-0.16327895307982385,0.0852142078991787,-0.33370736887818125,0.007149462718533561,False,False,-0.11103974086680948,-0.11408546593349334,0.059117226928543605,False,-0.08996220164450029,0.2572224882712678,ALL
234,May 23,Melt Onset,60,-0.1598441246909871,-0.1617035996486337,0.08507011591179882,-0.33184383147223134,0.008436632174963932,False,False,-0.11238079926063571,-0.11398537200620923,0.0596185775237583,False,-0.08225690691775409,0.2665242793708317,ALL
235,May 24,Melt Onset,60,-0.1555122792098192,-0.15777012090175813,0.08101979271936713,-0.3198097063404924,0.004269464536976131,False,False,-0.11102709750641897,-0.11294311225355382,0.05828521875117264,False,-0.07178760204177614,0.27370020753491703,ALL
236,May 25,Melt Onset,60,-0.15991258526405944,-0.16169517905293074,0.08005170883578286,-0.32179859672449646,-0.00159176138136502,True,False,-0.11376665169570746,-0.1156234436060137,0.0574016526069237,True,-0.06806245221146495,0.2761504034618213,ALL
237,May 26,Melt Onset,60,-0.157425168694346,-0.1611379726693794,0.07907904062135038,-0.31929605391208016,-0.002979891426678649,True,False,-0.10930695069316511,-0.11249378893686876,0.055732139569590576,True,-0.060793863155385965,0.2691195472817434,ALL
238,May 27,Melt Onset,60,-0.1591607042321623,-0.15935029403981496,0.07801811952685578,-0.3153865330935265,-0.003314054986103404,True,False,-0.10900293271935617,-0.11033878897832516,0.05491019968557734,True,-0.06942558910132893,0.26405844978791326,ALL
239,May 28,Melt Onset,60,-0.1603633192608775,-0.160574840323248,0.07666293688259672,-0.31390071408844145,-0.00724896655805457,True,False,-0.10592705339915262,-0.10678578266658356,0.051727291797611666,True,-0.07254134083187852,0.24854375111925908,ALL
240,May 29,Melt Onset,60,-0.17376059395089508,-0.17368148880786838,0.07344144779845521,-0.3205643844047788,-0.026798593210957955,True,False,-0.11722461296557107,-0.11787558052323309,0.05158189643989016,True,-0.08124319342079712,0.26308528712004375,ALL
241,May 30,Melt Onset,60,-0.1725395202244592,-0.17320532741306618,0.0747448684333772,-0.3226950642798206,-0.023715590546311782,True,False,-0.1139856294003169,-0.1151774860312336,0.051365516179796566,True,-0.0731484784782521,0.2528214619703185,ALL
242,May 31,Melt Onset,60,-0.17024607963999208,-0.17093565521331788,0.07520612837356509,-0.3213479119604481,-0.020523398466187698,True,False,-0.11105433600099791,-0.11259889118426063,0.05094368520777557,True,-0.06946745722410275,0.24462720007537364,ALL
243,Jun 01,Melt Onset,60,-0.1644183742239766,-0.16379072214489715,0.07510304623596792,-0.313996814616833,-0.013584629672961313,True,False,-0.10678134308693021,-0.10768842294607135,0.0513596669065322,True,-0.06394255202799207,0.23866846009232434,ALL
244,Jun 02,Melt Onset,60,-0.17059622765070856,-0.1727430974073638,0.07159709029151724,-0.3159372779903983,-0.029548916824329308,True,False,-0.11296383323822606,-0.11557710844258708,0.04982188763921614,True,-0.062457507674111346,0.2544254152827106,ALL
245,Jun 03,Melt Onset,60,-0.1696082400111887,-0.17127935731824673,0.07564697027301594,-0.3225732978642786,-0.019985416772214853,True,False,-0.10891473341683126,-0.11096721760004215,0.05077167181183532,True,-0.06733103365080916,0.24222150285927702,ALL
246,Jun 04,Melt Onset,60,-0.17063174722711114,-0.16901379748722364,0.07673317580409977,-0.3224801490954232,-0.015547445879024097,True,False,-0.10884888253550593,-0.10898808774952048,0.050986923046846995,True,-0.06697628672975688,0.243734548845001,ALL
247,Jun 05,Melt Onset,60,-0.1720535652577546,-0.17236314556753105,0.07816950553323562,-0.32870215663400226,-0.0160241345010598,True,False,-0.10732957465052788,-0.10844245365142667,0.05011940026595542,True,-0.06660838386457738,0.22941221770004852,ALL
248,Jun 06,Melt Onset,60,-0.16520733577635896,-0.16406147513371774,0.07526101603364706,-0.31458350720101186,-0.013539443066423629,True,False,-0.10310609337060965,-0.10240292572493181,0.047116696243392646,True,-0.055318847041990485,0.2201598710844409,ALL
249,Jun 07,Melt Onset,60,-0.16880569701189796,-0.16794220356966977,0.07838538407222582,-0.3247129717141214,-0.011171435425218118,True,False,-0.10258822611637025,-0.10181754277975598,0.047495682898006354,True,-0.05390757532281811,0.20872677211378035,ALL
250,Jun 08,,60,-0.17200091644046922,-0.17500007239094362,0.07559676772989733,-0.32619360785073825,-0.023806536931148953,True,False,-0.1070733502807306,-0.10866283857758108,0.045624804599849626,True,-0.0562184052796766,0.21323275618681248,ALL
251,Jun 09,,60,-0.16858844878380688,-0.1699349611203367,0.0770317173706324,-0.3239983958616015,-0.01587152637907191,True,False,-0.10116207250582121,-0.10181030902830036,0.04501154972208342,True,-0.05351577166967307,0.195039952952862,ALL
252,Jun 10,,60,-0.18635668148316042,-0.18856640785594656,0.07643830402272192,-0.34144301590139037,-0.035689799810502715,True,False,-0.11299447874815466,-0.11411358491229744,0.04547744674049837,True,-0.06910469493176585,0.20270886193615836,ALL
253,Jun 11,,60,-0.19426154383683109,-0.1969976755950199,0.07748707596006824,-0.3519718275151564,-0.042023523674883434,True,False,-0.11427488261329638,-0.11511782483010032,0.044629430374103246,True,-0.07197489713182474,0.20349604818503417,ALL
254,Jun 12,,60,-0.2082204018646064,-0.20736061373763975,0.07787503889977103,-0.3631106915371818,-0.051610535938097696,True,False,-0.11482160279022197,-0.1143839464830919,0.043142552851919765,True,-0.0708821208488721,0.20298204706113918,ALL
255,Jun 13,,60,-0.21780219410238422,-0.21825579181867902,0.07639031768476086,-0.37103642718820073,-0.0654751564491573,True,False,-0.12007803863525193,-0.1203298741018183,0.0434661042374283,True,-0.07748925727174723,0.21811978013962666,ALL
256,Jun 14,,60,-0.21814608244606323,-0.21905495781121032,0.07547750534137895,-0.3700099684939682,-0.06809994712845241,True,False,-0.12534686787697644,-0.12612028127865432,0.04409904846886401,True,-0.08748916806523685,0.2311301545608052,ALL
257,Jun 15,,60,-0.20071067571278664,-0.19973030154135873,0.0758548401509076,-0.35143998184317393,-0.04802062123954354,True,False,-0.11110488439226145,-0.11080542676069408,0.04285849402243564,True,-0.07949974895917764,0.21646092684551935,ALL
258,Jun 16,,60,-0.13187922614169076,-0.12972901613676463,0.07697962994377719,-0.283688276024319,0.02423024375078975,False,False,-0.06890543396384748,-0.06912679084913155,0.0411469476456832,False,-0.044660734354538247,0.17685489990109693,ALL
259,Jun 17,,60,-0.10097164381344058,-0.10121933300143203,0.08100136169861659,-0.2632220563986652,0.06078339039580115,False,False,-0.05254108835754103,-0.053912761254884416,0.042236094709199624,False,-0.020539255613755726,0.15600087798720103,ALL
260,Jun 18,,60,-0.12499427995085936,-0.12027108925476228,0.07782414351140014,-0.2759193762775626,0.03537719776803801,False,False,-0.06661343577809144,-0.06502501333541952,0.04177990170485776,False,-0.03322821489956758,0.16807889273502738,ALL
261,Jun 19,,60,-0.1517155447738869,-0.14960239699252337,0.07298813974558532,-0.295578676483694,-0.0036261175013527214,True,False,-0.08718361916159977,-0.08737157510563014,0.04335283279955817,True,-0.052658074096131005,0.1878590579113393,ALL
262,Jun 20,,60,-0.16228867491152238,-0.161314229878175,0.0691906413636552,-0.29969551260548544,-0.022932947150864608,True,False,-0.09520539059058014,-0.09584230907665238,0.04234938797553247,True,-0.06190460698322321,0.1873356405660864,ALL
263,Jun 21,,60,-0.16117768255406284,-0.1566427444347648,0.06971350697314944,-0.2960697583810637,-0.01721573048846592,True,False,-0.09015401144573533,-0.08914718986856028,0.04077481841526025,True,-0.053909981762398404,0.17325541879528175,ALL
264,Jun 22,,60,-0.1806973036194082,-0.1796485543745409,0.06878927346734878,-0.3172271013092385,-0.04207000743984332,True,False,-0.09886254818322153,-0.09933547313014329,0.04039396730199321,True,-0.0653443595537268,0.17763379594040185,ALL
265,Jun 23,,60,-0.17480021175642796,-0.171172495958623,0.06608326416683459,-0.3033390242922922,-0.03900596762495381,True,False,-0.09606368480526307,-0.09538664363559311,0.03906907117812702,True,-0.05296536689439355,0.1873968729624256,ALL
266,Jun 24,,60,-0.14998910803091392,-0.14886242838392455,0.06808095704706331,-0.2850243424780512,-0.012700514289797932,True,False,-0.07885974304704219,-0.07989645529756197,0.03789920938958301,True,-0.021148998788774534,0.16346244379912034,ALL
267,Jun 25,,60,-0.1654029913234899,-0.1616603342730658,0.06530920500626985,-0.2922787442856055,-0.0310419242605261,True,False,-0.0879373863378748,-0.08843514047484768,0.03822063137069393,True,-0.037876308861662086,0.17982963485185902,ALL
268,Jun 26,,60,-0.18419330258720315,-0.18121349106542067,0.06085156585727794,-0.30291662277997655,-0.059510359350864794,True,False,-0.1072519144577758,-0.10750025870191374,0.04100745809195586,True,-0.06391687302568788,0.2189056977172742,ALL
269,Jun 27,,60,-0.17863857162950167,-0.17456308446713065,0.0635115646564512,-0.30158621378003303,-0.047539955154228236,True,False,-0.10562685966125665,-0.10601117807337457,0.043006751666738896,True,-0.06617000204601861,0.2206160875072709,ALL
270,Jun 28,,60,-0.17480081675251846,-0.1705656083844278,0.06241101917144795,-0.2953876467273237,-0.0457435700415319,True,False,-0.1015971299156496,-0.1013819837042988,0.04124156656463458,True,-0.06606932366529883,0.20543717620821392,ALL
271,Jun 29,,60,-0.17528605341144304,-0.17407513580211914,0.06202499914971366,-0.29812513410154645,-0.050025137502691816,True,False,-0.10520395191565969,-0.10653125707105901,0.04197756979635029,True,-0.07493994174323526,0.22439972738275363,ALL
272,Jun 30,,60,-0.1628233275800896,-0.160469085972464,0.06553210527411077,-0.29153329652068555,-0.02940487542424247,True,False,-0.09080653570108771,-0.09110715183456417,0.03977371028635087,True,-0.061220840726300296,0.19515400650127238,ALL
273,Jul 01,,60,-0.15823320845144934,-0.1557609055695832,0.061504754404523555,-0.2787704143786303,-0.03275139676053608,True,False,-0.08801651882827878,-0.0887015243446599,0.037795991545005465,True,-0.06904232484149726,0.18956759923303682,ALL
274,Jul 02,,60,-0.1464535363315052,-0.14199353087067357,0.06385536797639159,-0.2697042668234567,-0.01428279491789039,True,False,-0.07528705952404742,-0.07456591247341911,0.03482448305740936,True,-0.05775807514643847,0.16346718072146912,ALL
275,Jul 03,,60,-0.1662043243572208,-0.16301576032064888,0.061085217357773294,-0.28518619503619547,-0.04084532560510229,True,False,-0.08909284554397458,-0.08857279903006832,0.035122819447067376,True,-0.07707765586074725,0.18699781724764897,ALL
276,Jul 04,,60,-0.18342530819751052,-0.1828838808206639,0.061785111295974124,-0.30645410341261214,-0.05931365822871565,True,False,-0.09235992109070795,-0.0926902746122596,0.03369123462263165,True,-0.07879302557720143,0.17782767108897254,ALL
277,Jul 05,,60,-0.15833709614287841,-0.1550222974409478,0.06337286839203242,-0.2817680342250126,-0.02827656065688297,True,False,-0.0816917094619822,-0.08109834674977322,0.03398559578569494,True,-0.06822303275043111,0.1694985490011172,ALL
278,Jul 06,,60,-0.13801162237192896,-0.13880386428445401,0.06349066353230443,-0.26578519134906287,-0.011822537219845164,True,False,-0.06346093822363927,-0.06479851553419874,0.029535163704888616,True,-0.07489614566639716,0.12135230053094563,ALL
279,Jul 07,,60,-0.14346283331302506,-0.14232029424874942,0.06490665379502647,-0.27213360183880236,-0.012506986658696484,True,False,-0.07415762206333355,-0.07483521273835106,0.03508068556105456,True,-0.06918433772084222,0.16865379165397168,ALL
280,Jul 08,,59,-0.15463416812599037,-0.15163986600604903,0.06296430798707034,-0.2775684819801897,-0.025711250031908356,True,False,-0.08517438324755494,-0.08523446773744445,0.0378388377525234,True,-0.07830971737104374,0.18784300461695141,ALL
281,Jul 09,,59,-0.15330747418023236,-0.15013922303197594,0.06024185086815051,-0.270622924768277,-0.02965552129567492,True,False,-0.0853098445014632,-0.0865516941327937,0.03776630202559698,True,-0.07493964161637197,0.19091909185467992,ALL
282,Jul 10,,59,-0.1130273491919407,-0.10755387121200269,0.07004933773046315,-0.247652546672929,0.032544804248923614,False,False,-0.05732401200814657,-0.05849275103073617,0.03627921906505391,False,-0.039643051693205617,0.1512137966956724,ALL
283,Jul 11,,60,-0.04330380239020961,-0.033038911478556414,0.08422150068639991,-0.20148191285135625,0.1354040898942434,False,False,-0.018931333577298884,-0.018877151369440858,0.033098729748245924,False,-0.01745501229896206,0.112126256435437,ALL
284,Jul 12,,59,-0.12599732449055223,-0.11798062588857981,0.0653043101356606,-0.24858924615990102,0.012627994382741384,False,False,-0.0627802999644893,-0.06203910461055864,0.03496388610389714,False,-0.07352939103001989,0.14628516499160374,ALL
285,Jul 13,,59,-0.1625274503178286,-0.15780573266325149,0.0581517999332238,-0.2741093325296991,-0.041502132796803884,True,False,-0.0881817187494107,-0.08933056595684578,0.038184074573096916,True,-0.08931184568425282,0.17103471026370318,ALL
286,Jul 14,,59,-0.15924106572644015,-0.15188637180195616,0.06112888953455124,-0.27414415087105864,-0.029628592732853676,True,False,-0.08795474332512082,-0.08734656708615993,0.03952271731439351,True,-0.08882920943730521,0.1623841065141596,ALL
287,Jul 15,,60,-0.14762068826024793,-0.13970683122672317,0.06436646079001856,-0.2684397528067603,-0.010973909646686042,True,False,-0.06432777869763093,-0.06455714026943178,0.03126698334370959,True,-0.09158110139493059,0.07381842006373175,ALL
288,Jul 16,,59,-0.13182095135750446,-0.12465220091674277,0.06752532664445342,-0.2597028542056496,0.010398452372164066,False,False,-0.05399075591896925,-0.054688027936415785,0.029397434444931175,False,-0.0725749560560706,0.05673205654021727,ALL
289,Jul 17,,59,-0.07503121662462192,-0.05961943920865808,0.08518600684781433,-0.22999145290428674,0.11075257448697057,False,False,-0.029825326725639964,-0.028465527174335026,0.030227700809547457,False,-0.035183325269587826,0.03193758156529228,ALL
290,Jul 18,,52,-0.0441240360932498,-0.03019498587858358,0.0960756115559321,-0.22234620899044777,0.16195623723328062,False,False,-0.018955200493509777,-0.01864299316269686,0.033938591337171586,False,0.025591481538219666,0.028890612127246213,ALL
291,Jul 19,,52,-0.07374693875809828,-0.060657236217015534,0.08731853217918824,-0.23529430057539202,0.11397982814136094,False,False,-0.031999787908035496,-0.03132178566657249,0.03316211917456213,False,0.012181302469014853,0.03187550672769527,ALL
292,Jul 20,,52,-0.11423480532435418,-0.09778299586900303,0.09709310490984849,-0.2919692056887,0.09640321395069394,False,False,-0.0600502953774183,-0.06086283006793991,0.044283035834322866,False,-0.0033614841602333948,0.09403643859704594,ALL
293,Jul 21,,51,-0.14413865643101068,-0.13211794746375063,0.08981125671158434,-0.3117404608869193,0.047504565959418044,False,False,-0.0605301501727917,-0.06186662608115091,0.036939721454373874,False,-0.07289621651848643,0.03881045875700348,ALL
294,Jul 22,,52,-0.07851675827516054,-0.05221911700885795,0.12113662023918131,-0.2944923574872206,0.19005412346950468,False,False,-0.03118487779882725,-0.03131188373139426,0.035476169421960586,False,-0.05261227176685994,0.0017819354544437926,ALL
295,Jul 23,,57,-0.11215945589088985,-0.09943695618677055,0.07548591337528983,-0.2504087829373502,0.05153487056380911,False,False,-0.054193139066816984,-0.053790458556415094,0.03451923080562127,False,-0.11750541317116166,0.022103586606938307,ALL
296,Jul 24,,57,-0.06100056950242083,-0.04409926899457669,0.09122341433469526,-0.22654609766396722,0.13834755967481382,False,False,-0.029915308231971197,-0.029417066559559786,0.03578973732435112,False,-0.08597521150099129,0.01883987826012116,ALL
297,Jul 25,,46,-0.200827396710357,-0.19073564234002702,0.0643674111537318,-0.3194704646474906,-0.06200082003256341,True,False,-0.1044484165309944,-0.10397898994743139,0.046620523160825295,True,-0.14538599167551308,0.10836012994475439,ALL
298,Jul 26,,48,-0.25257284006423497,-0.25655618586516754,0.056821563447730865,-0.3701993127606293,-0.1429130589697058,True,True,-0.15681067284321878,-0.15709608488095442,0.061307989618521457,True,-0.1453891335055232,0.2074327152222395,ALL
299,Jul 27,,57,0.022307298983611185,0.023220219455607406,0.06901112806582518,-0.11480203667604297,0.16124247558725777,False,False,0.010666559868423528,0.010382237538416206,0.02810442170748087,False,0.04587765968374915,0.0012452811227127978,ALL
300,Jul 28,,46,-0.03153132463109121,-0.011068479046445204,0.12167491316565582,-0.25441830537775684,0.23228134728486644,False,False,-0.013488604822203156,-0.01451459011832302,0.03697846926829454,False,0.02592928845148822,0.04625706786974372,ALL
301,Jul 29,,48,-0.18364113902965526,-0.17420523710205207,0.06903842382948784,-0.31228208476102776,-0.03612838944307639,True,False,-0.09169032241685364,-0.09210780124105514,0.04283207925623606,True,-0.14398463258350436,0.0505322224206545,ALL
302,Jul 30,,48,-0.10169329106783508,-0.1004953433996981,0.07123078631397049,-0.24295691602763908,0.04196622922824289,False,False,-0.04320351319683434,-0.04501633459747622,0.030052448635273024,False,-0.11461854581307102,-0.017738473272797317,ALL
303,Jul 31,,46,-0.09227423904152267,-0.08658754750621668,0.08458113894214732,-0.25574982539051133,0.08257473037807796,False,False,-0.03424305548227763,-0.03501272927555172,0.0305837156610424,False,-0.08892730576178384,-0.038114031200252835,ALL
308,Aug 05,,36,-0.07905615865019318,-0.06613077351291785,0.11973129957050661,-0.30559337265393105,0.17333182562809538,False,False,-0.03834906894182729,-0.03878344596091847,0.05343916360758367,False,-0.09698897186252808,0.07993620389547103,ALL
309,Aug 06,,24,0.15651245587945198,0.14700791002145927,0.1484062096934779,-0.14980450936549652,0.4438203294084151,False,False,0.07302200086564206,0.06493522391247962,0.0662521060209225,False,-0.04331648349761963,-0.06563537337563254,ALL
310,Aug 07,,55,-0.04200955054279219,-0.047948805490570595,0.028880233367795546,-0.1057092722261617,0.009811661245020496,False,False,-0.021316146931193304,-0.02143993152052366,0.011041216972183954,False,-0.1279321727444366,-0.08642311213608075,ALL
311,Aug 08,,56,-0.028449342956822984,-0.03994309213544411,0.032772459569052365,-0.10548801127354884,0.025601827002660622,False,False,-0.01712787217379188,-0.017524757145792876,0.009506800793050173,False,-0.1192441173949628,-0.10345658707040302,ALL
312,Aug 09,,48,-0.05835292119135809,-0.06748560676286625,0.04096772866245001,-0.1494210640877663,0.01444985056203378,False,False,-0.032711779552575475,-0.03304558511567578,0.016581381789293692,False,-0.12625672408267036,-0.0660376815459667,ALL
313,Aug 10,,46,-0.04846143985682236,-0.0489086570180459,0.049642142913514854,-0.14819294284507561,0.05037562880898381,False,False,-0.022117623816618266,-0.022810671645003205,0.02106158849988365,False,-0.10825970000690885,-0.02885217675495716,ALL
314,Aug 11,,24,0.19164230552422346,0.18265588324496218,0.19443100249273235,-0.2062061217405025,0.5715178882304268,False,False,0.074121401314829,0.06734545474525802,0.06790411144621915,False,-0.016728489100933067,-0.04036912267858333,ALL
315,Aug 12,,47,-0.12824943946622633,-0.1239615406072123,0.06460167873814017,-0.25316489808349263,0.005241816869068036,False,False,-0.0827080456846058,-0.08330052780679051,0.04313779067979975,False,-0.021903311351816793,0.15255698989633293,ALL
316,Aug 13,,48,-0.13608322548059276,-0.13690359023475626,0.04474307238219233,-0.22638973499914092,-0.047417445470371605,True,False,-0.07711897702277197,-0.0780184208385947,0.029873795295019347,True,-0.11374482753730954,0.023119399179187088,ALL
317,Aug 14,,48,0.13068778525591584,0.12788942695967986,0.07343789075361906,-0.01898635454755826,0.274765208466918,False,False,0.05937592327165619,0.05933048857910978,0.0346032699609462,False,0.11019960899896447,-0.10682427370643599,ALL
318,Aug 15,,59,0.10396602779425006,0.1056606469868689,0.059978486408926654,-0.014296325830984405,0.22561761980472222,False,False,0.04402922300855248,0.0442353671262402,0.023709083240629023,False,0.060799820847452654,-0.12288676200196263,ALL
319,Aug 16,,59,0.11777432809799152,0.11484000430444413,0.05096057867426457,0.012918846955914998,0.21676116165297327,True,False,0.04773199676868971,0.048343113611341325,0.024013676996638148,True,0.1002474953270297,-0.11121107042944854,ALL
320,Aug 17,,49,0.1411125861761918,0.13830981447483612,0.05129191048597343,0.035725993502889256,0.240893635446783,True,False,0.07926670961493208,0.08065064089543147,0.03738536852172894,True,0.2344895716447011,-0.04692655685875151,ALL
322,Aug 19,,40,0.126745855361283,0.13321178247182988,0.09417710531389133,-0.05514242815595277,0.32156599309961253,False,False,0.06404531918711966,0.062462392108133834,0.039247084160260175,False,-0.05054616864238467,-0.17389410457440782,ALL
323,Aug 20,,40,-0.13690651808170476,-0.1368676268330915,0.03332219029903417,-0.20351200743115982,-0.07022324623502317,True,True,-0.0656085095958014,-0.06605833766826978,0.02186689110572488,True,-0.14328417820589884,-0.06301807165145874,ALL
324,Aug 21,,45,0.10317641657655988,0.09940157464793455,0.05603314576261101,-0.012664716877287471,0.21146786617315655,False,False,0.03936698976360323,0.03965335527896862,0.023567204416704946,False,0.09461551169554396,-0.14987016646191476,ALL
325,Aug 22,,58,0.19680442577262225,0.19109276458271093,0.06971694935289123,0.05165886587692847,0.3305266632884934,True,False,0.0813115969926362,0.08154804307869795,0.034792057923538816,True,0.04263406632294568,-0.12914972679221373,ALL
326,Aug 23,,58,0.1687610251511519,0.1580919447412703,0.08031201820329555,-0.0025320916653207848,0.31871598114786137,False,False,0.08961247050907047,0.08947477228946757,0.0473635493629828,False,0.047814506158356286,-0.13989407490274103,ALL
327,Aug 24,,60,0.2058249529992581,0.1965818767771256,0.07136401204467806,0.05385385268776949,0.3393099008664817,True,False,0.11291036263938377,0.11441379484966421,0.052875580267275527,True,0.10547459432838877,-0.14900163464644933,ALL
328,Aug 25,,59,0.201394640271284,0.19151888555242025,0.071851807706867,0.04781527013868625,0.33522250096615425,True,False,0.11477589459138735,0.11620498185731203,0.05375737366686755,True,0.09119566132293805,-0.15213049975135268,ALL
329,Aug 26,,59,0.20368149094883878,0.1932833570490589,0.0719131674912213,0.04945702206661631,0.33710969203150154,True,False,0.09423724301494653,0.09384163426110186,0.044293310454080595,True,0.05284453099916427,-0.1563088654542852,ALL
330,Aug 27,,57,0.121763493895387,0.12114270747179677,0.06679305393876692,-0.012443400405737062,0.2547288153493306,False,False,0.044035154949425635,0.045103990013044895,0.024779557170557798,False,-0.0054814105053338944,-0.11718042781110134,ALL
331,Aug 28,,59,0.029448655233359888,0.03176623918901666,0.040318141297446264,-0.04887004340587587,0.11240252178390919,False,False,0.011901652566762013,0.012386327368434508,0.015415296886596286,False,-0.0901674464253097,-0.13572650711227963,ALL
332,Aug 29,,59,-0.07566829511982062,-0.07701909465065028,0.042809114358055664,-0.16263732336676162,0.008599134065461048,False,False,-0.03200664790145563,-0.032359140626417836,0.01806453369048877,False,-0.09423202783527054,-0.06672232423281371,ALL
333,Aug 30,,60,0.07464204531601876,0.0761315355731611,0.06521081517208645,-0.05429009477101179,0.206553165917334,False,False,0.025832633083667997,0.02706886642529987,0.022201707381002835,False,-0.0001907739606638939,-0.08518837728202358,ALL
334,Aug 31,,60,0.005222990878036603,0.005359437869550162,0.06552049686879607,-0.125681555868042,0.1364004316071423,False,False,0.0020936691130768255,0.0019177491690248565,0.024992341785003508,False,-0.028236114942261942,-0.022455800928900458,ALL
335,Sep 01,,59,-0.22628366940706457,-0.22258813563417795,0.062422129861260396,-0.34743239535669873,-0.09774387591165716,True,False,-0.07346716504306261,-0.07274236935773783,0.023265890902687082,True,-0.07663499607209083,0.040839959081550095,ALL
336,Sep 02,,60,-0.36065516256512803,-0.3579102749993312,0.046789588386492637,-0.4514894517723165,-0.26433109822634593,True,True,-0.17659237382532314,-0.17619615774364866,0.04406044998931005,True,-0.14497923342702196,0.175737744046039,ALL
337,Sep 03,,59,-0.32622850119876795,-0.32502010729293124,0.043689996478769214,-0.4124001002504697,-0.2376401143353928,True,True,-0.13830428758186628,-0.13869520038087746,0.03536081621257112,True,-0.15473645813858017,0.12274013224433605,ALL
338,Sep 04,,59,-0.18448641879799352,-0.17767154067682372,0.06479380346171533,-0.3072591476002544,-0.048083933753393066,True,False,-0.060663820007536506,-0.06007750067508991,0.02512735094779132,True,-0.0935817531597604,0.01215609224274669,ALL
339,Sep 05,,60,-0.03195140933144699,-0.024846076461470957,0.0703110550143626,-0.16546818649019618,0.11577603356725426,False,False,-0.011202002401419895,-0.012001836929947995,0.02127708433927928,False,-0.016040233932678224,0.04396817075414952,ALL
340,Sep 06,,60,-0.06688875999560652,-0.05807756597658388,0.0678418350463301,-0.19376123606924406,0.07760610411607631,False,False,-0.02986010753514964,-0.030211263241162762,0.025641939151411594,False,-0.06949941337477784,0.07282920955919815,ALL
341,Sep 07,,60,-0.07037830843444988,-0.058165192080256514,0.06519467834808361,-0.18855454877642375,0.0722241646159107,False,False,-0.04083080207056623,-0.04100715133577081,0.02996242350079919,False,-0.10807789327072068,0.09769926099957654,ALL
342,Sep 08,,60,-0.005609446752450706,-0.005396543814337538,0.05897985531866521,-0.12335625445166795,0.11256316682299289,False,False,-0.0027247459694183644,-0.0028256513691951434,0.024826922424331127,False,0.0008365226224833905,0.014538183082683554,ALL
343,Sep 09,,60,0.08195733439159701,0.07485647543751271,0.055117739664271824,-0.035379003891030936,0.18509195476605636,False,False,0.04183107806552522,0.0425812875665984,0.027477186282927273,False,0.11114424801016667,-0.07173558602596854,ALL
344,Sep 10,,60,0.1205706134103132,0.11911878549239878,0.044594118058399884,0.02993054937559901,0.20830702160919856,True,False,0.05903586506797956,0.06048661838294471,0.02682927683810092,True,0.17811499981218246,-0.10137197567576636,ALL
345,Sep 11,,60,0.09046678626223824,0.08778326038160161,0.050243213114129714,-0.012703165846657816,0.18826968660986104,False,False,0.04337242583722203,0.044231377504919865,0.025632394746751733,False,0.1388532871398138,-0.10831975625771738,ALL
346,Sep 12,,60,0.07579055215651236,0.07381879882524327,0.0484058882609381,-0.02299297769663293,0.17063057534711945,False,False,0.03663941406836523,0.03696076224314469,0.02459848804052262,False,0.07707467330094915,-0.14583968977592301,ALL
347,Sep 13,,60,0.10720898372302802,0.1091453097973258,0.043192779014313856,0.022759751768698086,0.19553086782595352,True,False,0.049575962688836434,0.049672908898265845,0.01935090283904853,True,0.03159242486939491,-0.15615073273631877,ALL
348,Sep 14,,60,0.06108065677976684,0.06449413129811457,0.04046314169391063,-0.016432152089706692,0.14542041468593583,False,False,0.027082614882933235,0.02747356041255716,0.016694863904575034,False,-0.0338831578255485,-0.1518441754895371,ALL
349,Sep 15,,60,-0.04517275943403128,-0.04403055779541521,0.04326988013787571,-0.13057031807116662,0.042509202480336204,False,False,-0.017729353641247617,-0.017600896148756092,0.016957874518226057,False,-0.07896953743174681,-0.04573936411685619,ALL
350,Sep 16,,60,-0.07045746770086246,-0.06386475841626779,0.05125569936187991,-0.16637615714002763,0.03864664030749203,False,False,-0.03041183205867488,-0.029357074719750593,0.022273716752270068,False,-0.0938640652569559,-0.017113600282255132,ALL
351,Sep 17,,60,-0.0383321211879069,-0.039760408389213145,0.05491195469374822,-0.14958431777670958,0.07006350099828329,False,False,-0.015476046568550225,-0.01637997944383693,0.021614004981026242,False,-0.052594385103857985,-0.030610960834319186,ALL
352,Sep 18,,60,0.0033527636760219406,0.0018854606097827489,0.054144856223571694,-0.10640425183736064,0.11017517305692613,False,False,0.0014626592130754343,0.0008128954554491899,0.022302209077392856,False,-0.03571747715840397,-0.08355361596081293,ALL
353,Sep 19,,59,-0.026577982032093776,-0.029035707722582415,0.05522107825695861,-0.13947786423649963,0.0814064487913348,False,False,-0.011734298421403671,-0.012473491266615969,0.022841292735923648,False,-0.04127521982058406,-0.016404281847891965,ALL
354,Sep 20,,59,-0.03513117361384152,-0.03882578865214393,0.05275739032317996,-0.14434056929850386,0.06668899199421599,False,False,-0.01519604802312292,-0.01607055913626022,0.02141325292282602,False,-0.029798603581252747,0.0033545428389644212,ALL
355,Sep 21,,59,-0.0951783274503923,-0.09358191762233184,0.04676001947604802,-0.18710195657442788,-6.187867023579874e-05,True,False,-0.043741877387072754,-0.04359840421142195,0.022354299926532793,False,-0.0952205259000365,0.04370077291618119,ALL
356,Sep 22,,59,-0.14597365657537148,-0.1450843885559662,0.042917222412739306,-0.2309188333814448,-0.059249943730487586,True,False,-0.07079019355223401,-0.07128062763777746,0.025485139813574344,True,-0.13904041743682014,0.0842164223089449,ALL
357,Sep 23,,59,-0.1308678861942287,-0.12914156486136233,0.05210708787204102,-0.23335574060544437,-0.02492738911728029,True,False,-0.06009296608087479,-0.06056480359300263,0.02656739324075615,True,-0.13202902354405802,0.06195799319029682,ALL
358,Sep 24,,59,-0.14248375966702198,-0.14397172305753292,0.05073716953658521,-0.24544606213070336,-0.042497383984362494,True,False,-0.06826065603882446,-0.06897886135256438,0.025997776230301944,True,-0.15306502053172816,0.05063926815154638,ALL
359,Sep 25,,59,-0.13324503076059394,-0.13275091232174036,0.04833375532317503,-0.2294184229680904,-0.0360834016753903,True,False,-0.06391607499039041,-0.06374458879674762,0.025547294051573473,True,-0.16762529908121698,0.02197618225874098,ALL
360,Sep 26,,59,-0.15841533001008773,-0.16148328488346145,0.037281901302228304,-0.23604708748791806,-0.08691948227900484,True,True,-0.08016253269389782,-0.0805946253119641,0.021927939485807763,True,-0.2006099165142441,0.006814242654401503,ALL
361,Sep 27,,59,-0.18603864182977572,-0.18893280560340656,0.03592137496463903,-0.2607755555326846,-0.1170900556741285,True,True,-0.10305485743469349,-0.10299886277997139,0.023063348119986206,True,-0.22349738081845114,0.03453868655795685,ALL
362,Sep 28,,59,-0.19152415097114803,-0.19368527365485036,0.03766802323412629,-0.2690213201231029,-0.11834922718659778,True,True,-0.11077760253736813,-0.11174200687340201,0.025538367026654123,True,-0.21304059037287124,0.06046575909782828,ALL
363,Sep 29,,59,-0.1395959962823214,-0.14139946831911285,0.04484016757257605,-0.23107980346426493,-0.05171913317396075,True,False,-0.07348288763900182,-0.07447820264974413,0.025531721260814776,True,-0.13605845387007626,0.01873517951359811,ALL
364,Sep 30,,59,-0.16797203210867384,-0.16890675806571276,0.04535566549701799,-0.25961808905974876,-0.07819542707167677,True,False,-0.0950944894250163,-0.09628738224509302,0.02986087694478866,True,-0.16511859729980416,0.05508793403895682,ALL
