state,water_year,precip_in,precip_mm,tavg_f,tavg_c,precip_pct_normal,tavg_anom_c
AZ,1896,3.8,96.52,42.46666666666667,5.814814814814816,72.49141549027088,-0.7833333333333332
AZ,1897,5.68,144.272,42.1,5.611111111111112,108.35558946966805,-0.9870370370370374
AZ,1898,3.35,85.09,40.13333333333333,4.518518518518518,63.906905761159855,-2.079629629629631
AZ,1899,3.54,89.916,38.96666666666667,3.8703703703703716,67.5314765356734,-2.7277777777777774
AZ,1900,1.82,46.228,44.800000000000004,7.111111111111114,34.719572682182374,0.5129629629629653
AZ,1901,5.45,138.43,43.03333333333333,6.129629629629629,103.96795116367798,-0.4685185185185201
AZ,1902,2.17,55.117999999999995,43.300000000000004,6.27777777777778,41.39641358260205,-0.32037037037036864
AZ,1903,5.24,133.096,40.13333333333333,4.518518518518518,99.96184662342617,-2.079629629629631
AZ,1904,1.1099999999999999,28.193999999999996,42.5,5.833333333333333,21.17512399847386,-0.764814814814816
AZ,1905,11.450000000000001,290.83,43.1,6.166666666666668,218.42808088515832,-0.43148148148148113
AZ,1906,9.01,228.85399999999998,41.46666666666667,5.25925925925926,171.88096146508963,-1.3388888888888886
AZ,1907,9.32,236.72799999999998,45.56666666666666,7.5370370370370345,177.7947348340328,0.9388888888888856
AZ,1908,5.090000000000001,129.286,43.53333333333333,6.4074074074074066,97.10034338038916,-0.19074074074074243
AZ,1909,7.22,183.38799999999998,43.56666666666666,6.425925925925924,137.73368943151468,-0.17222222222222516
AZ,1910,4.5600000000000005,115.82400000000001,39.86666666666667,4.37037037037037,86.98969858832507,-2.2277777777777787
AZ,1911,7.35,186.68999999999997,44.36666666666667,6.87037037037037,140.2136589088134,0.27222222222222126
AZ,1912,3.76,95.50399999999999,40.6,4.777777777777779,71.72834795879434,-1.8203703703703704
AZ,1913,4.06,103.12399999999998,38.03333333333333,3.3518518518518507,77.45135444486834,-3.2462962962962982
AZ,1914,5.7,144.78,42.36666666666667,5.7592592592592595,108.73712323540633,-0.8388888888888895
AZ,1915,9.040000000000001,229.616,40.13333333333333,4.518518518518518,172.45326211369706,-2.079629629629631
AZ,1916,9.33,236.982,43.26666666666667,6.259259259259263,177.98550171690192,-0.3388888888888859
AZ,1917,4.1,104.13999999999999,39.03333333333333,3.9074074074074066,78.21442197634488,-2.6907407407407424
AZ,1918,4.359999999999999,110.74399999999999,43.23333333333333,6.240740740740737,83.17436093094237,-0.35740740740741206
AZ,1919,5.81,147.57399999999998,38.03333333333333,3.3518518518518507,110.83555894696678,-3.2462962962962982
AZ,1920,9.19,233.426,43.46666666666667,6.370370370370371,175.31476535673406,-0.22777777777777786
AZ,1921,2.08,52.832,42.266666666666666,5.703703703703703,39.67951163677985,-0.8944444444444457
AZ,1922,5.71,145.034,41.86666666666667,5.481481481481482,108.92789011827546,-1.1166666666666671
AZ,1923,4.1899999999999995,106.42599999999999,43.699999999999996,6.499999999999997,79.9313239221671,-0.09814814814815165
AZ,1924,6.4,162.56,41.5,5.277777777777778,122.0908050362457,-1.3203703703703713
AZ,1925,3.33,84.582,40.63333333333333,4.796296296296296,63.52537199542158,-1.8018518518518531
AZ,1926,4.13,104.90199999999999,42.2,5.666666666666668,78.78672262495229,-0.9314814814814811
AZ,1927,6.9399999999999995,176.27599999999998,43.43333333333334,6.351851851851854,132.39221671117892,-0.24629629629629513
AZ,1928,4.21,106.934,41.266666666666666,5.148148148148148,80.31285768790536,-1.450000000000001
AZ,1929,3.34,84.836,39.4,4.111111111111111,63.71613887829073,-2.4870370370370383
AZ,1930,4.25,107.94999999999999,43.73333333333333,6.5185185185185155,81.07592521938189,-0.07962962962963349
AZ,1931,5.82,147.828,41.300000000000004,5.166666666666669,111.02632582983594,-1.4314814814814802
AZ,1932,7.71,195.83399999999997,38.4,3.555555555555555,147.08126669210222,-3.042592592592594
AZ,1933,4.2700000000000005,108.45800000000001,35.86666666666667,2.1481481481481484,81.45745898512018,-4.450000000000001
AZ,1934,2.66,67.564,45.06666666666666,7.259259259259257,50.743990843189614,0.6611111111111079
AZ,1935,7.74,196.596,43.9,6.611111111111111,147.65356734070963,0.012962962962961733
AZ,1936,5.08,129.03199999999998,42.43333333333334,5.7962962962962985,96.90957649752,-0.8018518518518505
AZ,1937,7.33,186.182,37.333333333333336,2.962962962962964,139.83212514307513,-3.635185185185185
AZ,1938,5.53,140.462,44.166666666666664,6.759259259259258,105.49408622663104,0.16111111111110876
AZ,1939,4.9,124.46000000000001,39.86666666666667,4.37037037037037,93.4757726058756,-2.2277777777777787
AZ,1940,4.26,108.204,44.6,7.000000000000001,81.26669210225104,0.4018518518518519
AZ,1941,11.209999999999999,284.734,44.800000000000004,7.111111111111114,213.84967569629907,0.5129629629629653
AZ,1942,4.79,121.666,41.333333333333336,5.185185185185187,91.37733689431514,-1.412962962962962
AZ,1943,4.59,116.58599999999998,44.800000000000004,7.111111111111114,87.56199923693245,0.5129629629629653
AZ,1944,5.390000000000001,136.906,40.86666666666667,4.9259259259259265,102.82334986646318,-1.6722222222222225
AZ,1945,6.25,158.75,42.63333333333333,5.907407407407407,119.22930179320869,-0.6907407407407415
AZ,1946,2.93,74.422,40.03333333333333,4.462962962962962,55.89469668065623,-2.135185185185187
AZ,1947,2.86,72.64399999999999,43.6,6.4444444444444455,54.559328500572285,-0.15370370370370345
AZ,1948,4.32,109.728,40.53333333333333,4.74074074074074,82.41129339946583,-1.8574074074074094
AZ,1949,5.7,144.78,37.300000000000004,2.944444444444447,108.73712323540633,-3.653703703703702
AZ,1950,3.4299999999999997,87.12199999999999,42.233333333333334,5.685185185185186,65.43304082411292,-0.912962962962963
AZ,1951,2.46,62.483999999999995,43.96666666666667,6.648148148148149,46.92865318580694,0.04999999999999982
AZ,1952,7.08,179.832,40.93333333333333,4.962962962962961,135.0629530713468,-1.635185185185188
AZ,1953,4.69,119.126,42.76666666666667,5.9814814814814845,89.46966806562381,-0.6166666666666645
AZ,1954,4.83,122.68199999999999,43.699999999999996,6.499999999999997,92.14040442579167,-0.09814814814815165
AZ,1955,2.92,74.16799999999999,39.266666666666666,4.037037037037036,55.70392979778709,-2.5611111111111127
AZ,1956,2.64,67.056,43.53333333333333,6.4074074074074066,50.362457077451346,-0.19074074074074243
AZ,1957,4.54,115.31599999999999,45.0,7.222222222222222,86.60816482258677,0.6240740740740733
AZ,1958,5.71,145.034,44.300000000000004,6.833333333333336,108.92789011827546,0.23518518518518672
AZ,1959,2.29,58.166,44.03333333333333,6.685185185185184,43.68561617703166,0.08703703703703525
AZ,1960,6.25,158.75,39.766666666666666,4.314814814814814,119.22930179320869,-2.283333333333335
AZ,1961,3.21,81.53399999999999,42.53333333333333,5.851851851851851,61.236169400991976,-0.7462962962962978
AZ,1962,5.81,147.57399999999998,40.96666666666667,4.981481481481483,110.83555894696678,-1.6166666666666663
AZ,1963,4.14,105.15599999999999,43.5,6.388888888888889,78.97748950782142,-0.2092592592592597
AZ,1964,3.02,76.708,39.199999999999996,3.999999999999998,57.61159862647844,-2.598148148148151
AZ,1965,5.640000000000001,143.256,42.73333333333333,5.962962962962959,107.59252193819152,-0.6351851851851897
AZ,1966,8.61,218.69399999999996,39.733333333333334,4.296296296296297,164.25028615032426,-2.3018518518518523
AZ,1967,3.2199999999999998,81.78799999999998,42.56666666666667,5.870370370370372,61.4269362838611,-0.727777777777777
AZ,1968,7.11,180.594,41.26666666666667,5.1481481481481515,135.6352537199542,-1.4499999999999975
AZ,1969,5.5,139.7,41.733333333333334,5.407407407407408,104.92178557802363,-1.1907407407407407
AZ,1970,4.890000000000001,124.206,44.23333333333333,6.796296296296293,93.28500572300648,0.1981481481481442
AZ,1971,2.07,52.577999999999996,42.233333333333334,5.685185185185186,39.48874475391071,-0.912962962962963
AZ,1972,1.91,48.513999999999996,42.06666666666667,5.592592592592594,36.436474628004575,-1.0055555555555546
AZ,1973,8.52,216.408,39.96666666666667,4.425925925925927,162.53338420450208,-2.1722222222222216
AZ,1974,3.6300000000000003,92.202,41.800000000000004,5.444444444444446,69.2483784814956,-1.1537037037037026
AZ,1975,3.84,97.53599999999999,40.4,4.666666666666666,73.2544830217474,-1.931481481481483
AZ,1976,4.43,112.52199999999999,43.833333333333336,6.574074074074075,84.5097291110263,-0.024074074074073692
AZ,1977,2.67,67.818,42.43333333333333,5.796296296296294,50.934757726058756,-0.8018518518518549
AZ,1978,9.31,236.474,44.833333333333336,7.1296296296296315,177.60396795116364,0.5314814814814826
AZ,1979,11.98,304.292,38.800000000000004,3.7777777777777803,228.5387256772224,-2.8203703703703686
AZ,1980,9.02,229.10799999999998,45.166666666666664,7.314814814814813,172.07172834795878,0.7166666666666641
AZ,1981,3.9799999999999995,101.09199999999998,46.93333333333334,8.296296296296298,75.92521938191528,1.6981481481481486
AZ,1982,6.140000000000001,155.95600000000002,43.93333333333334,6.6296296296296315,117.13086608164824,0.031481481481482554
AZ,1983,10.059999999999999,255.52399999999994,42.86666666666667,6.037037037037037,191.91148416634866,-0.5611111111111118
AZ,1984,3.54,89.916,43.53333333333333,6.4074074074074066,67.5314765356734,-0.19074074074074243
AZ,1985,7.98,202.692,41.5,5.277777777777778,152.23197252956885,-1.3203703703703713
AZ,1986,5.98,151.892,46.1,7.833333333333333,114.07859595574206,1.235185185185184
AZ,1987,5.9399999999999995,150.87599999999998,42.1,5.611111111111112,113.31552842426552,-0.9870370370370374
AZ,1988,5.23,132.842,42.199999999999996,5.666666666666664,99.77107974055704,-0.9314814814814847
AZ,1989,3.71,94.234,42.06666666666666,5.592592592592591,70.77451354444868,-1.0055555555555582
AZ,1990,3.19,81.026,41.96666666666667,5.537037037037038,60.85463563525371,-1.061111111111111
AZ,1991,7.24,183.896,42.43333333333334,5.7962962962962985,138.11522319725293,-0.8018518518518505
AZ,1992,9.36,237.74399999999997,42.833333333333336,6.01851851851852,178.5578023655093,-0.579629629629629
AZ,1993,12.91,327.914,42.13333333333333,5.62962962962963,246.28004578405188,-0.9685185185185192
AZ,1994,4.52,114.80799999999998,42.800000000000004,6.000000000000003,86.2266310568485,-0.5981481481481463
AZ,1995,8.85,224.79,45.4,7.444444444444445,168.8286913391835,0.8462962962962957
AZ,1996,2.52,64.008,46.333333333333336,7.9629629629629655,48.073254483021735,1.3648148148148165
AZ,1997,3.89,98.806,43.63333333333333,6.462962962962963,74.20831743609308,-0.13518518518518619
AZ,1998,7.970000000000001,202.43800000000002,41.73333333333333,5.407407407407404,152.04120564669975,-1.190740740740745
AZ,1999,2.0100000000000002,51.054,45.36666666666667,7.425925925925927,38.34414345669592,0.8277777777777784
AZ,2000,2.6399999999999997,67.05599999999998,45.4,7.444444444444445,50.36245707745134,0.8462962962962957
AZ,2001,4.7,119.38,43.06666666666666,6.148148148148146,89.66043494849293,-0.45000000000000284
AZ,2002,1.62,41.148,42.9,6.0555555555555545,30.904235024799693,-0.5425925925925945
AZ,2003,5.33,135.382,45.1,7.277777777777778,101.67874856924837,0.6796296296296287
AZ,2004,4.22,107.18799999999999,42.63333333333333,5.907407407407407,80.5036245707745,-0.6907407407407415
AZ,2005,10.46,265.684,44.699999999999996,7.055555555555554,199.54215948111408,0.4574074074074046
AZ,2006,1.68,42.672,45.26666666666667,7.370370370370375,32.048836322014495,0.7722222222222257
AZ,2007,2.62,66.548,42.5,5.833333333333333,49.980923311713084,-0.764814814814816
AZ,2008,6.13,155.702,41.56666666666666,5.314814814814813,116.94009919877908,-1.2833333333333359
AZ,2009,4.49,114.04599999999999,44.73333333333333,7.074074074074071,85.65433040824111,0.47592592592592187
AZ,2010,7.24,183.896,41.833333333333336,5.462962962962965,138.11522319725293,-1.1351851851851844
AZ,2011,3.29,83.566,43.300000000000004,6.27777777777778,62.76230446394506,-0.32037037037036864
AZ,2012,3.8499999999999996,97.78999999999999,43.6,6.4444444444444455,73.44524990461655,-0.15370370370370345
AZ,2013,4.05,102.86999999999999,41.06666666666667,5.037037037037039,77.26058756199922,-1.56111111111111
AZ,2014,3.39,86.106,46.0,7.777777777777778,64.66997329263639,1.1796296296296287
AZ,2015,5.130000000000001,130.30200000000002,47.13333333333333,8.407407407407407,97.86341091186571,1.8092592592592576
AZ,2016,3.1599999999999997,80.26399999999998,44.43333333333334,6.907407407407409,60.2823349866463,0.30925925925926023
AZ,2017,6.81,172.974,45.46666666666667,7.481481481481483,129.91224723388018,0.8833333333333337
AZ,2018,2.22,56.388000000000005,46.96666666666667,8.314814814814817,42.35024799694773,1.7166666666666677
AZ,2019,6.44,163.576,42.03333333333333,5.574074074074073,122.85387256772222,-1.0240740740740764
AZ,2020,8.52,216.408,43.93333333333334,6.6296296296296315,162.53338420450208,0.031481481481482554
AZ,2021,2.83,71.88199999999999,43.699999999999996,6.499999999999997,53.98702785196488,-0.09814814814815165
AZ,2022,3.1,78.74,44.36666666666667,6.87037037037037,59.1377336894315,0.27222222222222126
AZ,2023,7.239999999999999,183.896,41.666666666666664,5.370370370370369,138.11522319725293,-1.2277777777777796
AZ,2024,6.1000000000000005,154.94,44.76666666666667,7.092592592592596,116.36779855017168,0.49444444444444713
AZ,2025,1.69,42.925999999999995,46.36666666666667,7.981481481481483,32.23960320488362,1.3833333333333337
AZ,2026,3.71,94.234,49.26666666666667,9.592592592592597,70.77451354444868,2.994444444444448
CA,1896,16.63,422.40199999999993,44.53333333333333,6.962962962962962,95.59668889399859,-0.33271604938271704
CA,1897,21.38,543.0519999999999,43.26666666666667,6.259259259259263,122.9018165095424,-1.0364197530864159
CA,1898,9.59,243.58599999999998,42.06666666666667,5.592592592592594,55.12761554380317,-1.7030864197530846
CA,1899,13.83,351.282,43.26666666666667,6.259259259259263,79.50103472062543,-1.0364197530864159
CA,1900,14.14,359.156,45.1,7.277777777777778,81.2830535755346,-0.01790123456790127
CA,1901,18.43,468.12199999999996,43.63333333333333,6.462962962962963,105.94389514830995,-0.8327160493827162
CA,1902,16.62,422.148,43.93333333333334,6.6296296296296315,95.53920441480801,-0.6660493827160474
CA,1903,18.98,482.092,40.9,4.944444444444444,109.10554150379396,-2.351234567901235
CA,1904,23.15,588.0099999999999,43.333333333333336,6.296296296296298,133.07656932628186,-0.9993827160493813
CA,1905,17.72,450.08799999999997,45.300000000000004,7.388888888888892,101.86249712577603,0.093209876543213
CA,1906,22.060000000000002,560.3240000000001,44.4,6.888888888888888,126.8107610945045,-0.40679012345679055
CA,1907,27.950000000000003,709.9300000000001,44.36666666666667,6.87037037037037,160.6691193377788,-0.4253086419753087
CA,1908,13.879999999999999,352.55199999999996,43.800000000000004,6.555555555555558,79.78845711657851,-0.7401234567901209
CA,1909,25.2,640.0799999999999,43.13333333333333,6.185185185185185,144.8608875603587,-1.1104938271604938
CA,1910,18.0,457.2,40.43333333333333,4.685185185185183,103.47206254311335,-2.6104938271604956
CA,1911,22.2,563.88,42.73333333333333,5.962962962962959,127.61554380317314,-1.3327160493827197
CA,1912,10.58,268.73199999999997,43.4,6.333333333333332,60.8185789836744,-0.9623456790123468
CA,1913,11.24,285.496,41.03333333333333,5.018518518518517,64.61255461025523,-2.2771604938271617
CA,1914,25.27,641.858,44.06666666666666,6.7037037037037015,145.26327891469302,-0.5919753086419774
CA,1915,20.54,521.7159999999999,41.5,5.277777777777778,118.07312025753045,-2.0179012345679013
CA,1916,22.41,569.2139999999999,42.93333333333334,6.074074074074076,128.8227178661761,-1.2216049382716028
CA,1917,14.14,359.156,39.6,4.222222222222223,81.2830535755346,-3.0734567901234557
CA,1918,14.34,364.236,44.300000000000004,6.833333333333336,82.43274315934697,-0.46234567901234325
CA,1919,16.04,407.41599999999994,41.6,5.333333333333334,92.2051046217521,-1.962345679012345
CA,1920,11.8,299.72,43.9,6.611111111111111,67.83168544492987,-0.6845679012345682
CA,1921,19.23,488.442,42.93333333333334,6.074074074074076,110.54265348355943,-1.2216049382716028
CA,1922,19.47,494.53799999999995,41.233333333333334,5.12962962962963,111.92228098413428,-2.166049382716049
CA,1923,12.7,322.58,43.166666666666664,6.203703703703702,73.00528857208553,-1.0919753086419766
CA,1924,7.7700000000000005,197.358,44.13333333333333,6.7407407407407405,44.665440331110595,-0.5549382716049385
CA,1925,14.870000000000001,377.698,43.43333333333334,6.351851851851854,85.47942055644974,-0.9438271604938251
CA,1926,11.7,297.17999999999995,44.666666666666664,7.037037037037035,67.25684065302367,-0.2586419753086435
CA,1927,22.79,578.866,43.63333333333333,6.462962962962963,131.00712807541962,-0.8327160493827162
CA,1928,15.0,381.0,43.53333333333333,6.4074074074074066,86.2267187859278,-0.8882716049382724
CA,1929,11.26,286.00399999999996,40.833333333333336,4.907407407407408,64.72752356863646,-2.3882716049382706
CA,1930,14.52,368.808,45.53333333333333,7.518518518518517,83.46746378477812,0.22283950617283832
CA,1931,10.06,255.524,44.0,6.666666666666667,57.82938606576224,-0.629012345679012
CA,1932,17.71,449.834,40.63333333333333,4.796296296296296,101.80501264658542,-2.499382716049383
CA,1933,12.780000000000001,324.612,38.833333333333336,3.7962962962962976,73.46516440561048,-3.4993827160493813
CA,1934,11.379999999999999,289.05199999999996,45.86666666666667,7.703703703703705,65.41733731892388,0.4080246913580261
CA,1935,17.580000000000002,446.53200000000004,44.0,6.666666666666667,101.05771441710739,-0.629012345679012
CA,1936,18.12,460.248,44.26666666666667,6.814814814814818,104.16187629340077,-0.4808641975308605
CA,1937,19.13,485.90199999999993,38.76666666666667,3.7592592592592626,109.96780869165323,-3.5364197530864163
CA,1938,29.18,741.1719999999999,44.833333333333336,7.1296296296296315,167.73971027822486,-0.1660493827160474
CA,1939,11.66,296.164,42.93333333333334,6.074074074074076,67.0269027362612,-1.2216049382716028
CA,1940,22.03,559.562,46.4,8.0,126.63830765693264,0.704320987654321
CA,1941,26.740000000000002,679.196,46.1,7.833333333333333,153.71349735571397,0.5376543209876541
CA,1942,18.67,474.218,43.23333333333333,6.240740740740737,107.3235226488848,-1.054938271604942
CA,1943,21.38,543.0519999999999,44.9,7.166666666666667,122.9018165095424,-0.12901234567901199
CA,1944,13.9,353.06,42.666666666666664,5.925925925925925,79.90342607495975,-1.3697530864197542
CA,1945,17.86,453.64399999999995,44.1,6.722222222222223,102.66727983444468,-0.5734567901234557
CA,1946,16.37,415.798,42.43333333333333,5.796296296296294,94.10209243504254,-1.499382716049385
CA,1947,13.07,331.978,44.13333333333333,6.7407407407407405,75.13221430213842,-0.5549382716049385
CA,1948,9.75,247.64999999999998,43.26666666666667,6.259259259259263,56.04736721085306,-1.0364197530864159
CA,1949,14.17,359.918,36.800000000000004,2.666666666666669,81.45550701310647,-4.62901234567901
CA,1950,14.57,370.078,41.666666666666664,5.370370370370369,83.75488618073119,-1.9253086419753096
CA,1951,16.25,412.75,44.96666666666667,7.203703703703705,93.41227868475511,-0.0919753086419739
CA,1952,25.400000000000002,645.16,41.166666666666664,5.092592592592592,146.01057714417107,-2.2030864197530873
CA,1953,16.9,429.25999999999993,44.833333333333336,7.1296296296296315,97.1487698321453,-0.1660493827160474
CA,1954,17.17,436.118,45.13333333333333,7.296296296296295,98.70085077029202,0.0006172839506159988
CA,1955,12.23,310.642,40.5,4.722222222222222,70.30351805012647,-2.5734567901234566
CA,1956,23.91,607.314,43.4,6.333333333333332,137.4453897447689,-0.9623456790123468
CA,1957,11.54,293.116,43.56666666666666,6.425925925925924,66.33708898597378,-0.8697530864197551
CA,1958,24.04,610.616,45.6,7.555555555555555,138.19268797424695,0.2598765432098764
CA,1959,12.69,322.32599999999996,45.9,7.722222222222222,72.9478040928949,0.42654320987654337
CA,1960,13.51,343.154,42.833333333333336,6.01851851851852,77.66153138652564,-1.277160493827159
CA,1961,13.95,354.33,44.86666666666667,7.148148148148149,80.19084847091285,-0.14753086419753014
CA,1962,18.17,461.51800000000003,42.266666666666666,5.703703703703703,104.44929868935388,-1.5919753086419757
CA,1963,13.77,349.758,46.0,7.777777777777778,79.1561278454817,0.48209876543209873
CA,1964,11.18,283.972,42.699999999999996,5.944444444444442,64.26764773511151,-1.351234567901237
CA,1965,18.53,470.662,44.76666666666667,7.092592592592596,106.51873994021614,-0.20308641975308284
CA,1966,16.42,417.06800000000004,41.166666666666664,5.092592592592592,94.38951483099564,-2.2030864197530873
CA,1967,21.3,541.02,44.63333333333333,7.018518518518518,122.44194067601747,-0.2771604938271608
CA,1968,14.29,362.96599999999995,43.800000000000004,6.555555555555558,82.14532076339388,-0.7401234567901209
CA,1969,27.32,693.928,41.43333333333333,5.240740740740739,157.04759714876982,-2.0549382716049402
CA,1970,19.28,489.712,46.03333333333333,7.796296296296295,110.83007587951252,0.500617283950616
CA,1971,18.6,472.44,43.03333333333333,6.129629629629629,106.92113129455046,-1.16604938271605
CA,1972,12.19,309.626,41.833333333333336,5.462962962962965,70.07358013336399,-1.8327160493827144
CA,1973,21.939999999999998,557.276,41.666666666666664,5.370370370370369,126.12094734421706,-1.9253086419753096
CA,1974,23.37,593.598,43.56666666666666,6.425925925925924,134.3412278684755,-0.8697530864197551
CA,1975,17.15,435.60999999999996,42.76666666666667,5.9814814814814845,98.58588181191077,-1.3141975308641944
CA,1976,7.96,202.184,45.03333333333333,7.24074074074074,45.75764543573236,-0.05493827160493936
CA,1977,6.1899999999999995,157.22599999999997,44.666666666666664,7.037037037037035,35.582892618992865,-0.2586419753086435
CA,1978,27.58,700.5319999999999,46.43333333333334,8.01851851851852,158.5421936077259,0.7228395061728419
CA,1979,16.84,427.736,40.9,4.944444444444444,96.8038629570016,-2.351234567901235
CA,1980,22.64,575.0559999999999,46.800000000000004,8.222222222222225,130.14486088756033,0.926543209876546
CA,1981,13.76,349.50399999999996,47.166666666666664,8.425925925925924,79.09864336629109,1.1302469135802449
CA,1982,23.580000000000002,598.932,44.666666666666664,7.037037037037035,135.5484019314785,-0.2586419753086435
CA,1983,31.72,805.6879999999999,44.5,6.944444444444445,182.34076799264196,-0.3512345679012343
CA,1984,17.7,449.58,45.56666666666666,7.5370370370370345,101.7475281673948,0.2413580246913556
CA,1985,14.55,369.57,42.56666666666667,5.870370370370372,83.63991722234996,-1.425308641975307
CA,1986,23.759999999999998,603.5039999999999,47.0,8.333333333333334,136.58312255690961,1.037654320987655
CA,1987,11.71,297.434,43.9,6.611111111111111,67.31432513221431,-0.6845679012345682
CA,1988,12.53,318.26199999999994,44.03333333333333,6.685185185185184,72.028052425845,-0.6104938271604947
CA,1989,15.52,394.20799999999997,42.03333333333333,5.574074074074073,89.21591170383995,-1.7216049382716063
CA,1990,8.55,217.17000000000002,43.53333333333333,6.4074074074074066,49.14922970797885,-0.8882716049382724
CA,1991,13.969999999999999,354.83799999999997,44.5,6.944444444444445,80.30581742929408,-0.3512345679012343
CA,1992,15.14,384.556,45.43333333333334,7.4629629629629655,87.03150149459645,0.16728395061728651
CA,1993,24.96,633.984,41.86666666666667,5.481481481481482,143.48126005978386,-1.814197530864197
CA,1994,11.049999999999999,280.66999999999996,44.166666666666664,6.759259259259258,63.52034950563347,-0.5364197530864212
CA,1995,29.88,758.9519999999999,46.03333333333333,7.796296296296295,171.76362382156813,0.500617283950616
CA,1996,19.82,503.428,46.93333333333334,8.296296296296298,113.93423775580594,1.0006172839506187
CA,1997,21.48,545.592,45.56666666666666,7.5370370370370345,123.4766613014486,0.2413580246913556
CA,1998,29.53,750.062,43.699999999999996,6.499999999999997,169.75166704989653,-0.7956790123456816
CA,1999,16.91,429.51399999999995,43.96666666666667,6.648148148148149,97.20625431133593,-0.6475308641975301
CA,2000,16.79,426.46599999999995,46.1,7.833333333333333,96.51644056104851,0.5376543209876541
CA,2001,11.71,297.434,43.96666666666667,6.648148148148149,67.31432513221431,-0.6475308641975301
CA,2002,15.04,382.01599999999996,44.46666666666667,6.925925925925927,86.45665670269027,-0.3697530864197516
CA,2003,18.67,474.218,46.56666666666666,8.09259259259259,107.3235226488848,0.796913580246911
CA,2004,17.35,440.69,43.9,6.611111111111111,99.73557139572316,-0.6845679012345682
CA,2005,20.47,519.938,45.26666666666667,7.370370370370375,117.67072890319612,0.07469135802469573
CA,2006,22.71,576.834,46.13333333333333,7.851851851851851,130.54725224189468,0.5561728395061722
CA,2007,11.0,279.4,44.03333333333333,6.685185185185184,63.232927109680375,-0.6104938271604947
CA,2008,14.51,368.554,42.699999999999996,5.944444444444442,83.40997930558747,-1.351234567901237
CA,2009,13.629999999999999,346.20199999999994,44.699999999999996,7.055555555555554,78.35134513681305,-0.24012345679012537
CA,2010,16.46,418.084,44.6,7.000000000000001,94.6194527477581,-0.29567901234567806
CA,2011,21.76,552.7040000000001,44.800000000000004,7.111111111111114,125.08622671878594,-0.18456790123456468
CA,2012,11.24,285.496,45.26666666666667,7.370370370370375,64.61255461025523,0.07469135802469573
CA,2013,12.82,325.628,43.46666666666667,6.370370370370371,73.69510232237296,-0.9253086419753078
CA,2014,9.27,235.45799999999997,48.0,8.88888888888889,53.28811220970337,1.5932098765432103
CA,2015,12.43,315.722,49.53333333333333,9.74074074074074,71.45320763393883,2.4450617283950615
CA,2016,19.04,483.61599999999993,46.199999999999996,7.888888888888886,109.45044837893766,0.5932098765432068
CA,2017,26.96,684.784,44.300000000000004,6.833333333333336,154.97815589790756,-0.46234567901234325
CA,2018,12.3,312.42,47.666666666666664,8.703703703703702,70.7059094044608,1.4080246913580234
CA,2019,23.04,585.2159999999999,43.833333333333336,6.574074074074075,132.44424005518508,-0.7216049382716037
CA,2020,11.940000000000001,303.276,46.300000000000004,7.944444444444447,68.63646815359853,0.6487654320987684
CA,2021,9.79,248.66599999999997,46.13333333333333,7.851851851851851,56.27730512761554,0.5561728395061722
CA,2022,8.95,227.32999999999996,45.699999999999996,7.611111111111108,51.448608875603576,0.3154320987654291
CA,2023,27.44,696.976,42.93333333333334,6.074074074074076,157.73741089905727,-1.2216049382716028
CA,2024,20.060000000000002,509.524,46.699999999999996,8.166666666666664,115.31386525638078,0.8709876543209853
CA,2025,17.57,446.27799999999996,47.333333333333336,8.51851851851852,101.00022993791674,1.2228395061728419
CA,2026,16.23,412.24199999999996,49.5,9.722222222222221,93.29730972637387,2.4265432098765425
CO,1896,6.51,165.35399999999998,25.133333333333336,-3.8148148148148127,114.35095731600208,-1.129012345679011
CO,1897,7.5600000000000005,192.024,25.0,-3.888888888888889,132.79466010890567,-1.2030864197530873
CO,1898,4.46,113.28399999999999,23.066666666666663,-4.9629629629629655,78.3418232917618,-2.277160493827164
CO,1899,6.68,169.672,18.5,-7.5,117.33708062532935,-4.814197530864199
CO,1900,4.3100000000000005,109.474,25.433333333333334,-3.6481481481481475,75.7070086070613,-0.9623456790123459
CO,1901,4.35,110.48999999999998,25.7,-3.5000000000000004,76.40962585631476,-0.8141975308641989
CO,1902,4.1,104.13999999999999,26.599999999999998,-3.0000000000000013,72.01826804848058,-0.31419753086419977
CO,1903,6.87,174.498,21.433333333333334,-5.87037037037037,120.67451255928331,-3.1845679012345687
CO,1904,3.15,80.00999999999999,26.733333333333334,-2.9259259259259256,55.33110837871069,-0.24012345679012403
CO,1905,6.92,175.768,23.433333333333334,-4.759259259259259,121.55278412085015,-2.073456790123457
CO,1906,6.52,165.60799999999998,25.366666666666664,-3.6851851851851873,114.52661162831546,-0.9993827160493858
CO,1907,5.17,131.31799999999998,31.099999999999998,-0.5000000000000012,90.81327946601088,2.1858024691358002
CO,1908,4.69,119.126,25.766666666666666,-3.4629629629629637,82.38187247496926,-0.7771604938271621
CO,1909,7.71,195.83399999999997,25.099999999999998,-3.833333333333335,135.42947479360615,-1.1475308641975333
CO,1910,5.8,147.32,20.633333333333333,-6.314814814814815,101.87950114175302,-3.6290123456790133
CO,1911,6.319999999999999,160.52799999999996,27.833333333333332,-2.3148148148148153,111.01352538204809,0.37098765432098624
CO,1912,6.55,166.36999999999998,21.96666666666667,-5.574074074074073,115.05357456525554,-2.888271604938271
CO,1913,4.29,108.966,20.566666666666666,-6.351851851851852,75.35569998243456,-3.6660493827160505
CO,1914,7.109999999999999,180.59399999999997,22.633333333333336,-5.2037037037037015,124.89021605480413,-2.5179012345679
CO,1915,4.34,110.23599999999999,22.333333333333332,-5.370370370370371,76.23397154400139,-2.6845679012345696
CO,1916,7.220000000000001,183.388,25.266666666666666,-3.7407407407407414,126.82241349025117,-1.0549382716049398
CO,1917,5.0,127.0,22.133333333333336,-5.481481481481479,87.82715615668364,-2.7956790123456776
CO,1918,6.34,161.036,25.233333333333334,-3.7592592592592586,111.36483400667485,-1.073456790123457
CO,1919,6.21,157.73399999999998,21.333333333333332,-5.925925925925927,109.08132794660106,-3.240123456790126
CO,1920,6.54,166.11599999999999,25.433333333333334,-3.6481481481481475,114.87792025294219,-0.9623456790123459
CO,1921,5.43,137.922,26.633333333333336,-2.9814814814814796,95.38029158615842,-0.29567901234567806
CO,1922,6.41,162.814,24.8,-4.0,112.59441419286843,-1.3141975308641984
CO,1923,6.6,167.64,26.766666666666666,-2.907407407407408,115.9318461268224,-0.22160493827160632
CO,1924,5.79,147.066,24.53333333333333,-4.148148148148149,101.70384682943966,-1.4623456790123472
CO,1925,4.970000000000001,126.23800000000001,22.099999999999998,-5.500000000000002,87.30019321974355,-2.8141975308642
CO,1926,5.45,138.43,26.366666666666664,-3.1296296296296315,95.73160021078517,-0.44382716049383
CO,1927,7.22,183.38799999999998,26.666666666666668,-2.9629629629629624,126.82241349025117,-0.2771604938271608
CO,1928,5.0600000000000005,128.524,24.666666666666668,-4.074074074074073,88.88108203056385,-1.388271604938271
CO,1929,5.99,152.146,20.3,-6.5,105.21693307570699,-3.8141975308641984
CO,1930,4.4399999999999995,112.77599999999998,24.900000000000002,-3.944444444444443,77.99051466713506,-1.2586419753086413
CO,1931,4.93,125.22199999999998,25.5,-3.611111111111111,86.59757597049006,-0.9253086419753096
CO,1932,6.24,158.496,23.866666666666664,-4.518518518518521,109.60829088354119,-1.8327160493827193
CO,1933,3.84,97.53599999999999,20.3,-6.5,67.45125592833303,-3.8141975308641984
CO,1934,5.09,129.286,31.333333333333332,-0.370370370370371,89.40804496750395,2.3154320987654304
CO,1935,4.8100000000000005,122.174,28.666666666666668,-1.8518518518518512,84.48972422272968,0.8339506172839504
CO,1936,4.88,123.95199999999998,24.53333333333333,-4.148148148148149,85.71930440892322,-1.4623456790123472
CO,1937,5.53,140.462,21.633333333333336,-5.759259259259257,97.1368347092921,-3.0734567901234553
CO,1938,7.31,185.67399999999998,26.96666666666667,-2.7962962962962954,128.40330230107148,-0.11049382716049383
CO,1939,6.62,168.148,23.0,-5.0,116.28315475144913,-2.3141975308641984
CO,1940,5.65,143.51,26.166666666666668,-3.24074074074074,99.24468645705251,-0.5549382716049385
CO,1941,7.380000000000001,187.452,27.166666666666668,-2.6851851851851847,129.63288248726505,0.000617283950616887
CO,1942,5.46,138.684,23.099999999999998,-4.944444444444446,95.90725452309853,-2.258641975308645
CO,1943,5.54,140.71599999999998,28.766666666666666,-1.7962962962962967,97.31248902160546,0.8895061728395048
CO,1944,6.17,156.718,24.766666666666666,-4.018518518518519,108.3787106973476,-1.3327160493827175
CO,1945,6.01,152.654,26.866666666666664,-2.8518518518518534,105.56824170033373,-0.16604938271605185
CO,1946,4.27,108.45799999999998,25.133333333333336,-3.8148148148148127,75.00439135780782,-1.129012345679011
CO,1947,6.12,155.448,27.133333333333336,-2.703703703703702,107.50043913578078,-0.01790123456790038
CO,1948,7.640000000000001,194.056,23.733333333333334,-4.592592592592592,134.19989460741263,-1.90679012345679
CO,1949,7.12,180.84799999999998,21.399999999999995,-5.888888888888892,125.0658703671175,-3.2030864197530904
CO,1950,4.16,105.664,27.133333333333336,-2.703703703703702,73.07219392236078,-0.01790123456790038
CO,1951,4.98,126.492,27.46666666666667,-2.5185185185185173,87.47584753205692,0.1672839506172843
CO,1952,8.120000000000001,206.24800000000002,24.733333333333334,-4.037037037037036,142.63130159845426,-1.3512345679012348
CO,1953,5.13,130.302,27.3,-2.6111111111111107,90.1106622167574,0.07469135802469085
CO,1954,4.92,124.96799999999999,29.7,-1.2777777777777781,86.4219216581767,1.4080246913580234
CO,1955,4.53,115.062,22.933333333333334,-5.037037037037036,79.57140347795537,-2.3512345679012348
CO,1956,5.86,148.844,26.933333333333334,-2.814814814814815,102.93342701563323,-0.12901234567901332
CO,1957,6.93,176.022,27.099999999999998,-2.722222222222223,121.72843843316353,-0.03641975308642165
CO,1958,6.58,167.132,28.599999999999998,-1.8888888888888902,115.58053750219568,0.7969135802469114
CO,1959,5.449999999999999,138.42999999999998,27.233333333333334,-2.6481481481481475,95.73160021078516,0.03765432098765409
CO,1960,5.89,149.606,23.333333333333332,-4.814814814814816,103.46038995257332,-2.129012345679014
CO,1961,5.51,139.95399999999998,26.133333333333336,-3.2592592592592577,96.78552608466535,-0.5734567901234562
CO,1962,5.9,149.86,23.333333333333332,-4.814814814814816,103.6360442648867,-2.129012345679014
CO,1963,5.01,127.25399999999999,25.933333333333334,-3.3703703703703702,88.002810468997,-0.6845679012345687
CO,1964,4.3100000000000005,109.474,22.733333333333334,-5.148148148148148,75.7070086070613,-2.4623456790123464
CO,1965,7.140000000000001,181.356,26.0,-3.3333333333333335,125.41717899174422,-0.6475308641975319
CO,1966,4.49,114.04599999999999,23.7,-4.611111111111111,78.8687862287019,-1.9253086419753092
CO,1967,4.88,123.95199999999998,26.599999999999998,-3.0000000000000013,85.71930440892322,-0.31419753086419977
CO,1968,5.46,138.684,24.2,-4.333333333333333,95.90725452309853,-1.6475308641975315
CO,1969,5.73,145.542,26.599999999999998,-3.0000000000000013,100.64992095555945,-0.31419753086419977
CO,1970,4.73,120.14200000000001,28.3,-2.0555555555555554,83.08448972422273,0.6302469135802462
CO,1971,4.83,122.68199999999999,26.733333333333334,-2.9259259259259256,84.84103284735639,-0.24012345679012403
CO,1972,4.36,110.744,26.666666666666668,-2.9629629629629624,76.58528016862813,-0.2771604938271608
CO,1973,7.05,179.07,21.433333333333334,-5.87037037037037,123.83629018092394,-3.1845679012345687
CO,1974,6.66,169.164,23.53333333333333,-4.703703703703705,116.9857720007026,-2.0179012345679035
CO,1975,6.26,159.004,23.7,-4.611111111111111,109.95959950816791,-1.9253086419753092
CO,1976,5.1899999999999995,131.826,28.166666666666668,-2.129629629629629,91.16458809063761,0.5561728395061727
CO,1977,2.57,65.27799999999999,26.366666666666664,-3.1296296296296315,45.14315826453539,-0.44382716049383
CO,1978,6.4399999999999995,163.57599999999996,26.166666666666668,-3.24074074074074,113.12137712980851,-0.5549382716049385
CO,1979,8.93,226.82199999999997,19.5,-6.944444444444445,156.85930089583695,-4.2586419753086435
CO,1980,8.469999999999999,215.13799999999995,26.900000000000002,-2.833333333333332,148.77920252942207,-0.1475308641975306
CO,1981,4.33,109.982,32.03333333333333,0.018518518518517466,76.05831723168804,2.704320987654319
CO,1982,5.69,144.526,26.133333333333336,-3.2592592592592577,99.94730370630599,-0.5734567901234562
CO,1983,6.869999999999999,174.49799999999996,28.233333333333334,-2.092592592592592,120.67451255928329,0.5932098765432094
CO,1984,8.47,215.138,21.433333333333334,-5.87037037037037,148.7792025294221,-3.1845679012345687
CO,1985,5.8,147.32,23.96666666666667,-4.462962962962962,101.87950114175302,-1.7771604938271603
CO,1986,6.08,154.432,29.133333333333336,-1.5925925925925908,106.7978218865273,1.0932098765432108
CO,1987,6.92,175.768,27.2,-2.666666666666667,121.55278412085015,0.0191358024691346
CO,1988,6.15,156.21,23.566666666666666,-4.685185185185186,108.02740207272088,-1.9993827160493844
CO,1989,5.94,150.876,24.166666666666668,-4.351851851851851,104.33866151414017,-1.6660493827160496
CO,1990,5.14,130.55599999999998,25.96666666666667,-3.3518518518518507,90.28631652907077,-0.6660493827160492
CO,1991,5.58,141.732,24.900000000000002,-3.944444444444443,98.01510627085895,-1.2586419753086413
CO,1992,6.81,172.974,27.5,-2.5,119.6205866854031,0.18580246913580156
CO,1993,8.0,203.2,23.7,-4.611111111111111,140.52344985069382,-1.9253086419753092
CO,1994,4.88,123.95199999999998,26.599999999999998,-3.0000000000000013,85.71930440892322,-0.31419753086419977
CO,1995,6.67,169.41799999999998,30.3,-0.9444444444444441,117.16142631301597,1.7413580246913574
CO,1996,5.68,144.272,28.2,-2.1111111111111116,99.7716493939926,0.57469135802469
CO,1997,5.9399999999999995,150.87599999999998,26.366666666666664,-3.1296296296296315,104.33866151414016,-0.44382716049383
CO,1998,5.82,147.828,27.433333333333334,-2.5370370370370368,102.23080976637976,0.1487654320987648
CO,1999,4.42,112.26799999999999,29.866666666666664,-1.185185185185187,77.63920604250833,1.5006172839506147
CO,2000,6.09,154.68599999999998,30.433333333333334,-0.8703703703703702,106.97347619884066,1.8154320987654313
CO,2001,5.2299999999999995,132.84199999999998,26.2,-3.2222222222222228,91.86720533989109,-0.5364197530864212
CO,2002,3.84,97.53599999999999,26.3,-3.166666666666666,67.45125592833303,-0.4808641975308645
CO,2003,5.74,145.796,28.5,-1.9444444444444444,100.82557526787281,0.7413580246913571
CO,2004,5.03,127.762,27.03333333333333,-2.7592592592592604,88.35411909362375,-0.07345679012345885
CO,2005,6.89,175.00599999999997,29.96666666666667,-1.1296296296296287,121.02582118391004,1.556172839506173
CO,2006,4.95,125.73,27.96666666666667,-2.2407407407407396,86.94888459511681,0.445061728395062
CO,2007,5.36,136.144,24.633333333333336,-4.092592592592591,94.15071139996488,-1.4067901234567892
CO,2008,7.03,178.56199999999998,23.633333333333336,-4.648148148148146,123.48498155629717,-1.9623456790123446
CO,2009,5.64,143.25599999999997,28.600000000000005,-1.8888888888888862,99.06903214473913,0.7969135802469154
CO,2010,5.74,145.796,23.7,-4.611111111111111,100.82557526787281,-1.9253086419753092
CO,2011,5.64,143.25599999999997,26.433333333333334,-3.0925925925925926,99.06903214473913,-0.406790123456791
CO,2012,4.4,111.76,27.066666666666663,-2.7407407407407427,77.28789741788161,-0.054938271604941136
CO,2013,4.62,117.348,24.833333333333332,-3.9814814814814827,81.15229228877568,-1.2956790123456812
CO,2014,5.4799999999999995,139.19199999999998,25.900000000000002,-3.3888888888888875,96.25856314772525,-0.703086419753086
CO,2015,5.29,134.36599999999999,29.733333333333334,-1.2592592592592586,92.92113121377128,1.426543209876543
CO,2016,6.3100000000000005,160.274,27.933333333333334,-2.259259259259259,110.83787106973475,0.4265432098765425
CO,2017,7.05,179.07,28.633333333333336,-1.8703703703703687,123.83629018092394,0.8154320987654329
CO,2018,3.76,95.50399999999999,29.46666666666667,-1.4074074074074063,66.0460214298261,1.2783950617283952
CO,2019,7.36,186.944,25.833333333333332,-3.4259259259259265,129.2815738626383,-0.7401234567901249
CO,2020,5.54,140.71599999999998,27.3,-2.6111111111111107,97.31248902160546,0.07469135802469085
CO,2021,5.73,145.542,26.066666666666666,-3.2962962962962963,100.64992095555945,-0.6104938271604947
CO,2022,5.25,133.35,28.066666666666666,-2.185185185185185,92.21851396451783,0.5006172839506164
CO,2023,7.33,186.182,24.733333333333334,-4.037037037037036,128.7546109256982,-1.3512345679012348
CO,2024,6.369999999999999,161.79799999999997,29.0,-1.6666666666666667,111.89179694361493,1.0191358024691348
CO,2025,5.5,139.7,27.433333333333334,-2.5370370370370368,96.609871772352,0.1487654320987648
CO,2026,3.45,87.63,33.56666666666667,0.8703703703703722,60.60073774811171,3.556172839506174
ID,1896,14.0,355.59999999999997,26.433333333333334,-3.0925925925925926,107.58747886674524,0.3432098765432108
ID,1897,17.19,436.62600000000003,25.666666666666668,-3.5185185185185177,132.10205440852508,-0.08271604938271437
ID,1898,13.99,355.346,23.566666666666666,-4.685185185185186,107.51063066755471,-1.2493827160493827
ID,1899,12.19,309.626,21.766666666666666,-5.685185185185186,93.67795481325889,-2.2493827160493827
ID,1900,10.84,275.33599999999996,25.46666666666667,-3.6296296296296284,83.30344792253702,-0.1938271604938251
ID,1901,13.54,343.91599999999994,25.900000000000002,-3.3888888888888875,104.05246170398074,0.04691358024691583
ID,1902,12.22,310.388,25.766666666666666,-3.4629629629629637,93.90849941083049,-0.027160493827160348
ID,1903,15.07,382.77799999999996,21.633333333333336,-5.759259259259257,115.8102361801322,-2.3234567901234535
ID,1904,19.46,494.284,24.366666666666664,-4.240740740740743,149.5465956247759,-0.8049382716049398
ID,1905,9.26,235.20399999999998,24.166666666666668,-4.351851851851851,71.16143245043293,-0.9160493827160479
ID,1906,13.74,348.996,23.400000000000002,-4.777777777777776,105.5894256877914,-1.3419753086419726
ID,1907,19.759999999999998,501.90399999999994,26.96666666666667,-2.7962962962962954,151.85204160049184,0.639506172839508
ID,1908,10.1,256.53999999999996,25.599999999999998,-3.555555555555557,77.61668118243763,-0.1197530864197538
ID,1909,14.4,365.76,25.3,-3.7222222222222223,110.66140683436655,-0.286419753086419
ID,1910,16.37,415.798,18.233333333333334,-7.648148148148148,125.80050207490142,-4.212345679012344
ID,1911,13.57,344.678,23.900000000000002,-4.499999999999998,104.28300630155236,-1.0641975308641949
ID,1912,12.78,324.61199999999997,24.366666666666664,-4.240740740740743,98.2119985655003,-0.8049382716049398
ID,1913,11.969999999999999,304.03799999999995,20.400000000000002,-6.444444444444443,91.98729443106717,-3.0086419753086395
ID,1914,12.59,319.786,24.46666666666667,-4.185185185185184,96.75188278088018,-0.7493827160493809
ID,1915,7.42,188.468,22.53333333333333,-5.25925925925926,57.02136379937498,-1.823456790123457
ID,1916,17.3,439.42,21.900000000000002,-5.61111111111111,132.9473845996209,-2.1753086419753065
ID,1917,13.370000000000001,339.598,18.766666666666666,-7.351851851851852,102.74604231774173,-3.9160493827160487
ID,1918,15.26,387.604,28.366666666666664,-2.0185185185185204,117.27035196475232,1.417283950617283
ID,1919,10.73,272.542,24.3,-4.277777777777778,82.45811773144116,-0.8419753086419743
ID,1920,10.89,276.606,22.266666666666666,-5.407407407407408,83.6876889184897,-1.971604938271605
ID,1921,14.48,367.792,25.633333333333336,-3.5370370370370354,111.27619242789079,-0.10123456790123209
ID,1922,14.4,365.76,19.46666666666667,-6.962962962962962,110.66140683436655,-3.5271604938271586
ID,1923,12.06,306.324,22.233333333333334,-5.425925925925926,92.67892822378198,-1.9901234567901223
ID,1924,9.69,246.12599999999998,24.166666666666668,-4.351851851851851,74.46590501562581,-0.9160493827160479
ID,1925,15.1,383.53999999999996,23.833333333333332,-4.537037037037038,116.0407807777038,-1.1012345679012348
ID,1926,10.87,276.09799999999996,27.400000000000002,-2.5555555555555545,83.53399252010861,0.8802469135802489
ID,1927,16.71,424.434,25.0,-3.888888888888889,128.41334084737952,-0.4530864197530855
ID,1928,15.919999999999998,404.36799999999994,22.03333333333333,-5.537037037037038,122.34233311132743,-2.1012345679012348
ID,1929,10.940000000000001,277.87600000000003,16.466666666666665,-8.62962962962963,84.07192991444236,-5.193827160493827
ID,1930,11.6,294.64,24.133333333333336,-4.3703703703703685,89.14391106101749,-0.9345679012345651
ID,1931,8.95,227.32999999999996,21.599999999999998,-5.7777777777777795,68.77913827552642,-2.341975308641976
ID,1932,14.370000000000001,364.998,19.366666666666667,-7.018518518518518,110.43086223679492,-3.582716049382715
ID,1933,13.15,334.01,17.7,-7.944444444444445,101.05538193555,-4.508641975308642
ID,1934,12.91,327.914,32.733333333333334,0.40740740740740794,99.21102515497722,3.8432098765432112
ID,1935,11.54,293.116,25.0,-3.888888888888889,88.68282186587429,-0.4530864197530855
ID,1936,14.13,358.902,21.099999999999998,-6.055555555555557,108.58650545622216,-2.619753086419754
ID,1937,9.93,252.22199999999998,17.900000000000002,-7.833333333333332,76.31026179619859,-4.397530864197529
ID,1938,17.95,455.92999999999995,27.333333333333332,-2.5925925925925934,137.94251754700548,0.8432098765432099
ID,1939,10.36,263.14399999999995,24.266666666666666,-4.296296296296297,79.61473436139147,-0.8604938271604934
ID,1940,14.69,373.126,28.566666666666666,-1.9074074074074074,112.89000461089198,1.528395061728396
ID,1941,9.72,246.888,27.433333333333334,-2.5370370370370368,74.69644961319742,0.8987654320987666
ID,1942,12.54,318.51599999999996,21.8,-5.666666666666667,96.36764178492751,-2.2308641975308636
ID,1943,18.18,461.772,24.400000000000002,-4.2222222222222205,139.71002612838774,-0.7864197530864172
ID,1944,7.470000000000001,189.738,23.5,-4.722222222222222,57.40560479532764,-1.286419753086419
ID,1945,12.52,318.008,25.566666666666666,-3.5740740740740744,96.21394538654646,-0.13827160493827106
ID,1946,14.88,377.952,23.333333333333332,-4.814814814814816,114.35012039551208,-1.3790123456790124
ID,1947,13.35,339.09,25.7,-3.5000000000000004,102.59234591936064,-0.0641975308641971
ID,1948,12.280000000000001,311.91200000000003,25.099999999999998,-3.833333333333335,94.3695886059737,-0.3975308641975315
ID,1949,14.31,363.474,14.333333333333334,-9.814814814814813,109.96977304165175,-6.37901234567901
ID,1950,15.99,406.14599999999996,22.566666666666666,-5.240740740740741,122.88027050566117,-1.804938271604938
ID,1951,14.6,370.84,26.133333333333336,-3.2592592592592577,112.19837081817718,0.1765432098765456
ID,1952,14.5,368.29999999999995,19.96666666666667,-6.685185185185184,111.42988882627184,-3.249382716049381
ID,1953,13.52,343.40799999999996,29.366666666666664,-1.4629629629629646,103.89876530559968,1.9728395061728388
ID,1954,13.459999999999999,341.88399999999996,27.933333333333334,-2.259259259259259,103.43767611045648,1.1765432098765443
ID,1955,9.36,237.74399999999997,20.3,-6.5,71.92991444233824,-3.0641975308641967
ID,1956,17.87,453.898,23.400000000000002,-4.777777777777776,137.32773195348128,-1.3419753086419726
ID,1957,11.7,297.17999999999995,22.066666666666666,-5.518518518518519,89.91239305292281,-2.0827160493827157
ID,1958,13.01,330.45399999999995,27.766666666666666,-2.3518518518518525,99.97950714688253,1.0839506172839508
ID,1959,14.35,364.48999999999995,28.066666666666666,-2.185185185185185,110.27716583841385,1.2506172839506182
ID,1960,11.06,280.924,21.76666666666667,-5.685185185185184,84.99410830472874,-2.249382716049381
ID,1961,12.39,314.706,26.866666666666664,-2.8518518518518534,95.21491879706954,0.5839506172839499
ID,1962,12.459999999999999,316.484,21.8,-5.666666666666667,95.75285619140327,-2.2308641975308636
ID,1963,11.799999999999999,299.71999999999997,26.933333333333334,-2.814814814814815,90.68087504482813,0.6209876543209885
ID,1964,12.690000000000001,322.326,20.966666666666665,-6.12962962962963,97.52036477278551,-2.6938271604938264
ID,1965,18.48,469.392,26.400000000000002,-3.11111111111111,142.0154721041037,0.3246913580246935
ID,1966,10.9,276.86,25.099999999999998,-3.833333333333335,83.76453711768023,-0.3975308641975315
ID,1967,14.7,373.37999999999994,27.633333333333336,-2.4259259259259243,112.96685281008249,1.009876543209879
ID,1968,11.65,295.90999999999997,24.53333333333333,-4.148148148148149,89.52815205697014,-0.7123456790123455
ID,1969,16.25,412.75,23.900000000000002,-4.499999999999998,124.87832368461501,-1.0641975308641949
ID,1970,14.0,355.59999999999997,28.46666666666667,-1.962962962962962,107.58747886674524,1.4728395061728414
ID,1971,17.38,441.45199999999994,25.099999999999998,-3.833333333333335,133.56217019314516,-0.3975308641975315
ID,1972,17.1,434.34000000000003,23.166666666666668,-4.9074074074074066,131.41042061581027,-1.4716049382716032
ID,1973,10.82,274.828,22.0,-5.555555555555555,83.14975152415596,-2.119753086419752
ID,1974,20.97,532.6379999999999,25.400000000000002,-3.666666666666665,161.15067370254624,-0.23086419753086185
ID,1975,15.16,385.06399999999996,23.566666666666663,-4.685185185185187,116.50186997284698,-1.2493827160493836
ID,1976,13.64,346.456,25.933333333333334,-3.3703703703703702,104.82094369588607,0.0654320987654331
ID,1977,5.23,132.842,24.400000000000002,-4.2222222222222205,40.19160817664841,-0.7864197530864172
ID,1978,16.509999999999998,419.3539999999999,28.366666666666664,-2.0185185185185204,126.87637686356884,1.417283950617283
ID,1979,11.73,297.942,18.400000000000002,-7.555555555555554,90.14293765049442,-4.119753086419751
ID,1980,12.64,321.056,27.066666666666666,-2.740740740740741,97.13612377683285,0.6950617283950624
ID,1981,11.97,304.038,29.2,-1.555555555555556,91.9872944310672,1.8802469135802473
ID,1982,18.44,468.37600000000003,23.7,-4.611111111111111,141.70807930734162,-1.1753086419753074
ID,1983,15.74,399.796,27.46666666666667,-2.5185185185185173,120.95906552589787,0.9172839506172861
ID,1984,15.77,400.558,20.3,-6.5,121.18961012346948,-3.0641975308641967
ID,1985,11.31,287.274,18.0,-7.777777777777778,86.91531328449206,-4.341975308641974
ID,1986,15.170000000000002,385.31800000000004,24.166666666666668,-4.351851851851851,116.57871817203754,-0.9160493827160479
ID,1987,9.17,232.91799999999998,25.2,-3.7777777777777777,70.46979865771813,-0.34197530864197434
ID,1988,10.58,268.73199999999997,24.96666666666667,-3.9074074074074066,81.30539474358318,-0.4716049382716032
ID,1989,15.629999999999999,397.00199999999995,20.53333333333333,-6.370370370370371,120.113735334802,-2.934567901234568
ID,1990,10.18,258.572,25.933333333333334,-3.3703703703703702,78.2314667759619,0.0654320987654331
ID,1991,10.35,262.89,23.266666666666666,-4.851851851851852,79.53788616220095,-1.4160493827160487
ID,1992,9.42,239.26799999999997,28.733333333333334,-1.8148148148148142,72.39100363748143,1.6209876543209891
ID,1993,13.39,340.106,20.599999999999998,-6.333333333333335,102.89973871612277,-2.8975308641975315
ID,1994,8.129999999999999,206.50199999999995,26.333333333333332,-3.148148148148149,62.47758594190277,0.28765432098765453
ID,1995,15.45,392.42999999999995,28.133333333333336,-2.1481481481481466,118.73046774937241,1.2876543209876568
ID,1996,17.44,442.976,25.933333333333334,-3.3703703703703702,134.02325938828835,0.0654320987654331
ID,1997,20.12,511.048,25.400000000000002,-3.666666666666665,154.61857677135103,-0.23086419753086185
ID,1998,11.47,291.338,26.899999999999995,-2.833333333333336,88.14488447154058,0.6024691358024672
ID,1999,16.7,424.17999999999995,25.566666666666666,-3.5740740740740744,128.33649264818894,-0.13827160493827106
ID,2000,13.27,337.058,27.866666666666664,-2.296296296296298,101.9775603258364,1.1395061728395053
ID,2001,7.15,181.60999999999999,24.099999999999998,-4.38888888888889,54.946462421230606,-0.9530864197530868
ID,2002,12.7,322.58,23.066666666666666,-4.962962962962964,97.59721297197605,-1.5271604938271603
ID,2003,13.19,335.02599999999995,29.099999999999998,-1.6111111111111123,101.36277473231212,1.824691358024691
ID,2004,12.26,311.404,25.733333333333334,-3.481481481481481,94.21589220759263,-0.045679012345677616
ID,2005,8.879999999999999,225.55199999999996,27.833333333333332,-2.3148148148148153,68.2412008811927,1.120987654320988
ID,2006,16.45,417.83,25.099999999999998,-3.833333333333335,126.41528766842566,-0.3975308641975315
ID,2007,12.32,312.928,25.599999999999998,-3.555555555555557,94.67698140273582,-0.1197530864197538
ID,2008,13.7,347.97999999999996,23.633333333333336,-4.648148148148146,105.28203289102926,-1.2123456790123428
ID,2009,13.89,352.806,25.066666666666666,-3.8518518518518525,106.74214867564939,-0.4160493827160492
ID,2010,8.63,219.202,25.633333333333336,-3.5370370370370354,66.3199959014294,-0.10123456790123209
ID,2011,15.849999999999998,402.5899999999999,24.96666666666667,-3.9074074074074066,121.80439571699371,-0.4716049382716032
ID,2012,12.879999999999999,327.15199999999993,26.53333333333333,-3.037037037037038,98.98048055740561,0.39876543209876525
ID,2013,11.31,287.274,24.5,-4.166666666666667,86.91531328449206,-0.7308641975308636
ID,2014,13.1,332.73999999999995,25.599999999999998,-3.555555555555557,100.67114093959732,-0.1197530864197538
ID,2015,12.05,306.07,31.0,-0.5555555555555556,92.60208002459144,2.8802469135802475
ID,2016,14.959999999999999,379.984,27.333333333333332,-2.5925925925925934,114.96490598903635,0.8432098765432099
ID,2017,17.48,443.99199999999996,22.366666666666664,-5.351851851851854,134.3306521850505,-1.9160493827160505
ID,2018,13.65,346.71,27.266666666666666,-2.62962962962963,104.89779189507662,0.8061728395061731
ID,2019,13.020000000000001,330.708,24.599999999999998,-4.1111111111111125,100.05635534607309,-0.6753086419753092
ID,2020,11.17,283.71799999999996,26.7,-2.9444444444444446,85.83943849582458,0.4913580246913587
ID,2021,10.91,277.114,26.066666666666666,-3.2962962962962963,83.84138531687076,0.13950617283950706
ID,2022,10.74,272.796,24.96666666666667,-3.9074074074074066,82.5349659306317,-0.4716049382716032
ID,2023,13.32,338.328,23.2,-4.888888888888889,102.36180132178903,-1.453086419753086
ID,2024,12.700000000000001,322.58,28.5,-1.9444444444444444,97.59721297197605,1.491358024691359
ID,2025,13.96,354.584,26.133333333333336,-3.2592592592592577,107.28008606998313,0.1765432098765456
ID,2026,12.600000000000001,320.04,31.866666666666664,-0.07407407407407579,96.82873098007073,3.3617283950617276
MT,1896,7.88,200.152,20.766666666666666,-6.240740740740741,132.29615535284566,-0.7092592592592615
MT,1897,9.3,236.22,21.03333333333333,-6.0925925925925934,156.13632547988135,-0.5611111111111136
MT,1898,10.2,259.08,21.53333333333333,-5.814814814814816,171.24629246180533,-0.2833333333333359
MT,1899,7.41,188.214,13.933333333333332,-10.037037037037038,124.40539481784094,-4.505555555555558
MT,1900,5.95,151.13,20.966666666666665,-6.12962962962963,99.89367060271978,-0.5981481481481499
MT,1901,5.9,149.86,20.9,-6.166666666666668,99.05422799261291,-0.635185185185188
MT,1902,6.96,176.784,21.166666666666668,-6.018518518518517,116.85041132687893,-0.4870370370370374
MT,1903,6.6,167.64,17.5,-8.055555555555555,110.80642453410934,-2.5240740740740755
MT,1904,9.25,234.95,19.433333333333334,-6.981481481481481,155.29688286977444,-1.450000000000001
MT,1905,4.46,113.28399999999999,17.5,-8.055555555555555,74.87828082153449,-2.5240740740740755
MT,1906,4.98,126.492,23.099999999999998,-4.944444444444446,83.60848396664613,0.5870370370370335
MT,1907,10.32,262.128,15.566666666666668,-9.129629629629628,173.26095472606187,-3.598148148148148
MT,1908,5.28,134.112,23.099999999999998,-4.944444444444446,88.64513962728746,0.5870370370370335
MT,1909,5.59,141.986,18.0,-7.777777777777778,93.84968380995016,-2.246296296296298
MT,1910,7.63,193.802,14.1,-9.944444444444445,128.09894230231126,-4.412962962962965
MT,1911,6.35,161.29,16.23333333333333,-8.75925925925926,106.6092114835749,-3.2277777777777796
MT,1912,5.83,148.082,18.866666666666667,-7.296296296296295,97.87900833846324,-1.764814814814815
MT,1913,5.83,148.082,17.266666666666666,-8.185185185185185,97.87900833846324,-2.6537037037037052
MT,1914,4.78,121.412,20.833333333333332,-6.203703703703705,80.25071352621859,-0.6722222222222252
MT,1915,4.17,105.91799999999999,17.866666666666667,-7.851851851851851,70.00951368291453,-2.3203703703703713
MT,1916,8.129999999999999,206.50199999999995,12.5,-10.833333333333334,136.49336840338012,-5.301851851851854
MT,1917,6.83,173.482,12.033333333333333,-11.092592592592593,114.66786054060103,-5.561111111111114
MT,1918,8.44,214.37599999999998,15.799999999999999,-9.000000000000002,141.69791258604283,-3.468518518518522
MT,1919,4.87,123.698,23.366666666666664,-4.7962962962962985,81.76171022441098,0.7351851851851814
MT,1920,6.779999999999999,172.21199999999996,18.133333333333333,-7.703703703703705,113.82841793049411,-2.172222222222225
MT,1921,4.85,123.18999999999998,24.7,-4.055555555555555,81.42593318036822,1.4759259259259245
MT,1922,7.04,178.816,12.833333333333334,-10.648148148148145,118.19351950304996,-5.116666666666665
MT,1923,6.13,155.702,16.46666666666667,-8.629629629629628,102.91566399910458,-3.098148148148148
MT,1924,6.0200000000000005,152.90800000000002,21.366666666666664,-5.907407407407409,101.06889025686944,-0.3759259259259293
MT,1925,6.95,176.53,19.0,-7.222222222222222,116.68252280485756,-1.6907407407407424
MT,1926,4.46,113.28399999999999,26.766666666666666,-2.907407407407408,74.87828082153449,2.624074074074072
MT,1927,7.12,180.84799999999998,18.266666666666666,-7.62962962962963,119.53662767922097,-2.09814814814815
MT,1928,8.780000000000001,223.01200000000003,16.099999999999998,-8.833333333333336,147.40612233476972,-3.301851851851856
MT,1929,6.1,154.93999999999997,12.166666666666666,-11.01851851851852,102.41199843304042,-5.487037037037041
MT,1930,7.13,181.10199999999998,16.966666666666665,-8.351851851851853,119.70451620124234,-2.820370370370373
MT,1931,3.8500000000000005,97.79,27.266666666666666,-2.62962962962963,64.63708097823044,2.9018518518518497
MT,1932,6.3100000000000005,160.274,19.7,-6.833333333333333,105.93765739548938,-1.3018518518518531
MT,1933,5.75,146.04999999999998,16.599999999999998,-8.555555555555557,96.53590016229221,-3.0240740740740772
MT,1934,7.41,188.214,25.666666666666668,-3.5185185185185177,124.40539481784094,2.012962962962962
MT,1935,5.54,140.71599999999998,21.46666666666667,-5.851851851851851,93.01024119984328,-0.3203703703703713
MT,1936,5.95,151.13,11.299999999999999,-11.500000000000002,99.89367060271978,-5.968518518518522
MT,1937,5.39,136.90599999999998,11.0,-11.666666666666666,90.49191336952262,-6.135185185185186
MT,1938,6.69,169.926,19.566666666666666,-6.907407407407408,112.31742123230173,-1.3759259259259284
MT,1939,5.0600000000000005,128.524,20.966666666666665,-6.12962962962963,84.95159214281716,-0.5981481481481499
MT,1940,6.02,152.908,20.566666666666666,-6.351851851851852,101.06889025686942,-0.8203703703703722
MT,1941,3.94,100.076,24.133333333333336,-4.3703703703703685,66.14807767642283,1.1611111111111114
MT,1942,6.38,162.052,20.066666666666666,-6.62962962962963,107.11287704963902,-1.0981481481481499
MT,1943,7.8500000000000005,199.39000000000001,18.233333333333334,-7.648148148148148,131.79248978678157,-2.116666666666668
MT,1944,3.89,98.806,23.400000000000002,-4.777777777777776,65.30863506631596,0.753703703703704
MT,1945,5.18,131.57199999999997,21.266666666666666,-5.962962962962964,86.96625440707368,-0.4314814814814838
MT,1946,5.95,151.13,21.566666666666666,-5.796296296296297,99.89367060271978,-0.26481481481481683
MT,1947,7.140000000000001,181.356,20.233333333333334,-6.537037037037036,119.87240472326373,-1.0055555555555564
MT,1948,6.66,169.164,21.033333333333335,-6.092592592592592,111.81375566623758,-0.5611111111111118
MT,1949,7.2299999999999995,183.64199999999997,9.266666666666667,-12.62962962962963,121.38340142145611,-7.09814814814815
MT,1950,7.29,185.166,12.466666666666667,-10.851851851851851,122.3907325535844,-5.320370370370371
MT,1951,6.83,173.482,19.433333333333334,-6.981481481481481,114.66786054060103,-1.450000000000001
MT,1952,6.359999999999999,161.54399999999998,15.233333333333334,-9.314814814814815,106.77710000559625,-3.783333333333335
MT,1953,6.18,156.97199999999998,25.900000000000002,-3.3888888888888875,103.75510660921145,2.1425925925925924
MT,1954,7.38,187.452,23.7,-4.611111111111111,123.90172925177681,0.9203703703703692
MT,1955,4.37,110.99799999999999,20.53333333333333,-6.370370370370371,73.36728412334209,-0.8388888888888912
MT,1956,7.8,198.11999999999998,15.800000000000002,-8.999999999999996,130.95304717667466,-3.4685185185185166
MT,1957,5.77,146.558,16.73333333333333,-8.481481481481483,96.87167720633498,-2.950000000000003
MT,1958,5.3,134.61999999999998,26.333333333333332,-3.148148148148149,88.9809166713302,2.383333333333331
MT,1959,8.45,214.62999999999997,17.666666666666668,-7.962962962962962,141.8658011080642,-2.431481481481482
MT,1960,5.6,142.23999999999998,20.566666666666666,-6.351851851851852,94.01757233197155,-0.8203703703703722
MT,1961,5.25,133.35,25.7,-3.5000000000000004,88.14147406122333,2.0314814814814794
MT,1962,6.04,153.416,17.233333333333334,-8.203703703703702,101.40466730091218,-2.6722222222222225
MT,1963,6.16,156.464,21.7,-5.722222222222222,103.41932956516871,-0.19074074074074243
MT,1964,5.38,136.652,22.53333333333333,-5.25925925925926,90.32402484750124,0.2722222222222195
MT,1965,8.03,203.96199999999996,17.066666666666666,-8.296296296296298,134.81448318316635,-2.7648148148148177
MT,1966,5.17,131.31799999999998,18.666666666666668,-7.4074074074074066,86.7983658850523,-1.8759259259259267
MT,1967,7.74,196.596,23.53333333333333,-4.703703703703705,129.9457160445464,0.8277777777777748
MT,1968,6.03,153.162,19.933333333333334,-6.703703703703703,101.23677877889081,-1.1722222222222234
MT,1969,7.15,181.60999999999999,11.4,-11.444444444444445,120.04029324528511,-5.912962962962965
MT,1970,6.0,152.39999999999998,21.833333333333332,-5.648148148148149,100.73311321282665,-0.11666666666666892
MT,1971,7.69,195.326,18.3,-7.611111111111111,129.10627343443952,-2.079629629629631
MT,1972,8.32,211.328,14.933333333333332,-9.481481481481483,139.68325032178632,-3.950000000000003
MT,1973,4.109999999999999,104.39399999999998,19.233333333333334,-7.092592592592592,69.00218255078626,-1.5611111111111118
MT,1974,8.39,213.106,22.833333333333332,-5.0925925925925934,140.85846997593595,0.43888888888888644
MT,1975,6.79,172.46599999999998,20.0,-6.666666666666667,113.9963064525155,-1.135185185185187
MT,1976,6.11,155.194,24.5,-4.166666666666667,102.57988695506182,1.364814814814813
MT,1977,4.4399999999999995,112.77599999999998,22.766666666666666,-5.12962962962963,74.54250377749173,0.40185185185185013
MT,1978,7.760000000000001,197.104,14.266666666666666,-9.851851851851853,130.28149308858917,-4.320370370370373
MT,1979,6.98,177.292,9.700000000000001,-12.388888888888888,117.1861883709217,-6.857407407407408
MT,1980,5.640000000000001,143.256,21.53333333333333,-5.814814814814816,94.68912642005706,-0.2833333333333359
MT,1981,5.46,138.684,26.2,-3.2222222222222228,91.66713302367226,2.309259259259257
MT,1982,7.96,202.184,16.033333333333335,-8.87037037037037,133.63926352901672,-3.3388888888888903
MT,1983,5.73,145.542,26.5,-3.0555555555555554,96.20012311824948,2.4759259259259245
MT,1984,5.85,148.58999999999997,19.433333333333334,-6.981481481481481,98.214785382506,-1.450000000000001
MT,1985,5.14,130.55599999999998,14.866666666666667,-9.518518518518517,86.29470031898818,-3.9870370370370374
MT,1986,6.29,159.766,22.099999999999998,-5.500000000000002,105.60188035144661,0.03148148148147811
MT,1987,5.1899999999999995,131.826,26.366666666666664,-3.1296296296296315,87.13414292909506,2.4018518518518484
MT,1988,4.75,120.64999999999999,21.96666666666667,-5.574074074074073,79.74704796015445,-0.04259259259259274
MT,1989,6.98,177.292,17.966666666666665,-7.796296296296297,117.1861883709217,-2.264814814814817
MT,1990,6.81,172.974,23.2,-4.888888888888889,114.33208349655825,0.6425925925925906
MT,1991,5.84,148.33599999999998,20.9,-6.166666666666668,98.04689686048461,-0.635185185185188
MT,1992,4.5,114.3,29.099999999999998,-1.6111111111111123,75.54983490962,3.9203703703703674
MT,1993,5.4399999999999995,138.176,14.233333333333334,-9.87037037037037,91.3313559796295,-4.33888888888889
MT,1994,4.46,113.28399999999999,20.766666666666666,-6.240740740740741,74.87828082153449,-0.7092592592592615
MT,1995,5.65,143.51,24.7,-4.055555555555555,94.85701494207845,1.4759259259259245
MT,1996,7.87,199.898,18.400000000000002,-7.555555555555554,132.12826683082432,-2.0240740740740737
MT,1997,8.71,221.234,18.433333333333334,-7.537037037037036,146.23090268062006,-2.0055555555555564
MT,1998,4.79,121.666,25.066666666666666,-3.8518518518518525,80.41860204823996,1.6796296296296274
MT,1999,7.18,182.37199999999999,24.53333333333333,-4.148148148148149,120.54395881134923,1.383333333333331
MT,2000,5.67,144.018,26.166666666666668,-3.24074074074074,95.1927919861212,2.29074074074074
MT,2001,4.01,101.85399999999998,18.96666666666667,-7.24074074074074,67.32329733057247,-1.7092592592592597
MT,2002,5.22,132.588,23.833333333333332,-4.537037037037038,87.63780849515919,0.9944444444444418
MT,2003,6.12,155.448,24.3,-4.277777777777778,102.74777547708321,1.2537037037037022
MT,2004,5.21,132.334,22.066666666666666,-5.518518518518519,87.46991997313782,0.012962962962960844
MT,2005,4.05,102.86999999999999,24.8,-4.0,67.99485141865799,1.53148148148148
MT,2006,6.449999999999999,163.82999999999998,25.099999999999998,-3.833333333333335,108.28809670378865,1.698148148148145
MT,2007,5.88,149.35199999999998,23.099999999999998,-4.944444444444446,98.71845094857012,0.5870370370370335
MT,2008,5.38,136.652,21.3,-5.944444444444445,90.32402484750124,-0.41296296296296475
MT,2009,6.98,177.292,20.066666666666666,-6.62962962962963,117.1861883709217,-1.0981481481481499
MT,2010,3.93,99.822,17.900000000000002,-7.833333333333332,65.98018915440147,-2.3018518518518523
MT,2011,8.290000000000001,210.566,18.166666666666668,-7.685185185185184,139.17958475572217,-2.1537037037037043
MT,2012,5.67,144.018,25.400000000000002,-3.666666666666665,95.1927919861212,1.8648148148148147
MT,2013,5.28,134.112,23.53333333333333,-4.703703703703705,88.64513962728746,0.8277777777777748
MT,2014,7.55,191.76999999999998,18.53333333333333,-7.481481481481483,126.75583412614023,-1.9500000000000028
MT,2015,6.35,161.29,25.53333333333333,-3.5925925925925934,106.6092114835749,1.9388888888888864
MT,2016,6.08,154.432,26.866666666666664,-2.8518518518518534,102.07622138899768,2.6796296296296265
MT,2017,6.61,167.894,18.266666666666666,-7.62962962962963,110.97431305613073,-2.09814814814815
MT,2018,8.23,209.042,18.066666666666666,-7.740740740740741,138.17225362359392,-2.2092592592592615
MT,2019,6.02,152.908,18.266666666666666,-7.62962962962963,101.06889025686942,-2.09814814814815
MT,2020,5.27,133.85799999999998,24.933333333333334,-3.9259259259259256,88.47725110526608,1.6055555555555543
MT,2021,4.63,117.60199999999999,22.96666666666667,-5.018518518518517,77.7323856958979,0.5129629629629626
MT,2022,5.4399999999999995,138.176,21.599999999999998,-5.7777777777777795,91.3313559796295,-0.24629629629629957
MT,2023,6.0,152.39999999999998,20.266666666666666,-6.518518518518519,100.73311321282665,-0.9870370370370392
MT,2024,4.92,124.96799999999999,25.733333333333334,-3.481481481481481,82.60115283451786,2.049999999999999
MT,2025,5.91,150.114,20.400000000000002,-6.444444444444443,99.22211651463427,-0.912962962962963
MT,2026,6.99,177.546,28.633333333333336,-1.8703703703703687,117.35407689294306,3.6611111111111114
NM,1896,2.56,65.024,34.63333333333333,1.4629629629629628,73.08717167872096,-1.2759259259259257
NM,1897,3.23,82.042,34.733333333333334,1.518518518518519,92.21545489151123,-1.2203703703703694
NM,1898,2.34,59.43599999999999,34.699999999999996,1.4999999999999976,66.80624286258087,-1.238888888888891
NM,1899,2.8499999999999996,72.38999999999999,30.633333333333336,-0.7592592592592575,81.36657784545106,-3.498148148148146
NM,1900,3.3200000000000003,84.328,36.53333333333333,2.5185185185185173,94.78492577084127,-0.22037037037037122
NM,1901,2.57,65.27799999999999,36.13333333333333,2.296296296296296,73.37266844309096,-0.44259259259259265
NM,1902,2.9,73.66,36.266666666666666,2.37037037037037,82.7940616673011,-0.3685185185185187
NM,1903,4.02,102.10799999999999,33.13333333333333,0.6296296296296293,114.7696992767415,-2.109259259259259
NM,1904,0.8300000000000001,21.082,35.666666666666664,2.037037037037036,23.696231442710317,-0.7018518518518526
NM,1905,6.61,167.894,33.53333333333333,0.8518518518518507,188.7133612485725,-1.8870370370370377
NM,1906,6.1000000000000005,154.94,33.166666666666664,0.6481481481481468,174.1530262657023,-2.090740740740742
NM,1907,5.1,129.54,39.833333333333336,4.351851851851853,145.60334982870194,1.6129629629629645
NM,1908,3.06,77.724,36.166666666666664,2.3148148148148135,87.36200989722116,-0.42407407407407494
NM,1909,3.21,81.53399999999999,37.266666666666666,2.9259259259259256,91.64446136277121,0.1870370370370371
NM,1910,2.2,55.88,32.666666666666664,0.3703703703703691,62.80928816140083,-2.3685185185185196
NM,1911,4.3,109.21999999999998,37.86666666666667,3.2592592592592595,122.76360867910161,0.520370370370371
NM,1912,3.12,79.248,32.199999999999996,0.11111111111110875,89.07499048344118,-2.6277777777777795
NM,1913,2.96,75.184,30.633333333333336,-0.7592592592592575,84.50704225352112,-3.498148148148146
NM,1914,3.87,98.298,34.699999999999996,1.4999999999999976,110.48724781119145,-1.238888888888891
NM,1915,5.47,138.938,32.333333333333336,0.1851851851851865,156.16673011039205,-2.553703703703702
NM,1916,4.13,104.90199999999999,37.53333333333333,3.074074074074073,117.91016368481155,0.3351851851851846
NM,1917,1.9200000000000002,48.768,34.03333333333333,1.1296296296296287,54.815378759040726,-1.6092592592592598
NM,1918,2.4699999999999998,62.73799999999999,36.199999999999996,2.333333333333331,70.51770079939092,-0.40555555555555767
NM,1919,5.65,143.51,29.833333333333332,-1.2037037037037044,161.30567186905213,-3.942592592592593
NM,1920,4.07,103.378,37.333333333333336,2.962962962962964,116.19718309859152,0.22407407407407565
NM,1921,2.09,53.08599999999999,36.13333333333333,2.296296296296296,59.668823753330784,-0.44259259259259265
NM,1922,2.11,53.593999999999994,36.03333333333333,2.2407407407407396,60.239817282070796,-0.4981481481481489
NM,1923,3.5,88.89999999999999,37.733333333333334,3.1851851851851856,99.92386752950132,0.4462962962962971
NM,1924,5.12,130.048,33.733333333333334,0.9629629629629635,146.17434335744193,-1.775925925925925
NM,1925,1.87,47.498,33.56666666666667,0.8703703703703722,53.38789493719071,-1.8685185185185162
NM,1926,3.51,89.154,34.03333333333333,1.1296296296296287,100.20936429387132,-1.6092592592592598
NM,1927,3.21,81.53399999999999,37.63333333333333,3.1296296296296293,91.64446136277121,0.39074074074074083
NM,1928,2.36,59.943999999999996,34.26666666666667,1.2592592592592626,67.37723639132089,-1.4796296296296259
NM,1929,3.11,78.99399999999999,32.63333333333333,0.3518518518518516,88.78949371907116,-2.387037037037037
NM,1930,2.55,64.77,35.56666666666667,1.9814814814814834,72.80167491435097,-0.7574074074074051
NM,1931,4.35,110.48999999999998,33.93333333333334,1.0740740740740762,124.19109250095163,-1.6648148148148123
NM,1932,4.86,123.444,33.733333333333334,0.9629629629629635,138.75142748382183,-1.775925925925925
NM,1933,2.37,60.198,30.633333333333336,-0.7592592592592575,67.6627331556909,-3.498148148148146
NM,1934,2.1399999999999997,54.35599999999999,38.56666666666667,3.64814814814815,61.096307575180795,0.9092592592592617
NM,1935,3.42,86.868,37.166666666666664,2.870370370370369,97.63989341454129,0.13148148148148042
NM,1936,3.6,91.44,34.800000000000004,1.555555555555558,102.77883517320136,-1.1833333333333305
NM,1937,3.56,90.42399999999999,33.0,0.5555555555555556,101.63684811572134,-2.1833333333333327
NM,1938,3.16,80.264,36.4,2.4444444444444438,90.21697754092119,-0.29444444444444473
NM,1939,3.7600000000000002,95.504,33.0,0.5555555555555556,107.34678340312142,-2.1833333333333327
NM,1940,3.4699999999999998,88.13799999999999,35.333333333333336,1.8518518518518532,99.06737723639131,-0.8870370370370353
NM,1941,6.9,175.26,37.36666666666667,2.981481481481482,196.9927674153026,0.24259259259259336
NM,1942,2.4899999999999998,63.24599999999999,34.73333333333333,1.518518518518515,71.08869432813093,-1.2203703703703734
NM,1943,2.52,64.008,38.0,3.3333333333333335,71.94518462124094,0.594444444444445
NM,1944,3.61,91.69399999999999,33.06666666666667,0.5925925925925944,103.06433193757135,-2.146296296296294
NM,1945,3.4299999999999997,87.12199999999999,35.833333333333336,2.129629629629631,97.92539017891129,-0.6092592592592574
NM,1946,2.21,56.13399999999999,33.4,0.777777777777777,63.09478492577083,-1.9611111111111115
NM,1947,2.44,61.97599999999999,35.93333333333333,2.1851851851851833,69.66121050628091,-0.5537037037037051
NM,1948,4.63,117.60199999999999,32.93333333333333,0.5185185185185167,132.18500190331173,-2.2203703703703717
NM,1949,3.68,93.472,32.96666666666667,0.5370370370370381,105.06280928816138,-2.2018518518518504
NM,1950,1.43,36.321999999999996,36.86666666666667,2.703703703703704,40.826037304910535,-0.03518518518518432
NM,1951,1.73,43.942,36.5,2.5,49.39094023601065,-0.23888888888888848
NM,1952,2.99,75.946,36.300000000000004,2.388888888888891,85.36353254663112,-0.3499999999999974
NM,1953,3.02,76.708,35.766666666666666,2.092592592592592,86.22002283974115,-0.6462962962962964
NM,1954,2.25,57.15,36.53333333333333,2.5185185185185173,64.23677198325085,-0.22037037037037122
NM,1955,1.47,37.337999999999994,33.300000000000004,0.7222222222222245,41.968024362390544,-2.016666666666664
NM,1956,1.73,43.942,36.46666666666667,2.4814814814814827,49.39094023601065,-0.25740740740740575
NM,1957,2.7800000000000002,70.61200000000001,38.9,3.8333333333333326,79.36810049486105,1.094444444444444
NM,1958,4.890000000000001,124.206,36.46666666666667,2.4814814814814827,139.60791777693186,-0.25740740740740575
NM,1959,1.42,36.068,36.266666666666666,2.37037037037037,40.54054054054053,-0.3685185185185187
NM,1960,3.52,89.408,32.833333333333336,0.4629629629629643,100.49486105824133,-2.2759259259259244
NM,1961,3.3200000000000003,84.328,33.266666666666666,0.7037037037037032,94.78492577084127,-2.035185185185185
NM,1962,3.85,97.78999999999999,34.96666666666667,1.6481481481481493,109.91625428245146,-1.0907407407407392
NM,1963,3.25,82.55,34.766666666666666,1.5370370370370365,92.78644842025123,-1.201851851851852
NM,1964,1.96,49.784,30.733333333333334,-0.7037037037037032,55.957365816520735,-3.4425925925925918
NM,1965,2.99,75.946,35.4,1.8888888888888882,85.36353254663112,-0.8500000000000003
NM,1966,3.28,83.31199999999998,32.666666666666664,0.3703703703703691,93.64293871336123,-2.3685185185185196
NM,1967,1.46,37.083999999999996,35.26666666666667,1.8148148148148182,41.68252759802055,-0.9240740740740703
NM,1968,4.4,111.76,34.4,1.3333333333333326,125.61857632280166,-1.405555555555556
NM,1969,3.27,83.05799999999999,36.199999999999996,2.333333333333331,93.35744194899122,-0.40555555555555767
NM,1970,2.64,67.056,36.56666666666666,2.537037037037035,75.371145793681,-0.2018518518518535
NM,1971,1.17,29.717999999999996,36.06666666666667,2.2592592592592613,33.40312143129044,-0.4796296296296272
NM,1972,2.32,58.92799999999999,36.13333333333333,2.296296296296296,66.23524933384087,-0.44259259259259265
NM,1973,5.0600000000000005,128.524,33.199999999999996,0.6666666666666643,144.4613627712219,-2.072222222222224
NM,1974,1.8900000000000001,48.006,34.800000000000004,1.555555555555558,53.95888846593072,-1.1833333333333305
NM,1975,3.56,90.42399999999999,33.36666666666667,0.7592592592592595,101.63684811572134,-1.979629629629629
NM,1976,2.21,56.13399999999999,37.03333333333333,2.7962962962962954,63.09478492577083,0.05740740740740691
NM,1977,2.37,60.198,33.666666666666664,0.9259259259259246,67.6627331556909,-1.8129629629629638
NM,1978,3.71,94.234,36.46666666666667,2.4814814814814827,105.9192995812714,-0.25740740740740575
NM,1979,6.05,153.67,32.233333333333334,0.12962962962963015,172.72554244385228,-2.6092592592592583
NM,1980,4.0200000000000005,102.108,37.23333333333333,2.907407407407404,114.76969927674153,0.1685185185185154
NM,1981,2.62,66.548,39.06666666666666,3.925925925925924,74.80015226494099,1.1870370370370353
NM,1982,2.93,74.422,36.63333333333333,2.574074074074074,83.65055196041111,-0.16481481481481453
NM,1983,5.76,146.30399999999997,35.0,1.6666666666666667,164.44613627712215,-1.0722222222222217
NM,1984,3.32,84.32799999999999,34.26666666666667,1.2592592592592626,94.78492577084124,-1.4796296296296259
NM,1985,5.76,146.30399999999997,34.43333333333334,1.3518518518518539,164.44613627712215,-1.3870370370370346
NM,1986,2.6,66.03999999999999,38.166666666666664,3.4259259259259247,74.22915873620097,0.6870370370370362
NM,1987,6.710000000000001,170.43400000000003,34.6,1.4444444444444453,191.56832889227255,-1.2944444444444432
NM,1988,3.64,92.456,34.26666666666667,1.2592592592592626,103.92082223068138,-1.4796296296296259
NM,1989,2.65,67.30999999999999,35.166666666666664,1.759259259259258,75.65664255805099,-0.9796296296296305
NM,1990,2.61,66.294,34.4,1.3333333333333326,74.51465550057098,-1.405555555555556
NM,1991,4.29,108.966,35.13333333333333,1.7407407407407405,122.4781119147316,-0.998148148148148
NM,1992,6.42,163.06799999999998,35.166666666666664,1.759259259259258,183.28892272554242,-0.9796296296296305
NM,1993,5.37,136.398,35.86666666666667,2.1481481481481484,153.31176246669202,-0.5907407407407401
NM,1994,2.67,67.818,35.93333333333334,2.1851851851851873,76.22763608679101,-0.5537037037037011
NM,1995,4.73,120.14200000000001,39.36666666666667,4.092592592592593,135.0399695470118,1.353703703703704
NM,1996,1.68,42.672,38.9,3.8333333333333326,47.96345641416063,1.094444444444444
NM,1997,3.02,76.708,35.6,2.000000000000001,86.22002283974115,-0.7388888888888876
NM,1998,5.06,128.52399999999997,35.23333333333333,1.796296296296293,144.4613627712219,-0.9425925925925955
NM,1999,2.54,64.51599999999999,39.6,4.222222222222223,72.51617814998096,1.4833333333333347
NM,2000,2.39,60.706,38.93333333333334,3.851851851851854,68.2337266844309,1.1129629629629654
NM,2001,4.6899999999999995,119.12599999999998,35.43333333333333,1.9074074074074057,133.89798248953176,-0.8314814814814828
NM,2002,2.63,66.80199999999999,35.9,2.166666666666666,75.08564902931099,-0.5722222222222224
NM,2003,3.54,89.916,37.76666666666667,3.2037037037037073,101.06585458698135,0.4648148148148188
NM,2004,3.5100000000000002,89.154,36.13333333333333,2.296296296296296,100.20936429387132,-0.44259259259259265
NM,2005,7.05,179.07,38.56666666666667,3.64814814814815,201.27521888085266,0.9092592592592617
NM,2006,0.9500000000000001,24.13,38.36666666666667,3.537037037037037,27.122192615150357,0.7981481481481487
NM,2007,3.79,96.26599999999999,34.833333333333336,1.5740740740740753,108.20327369623142,-1.1648148148148132
NM,2008,3.25,82.55,35.699999999999996,2.055555555555553,92.78644842025123,-0.6833333333333353
NM,2009,2.13,54.102,38.8,3.7777777777777763,60.8108108108108,1.0388888888888879
NM,2010,4.9799999999999995,126.49199999999998,33.43333333333334,0.7962962962962984,142.17738865626185,-1.94259259259259
NM,2011,1.34,34.036,36.4,2.4444444444444438,38.25656642558051,-0.29444444444444473
NM,2012,3.21,81.53399999999999,36.06666666666667,2.2592592592592613,91.64446136277121,-0.4796296296296272
NM,2013,1.91,48.513999999999996,34.699999999999996,1.4999999999999976,54.52988199467072,-1.238888888888891
NM,2014,1.93,49.022,37.6,3.111111111111112,55.10087552341073,0.37222222222222356
NM,2015,4.22,107.18799999999999,38.199999999999996,3.444444444444442,120.47963456414159,0.7055555555555535
NM,2016,2.77,70.35799999999999,37.4,2.999999999999999,79.08260373049104,0.2611111111111106
NM,2017,5.25,133.35,39.833333333333336,4.351851851851853,149.885801294252,1.6129629629629645
NM,2018,1.3900000000000001,35.306000000000004,39.0,3.888888888888889,39.68405024743053,1.1500000000000004
NM,2019,3.3200000000000003,84.328,36.43333333333334,2.462962962962965,94.78492577084127,-0.27592592592592347
NM,2020,5.05,128.26999999999998,37.6,3.111111111111112,144.1758660068519,0.37222222222222356
NM,2021,2.09,53.08599999999999,35.800000000000004,2.1111111111111134,59.668823753330784,-0.6277777777777751
NM,2022,1.76,44.704,37.53333333333333,3.074074074074073,50.24743052912066,0.3351851851851846
NM,2023,3.07,77.978,36.53333333333333,2.5185185185185173,87.64750666159115,-0.22037037037037122
NM,2024,3.9,99.05999999999999,38.333333333333336,3.51851851851852,111.34373810430145,0.7796296296296314
NM,2025,2.0300000000000002,51.562000000000005,38.199999999999996,3.444444444444442,57.95584316711078,0.7055555555555535
NM,2026,2.22,56.388000000000005,42.0,5.555555555555555,63.38028169014084,2.816666666666667
NV,1896,4.92,124.96799999999999,32.76666666666667,0.42592592592592937,93.11127933383801,-0.3172839506172801
NV,1897,6.72,170.688,32.63333333333333,0.3518518518518516,127.17638152914459,-0.3913580246913579
NV,1898,4.31,109.47399999999999,29.3,-1.4999999999999996,81.56699470098411,-2.243209876543209
NV,1899,6.44,163.576,31.333333333333332,-0.370370370370371,121.8773656320969,-1.1135802469135805
NV,1900,3.25,82.55,34.333333333333336,1.2962962962962976,61.50643451930357,0.5530864197530881
NV,1901,6.16,156.464,32.5,0.2777777777777778,116.57834973504922,-0.4654320987654317
NV,1902,5.27,133.85799999999998,33.36666666666667,0.7592592592592595,99.7350492051476,0.016049382716050054
NV,1903,5.53,140.462,28.400000000000002,-1.999999999999999,104.6555639666919,-2.7432098765432085
NV,1904,6.1000000000000005,154.94,31.666666666666668,-0.18518518518518454,115.442846328539,-0.928395061728394
NV,1905,4.67,118.618,33.43333333333333,0.7962962962962945,88.38001514004543,0.053086419753085035
NV,1906,6.84,173.736,30.166666666666668,-1.018518518518518,129.44738834216503,-1.7617283950617275
NV,1907,9.67,245.618,33.833333333333336,1.01851851851852,183.00529901589707,0.27530864197531046
NV,1908,5.32,135.128,33.733333333333334,0.9629629629629635,100.68130204390614,0.219753086419754
NV,1909,5.890000000000001,149.606,33.1,0.6111111111111119,111.46858440575322,-0.13209876543209753
NV,1910,6.3999999999999995,162.55999999999997,25.633333333333336,-3.5370370370370354,121.12036336109009,-4.280246913580245
NV,1911,7.07,179.578,31.3,-0.3888888888888885,133.8001514004542,-1.132098765432098
NV,1912,3.42,86.868,31.433333333333337,-0.3148148148148127,64.72369417108251,-1.0580246913580222
NV,1913,3.0300000000000002,76.962,28.5,-1.9444444444444444,57.3429220287661,-2.687654320987654
NV,1914,7.510000000000001,190.75400000000002,32.0,0.0,142.12717638152918,-0.7432098765432095
NV,1915,3.87,98.298,29.46666666666667,-1.4074074074074063,73.23996971990917,-2.150617283950616
NV,1916,7.32,185.928,30.599999999999998,-0.777777777777779,138.5314155942468,-1.5209876543209884
NV,1917,3.94,100.076,24.833333333333332,-3.9814814814814827,74.56472369417108,-4.7246913580246925
NV,1918,5.22,132.588,34.1,1.1666666666666674,98.78879636638911,0.42345679012345794
NV,1919,4.75,120.64999999999999,30.03333333333333,-1.0925925925925937,89.89401968205905,-1.8358024691358032
NV,1920,5.140000000000001,130.556,32.63333333333333,0.3518518518518516,97.27479182437548,-0.3913580246913579
NV,1921,4.470000000000001,113.53800000000001,33.1,0.6111111111111119,84.59500378501137,-0.13209876543209753
NV,1922,7.12,180.84799999999998,28.166666666666668,-2.129629629629629,134.74640423921272,-2.8728395061728382
NV,1923,4.55,115.57,31.633333333333336,-0.203703703703702,86.109008327025,-0.9469135802469115
NV,1924,3.44,87.37599999999999,30.96666666666667,-0.5740740740740731,65.10219530658591,-1.3172839506172824
NV,1925,4.35,110.48999999999998,31.266666666666666,-0.40740740740740794,82.32399697199091,-1.1506172839506175
NV,1926,3.34,84.836,34.06666666666667,1.14814814814815,63.2096896290689,0.40493827160494045
NV,1927,6.140000000000001,155.95600000000002,32.699999999999996,0.3888888888888865,116.19984859954583,-0.35432098765432296
NV,1928,4.54,115.31599999999999,31.233333333333334,-0.4259259259259254,85.91975775927328,-1.169135802469135
NV,1929,3.8,96.52,27.633333333333336,-2.4259259259259243,71.91521574564725,-3.1691358024691336
NV,1930,3.9,99.05999999999999,33.86666666666667,1.0370370370370372,73.80772142316427,0.29382716049382773
NV,1931,2.96,75.184,31.099999999999998,-0.5000000000000012,56.018168054504166,-1.2432098765432107
NV,1932,6.68,169.672,26.0,-3.3333333333333335,126.4193792581378,-4.076543209876543
NV,1933,3.86,98.044,23.099999999999998,-4.944444444444446,73.05071915215746,-5.687654320987656
NV,1934,3.65,92.71,37.06666666666666,2.8148148148148127,69.0764572293717,2.0716049382716033
NV,1935,5.87,149.09799999999998,33.26666666666667,0.7037037037037072,111.09008327024982,-0.03950617283950231
NV,1936,5.92,150.368,32.06666666666667,0.03703703703703888,112.03633610900833,-0.7061728395061706
NV,1937,5.99,152.146,23.7,-4.611111111111111,113.36109008327026,-5.3543209876543205
NV,1938,7.13,181.10199999999998,33.63333333333333,0.9074074074074071,134.9356548069644,0.16419753086419764
NV,1939,4.18,106.17199999999998,30.0,-1.1111111111111112,79.10673732021196,-1.8543209876543205
NV,1940,5.64,143.25599999999997,35.46666666666667,1.925925925925927,106.73732021196062,1.1827160493827176
NV,1941,6.1899999999999995,157.22599999999997,34.833333333333336,1.5740740740740753,117.1461014383043,0.8308641975308658
NV,1942,5.43,137.922,30.166666666666668,-1.018518518518518,102.76305828917486,-1.7617283950617275
NV,1943,7.27,184.658,34.266666666666666,1.2592592592592586,137.58516275548828,0.5160493827160492
NV,1944,5.15,130.81,29.53333333333333,-1.3703703703703713,97.46404239212718,-2.113580246913581
NV,1945,6.74,171.196,31.8,-0.11111111111111072,127.55488266464799,-0.8543209876543202
NV,1946,5.12,130.048,30.599999999999998,-0.777777777777779,96.89629068887207,-1.5209876543209884
NV,1947,4.26,108.204,33.5,0.8333333333333334,80.62074186222559,0.0901234567901239
NV,1948,3.92,99.568,31.166666666666668,-0.4629629629629623,74.18622255866768,-1.2061728395061717
NV,1949,5.32,135.128,21.5,-5.833333333333333,100.68130204390614,-6.576543209876543
NV,1950,3.64,92.456,31.099999999999998,-0.5000000000000012,68.88720666162,-1.2432098765432107
NV,1951,5.19,131.826,34.8,1.555555555555554,98.221044663134,0.8123456790123446
NV,1952,7.69,195.326,28.166666666666668,-2.129629629629629,145.5336866010598,-2.8728395061728382
NV,1953,3.25,82.55,35.300000000000004,1.8333333333333357,61.50643451930357,1.0901234567901263
NV,1954,4.56,115.82399999999998,34.4,1.3333333333333326,86.29825889477668,0.5901234567901231
NV,1955,3.77,95.758,26.366666666666664,-3.1296296296296315,71.34746404239213,-3.872839506172841
NV,1956,5.6899999999999995,144.52599999999998,32.666666666666664,0.3703703703703691,107.68357305071915,-0.3728395061728404
NV,1957,3.65,92.71,31.633333333333336,-0.203703703703702,69.0764572293717,-0.9469135802469115
NV,1958,6.07,154.178,35.166666666666664,1.759259259259258,114.87509462528388,1.0160493827160484
NV,1959,3.44,87.37599999999999,34.96666666666667,1.6481481481481493,65.10219530658591,0.9049382716049398
NV,1960,4.02,102.10799999999999,29.566666666666666,-1.351851851851852,76.07872823618472,-2.0950617283950614
NV,1961,4.68,118.87199999999999,34.0,1.1111111111111112,88.56926570779713,0.3679012345679017
NV,1962,5.7,144.78,30.066666666666666,-1.0740740740740742,107.87282361847086,-1.8172839506172838
NV,1963,3.42,86.868,34.733333333333334,1.518518518518519,64.72369417108251,0.7753086419753096
NV,1964,3.33,84.582,30.36666666666667,-0.9074074074074052,63.020439061317184,-1.6506172839506146
NV,1965,4.76,120.90399999999998,34.199999999999996,1.2222222222222199,90.08327024981074,0.4790123456790104
NV,1966,4.76,120.90399999999998,29.7,-1.2777777777777781,90.08327024981074,-2.0209876543209875
NV,1967,5.48,139.192,33.333333333333336,0.740740740740742,103.7093111279334,-0.002469135802467437
NV,1968,4.31,109.47399999999999,32.5,0.2777777777777778,81.56699470098411,-0.4654320987654317
NV,1969,7.83,198.88199999999998,31.26666666666667,-0.40740740740740594,148.18319454958365,-1.1506172839506155
NV,1970,4.55,115.57,35.199999999999996,1.7777777777777755,86.109008327025,1.034567901234566
NV,1971,4.93,125.22199999999998,32.4,0.22222222222222143,93.3005299015897,-0.520987654320988
NV,1972,3.98,101.092,30.3,-0.9444444444444441,75.3217259651779,-1.6876543209876536
NV,1973,6.79,172.46599999999998,29.066666666666663,-1.6296296296296318,128.50113550340652,-2.3728395061728413
NV,1974,5.01,127.25399999999999,32.233333333333334,0.12962962962963015,94.81453444360334,-0.6135802469135794
NV,1975,5.24,133.096,31.166666666666668,-0.4629629629629623,99.16729750189252,-1.2061728395061717
NV,1976,3.6100000000000003,91.694,34.6,1.4444444444444453,68.31945495836489,0.7012345679012358
NV,1977,1.73,43.942,32.43333333333333,0.2407407407407389,32.74034822104466,-0.5024691358024705
NV,1978,8.46,214.88400000000001,35.56666666666666,1.9814814814814794,160.10598031794098,1.2382716049382698
NV,1979,6.35,161.29,28.0,-2.2222222222222223,120.17411052233157,-2.9654320987654317
NV,1980,6.96,176.784,35.63333333333333,2.018518518518518,131.71839515518548,1.2753086419753088
NV,1981,4.140000000000001,105.156,36.4,2.4444444444444438,78.34973504920517,1.7012345679012344
NV,1982,6.16,156.464,33.199999999999996,0.6666666666666643,116.57834973504922,-0.07654320987654517
NV,1983,7.970000000000001,202.43800000000002,33.766666666666666,0.981481481481481,150.83270249810752,0.2382716049382715
NV,1984,6.87,174.498,31.733333333333334,-0.1481481481481476,130.01514004542014,-0.891358024691357
NV,1985,5.09,129.286,28.266666666666666,-2.0740740740740744,96.32853898561697,-2.8172839506172838
NV,1986,6.62,168.148,36.0,2.2222222222222223,125.28387585162756,1.479012345679013
NV,1987,3.91,99.314,31.8,-0.11111111111111072,73.99697199091598,-0.8543209876543202
NV,1988,5.0,127.0,30.933333333333334,-0.5925925925925924,94.62528387585164,-1.335802469135802
NV,1989,5.03,127.762,28.066666666666666,-2.185185185185185,95.19303557910675,-2.9283950617283945
NV,1990,3.23,82.042,32.199999999999996,0.11111111111110875,61.12793338380016,-0.6320987654321008
NV,1991,4.13,104.90199999999999,31.400000000000002,-0.33333333333333215,78.16048448145345,-1.0765432098765415
NV,1992,5.17,131.31799999999998,34.0,1.1111111111111112,97.84254352763058,0.3679012345679017
NV,1993,7.8100000000000005,198.374,27.899999999999995,-2.2777777777777803,147.80469341408025,-3.0209876543209897
NV,1994,3.3499999999999996,85.08999999999999,32.6,0.33333333333333415,63.39894019682058,-0.4098765432098753
NV,1995,8.21,208.53400000000002,36.23333333333333,2.3518518518518485,155.3747161241484,1.6086419753086392
NV,1996,6.3,160.01999999999998,35.56666666666667,1.9814814814814834,119.22785768357305,1.2382716049382738
NV,1997,6.549999999999999,166.36999999999998,33.666666666666664,0.9259259259259246,123.95912187736562,0.18271604938271513
NV,1998,7.36,186.944,32.800000000000004,0.4444444444444468,139.2884178652536,-0.29876543209876266
NV,1999,3.73,94.74199999999999,33.53333333333333,0.8518518518518507,70.5904617713853,0.10864197530864128
NV,2000,5.11,129.794,35.266666666666666,1.8148148148148142,96.70704012112039,1.0716049382716046
NV,2001,3.98,101.092,32.1,0.055555555555556344,75.3217259651779,-0.6876543209876531
NV,2002,4.38,111.252,32.2,0.11111111111111269,82.89174867524602,-0.6320987654320968
NV,2003,4.12,104.648,36.1,2.2777777777777786,77.97123391370174,1.5345679012345692
NV,2004,5.21,132.334,32.0,0.0,98.59954579863741,-0.7432098765432095
NV,2005,7.65,194.31,33.766666666666666,0.981481481481481,144.776684330053,0.2382716049382715
NV,2006,6.58,167.132,34.4,1.3333333333333326,124.52687358062076,0.5901234567901231
NV,2007,3.2,81.28,31.766666666666666,-0.12962962962963015,60.56018168054505,-0.8728395061728396
NV,2008,4.66,118.36399999999999,30.46666666666667,-0.8518518518518507,88.19076457229373,-1.59506172839506
NV,2009,4.9,124.46000000000001,33.23333333333333,0.6851851851851818,92.7327781983346,-0.05802469135802768
NV,2010,4.81,122.17399999999998,31.566666666666663,-0.24074074074074284,91.02952308856926,-0.9839506172839523
NV,2011,6.699999999999999,170.17999999999998,33.766666666666666,0.981481481481481,126.79788039364117,0.2382716049382715
NV,2012,2.98,75.692,33.5,0.8333333333333334,56.396669190007565,0.0901234567901239
NV,2013,3.77,95.758,30.2,-1.0000000000000004,71.34746404239213,-1.7432098765432098
NV,2014,4.11,104.394,34.9,1.6111111111111103,77.78198334595005,0.8679012345679008
NV,2015,3.5,88.89999999999999,38.699999999999996,3.7222222222222197,66.23769871309615,2.9790123456790103
NV,2016,5.84,148.33599999999998,33.300000000000004,0.7222222222222245,110.52233156699471,-0.020987654320984928
NV,2017,7.99,202.946,32.56666666666667,0.31481481481481666,151.2112036336109,-0.4283950617283928
NV,2018,4.07,103.378,35.666666666666664,2.037037037037036,77.02498107494323,1.2938271604938265
NV,2019,7.58,192.53199999999998,32.03333333333333,0.018518518518517466,143.45193035579106,-0.724691358024692
NV,2020,4.77,121.15799999999999,34.93333333333333,1.6296296296296278,90.27252081756245,0.8864197530864183
NV,2021,3.98,101.092,33.9,1.0555555555555547,75.3217259651779,0.3123456790123452
NV,2022,3.3,83.82,33.733333333333334,0.9629629629629635,62.45268735806208,0.219753086419754
NV,2023,8.67,220.218,30.566666666666666,-0.7962962962962964,164.08024224072673,-1.5395061728395059
NV,2024,6.08,154.432,35.86666666666667,2.1481481481481484,115.06434519303558,1.404938271604939
NV,2025,4.4,111.76,35.733333333333334,2.0740740740740744,83.27024981074945,1.330864197530865
NV,2026,3.86,98.044,39.333333333333336,4.074074074074075,73.05071915215746,3.330864197530866
OR,1896,22.380000000000003,568.452,33.26666666666667,0.7037037037037072,106.9840814570486,-0.2722222222222187
OR,1897,28.03,711.962,32.800000000000004,0.4444444444444468,133.99302069888617,-0.531481481481479
OR,1898,20.47,519.938,31.900000000000002,-0.05555555555555437,97.8536258903389,-1.0314814814814803
OR,1899,21.07,535.178,29.7,-1.2777777777777781,100.72183182752521,-2.253703703703704
OR,1900,20.34,516.636,32.733333333333334,0.40740740740740794,97.23218127061521,-0.568518518518518
OR,1901,20.240000000000002,514.096,32.300000000000004,0.16666666666666904,96.75414694775084,-0.8092592592592568
OR,1902,21.34,542.036,32.4,0.22222222222222143,102.01252449925902,-0.7537037037037044
OR,1903,25.86,656.8439999999999,29.833333333333332,-1.2037037037037044,123.61967589272908,-2.1796296296296305
OR,1904,32.24,818.896,31.733333333333334,-0.1481481481481476,154.1182656914766,-1.1240740740740736
OR,1905,18.509999999999998,470.15399999999994,31.7,-0.16666666666666707,88.48415316219702,-1.1425925925925928
OR,1906,19.15,486.4099999999999,31.233333333333334,-0.4259259259259254,91.54357282852907,-1.4018518518518512
OR,1907,26.6,675.64,33.2,0.6666666666666683,127.15712988192551,-0.30925925925925757
OR,1908,20.06,509.52399999999994,33.46666666666667,0.8148148148148159,95.89368516659493,-0.16111111111110998
OR,1909,21.61,548.894,30.96666666666667,-0.5740740740740731,103.30321717099287,-1.549999999999999
OR,1910,24.17,613.918,26.633333333333336,-2.9814814814814796,115.54089583632104,-3.9574074074074055
OR,1911,20.560000000000002,522.224,30.0,-1.1111111111111112,98.28385678091686,-2.087037037037037
OR,1912,20.54,521.7159999999999,32.1,0.055555555555556344,98.18824991634396,-0.9203703703703695
OR,1913,17.990000000000002,456.946,28.566666666666666,-1.9074074074074074,85.99837468330226,-2.8833333333333333
OR,1914,20.63,524.002,32.233333333333334,0.12962962962963015,98.61848080692192,-0.8462962962962957
OR,1915,14.02,356.10799999999995,29.53333333333333,-1.3703703703703713,67.0204120655863,-2.3462962962962974
OR,1916,28.88,733.5519999999999,29.433333333333334,-1.4259259259259258,138.0563124432334,-2.401851851851852
OR,1917,18.47,469.1379999999999,27.3,-2.6111111111111107,88.29293943305126,-3.5870370370370366
OR,1918,23.77,603.7579999999999,35.5,1.9444444444444444,113.6287585448635,0.9685185185185186
OR,1919,21.12,536.448,30.866666666666664,-0.6296296296296313,100.96084898895738,-1.6055555555555572
OR,1920,15.71,399.034,29.46666666666667,-1.4074074074074063,75.09919212199435,-2.383333333333332
OR,1921,24.96,633.984,32.5,0.2777777777777778,119.31736698694965,-0.6981481481481481
OR,1922,21.2,538.4799999999999,26.46666666666667,-3.074074074074073,101.34327644724888,-4.049999999999999
OR,1923,18.6,472.44,29.96666666666667,-1.1296296296296287,88.91438405277498,-2.1055555555555543
OR,1924,13.57,344.678,31.96666666666667,-0.018518518518517466,64.86925761269659,-0.9944444444444434
OR,1925,20.669999999999998,525.0179999999999,31.433333333333334,-0.31481481481481466,98.80969453606765,-1.2907407407407405
OR,1926,16.36,415.544,34.800000000000004,1.555555555555558,78.20641522061284,0.5796296296296322
OR,1927,26.43,671.322,32.06666666666667,0.03703703703703888,126.34447153305605,-0.938888888888887
OR,1928,21.03,534.162,30.666666666666668,-0.74074074074074,100.53061809837946,-1.716666666666666
OR,1929,14.379999999999999,365.25199999999995,26.03333333333333,-3.3148148148148158,68.74133562789807,-4.290740740740741
OR,1930,17.21,437.134,30.73333333333333,-0.7037037037037052,82.26970696496008,-1.679629629629631
OR,1931,14.52,368.808,31.7,-0.16666666666666707,69.41058367990821,-1.1425925925925928
OR,1932,21.6,548.64,28.53333333333333,-1.925925925925927,103.25541373870642,-2.901851851851853
OR,1933,21.51,546.354,26.7,-2.9444444444444446,102.82518284812849,-3.9203703703703705
OR,1934,16.92,429.76800000000003,38.699999999999996,3.7222222222222197,80.88340742865337,2.746296296296294
OR,1935,20.39,517.906,32.43333333333333,0.2407407407407389,97.47119843204739,-0.7351851851851869
OR,1936,19.92,505.968,30.266666666666666,-0.9629629629629635,95.22443711458482,-1.9388888888888893
OR,1937,16.759999999999998,425.70399999999995,26.333333333333332,-3.148148148148149,80.11855251207035,-4.124074074074075
OR,1938,30.07,763.778,34.13333333333333,1.185185185185185,143.74492088531954,0.20925925925925903
OR,1939,16.75,425.45,32.266666666666666,0.1481481481481476,80.07074907978392,-0.8277777777777783
OR,1940,23.33,592.5819999999999,35.666666666666664,2.037037037037036,111.5254075242602,1.06111111111111
OR,1941,16.12,409.448,34.9,1.6111111111111103,77.0591328457383,0.6351851851851844
OR,1942,20.54,521.7159999999999,30.8,-0.6666666666666663,98.18824991634396,-1.6425925925925922
OR,1943,29.82,757.428,32.266666666666666,0.1481481481481476,142.5498350781586,-0.8277777777777783
OR,1944,11.780000000000001,299.212,31.233333333333334,-0.4259259259259254,56.31244323342415,-1.4018518518518512
OR,1945,19.34,491.236,33.0,0.5555555555555556,92.4518380419714,-0.4203703703703703
OR,1946,26.05,661.67,31.833333333333332,-0.09259259259259325,124.52794110617141,-1.068518518518519
OR,1947,18.08,459.2319999999999,33.43333333333333,0.7962962962962945,86.42860557388018,-0.17962962962963136
OR,1948,19.75,501.65,32.333333333333336,0.1851851851851865,94.41177876571537,-0.7907407407407394
OR,1949,21.23,539.242,24.166666666666668,-4.351851851851851,101.48668674410821,-5.3277777777777775
OR,1950,23.58,598.9319999999999,28.866666666666664,-1.7407407407407425,112.72049333142117,-2.7166666666666686
OR,1951,24.73,628.1419999999999,34.300000000000004,1.2777777777777801,118.21788804436157,0.30185185185185426
OR,1952,22.810000000000002,579.374,29.03333333333333,-1.6481481481481493,109.03962904536544,-2.624074074074075
OR,1953,24.44,620.776,35.6,2.000000000000001,116.83158850805486,1.024074074074075
OR,1954,24.34,618.236,35.06666666666667,1.7037037037037055,116.35355418519048,0.7277777777777796
OR,1955,14.98,380.49199999999996,29.899999999999995,-1.1666666666666694,71.60954156508436,-2.142592592592595
OR,1956,31.61,802.8939999999999,31.03333333333333,-0.5370370370370381,151.10664945743102,-1.512962962962964
OR,1957,18.35,466.09000000000003,29.76666666666667,-1.2407407407407394,87.71929824561403,-2.216666666666665
OR,1958,24.7,627.38,36.53333333333333,2.5185185185185173,118.07447774750226,1.5425925925925914
OR,1959,21.84,554.736,35.800000000000004,2.1111111111111134,104.40269611358094,1.1351851851851875
OR,1960,17.68,449.07199999999995,30.53333333333333,-0.8148148148148159,84.51646828242266,-1.7907407407407416
OR,1961,25.19,639.826,35.199999999999996,1.7777777777777755,120.41684592953774,0.8018518518518496
OR,1962,19.17,486.918,30.833333333333332,-0.6481481481481488,91.63917969310197,-1.6240740740740747
OR,1963,17.94,455.676,34.9,1.6111111111111103,85.75935752187006,0.6351851851851844
OR,1964,20.43,518.9219999999999,32.300000000000004,0.16666666666666904,97.66241216119315,-0.8092592592592568
OR,1965,27.82,706.6279999999999,33.9,1.0555555555555547,132.98914862087094,0.07962962962962883
OR,1966,20.65,524.51,32.13333333333333,0.0740740740740738,98.7140876714948,-0.901851851851852
OR,1967,23.19,589.026,35.800000000000004,2.1111111111111134,110.8561594722501,1.1351851851851875
OR,1968,16.759999999999998,425.70399999999995,33.833333333333336,1.01851851851852,80.11855251207035,0.04259259259259407
OR,1969,24.44,620.776,30.166666666666668,-1.018518518518518,116.83158850805486,-1.9944444444444438
OR,1970,23.66,600.9639999999999,35.63333333333333,2.018518518518518,113.10292078971268,1.0425925925925923
OR,1971,27.020000000000003,686.308,32.9,0.4999999999999992,129.1648740379559,-0.47592592592592664
OR,1972,26.869999999999997,682.4979999999999,31.433333333333334,-0.31481481481481466,128.4478225536593,-1.2907407407407405
OR,1973,16.63,422.40199999999993,30.933333333333334,-0.5925925925925924,79.49710789234665,-1.5685185185185184
OR,1974,34.3,871.2199999999999,33.36666666666667,0.7592592592592595,163.96577274248287,-0.21666666666666634
OR,1975,24.05,610.87,32.86666666666667,0.48148148148148173,114.96725464888378,-0.49444444444444413
OR,1976,20.77,527.558,34.199999999999996,1.2222222222222199,99.28772885893207,0.24629629629629401
OR,1977,8.379999999999999,212.85199999999998,32.4,0.22222222222222143,40.059276256035176,-0.7537037037037044
OR,1978,23.509999999999998,597.1539999999999,36.03333333333333,2.2407407407407396,112.3858693054161,1.2648148148148137
OR,1979,17.52,445.008,27.633333333333336,-2.4259259259259243,83.75161336583965,-3.40185185185185
OR,1980,19.98,507.49199999999996,34.53333333333333,1.4074074074074063,95.51125770830345,0.43148148148148047
OR,1981,19.47,494.53799999999995,35.76666666666667,2.092592592592596,93.07328266169509,1.1166666666666702
OR,1982,29.38,746.252,32.56666666666667,0.31481481481481666,140.44648405755532,-0.6611111111111092
OR,1983,28.490000000000002,723.646,35.266666666666666,1.8148148148148142,136.1919785840623,0.8388888888888884
OR,1984,25.82,655.828,30.96666666666667,-0.5740740740740731,123.42846216358333,-1.549999999999999
OR,1985,18.62,472.948,28.5,-1.9444444444444444,89.00999091734785,-2.92037037037037
OR,1986,21.7,551.18,33.03333333333333,0.5740740740740731,103.7334480615708,-0.4018518518518528
OR,1987,18.43,468.12199999999996,32.800000000000004,0.4444444444444468,88.10172570390553,-0.531481481481479
OR,1988,18.44,468.37600000000003,32.833333333333336,0.4629629629629643,88.14952913619197,-0.5129629629629615
OR,1989,24.25,615.9499999999999,29.2,-1.555555555555556,115.92332329461253,-2.5314814814814817
OR,1990,15.93,404.62199999999996,33.800000000000004,1.0000000000000024,76.15086763229598,0.02407407407407658
OR,1991,15.49,393.44599999999997,32.53333333333333,0.2962962962962952,74.04751661169271,-0.6796296296296307
OR,1992,14.950000000000001,379.73,36.73333333333333,2.629629629629626,71.46613126822506,1.6537037037037003
OR,1993,21.16,537.4639999999999,28.133333333333336,-2.1481481481481466,101.15206271810314,-3.1240740740740724
OR,1994,14.21,360.934,34.300000000000004,1.2777777777777801,67.92867727902863,0.30185185185185426
OR,1995,24.72,627.8879999999999,35.766666666666666,2.092592592592592,118.17008461207512,1.1166666666666663
OR,1996,29.490000000000002,749.046,34.166666666666664,1.2037037037037024,140.97232181270616,0.22777777777777652
OR,1997,30.66,778.764,33.93333333333334,1.0740740740740762,146.5653233902194,0.09814814814815032
OR,1998,21.4,543.56,34.5,1.3888888888888888,102.29934509297765,0.412962962962963
OR,1999,30.32,770.1279999999999,32.63333333333333,0.3518518518518516,144.9400066924805,-0.6240740740740742
OR,2000,21.18,537.972,34.666666666666664,1.48148148148148,101.24766958267602,0.5055555555555542
OR,2001,10.7,271.78,32.9,0.4999999999999992,51.14967254648882,-0.47592592592592664
OR,2002,22.09,561.086,33.0,0.5555555555555556,105.5977819207419,-0.4203703703703703
OR,2003,21.85,554.99,36.46666666666667,2.4814814814814827,104.45049954586739,1.5055555555555569
OR,2004,21.55,547.37,33.63333333333333,0.9074074074074071,103.01639657727424,-0.06851851851851876
OR,2005,12.74,323.596,35.300000000000004,1.8333333333333357,60.90157273292221,0.8574074074074098
OR,2006,27.82,706.6279999999999,33.5,0.8333333333333334,132.98914862087094,-0.1425925925925925
OR,2007,22.900000000000002,581.66,33.199999999999996,0.6666666666666643,109.46985993594339,-0.30925925925926157
OR,2008,21.330000000000002,541.782,31.599999999999998,-0.2222222222222234,101.9647210669726,-1.1981481481481493
OR,2009,18.6,472.44,33.13333333333333,0.6296296296296293,88.91438405277498,-0.34629629629629655
OR,2010,17.72,450.08799999999997,34.333333333333336,1.2962962962962976,84.70768201156841,0.32037037037037175
OR,2011,24.490000000000002,622.046,33.300000000000004,0.7222222222222245,117.07060566948707,-0.2537037037037013
OR,2012,21.990000000000002,558.546,33.86666666666667,1.0370370370370372,105.11974759787752,0.06111111111111134
OR,2013,18.19,462.026,32.1,0.055555555555556344,86.95444332903101,-0.9203703703703695
OR,2014,17.939999999999998,455.67599999999993,33.9,1.0555555555555547,85.75935752187004,0.07962962962962883
OR,2015,18.52,470.40799999999996,38.6,3.6666666666666674,88.53195659448346,2.6907407407407415
OR,2016,26.58,675.132,35.233333333333334,1.7962962962962967,127.06152301735263,0.8203703703703709
OR,2017,26.37,669.798,29.63333333333333,-1.314814814814817,126.05765093933744,-2.290740740740743
OR,2018,17.17,436.118,34.53333333333333,1.4074074074074063,82.07849323581432,0.43148148148148047
OR,2019,19.4,492.75999999999993,32.13333333333333,0.0740740740740738,92.73865863569002,-0.901851851851852
OR,2020,16.04,407.41599999999994,34.96666666666667,1.6481481481481493,76.67670538744679,0.6722222222222234
OR,2021,19.4,492.75999999999993,34.199999999999996,1.2222222222222199,92.73865863569002,0.24629629629629401
OR,2022,16.28,413.512,34.300000000000004,1.2777777777777801,77.82398776232132,0.30185185185185426
OR,2023,19.57,497.078,31.633333333333336,-0.203703703703702,93.55131698455948,-1.1796296296296278
OR,2024,23.5,596.9,36.03333333333333,2.2407407407407396,112.33806587312968,1.2648148148148137
OR,2025,25.95,659.13,34.166666666666664,1.2037037037037024,124.04990678330702,0.22777777777777652
OR,2026,16.89,429.006,38.6,3.6666666666666674,80.73999713179406,2.6907407407407415
SD,1896,4.1899999999999995,106.42599999999999,20.766666666666666,-6.240740740740741,124.43080578103343,0.02283950617283903
SD,1897,6.06,153.92399999999998,17.099999999999998,-8.277777777777779,179.96436349237771,-2.014197530864198
SD,1898,2.55,64.77,20.266666666666666,-6.518518518518519,75.72757869728765,-0.25493827160493865
SD,1899,2.79,70.866,12.533333333333331,-10.814814814814817,82.85488022173827,-4.551234567901236
SD,1900,2.66,67.564,18.366666666666667,-7.574074074074073,78.99425856266085,-1.3104938271604922
SD,1901,1.9100000000000001,48.514,20.133333333333333,-6.592592592592593,56.72144129875272,-0.32901234567901216
SD,1902,3.9699999999999998,100.838,18.2,-7.666666666666667,117.89744605028704,-1.4030864197530866
SD,1903,3.52,89.408,13.933333333333332,-10.037037037037038,104.53375569194218,-3.7734567901234577
SD,1904,2.46,62.483999999999995,13.833333333333334,-10.09259259259259,73.05484062561868,-3.8290123456790095
SD,1905,2.66,67.564,13.766666666666666,-10.12962962962963,78.99425856266085,-3.8660493827160494
SD,1906,3.14,79.756,21.166666666666668,-6.018518518518517,93.24886161156206,0.24506172839506313
SD,1907,3.4400000000000004,87.376,16.2,-8.777777777777779,102.15798851712532,-2.514197530864198
SD,1908,2.8,71.11999999999999,22.833333333333332,-5.0925925925925934,83.15185111859036,1.170987654320987
SD,1909,3.34,84.836,16.866666666666667,-8.407407407407407,99.18827954860423,-2.143827160493826
SD,1910,4.85,123.18999999999998,10.833333333333334,-11.759259259259258,144.03088497327258,-5.495679012345677
SD,1911,1.9,48.26,17.933333333333334,-7.814814814814814,56.42447040190061,-1.5512345679012336
SD,1912,2.87,72.898,14.1,-9.944444444444445,85.23064739655511,-3.6808641975308642
SD,1913,2.0700000000000003,52.578,17.599999999999998,-8.000000000000002,61.47297564838645,-1.7364197530864214
SD,1914,2.56,65.024,19.566666666666666,-6.907407407407408,76.02454959413976,-0.6438271604938279
SD,1915,4.03,102.362,15.366666666666667,-9.24074074074074,119.6792714313997,-2.97716049382716
SD,1916,3.7399999999999998,94.996,13.766666666666666,-10.12962962962963,111.06711542268857,-3.8660493827160494
SD,1917,3.93,99.822,10.4,-12.0,116.70956246287864,-5.73641975308642
SD,1918,3.1799999999999997,80.77199999999999,11.633333333333333,-11.314814814814817,94.43674519897047,-5.051234567901236
SD,1919,3.96,100.58399999999999,21.599999999999998,-5.7777777777777795,117.60047515343494,0.48580246913580094
SD,1920,3.99,101.346,17.533333333333335,-8.037037037037036,118.49138784399128,-1.773456790123456
SD,1921,3.13,79.502,24.3,-4.277777777777778,92.95189071470995,1.9858024691358027
SD,1922,3.71,94.234,13.833333333333334,-10.09259259259259,110.17620273213224,-3.8290123456790095
SD,1923,4.54,115.31599999999999,17.0,-8.333333333333334,134.82478717085723,-2.0697530864197535
SD,1924,3.09,78.48599999999999,19.7,-6.833333333333333,91.7640071273015,-0.5697530864197526
SD,1925,2.36,59.943999999999996,15.766666666666666,-9.018518518518519,70.08513165709759,-2.7549382716049386
SD,1926,2.51,63.75399999999999,22.133333333333336,-5.481481481481479,74.5396951098792,0.7820987654321012
SD,1927,2.97,75.438,19.7,-6.833333333333333,88.20035636507622,-0.5697530864197526
SD,1928,2.8,71.11999999999999,15.933333333333332,-8.925925925925927,83.15185111859036,-2.662345679012347
SD,1929,4.37,110.99799999999999,12.466666666666667,-10.851851851851851,129.77628192437137,-4.588271604938271
SD,1930,2.53,64.26199999999999,18.233333333333334,-7.648148148148148,75.13363690358342,-1.3845679012345675
SD,1931,3.08,78.232,27.766666666666666,-2.3518518518518525,91.46703623044941,3.911728395061728
SD,1932,3.7199999999999998,94.48799999999999,18.7,-7.388888888888889,110.47317362898434,-1.1253086419753089
SD,1933,2.52,64.008,18.3,-7.611111111111111,74.83666600673132,-1.3475308641975303
SD,1934,2.12,53.848,23.400000000000002,-4.777777777777776,62.957830132647,1.4858024691358045
SD,1935,2.75,69.85,21.733333333333334,-5.703703703703703,81.66699663432982,0.5598765432098771
SD,1936,3.2199999999999998,81.78799999999998,6.366666666666666,-14.24074074074074,95.6246287863789,-7.97716049382716
SD,1937,3.95,100.33,11.433333333333332,-11.425925925925927,117.30350425658284,-5.162345679012347
SD,1938,3.13,79.502,17.633333333333336,-7.981481481481479,92.95189071470995,-1.7179012345678988
SD,1939,2.67,67.818,19.133333333333336,-7.148148148148146,79.29122945951296,-0.8845679012345657
SD,1940,2.91,73.914,18.266666666666666,-7.62962962962963,86.41853098396356,-1.3660493827160494
SD,1941,2.4,60.959999999999994,20.7,-6.277777777777778,71.27301524450601,-0.014197530864197283
SD,1942,2.9299999999999997,74.42199999999998,22.633333333333336,-5.2037037037037015,87.01247277766775,1.059876543209879
SD,1943,2.44,61.97599999999999,17.233333333333334,-8.203703703703702,72.46089883191446,-1.940123456790122
SD,1944,3.2199999999999998,81.78799999999998,22.133333333333336,-5.481481481481479,95.6246287863789,0.7820987654321012
SD,1945,4.36,110.744,20.433333333333334,-6.425925925925926,129.4793110275193,-0.1623456790123452
SD,1946,3.44,87.37599999999999,19.366666666666667,-7.018518518518518,102.15798851712529,-0.7549382716049378
SD,1947,2.49,63.246,20.266666666666666,-6.518518518518519,73.94575331617501,-0.25493827160493865
SD,1948,3.21,81.53399999999999,17.166666666666668,-8.24074074074074,95.3276578895268,-1.97716049382716
SD,1949,3.6999999999999997,93.97999999999999,12.133333333333333,-11.037037037037038,109.87923183528011,-4.773456790123458
SD,1950,3.8600000000000003,98.044,12.700000000000001,-10.722222222222221,114.63076618491387,-4.458641975308641
SD,1951,2.49,63.246,18.833333333333332,-7.314814814814816,73.94575331617501,-1.0512345679012354
SD,1952,4.12,104.648,15.200000000000001,-9.333333333333332,122.35200950306867,-3.0697530864197518
SD,1953,3.95,100.33,22.133333333333336,-5.481481481481479,117.30350425658284,0.7820987654321012
SD,1954,3.51,89.154,23.833333333333332,-4.537037037037038,104.23678479509006,1.7265432098765423
SD,1955,2.0,50.8,19.3,-7.055555555555555,59.39417937042169,-0.791975308641975
SD,1956,2.81,71.374,13.333333333333334,-10.370370370370368,83.44882201544247,-4.106790123456788
SD,1957,2.87,72.898,18.4,-7.555555555555555,85.23064739655511,-1.291975308641975
SD,1958,2.8200000000000003,71.628,23.400000000000002,-4.777777777777776,83.74579291229459,1.4858024691358045
SD,1959,2.31,58.674,15.033333333333333,-9.425925925925927,68.60027717283705,-3.162345679012347
SD,1960,3.18,80.772,19.466666666666665,-6.962962962962964,94.4367451989705,-0.6993827160493833
SD,1961,2.51,63.75399999999999,20.8,-6.222222222222222,74.5396951098792,0.041358024691358075
SD,1962,3.37,85.598,15.666666666666666,-9.074074074074076,100.07919223916055,-2.810493827160496
SD,1963,2.35,59.69,18.133333333333333,-7.703703703703705,69.78816076024549,-1.4401234567901247
SD,1964,1.94,49.275999999999996,20.833333333333332,-6.203703703703705,57.612353989309035,0.059876543209875344
SD,1965,2.33,59.181999999999995,14.866666666666667,-9.518518518518517,69.19421896654127,-3.254938271604937
SD,1966,3.0500000000000003,77.47,16.099999999999998,-8.833333333333336,90.57612353989308,-2.5697530864197553
SD,1967,2.19,55.626,20.03333333333333,-6.648148148148149,65.03662641061175,-0.3845679012345684
SD,1968,1.7999999999999998,45.71999999999999,18.266666666666666,-7.62962962962963,53.45476143337951,-1.3660493827160494
SD,1969,4.0600000000000005,103.12400000000001,13.466666666666669,-10.296296296296296,120.57018412195605,-4.032716049382715
SD,1970,2.62,66.548,18.166666666666668,-7.685185185185184,77.80637497525242,-1.4216049382716038
SD,1971,3.86,98.044,14.433333333333332,-9.75925925925926,114.63076618491387,-3.495679012345679
SD,1972,3.21,81.53399999999999,14.133333333333335,-9.925925925925927,95.3276578895268,-3.662345679012347
SD,1973,4.68,118.87199999999999,18.866666666666667,-7.296296296296295,138.98237972678675,-1.0327160493827146
SD,1974,2.49,63.246,19.933333333333334,-6.703703703703703,73.94575331617501,-0.4401234567901229
SD,1975,3.7199999999999998,94.48799999999999,19.166666666666668,-7.129629629629629,110.47317362898434,-0.8660493827160485
SD,1976,2.95,74.93,23.166666666666668,-4.9074074074074066,87.606414571372,1.3561728395061738
SD,1977,5.22,132.588,18.033333333333335,-7.759259259259259,155.01880815680062,-1.4956790123456782
SD,1978,3.7800000000000002,96.012,9.3,-12.61111111111111,112.25499901009701,-6.34753086419753
SD,1979,3.54,89.916,8.066666666666666,-13.296296296296298,105.1276974856464,-7.032716049382717
SD,1980,1.89,48.00599999999999,21.433333333333334,-5.87037037037037,56.12749950504849,0.39320987654321016
SD,1981,2.0700000000000003,52.578,24.566666666666666,-4.12962962962963,61.47297564838645,2.1339506172839506
SD,1982,3.82,97.02799999999999,14.066666666666665,-9.962962962962965,113.44288259750542,-3.699382716049385
SD,1983,3.67,93.21799999999999,26.599999999999998,-3.0000000000000013,108.98831914472379,3.263580246913579
SD,1984,4.05,102.86999999999999,17.400000000000002,-8.111111111111109,120.2732132251039,-1.8475308641975285
SD,1985,3.0300000000000002,76.962,15.6,-9.11111111111111,89.98218174618887,-2.8475308641975303
SD,1986,4.49,114.04599999999999,17.7,-7.944444444444445,133.33993268659668,-1.6808641975308642
SD,1987,5.13,130.302,28.133333333333336,-2.1481481481481466,152.34607008513163,4.115432098765433
SD,1988,2.69,68.326,19.166666666666668,-7.129629629629629,79.88517125321717,-0.8660493827160485
SD,1989,3.38,85.85199999999999,19.266666666666666,-7.074074074074074,100.37616313601265,-0.810493827160494
SD,1990,2.79,70.866,22.233333333333334,-5.425925925925926,82.85488022173827,0.8376543209876548
SD,1991,2.4299999999999997,61.72199999999999,20.066666666666666,-6.62962962962963,72.16392793506235,-0.36604938271604937
SD,1992,3.38,85.85199999999999,28.666666666666668,-1.8518518518518512,100.37616313601265,4.411728395061729
SD,1993,3.87,98.298,14.633333333333333,-9.648148148148149,114.92773708176597,-3.3845679012345684
SD,1994,3.53,89.66199999999999,15.200000000000001,-9.333333333333332,104.83072658879428,-3.0697530864197518
SD,1995,3.77,95.758,22.866666666666664,-5.074074074074076,111.95802811324488,1.1895061728395042
SD,1996,2.7199999999999998,69.088,18.433333333333334,-7.537037037037036,80.77608394377349,-1.273456790123456
SD,1997,4.79,121.666,14.966666666666667,-9.462962962962962,142.24905959215997,-3.1993827160493815
SD,1998,3.37,85.598,26.666666666666668,-2.9629629629629624,100.07919223916055,3.300617283950618
SD,1999,2.93,74.422,25.366666666666664,-3.6851851851851873,87.01247277766778,2.578395061728393
SD,2000,2.76,70.10399999999998,26.76666666666667,-2.907407407407406,81.96396753118192,3.3561728395061743
SD,2001,4.43,112.52199999999999,15.200000000000001,-9.333333333333332,131.55810730548404,-3.0697530864197518
SD,2002,2.66,67.564,26.133333333333336,-3.2592592592592577,78.99425856266085,3.0043209876543226
SD,2003,2.32,58.92799999999999,21.96666666666667,-5.574074074074073,68.89724806968916,0.6895061728395078
SD,2004,3.43,87.122,21.866666666666664,-5.6296296296296315,101.86101762027322,0.6339506172839489
SD,2005,1.9,48.26,24.433333333333334,-4.203703703703703,56.42447040190061,2.059876543209877
SD,2006,3.75,95.25,25.200000000000003,-3.7777777777777763,111.36408631954068,2.485802469135804
SD,2007,4.3,109.21999999999998,20.766666666666666,-6.240740740740741,127.69748564640662,0.02283950617283903
SD,2008,2.16,54.864,18.233333333333334,-7.648148148148148,64.14571372005543,-1.3845679012345675
SD,2009,5.01,127.25399999999999,18.066666666666666,-7.740740740740741,148.78241932290632,-1.477160493827161
SD,2010,3.66,92.964,14.299999999999999,-9.833333333333336,108.69134824787169,-3.5697530864197553
SD,2011,4.39,111.50599999999999,15.666666666666666,-9.074074074074076,130.3702237180756,-2.810493827160496
SD,2012,2.4099999999999997,61.21399999999999,25.96666666666667,-3.3518518518518507,71.56998614135813,2.9117283950617296
SD,2013,2.77,70.35799999999999,21.53333333333333,-5.814814814814816,82.26093842803404,0.4487654320987646
SD,2014,2.41,61.214,15.233333333333334,-9.314814814814815,71.56998614135813,-3.0512345679012345
SD,2015,2.14,54.356,22.133333333333336,-5.481481481481479,63.551771926351215,0.7820987654321012
SD,2016,4.03,102.362,25.099999999999998,-3.833333333333335,119.6792714313997,2.4302469135802456
SD,2017,3.87,98.298,20.433333333333334,-6.425925925925926,114.92773708176597,-0.1623456790123452
SD,2018,3.42,86.868,17.133333333333333,-8.25925925925926,101.56404672342109,-1.9956790123456791
SD,2019,4.89,124.20599999999999,16.466666666666665,-8.62962962962963,145.218768560681,-2.3660493827160494
SD,2020,3.52,89.408,22.3,-5.388888888888889,104.53375569194218,0.8746913580246911
SD,2021,2.5999999999999996,66.03999999999999,22.53333333333333,-5.25925925925926,77.21243318154819,1.00432098765432
SD,2022,1.79,45.466,21.2,-6.0,53.157790536527415,0.2635802469135804
SD,2023,4.53,115.062,19.0,-7.222222222222222,134.52781627400512,-0.9586419753086419
SD,2024,2.84,72.136,26.766666666666666,-2.907407407407408,84.3397347059988,3.3561728395061725
SD,2025,2.99,75.946,19.133333333333333,-7.148148148148149,88.79429815878042,-0.8845679012345684
SD,2026,2.23,56.641999999999996,26.066666666666666,-3.2962962962962963,66.22450999802018,2.967283950617284
UT,1896,4.54,115.31599999999999,26.5,-3.0555555555555554,77.26782776422533,-1.5611111111111113
UT,1897,8.08,205.232,27.066666666666663,-2.7407407407407427,137.5163102059341,-1.2462962962962987
UT,1898,5.32,135.128,21.53333333333333,-5.814814814814816,90.54291711578828,-4.320370370370371
UT,1899,6.34,161.036,24.5,-4.166666666666667,107.90264934475522,-2.672222222222223
UT,1900,3.16,80.264,28.266666666666666,-2.0740740740740744,53.781131219152435,-0.5796296296296304
UT,1901,5.67,144.018,28.5,-1.9444444444444444,96.49968797866909,-0.4500000000000004
UT,1902,4.32,109.728,29.166666666666668,-1.5740740740740735,73.52357179327169,-0.0796296296296295
UT,1903,6.8999999999999995,175.25999999999996,22.233333333333334,-5.425925925925926,117.43348272536448,-3.9314814814814816
UT,1904,5.92,150.368,26.73333333333333,-2.9259259259259274,100.75452430929823,-1.4314814814814834
UT,1905,6.4,162.56,27.46666666666667,-2.5185185185185173,108.9238100641062,-1.0240740740740732
UT,1906,8.46,214.88400000000001,25.833333333333332,-3.4259259259259265,143.9836614284904,-1.9314814814814825
UT,1907,9.85,250.18999999999997,32.43333333333333,0.2407407407407389,167.64055142678845,1.735185185185183
UT,1908,5.5,139.7,28.433333333333334,-1.9814814814814814,93.60639927384126,-0.4870370370370374
UT,1909,8.07,204.978,27.933333333333334,-2.259259259259259,137.34611675270892,-0.7648148148148151
UT,1910,7.86,199.644,21.933333333333334,-5.592592592592592,133.77205423498046,-4.098148148148148
UT,1911,8.23,209.042,29.400000000000002,-1.4444444444444433,140.0692120043116,0.05000000000000071
UT,1912,6.04,153.416,26.96666666666667,-2.7962962962962954,102.79684574800024,-1.3018518518518514
UT,1913,4.31,109.47399999999999,23.933333333333334,-4.481481481481481,73.35337834004652,-2.987037037037037
UT,1914,7.51,190.754,26.333333333333332,-3.148148148148149,127.81528337209961,-1.6537037037037048
UT,1915,4.7,119.38,24.7,-4.055555555555555,79.990923015828,-2.5611111111111113
UT,1916,9.219999999999999,234.18799999999996,27.400000000000002,-2.5555555555555545,156.91836387360297,-1.0611111111111104
UT,1917,5.18,131.57199999999997,21.766666666666666,-5.685185185185186,88.16020877063595,-4.1907407407407415
UT,1918,6.029999999999999,153.16199999999998,30.566666666666663,-0.7962962962962984,102.62665229477506,0.6981481481481456
UT,1919,4.6,116.83999999999999,25.166666666666668,-3.7962962962962954,78.28898848357633,-2.3018518518518514
UT,1920,7.0,177.79999999999998,26.2,-3.2222222222222228,119.13541725761617,-1.7277777777777787
UT,1921,5.140000000000001,130.556,28.833333333333332,-1.75925925925926,87.47943495773531,-0.26481481481481595
UT,1922,7.24,183.896,25.46666666666667,-3.6296296296296284,123.22006013502013,-2.1351851851851844
UT,1923,6.55,166.36999999999998,28.233333333333334,-2.092592592592592,111.47671186248367,-0.5981481481481481
UT,1924,4.4399999999999995,112.77599999999998,26.96666666666667,-2.7962962962962954,75.56589323197367,-1.3018518518518514
UT,1925,5.050000000000001,128.27,24.26666666666667,-4.296296296296295,85.94769387870882,-2.801851851851851
UT,1926,4.01,101.85399999999998,29.633333333333336,-1.314814814814813,68.24757474329154,0.17962962962963092
UT,1927,8.17,207.518,28.833333333333332,-1.75925925925926,139.04805128496056,-0.26481481481481595
UT,1928,5.57,141.478,27.399999999999995,-2.5555555555555585,94.79775344641745,-1.0611111111111144
UT,1929,6.22,157.98799999999997,22.599999999999998,-5.222222222222224,105.8603279060532,-3.72777777777778
UT,1930,4.4,111.76,28.133333333333336,-2.1481481481481466,74.88511941907302,-0.6537037037037026
UT,1931,3.35,85.09,25.2,-3.7777777777777777,57.014806830430594,-2.2833333333333337
UT,1932,7.23,183.642,22.333333333333332,-5.370370370370371,123.049866681795,-3.875925925925927
UT,1933,4.26,108.204,19.2,-7.111111111111111,72.5024110739207,-5.616666666666667
UT,1934,4.28,108.712,34.03333333333333,1.1296296296296287,72.84279798037103,2.6240740740740724
UT,1935,5.79,147.066,30.599999999999998,-0.777777777777779,98.54200941737109,0.716666666666665
UT,1936,6.340000000000001,161.036,28.7,-1.8333333333333337,107.90264934475522,-0.3388888888888897
UT,1937,7.46,189.48399999999998,21.266666666666666,-5.962962962962964,126.96431610597378,-4.46851851851852
UT,1938,7.06,179.32399999999998,31.433333333333334,-0.31481481481481466,120.15657797696714,1.1796296296296294
UT,1939,5.25,133.35,25.166666666666668,-3.7962962962962954,89.35156294321213,-2.3018518518518514
UT,1940,5.23,132.842,31.333333333333332,-0.370370370370371,89.0111760367618,1.124074074074073
UT,1941,7.4399999999999995,188.97599999999997,29.899999999999995,-1.1666666666666694,126.62392919952346,0.3277777777777746
UT,1942,5.45,138.43,26.5,-3.0555555555555554,92.75543200771544,-1.5611111111111113
UT,1943,5.54,140.71599999999998,31.0,-0.5555555555555556,94.28717308674193,0.9388888888888884
UT,1944,6.4,162.56,25.599999999999998,-3.555555555555557,108.9238100641062,-2.061111111111113
UT,1945,6.14,155.956,30.53333333333333,-0.8148148148148159,104.49878028025188,0.6796296296296281
UT,1946,4.640000000000001,117.85600000000001,26.2,-3.2222222222222228,78.969762296477,-1.7277777777777787
UT,1947,5.42,137.66799999999998,29.833333333333332,-1.2037037037037044,92.24485164803993,0.29074074074073963
UT,1948,6.2,157.48,26.76666666666667,-2.907407407407406,105.51994099960288,-1.412962962962962
UT,1949,7.38,187.452,18.9,-7.277777777777778,125.60276848017247,-5.783333333333333
UT,1950,5.279999999999999,134.11199999999997,26.366666666666664,-3.1296296296296315,89.8621433028876,-1.6351851851851875
UT,1951,4.359999999999999,110.74399999999999,30.166666666666668,-1.018518518518518,74.20434560617234,0.4759259259259261
UT,1952,8.719999999999999,221.48799999999997,24.03333333333333,-4.425925925925927,148.40869121234468,-2.9314814814814834
UT,1953,4.32,109.728,30.666666666666668,-0.74074074074074,73.52357179327169,0.753703703703704
UT,1954,4.97,126.23799999999999,30.46666666666667,-0.8518518518518507,84.58614625290747,0.6425925925925933
UT,1955,5.1,129.54,22.0,-5.555555555555555,86.79866114483464,-4.061111111111112
UT,1956,5.08,129.03199999999998,30.400000000000002,-0.8888888888888877,86.45827423838429,0.6055555555555563
UT,1957,4.98,126.492,28.2,-2.1111111111111116,84.75633970613265,-0.6166666666666676
UT,1958,7.53,191.262,31.46666666666667,-0.2962962962962952,128.15567027854996,1.1981481481481489
UT,1959,4.43,112.52199999999999,31.5,-0.2777777777777778,75.39569977874851,1.2166666666666663
UT,1960,5.28,134.112,25.5,-3.611111111111111,89.86214330288762,-2.116666666666667
UT,1961,4.64,117.85599999999998,29.7,-1.2777777777777781,78.96976229647699,0.2166666666666659
UT,1962,6.71,170.434,26.166666666666668,-3.24074074074074,114.19980711408637,-1.746296296296296
UT,1963,3.67,93.21799999999999,28.766666666666666,-1.7962962962962967,62.4609973336359,-0.3018518518518527
UT,1964,3.92,99.568,24.866666666666664,-3.962962962962965,66.71583366426505,-2.468518518518521
UT,1965,6.59,167.386,29.766666666666666,-1.2407407407407414,112.15748567538435,0.25370370370370265
UT,1966,6.029999999999999,153.16199999999998,26.566666666666666,-3.0185185185185186,102.62665229477506,-1.5240740740740746
UT,1967,5.85,148.58999999999997,27.733333333333334,-2.37037037037037,99.56317013672206,-0.8759259259259258
UT,1968,5.89,149.606,25.833333333333332,-3.4259259259259265,100.24394394962273,-1.9314814814814825
UT,1969,7.43,188.72199999999998,27.900000000000002,-2.277777777777777,126.45373574629828,-0.7833333333333328
UT,1970,4.29,108.966,31.8,-0.11111111111111072,73.01299143359618,1.3833333333333333
UT,1971,5.17,131.31799999999998,28.733333333333334,-1.8148148148148142,87.9900153174108,-0.3203703703703702
UT,1972,3.65,92.71,28.599999999999998,-1.8888888888888902,62.120610427185575,-0.39444444444444615
UT,1973,7.42,188.468,21.96666666666667,-5.574074074074073,126.28354229307313,-4.079629629629629
UT,1974,5.3100000000000005,134.874,25.566666666666666,-3.5740740740740744,90.37272366256312,-2.0796296296296304
UT,1975,5.67,144.018,26.566666666666666,-3.0185185185185186,96.49968797866909,-1.5240740740740746
UT,1976,4.68,118.87199999999999,29.200000000000003,-1.555555555555554,79.65053610937765,-0.061111111111110006
UT,1977,1.93,49.022,28.46666666666667,-1.962962962962962,32.84733647245703,-0.4685185185185179
UT,1978,8.24,209.296,31.86666666666667,-0.07407407407407184,140.23940545753675,1.4203703703703723
UT,1979,9.72,246.888,21.53333333333333,-5.814814814814816,165.4280365348613,-4.320370370370371
UT,1980,9.56,242.824,30.53333333333333,-0.8148148148148159,162.70494128325865,0.6796296296296281
UT,1981,4.4,111.76,33.4,0.777777777777777,74.88511941907302,2.2722222222222213
UT,1982,6.6,167.64,28.7,-1.8333333333333337,112.32767912860953,-0.3388888888888897
UT,1983,8.18,207.772,30.066666666666666,-1.0740740740740742,139.21824473818575,0.42037037037036984
UT,1984,7.470000000000001,189.738,24.099999999999998,-4.38888888888889,127.13450955919896,-2.894444444444446
UT,1985,5.87,149.09799999999998,24.5,-4.166666666666667,99.90355704317241,-2.672222222222223
UT,1986,7.12,180.84799999999998,30.96666666666667,-0.5740740740740731,121.17773869631816,0.920370370370371
UT,1987,4.970000000000001,126.23800000000001,28.633333333333336,-1.8703703703703687,84.58614625290748,-0.37592592592592466
UT,1988,5.57,141.478,26.2,-3.2222222222222228,94.79775344641745,-1.7277777777777787
UT,1989,5.43,137.922,24.066666666666666,-4.407407407407408,92.41504510126511,-2.9129629629629643
UT,1990,4.109999999999999,104.39399999999998,28.933333333333334,-1.7037037037037035,69.94950927554319,-0.20925925925925948
UT,1991,4.779999999999999,121.41199999999998,25.700000000000003,-3.4999999999999982,81.35247064162931,-2.005555555555554
UT,1992,5.98,151.892,28.666666666666668,-1.8518518518518512,101.77568502864924,-0.3574074074074072
UT,1993,9.3,236.22,25.666666666666668,-3.5185185185185177,158.27991149940434,-2.0240740740740737
UT,1994,4.17,105.91799999999999,29.46666666666667,-1.4074074074074063,70.9706699948942,0.08703703703703769
UT,1995,7.699999999999999,195.57999999999998,32.699999999999996,0.3888888888888865,131.0489589833778,1.8833333333333306
UT,1996,5.720000000000001,145.288,31.733333333333334,-0.1481481481481476,97.35065524479494,1.3462962962962963
UT,1997,7.28,184.912,28.933333333333334,-1.7037037037037035,123.90083394792082,-0.20925925925925948
UT,1998,6.87,174.498,29.900000000000002,-1.1666666666666654,116.922902365689,0.3277777777777786
UT,1999,4.0200000000000005,102.108,30.96666666666667,-0.5740740740740731,68.41776819651672,0.920370370370371
UT,2000,5.4,137.16,32.233333333333334,0.12962962962963015,91.90446474158962,1.6240740740740742
UT,2001,4.82,122.428,29.46666666666667,-1.4074074074074063,82.03324445452998,0.08703703703703769
UT,2002,4.15,105.41,26.7,-2.9444444444444446,70.63028308844387,-1.4500000000000006
UT,2003,4.84,122.93599999999999,31.833333333333332,-0.09259259259259325,82.37363136098031,1.4018518518518508
UT,2004,5.93,150.62199999999999,27.433333333333334,-2.5370370370370368,100.9247177625234,-1.0425925925925927
UT,2005,8.98,228.09199999999998,32.06666666666667,0.03703703703703888,152.83372099619902,1.531481481481483
UT,2006,6.04,153.416,30.2,-1.0000000000000004,102.79684574800024,0.4944444444444436
UT,2007,3.91,99.314,28.2,-2.1111111111111116,66.54564021103988,-0.6166666666666676
UT,2008,6.4,162.56,25.96666666666667,-3.3518518518518507,108.9238100641062,-1.8574074074074067
UT,2009,5.65,143.51,29.866666666666664,-1.185185185185187,96.15930107221877,0.3092592592592571
UT,2010,5.95,151.13,26.166666666666668,-3.24074074074074,101.26510466897375,-1.746296296296296
UT,2011,7.65,194.31,28.833333333333332,-1.75925925925926,130.19799171725197,-0.26481481481481595
UT,2012,4.15,105.41,29.833333333333332,-1.2037037037037044,70.63028308844387,0.29074074074073963
UT,2013,4.6899999999999995,119.12599999999998,25.03333333333333,-3.8703703703703716,79.82072956260282,-2.3759259259259276
UT,2014,4.69,119.126,29.733333333333334,-1.2592592592592586,79.82072956260284,0.23518518518518539
UT,2015,4.41,112.014,34.233333333333334,1.2407407407407414,75.05531287229819,2.7351851851851854
UT,2016,5.6899999999999995,144.52599999999998,28.96666666666667,-1.6851851851851842,96.84007488511942,-0.1907407407407402
UT,2017,8.77,222.75799999999998,29.933333333333334,-1.148148148148148,149.25965847847053,0.3462962962962961
UT,2018,3.9,99.05999999999999,32.13333333333333,0.0740740740740738,66.37544675781471,1.5685185185185178
UT,2019,8.11,205.99399999999997,27.2,-2.666666666666667,138.02689056560956,-1.172222222222223
UT,2020,6.32,160.528,29.53333333333333,-1.3703703703703713,107.56226243830487,0.12407407407407267
UT,2021,4.26,108.204,29.166666666666668,-1.5740740740740735,72.5024110739207,-0.0796296296296295
UT,2022,4.2,106.67999999999999,30.100000000000005,-1.0555555555555527,71.4812503545697,0.4388888888888913
UT,2023,9.96,252.984,26.933333333333334,-2.814814814814815,169.5126794122653,-1.3203703703703709
UT,2024,6.63,168.402,32.199999999999996,0.11111111111110875,112.838259488285,1.6055555555555527
UT,2025,4.35,110.48999999999998,31.666666666666668,-0.18518518518518454,74.03415215294717,1.3092592592592596
UT,2026,3.86,98.044,36.4,2.4444444444444438,65.69467294491406,3.9388888888888878
WA,1896,28.5,723.9,32.56666666666667,0.31481481481481666,101.7360574005545,0.08641975308642155
WA,1897,35.16,893.0639999999999,31.5,-0.2777777777777778,125.51016765626301,-0.5061728395061729
WA,1898,32.660000000000004,829.5640000000001,31.03333333333333,-0.5370370370370381,116.58595209481089,-0.7654320987654332
WA,1899,29.200000000000003,741.6800000000001,28.0,-2.2222222222222223,104.2348377577611,-2.4506172839506175
WA,1900,30.0,762.0,33.1,0.6111111111111119,107.0905867374258,0.38271604938271686
WA,1901,28.38,720.852,32.36666666666667,0.20370370370370397,101.30769505360479,-0.024691358024691135
WA,1902,29.869999999999997,758.6979999999999,31.933333333333337,-0.03703703703703493,106.62652752823027,-0.26543209876543006
WA,1903,31.67,804.418,29.566666666666666,-1.351851851851852,113.05196273247583,-1.5802469135802473
WA,1904,35.79,909.0659999999999,30.933333333333334,-0.5925925925925924,127.75906997774896,-0.8209876543209875
WA,1905,25.86,656.8439999999999,31.3,-0.3888888888888885,92.31208576766103,-0.6172839506172836
WA,1906,21.36,542.544,32.199999999999996,0.11111111111110875,76.24849775704716,-0.11728395061728636
WA,1907,31.16,791.4639999999999,27.96666666666667,-2.2407407407407396,111.23142275793958,-2.4691358024691348
WA,1908,28.11,713.9939999999999,31.666666666666668,-0.18518518518518454,100.34387977296797,-0.41358024691357964
WA,1909,24.38,619.252,27.633333333333336,-2.4259259259259243,87.02895015528135,-2.6543209876543195
WA,1910,33.339999999999996,846.8359999999999,26.133333333333336,-3.2592592592592577,119.01333872752585,-3.487654320987653
WA,1911,24.13,612.9019999999999,29.666666666666668,-1.2962962962962956,86.13652859913613,-1.5246913580246908
WA,1912,25.240000000000002,641.096,31.066666666666666,-0.5185185185185186,90.0988803084209,-0.7469135802469137
WA,1913,25.26,641.604,27.599999999999998,-2.4444444444444455,90.17027403291252,-2.6728395061728407
WA,1914,26.259999999999998,667.0039999999999,32.300000000000004,0.16666666666666904,93.73996025749337,-0.06172839506172606
WA,1915,18.85,478.79,29.200000000000003,-1.555555555555554,67.2885853333492,-1.7839506172839492
WA,1916,36.66,931.1639999999999,25.933333333333334,-3.3703703703703702,130.86469699313432,-3.5987654320987654
WA,1917,22.84,580.136,27.066666666666666,-2.740740740740741,81.53163336942683,-2.969135802469136
WA,1918,34.5,876.3,33.0,0.5555555555555556,123.15417474803967,0.3271604938271605
WA,1919,30.14,765.5559999999999,31.266666666666666,-0.40740740740740794,107.5903428088671,-0.6358024691358031
WA,1920,20.81,528.574,28.366666666666664,-2.0185185185185204,74.28517033352769,-2.2469135802469156
WA,1921,32.019999999999996,813.3079999999999,32.199999999999996,0.11111111111110875,114.3013529110791,-0.11728395061728636
WA,1922,25.130000000000003,638.302,25.233333333333334,-3.7592592592592586,89.706214823717,-3.987654320987654
WA,1923,24.61,625.0939999999999,27.433333333333334,-2.5370370370370368,87.84997798693495,-2.765432098765432
WA,1924,22.56,573.0239999999999,32.0,0.0,80.53212122654418,-0.2283950617283951
WA,1925,28.560000000000002,725.424,31.133333333333336,-0.4814814814814798,101.95023857402934,-0.7098765432098749
WA,1926,22.3,566.42,35.03333333333333,1.6851851851851842,79.60400280815317,1.456790123456789
WA,1927,27.81,706.3739999999999,30.233333333333334,-0.981481481481481,99.2729739055937,-1.2098765432098761
WA,1928,26.86,682.2439999999999,29.099999999999998,-1.6111111111111123,95.88177199224188,-1.8395061728395075
WA,1929,16.99,431.54599999999994,23.900000000000002,-4.499999999999998,60.648968955628796,-4.728395061728393
WA,1930,19.68,499.87199999999996,27.866666666666664,-2.296296296296298,70.25142489975131,-2.5246913580246932
WA,1931,21.61,548.894,32.300000000000004,0.16666666666666904,77.14091931319238,-0.06172839506172606
WA,1932,31.42,798.068,28.03333333333333,-2.2037037037037046,112.15954117633062,-2.4320987654321
WA,1933,33.5,850.9,27.366666666666664,-2.5740740740740757,119.5844885234588,-2.802469135802471
WA,1934,34.6,878.84,36.699999999999996,2.611111111111109,123.51114337049775,2.3827160493827138
WA,1935,31.43,798.322,32.266666666666666,0.1481481481481476,112.19523803857642,-0.08024691358024749
WA,1936,24.36,618.7439999999999,27.46666666666667,-2.5185185185185173,86.95755643078974,-2.7469135802469125
WA,1937,20.54,521.7159999999999,25.133333333333336,-3.8148148148148127,73.32135505289085,-4.043209876543208
WA,1938,31.759999999999998,806.704,32.36666666666667,0.20370370370370397,113.3732344926881,-0.024691358024691135
WA,1939,24.23,615.442,31.599999999999998,-0.2222222222222234,86.49349722159423,-0.4506172839506185
WA,1940,28.72,729.4879999999999,34.333333333333336,1.2962962962962976,102.52138836996228,1.0679012345679024
WA,1941,18.82,478.02799999999996,34.0,1.1111111111111112,67.18149474661178,0.8827160493827161
WA,1942,21.53,546.862,30.733333333333334,-0.7037037037037032,76.8553444152259,-0.9320987654320982
WA,1943,27.8,706.12,29.233333333333334,-1.5370370370370365,99.2372770433479,-1.7654320987654317
WA,1944,16.0,406.4,30.666666666666668,-0.74074074074074,57.114979593293754,-0.9691358024691351
WA,1945,25.419999999999998,645.6679999999999,32.06666666666666,0.03703703703703493,90.74142382884544,-0.19135802469136018
WA,1946,31.21,792.7339999999999,31.599999999999998,-0.2222222222222234,111.40990706916863,-0.4506172839506185
WA,1947,25.39,644.906,31.03333333333333,-0.5370370370370381,90.63433324210801,-0.7654320987654332
WA,1948,25.16,639.064,30.666666666666668,-0.74074074074074,89.81330541045442,-0.9691358024691351
WA,1949,29.31,744.4739999999999,22.266666666666666,-5.407407407407408,104.627503242465,-5.635802469135803
WA,1950,36.19,919.2259999999999,24.5,-4.166666666666667,129.1869444675813,-4.395061728395062
WA,1951,33.87,860.2979999999999,32.199999999999996,0.11111111111110875,120.90527242655371,-0.11728395061728636
WA,1952,23.39,594.106,27.666666666666668,-2.4074074074074066,83.4949607929463,-2.6358024691358017
WA,1953,29.48,748.7919999999999,35.166666666666664,1.759259259259258,105.23434990064374,1.5308641975308628
WA,1954,32.16,816.8639999999999,32.23333333333333,0.1296296296296262,114.80110898252045,-0.0987654320987689
WA,1955,23.95,608.3299999999999,30.433333333333334,-0.8703703703703702,85.49398507871157,-1.0987654320987654
WA,1956,36.64,930.656,27.133333333333336,-2.703703703703702,130.7933032686427,-2.932098765432097
WA,1957,23.54,597.9159999999999,26.8,-2.8888888888888884,84.03041372663343,-3.1172839506172836
WA,1958,26.79,680.4659999999999,36.46666666666667,2.4814814814814827,95.63189395652122,2.2530864197530875
WA,1959,32.79,832.866,32.13333333333333,0.0740740740740738,117.0500113040064,-0.15432098765432128
WA,1960,25.64,651.256,30.03333333333333,-1.0925925925925937,91.52675479825324,-1.3209876543209889
WA,1961,34.62,879.3479999999998,33.333333333333336,0.740740740740742,123.58253709498935,0.512345679012347
WA,1962,21.89,556.006,30.666666666666668,-0.74074074074074,78.14043145607502,-0.9691358024691351
WA,1963,24.47,621.5379999999999,32.53333333333334,0.29629629629629917,87.35022191549362,0.06790123456790406
WA,1964,28.990000000000002,736.346,32.1,0.055555555555556344,103.48520365059913,-0.17283950617283877
WA,1965,28.54,724.9159999999999,30.733333333333334,-0.7037037037037032,101.87884484953773,-0.9320987654320982
WA,1966,26.07,662.178,32.0,0.0,93.06171987482301,-0.2283950617283951
WA,1967,32.51,825.7539999999999,35.9,2.166666666666666,116.05049916112374,1.9382716049382709
WA,1968,27.27,692.6579999999999,33.03333333333333,0.5740740740740731,97.34534334432003,0.345679012345678
WA,1969,27.96,710.184,25.7,-3.5000000000000004,99.80842683928083,-3.7283950617283956
WA,1970,24.490000000000002,622.046,32.96666666666667,0.5370370370370381,87.42161563998526,0.308641975308643
WA,1971,34.379999999999995,873.2519999999998,31.433333333333334,-0.31481481481481466,122.72581240108994,-0.5432098765432097
WA,1972,35.32,897.1279999999999,28.833333333333332,-1.75925925925926,126.08131745219595,-1.9876543209876552
WA,1973,22.39,568.706,29.96666666666667,-1.1296296296296287,79.92527456836545,-1.3580246913580238
WA,1974,41.25,1047.75,32.63333333333333,0.3518518518518516,147.24955676396047,0.12345679012345648
WA,1975,31.69,804.9259999999999,31.100000000000005,-0.4999999999999972,113.12335645696743,-0.7283950617283923
WA,1976,32.46,824.4839999999999,32.86666666666667,0.48148148148148173,115.8720148498947,0.25308641975308666
WA,1977,14.23,361.442,31.899999999999995,-0.05555555555555832,50.79663497578563,-0.28395061728395343
WA,1978,28.47,723.1379999999999,32.93333333333333,0.5185185185185167,101.62896681381706,0.29012345679012164
WA,1979,20.01,508.254,25.3,-3.7222222222222223,71.429421353863,-3.9506172839506175
WA,1980,27.01,686.054,31.03333333333333,-0.5370370370370381,96.41722492592902,-0.7654320987654332
WA,1981,27.099999999999998,688.3399999999999,35.5,1.9444444444444444,96.73849668614127,1.7160493827160492
WA,1982,31.75,806.4499999999999,30.933333333333334,-0.5925925925925924,113.3375376304423,-0.8209876543209875
WA,1983,33.05,839.4699999999999,34.63333333333333,1.4629629629629628,117.9781297223974,1.2345679012345676
WA,1984,31.07,789.178,30.13333333333333,-1.0370370370370392,110.91015099772731,-1.2654320987654344
WA,1985,21.56,547.6239999999999,26.46666666666667,-3.074074074074073,76.96243500196333,-3.3024691358024683
WA,1986,23.259999999999998,590.8039999999999,30.166666666666668,-1.018518518518518,83.03090158375078,-1.2469135802469131
WA,1987,25.59,649.986,32.56666666666667,0.31481481481481666,91.3482704870242,0.08641975308642155
WA,1988,23.700000000000003,601.98,31.633333333333336,-0.203703703703702,84.60156352256638,-0.43209876543209713
WA,1989,27.11,688.5939999999999,29.566666666666666,-1.351851851851852,96.7741935483871,-1.5802469135802473
WA,1990,27.74,704.5959999999999,33.333333333333336,0.740740740740742,99.02309586987303,0.512345679012347
WA,1991,28.94,735.076,31.03333333333333,-0.5370370370370381,103.30671933937009,-0.7654320987654332
WA,1992,23.91,607.314,36.233333333333334,2.3518518518518525,85.35119762972835,2.1234567901234573
WA,1993,20.17,512.318,27.166666666666668,-2.6851851851851847,72.00057114979593,-2.91358024691358
WA,1994,20.92,531.368,33.63333333333333,0.9074074074074071,74.67783581823159,0.679012345679012
WA,1995,31.25,793.75,33.96666666666667,1.0925925925925937,111.55269451815187,0.8641975308641986
WA,1996,35.01,889.2539999999999,30.933333333333334,-0.5925925925925924,124.9747147225759,-0.8209876543209875
WA,1997,38.0,965.1999999999999,30.833333333333332,-0.6481481481481488,135.64807653407266,-0.8765432098765439
WA,1998,25.5,647.6999999999999,34.03333333333333,1.1296296296296287,91.02699872681191,0.9012345679012336
WA,1999,42.07,1068.578,33.166666666666664,0.6481481481481468,150.17669946811677,0.41975308641975173
WA,2000,29.68,753.872,33.43333333333334,0.7962962962962984,105.94828714555992,0.5679012345679033
WA,2001,15.05,382.27,31.099999999999998,-0.5000000000000012,53.72377767994194,-0.7283950617283963
WA,2002,31.35,796.29,33.0,0.5555555555555556,111.90966314060995,0.3271604938271605
WA,2003,29.0,736.5999999999999,35.36666666666667,1.8703703703703707,103.52090051284492,1.6419753086419755
WA,2004,24.44,620.776,32.166666666666664,0.09259259259259128,87.2431313287562,-0.13580246913580382
WA,2005,18.83,478.2819999999999,33.93333333333333,1.0740740740740722,67.21719160885758,0.8456790123456771
WA,2006,31.03,788.162,32.699999999999996,0.3888888888888865,110.76736354874407,0.1604938271604914
WA,2007,35.34,897.6360000000001,31.566666666666666,-0.24074074074074087,126.15271117668759,-0.469135802469136
WA,2008,26.25,666.75,31.066666666666663,-0.5185185185185206,93.70426339524757,-0.7469135802469157
WA,2009,25.65,651.5099999999999,29.8,-1.2222222222222219,91.56245166049904,-1.450617283950617
WA,2010,24.66,626.3639999999999,33.800000000000004,1.0000000000000024,88.02846229816399,0.7716049382716074
WA,2011,31.91,810.514,31.7,-0.16666666666666707,113.90868742637522,-0.39506172839506215
WA,2012,28.28,718.312,32.06666666666667,0.03703703703703888,100.9507264311467,-0.1913580246913562
WA,2013,26.04,661.4159999999999,32.36666666666667,0.20370370370370397,92.95462928808557,-0.024691358024691135
WA,2014,25.450000000000003,646.4300000000001,30.700000000000003,-0.7222222222222207,90.8485144155829,-0.9506172839506157
WA,2015,25.91,658.1139999999999,36.666666666666664,2.5925925925925912,92.49057007889007,2.364197530864196
WA,2016,37.33,948.1819999999999,34.733333333333334,1.518518518518519,133.2563867636035,1.2901234567901239
WA,2017,31.14,790.956,27.3,-2.6111111111111107,111.16002903344798,-2.839506172839506
WA,2018,29.369999999999997,745.9979999999999,32.56666666666666,0.3148148148148127,104.84168441593984,0.08641975308641761
WA,2019,22.23,564.6419999999999,30.86666666666667,-0.6296296296296274,79.35412477243251,-0.8580246913580225
WA,2020,25.7,652.78,34.43333333333334,1.3518518518518539,91.74093597172809,1.1234567901234587
WA,2021,28.0,711.1999999999999,33.233333333333334,0.6851851851851857,99.95121428826407,0.4567901234567906
WA,2022,28.8,731.52,31.400000000000002,-0.33333333333333215,102.80696326792877,-0.5617283950617272
WA,2023,23.990000000000002,609.346,30.633333333333336,-0.7592592592592575,85.63677252769483,-0.9876543209876526
WA,2024,27.01,686.054,34.26666666666667,1.2592592592592626,96.41722492592902,1.0308641975308674
WA,2025,27.61,701.294,32.13333333333333,0.0740740740740738,98.55903666067753,-0.15432098765432128
WA,2026,30.6,777.24,36.266666666666666,2.37037037037037,109.23239847217431,2.1419753086419746
WY,1896,6.84,173.736,20.3,-6.5,130.33536585365854,-1.1037037037037036
WY,1897,6.98,177.292,21.03333333333333,-6.0925925925925934,133.00304878048783,-0.6962962962962971
WY,1898,5.8,147.32,18.266666666666666,-7.62962962962963,110.51829268292684,-2.2333333333333334
WY,1899,8.75,222.25,14.466666666666667,-9.74074074074074,166.7301829268293,-4.344444444444444
WY,1900,3.8899999999999997,98.80599999999998,20.2,-6.555555555555555,74.1234756097561,-1.159259259259259
WY,1901,4.83,122.68199999999999,20.533333333333335,-6.37037037037037,92.03506097560975,-0.9740740740740739
WY,1902,4.67,118.618,20.766666666666666,-6.240740740740741,88.98628048780488,-0.844444444444445
WY,1903,5.34,135.636,16.533333333333335,-8.592592592592592,101.75304878048782,-3.1962962962962953
WY,1904,7.25,184.14999999999998,21.033333333333335,-6.092592592592592,138.14786585365852,-0.6962962962962953
WY,1905,4.34,110.23599999999999,18.933333333333334,-7.259259259259259,82.69817073170732,-1.8629629629629623
WY,1906,5.7,144.78,20.833333333333332,-6.203703703703705,108.61280487804879,-0.8074074074074087
WY,1907,6.52,165.60799999999998,23.3,-4.833333333333333,124.23780487804879,0.5629629629629633
WY,1908,4.08,103.63199999999999,21.133333333333333,-6.037037037037037,77.7439024390244,-0.6407407407407408
WY,1909,5.91,150.114,20.0,-6.666666666666667,112.61432926829269,-1.2703703703703706
WY,1910,5.53,140.462,13.466666666666667,-10.296296296296296,105.3734756097561,-4.8999999999999995
WY,1911,4.529999999999999,115.06199999999998,20.833333333333332,-6.203703703703705,86.31859756097562,-0.8074074074074087
WY,1912,6.54,166.11599999999999,18.033333333333335,-7.759259259259259,124.6189024390244,-2.3629629629629623
WY,1913,4.5600000000000005,115.82400000000001,16.366666666666667,-8.685185185185183,86.89024390243904,-3.288888888888887
WY,1914,4.88,123.95199999999998,19.599999999999998,-6.88888888888889,92.98780487804878,-1.4925925925925938
WY,1915,3.54,89.916,18.233333333333334,-7.648148148148148,67.45426829268294,-2.2518518518518515
WY,1916,6.51,165.35399999999998,17.8,-7.888888888888889,124.04725609756098,-2.492592592592593
WY,1917,5.79,147.066,14.533333333333333,-9.703703703703704,110.32774390243904,-4.307407407407408
WY,1918,5.75,146.04999999999998,19.766666666666666,-6.796296296296297,109.5655487804878,-1.4000000000000004
WY,1919,3.23,82.042,21.2,-6.0,61.54725609756099,-0.6037037037037036
WY,1920,5.61,142.494,19.833333333333332,-6.75925925925926,106.89786585365854,-1.362962962962964
WY,1921,4.74,120.396,22.566666666666666,-5.240740740740741,90.32012195121952,0.155555555555555
WY,1922,6.32,160.528,15.566666666666668,-9.129629629629628,120.42682926829269,-3.7333333333333316
WY,1923,6.03,153.162,19.433333333333334,-6.981481481481481,114.90091463414636,-1.5851851851851846
WY,1924,5.08,129.03199999999998,19.433333333333334,-6.981481481481481,96.79878048780488,-1.5851851851851846
WY,1925,4.82,122.428,20.166666666666668,-6.574074074074073,91.84451219512195,-1.1777777777777763
WY,1926,4.56,115.82399999999998,23.066666666666666,-4.962962962962964,86.89024390243902,0.4333333333333327
WY,1927,6.33,160.78199999999998,20.866666666666667,-6.185185185185185,120.6173780487805,-0.7888888888888888
WY,1928,6.27,159.25799999999998,18.599999999999998,-7.444444444444446,119.47408536585365,-2.04814814814815
WY,1929,6.65,168.91,13.299999999999999,-10.388888888888891,126.71493902439026,-4.992592592592595
WY,1930,4.970000000000001,126.23800000000001,19.566666666666666,-6.907407407407408,94.70274390243904,-1.511111111111112
WY,1931,3.16,80.264,22.733333333333334,-5.148148148148148,60.213414634146346,0.24814814814814845
WY,1932,5.75,146.04999999999998,17.766666666666666,-7.907407407407408,109.5655487804878,-2.511111111111112
WY,1933,4.78,121.412,14.966666666666667,-9.462962962962962,91.08231707317074,-4.0666666666666655
WY,1934,4.16,105.664,27.8,-2.333333333333333,79.26829268292684,3.0629629629629633
WY,1935,4.5600000000000005,115.82400000000001,24.0,-4.444444444444445,86.89024390243904,0.9518518518518517
WY,1936,6.82,173.228,16.566666666666666,-8.574074074074074,129.95426829268294,-3.177777777777778
WY,1937,5.44,138.17600000000002,15.233333333333334,-9.314814814814815,103.65853658536588,-3.9185185185185185
WY,1938,6.1899999999999995,157.22599999999997,22.233333333333334,-5.425925925925926,117.94969512195121,-0.02962962962962923
WY,1939,5.02,127.50799999999998,19.2,-7.111111111111111,95.65548780487804,-1.7148148148148143
WY,1940,4.46,113.28399999999999,22.633333333333336,-5.2037037037037015,84.98475609756099,0.19259259259259487
WY,1941,4.1899999999999995,106.42599999999999,23.333333333333332,-4.814814814814816,79.83993902439025,0.5814814814814806
WY,1942,4.92,124.96799999999999,18.4,-7.555555555555555,93.75,-2.159259259259259
WY,1943,7.89,200.40599999999998,22.7,-5.166666666666667,150.34298780487805,0.2296296296296294
WY,1944,5.1899999999999995,131.826,19.633333333333336,-6.8703703703703685,98.89481707317073,-1.474074074074072
WY,1945,6.390000000000001,162.306,20.833333333333332,-6.203703703703705,121.76067073170734,-0.8074074074074087
WY,1946,6.24,158.496,20.966666666666665,-6.12962962962963,118.90243902439026,-0.7333333333333334
WY,1947,4.92,124.96799999999999,22.3,-5.388888888888889,93.75,0.007407407407407085
WY,1948,6.2,157.48,19.8,-6.777777777777778,118.14024390243902,-1.3814814814814813
WY,1949,7.119999999999999,180.84799999999996,12.633333333333335,-10.75925925925926,135.67073170731706,-5.362962962962963
WY,1950,5.51,139.95399999999998,20.099999999999998,-6.6111111111111125,104.99237804878048,-1.2148148148148161
WY,1951,5.04,128.016,22.7,-5.166666666666667,96.03658536585365,0.2296296296296294
WY,1952,5.32,135.128,18.7,-7.388888888888889,101.3719512195122,-1.992592592592593
WY,1953,4.86,123.444,24.900000000000002,-3.944444444444443,92.60670731707317,1.4518518518518535
WY,1954,5.65,143.51,25.733333333333334,-3.481481481481481,107.66006097560977,1.9148148148148154
WY,1955,4.39,111.50599999999999,19.066666666666666,-7.185185185185186,83.65091463414635,-1.7888888888888896
WY,1956,6.529999999999999,165.86199999999997,20.233333333333334,-6.537037037037036,124.42835365853658,-1.14074074074074
WY,1957,4.8,121.91999999999999,20.633333333333336,-6.314814814814813,91.46341463414633,-0.9185185185185167
WY,1958,4.74,120.396,25.133333333333336,-3.8148148148148127,90.32012195121952,1.5814814814814837
WY,1959,5.88,149.35199999999998,21.366666666666664,-5.907407407407409,112.04268292682926,-0.5111111111111128
WY,1960,3.76,95.50399999999999,19.933333333333334,-6.703703703703703,71.64634146341464,-1.307407407407407
WY,1961,4.54,115.31599999999999,23.066666666666666,-4.962962962962964,86.50914634146342,0.4333333333333327
WY,1962,5.71,145.034,17.2,-8.222222222222221,108.8033536585366,-2.825925925925925
WY,1963,4.16,105.664,22.066666666666666,-5.518518518518519,79.26829268292684,-0.12222222222222268
WY,1964,4.41,112.014,18.900000000000002,-7.277777777777776,84.03201219512196,-1.8814814814814795
WY,1965,6.21,157.73399999999998,21.8,-5.666666666666667,118.33079268292683,-0.2703703703703706
WY,1966,3.65,92.71,20.366666666666667,-6.462962962962963,69.55030487804879,-1.0666666666666664
WY,1967,5.34,135.636,22.900000000000002,-5.055555555555554,101.75304878048782,0.3407407407407428
WY,1968,5.09,129.286,19.7,-6.833333333333333,96.98932926829269,-1.4370370370370367
WY,1969,5.1899999999999995,131.826,20.099999999999998,-6.6111111111111125,98.89481707317073,-1.2148148148148161
WY,1970,4.78,121.412,24.166666666666668,-4.351851851851851,91.08231707317074,1.0444444444444452
WY,1971,6.52,165.60799999999998,21.166666666666668,-6.018518518518517,124.23780487804879,-0.6222222222222209
WY,1972,5.65,143.51,19.666666666666668,-6.851851851851851,107.66006097560977,-1.4555555555555548
WY,1973,5.2,132.07999999999998,16.3,-8.722222222222221,99.08536585365853,-3.325925925925925
WY,1974,6.08,154.432,21.400000000000002,-5.8888888888888875,115.85365853658537,-0.49259259259259114
WY,1975,5.199999999999999,132.07999999999998,19.433333333333334,-6.981481481481481,99.08536585365853,-1.5851851851851846
WY,1976,5.43,137.922,23.366666666666664,-4.7962962962962985,103.46798780487805,0.5999999999999979
WY,1977,3.47,88.138,22.233333333333334,-5.425925925925926,66.12042682926831,-0.02962962962962923
WY,1978,6.140000000000001,155.95600000000002,19.733333333333334,-6.814814814814814,116.99695121951223,-1.4185185185185176
WY,1979,5.95,151.13,11.866666666666667,-11.185185185185183,113.37652439024392,-5.788888888888887
WY,1980,5.9399999999999995,150.87599999999998,21.933333333333334,-5.592592592592592,113.1859756097561,-0.1962962962962953
WY,1981,3.87,98.298,28.0,-2.2222222222222223,73.7423780487805,3.174074074074074
WY,1982,5.7,144.78,20.96666666666667,-6.129629629629629,108.61280487804879,-0.7333333333333325
WY,1983,5.6,142.23999999999998,24.766666666666666,-4.018518518518519,106.70731707317073,1.3777777777777773
WY,1984,6.41,162.814,16.599999999999998,-8.555555555555557,122.14176829268294,-3.1592592592592608
WY,1985,4.33,109.982,16.333333333333332,-8.703703703703704,82.50762195121953,-3.307407407407408
WY,1986,6.93,176.022,22.5,-5.277777777777778,132.0503048780488,0.11851851851851869
WY,1987,4.859999999999999,123.44399999999997,22.96666666666667,-5.018518518518517,92.60670731707316,0.3777777777777791
WY,1988,5.12,130.048,20.366666666666664,-6.4629629629629655,97.5609756097561,-1.066666666666669
WY,1989,5.7,144.78,18.333333333333332,-7.5925925925925934,108.61280487804879,-2.196296296296297
WY,1990,4.8,121.91999999999999,22.066666666666666,-5.518518518518519,91.46341463414633,-0.12222222222222268
WY,1991,4.49,114.04599999999999,20.099999999999998,-6.6111111111111125,85.5564024390244,-1.2148148148148161
WY,1992,4.33,109.982,25.03333333333333,-3.8703703703703716,82.50762195121953,1.5259259259259248
WY,1993,5.72,145.28799999999998,16.2,-8.777777777777779,108.99390243902438,-3.381481481481482
WY,1994,4.7299999999999995,120.14199999999998,22.133333333333336,-5.481481481481479,90.1295731707317,-0.08518518518518281
WY,1995,5.51,139.95399999999998,25.233333333333334,-3.7592592592592586,104.99237804878048,1.6370370370370377
WY,1996,6.22,157.98799999999997,22.099999999999998,-5.500000000000002,118.52134146341463,-0.10370370370370541
WY,1997,7.01,178.05399999999997,20.733333333333334,-6.259259259259259,133.5746951219512,-0.8629629629629623
WY,1998,5.57,141.478,23.366666666666664,-4.7962962962962985,106.13567073170734,0.5999999999999979
WY,1999,5.1899999999999995,131.826,24.633333333333336,-4.092592592592591,98.89481707317073,1.3037037037037056
WY,2000,4.78,121.412,26.2,-3.2222222222222228,91.08231707317074,2.1740740740740736
WY,2001,3.8200000000000003,97.028,19.900000000000002,-6.7222222222222205,72.78963414634148,-1.3259259259259242
WY,2002,4.25,107.94999999999999,21.433333333333334,-5.87037037037037,80.98323170731707,-0.47407407407407387
WY,2003,5.33,135.382,24.366666666666664,-4.240740740740743,101.56250000000001,1.1555555555555532
WY,2004,4.49,114.04599999999999,23.0,-5.0,85.5564024390244,0.39629629629629637
WY,2005,3.91,99.314,25.666666666666668,-3.5185185185185177,74.50457317073172,1.8777777777777787
WY,2006,5.2299999999999995,132.84199999999998,22.933333333333334,-5.037037037037036,99.65701219512195,0.35925925925926006
WY,2007,4.82,122.428,21.666666666666668,-5.74074074074074,91.84451219512195,-0.3444444444444432
WY,2008,5.16,131.064,19.2,-7.111111111111111,98.32317073170732,-1.7148148148148143
WY,2009,5.7,144.78,23.03333333333333,-4.981481481481483,108.61280487804879,0.41481481481481364
WY,2010,3.44,87.37599999999999,19.400000000000002,-6.999999999999998,65.54878048780488,-1.6037037037037019
WY,2011,6.5600000000000005,166.624,20.7,-6.277777777777778,125.0,-0.8814814814814813
WY,2012,4.98,126.492,22.933333333333334,-5.037037037037036,94.89329268292684,0.35925925925926006
WY,2013,4.3,109.21999999999998,21.53333333333333,-5.814814814814816,81.9359756097561,-0.4185185185185194
WY,2014,6.109999999999999,155.194,20.46666666666667,-6.4074074074074066,116.42530487804879,-1.0111111111111102
WY,2015,4.9,124.46000000000001,26.266666666666666,-3.1851851851851856,93.3689024390244,2.211111111111111
WY,2016,5.86,148.844,24.733333333333334,-4.037037037037036,111.66158536585367,1.35925925925926
WY,2017,8.219999999999999,208.78799999999995,20.433333333333334,-6.425925925925926,156.6310975609756,-1.0296296296296292
WY,2018,6.02,152.908,22.733333333333334,-5.148148148148148,114.71036585365854,0.24814814814814845
WY,2019,5.640000000000001,143.256,20.099999999999998,-6.6111111111111125,107.46951219512196,-1.2148148148148161
WY,2020,5.15,130.81,22.366666666666664,-5.351851851851854,98.13262195121952,0.04444444444444251
WY,2021,4.66,118.36399999999999,21.766666666666666,-5.685185185185186,88.79573170731707,-0.28888888888888964
WY,2022,4.01,101.85399999999998,23.400000000000002,-4.777777777777776,76.41006097560975,0.6185185185185205
WY,2023,6.470000000000001,164.338,19.533333333333335,-6.925925925925926,123.28506097560977,-1.5296296296296292
WY,2024,4.9399999999999995,125.47599999999998,25.266666666666666,-3.7407407407407414,94.1310975609756,1.655555555555555
WY,2025,5.359999999999999,136.14399999999998,22.53333333333333,-5.25925925925926,102.1341463414634,0.13703703703703596
WY,2026,4.11,104.394,30.03333333333333,-1.0925925925925937,78.31554878048783,4.303703703703703
