region,window,metric,phase,strength,n_winters,mean,all_winters,diff,pct_change
Beartooth & Absaroka (Red Lodge),Early season,big_storm_days_per_window,El Nino,moderate,4,0.7421087542723284,1.118343030103347,-0.37623427583101865,-33.6421174633914
Beartooth & Absaroka (Red Lodge),Early season,big_storm_days_per_window,El Nino,strong,3,0.8450824735083668,1.118343030103347,-0.27326055659498016,-24.43441316656911
Beartooth & Absaroka (Red Lodge),Early season,big_storm_days_per_window,El Nino,very strong,3,0.7285827070561147,1.118343030103347,-0.3897603230472323,-34.85158958885935
Beartooth & Absaroka (Red Lodge),Early season,big_storm_days_per_window,El Nino,weak,8,1.3541104252632719,1.118343030103347,0.23576739515992484,21.081849558997778
Beartooth & Absaroka (Red Lodge),Early season,big_storm_days_per_window,La Nina,moderate,4,1.4085419747574073,1.118343030103347,0.29019894465406026,25.94900999447752
Beartooth & Absaroka (Red Lodge),Early season,big_storm_days_per_window,La Nina,strong,6,1.8817995908880407,1.118343030103347,0.7634565607846937,68.26676075534195
Beartooth & Absaroka (Red Lodge),Early season,big_storm_days_per_window,La Nina,weak,8,0.931713827458611,1.118343030103347,-0.18662920264473604,-16.68801053174977
Beartooth & Absaroka (Red Lodge),Early season,big_storm_days_per_window,Neutral,neutral,16,0.9577768101253752,1.118343030103347,-0.16056621997797182,-14.35751067927108
Beartooth & Absaroka (Red Lodge),Holidays,big_storm_days_per_window,El Nino,moderate,4,0.21608651726278605,0.4249824779218489,-0.20889596065906285,-49.1540172857379
Beartooth & Absaroka (Red Lodge),Holidays,big_storm_days_per_window,El Nino,strong,3,0.09257513446553083,0.4249824779218489,-0.33240734345631806,-78.21671732956607
Beartooth & Absaroka (Red Lodge),Holidays,big_storm_days_per_window,El Nino,very strong,3,0.47341583838398665,0.4249824779218489,0.04843336046213775,11.396554676554048
Beartooth & Absaroka (Red Lodge),Holidays,big_storm_days_per_window,El Nino,weak,8,0.43073767868684865,0.4249824779218489,0.005755200764999746,1.3542207182617267
Beartooth & Absaroka (Red Lodge),Holidays,big_storm_days_per_window,La Nina,moderate,4,0.5336822026454442,0.4249824779218489,0.10869972472359529,25.57746033557279
Beartooth & Absaroka (Red Lodge),Holidays,big_storm_days_per_window,La Nina,strong,6,0.4430483792705939,0.4249824779218489,0.018065901348744973,4.250975578354822
Beartooth & Absaroka (Red Lodge),Holidays,big_storm_days_per_window,La Nina,weak,8,0.44283188638022586,0.4249824779218489,0.01784940845837696,4.200033974497022
Beartooth & Absaroka (Red Lodge),Holidays,big_storm_days_per_window,Neutral,neutral,16,0.5112610459697725,0.4249824779218489,0.08627856804792361,20.301676546718614
Beartooth & Absaroka (Red Lodge),Midwinter,big_storm_days_per_window,El Nino,moderate,4,1.6035582761055074,1.1860065732953324,0.41755170281017495,35.20652517548895
Beartooth & Absaroka (Red Lodge),Midwinter,big_storm_days_per_window,El Nino,strong,3,0.5557936641928399,1.1860065732953324,-0.6302129091024925,-53.13738754005713
Beartooth & Absaroka (Red Lodge),Midwinter,big_storm_days_per_window,El Nino,very strong,3,0.7090690317581495,1.1860065732953324,-0.47693754153718293,-40.21373509018645
Beartooth & Absaroka (Red Lodge),Midwinter,big_storm_days_per_window,El Nino,weak,8,0.835829493748816,1.1860065732953324,-0.35017707954651645,-29.525728392343183
Beartooth & Absaroka (Red Lodge),Midwinter,big_storm_days_per_window,La Nina,moderate,4,1.3477923859207297,1.1860065732953324,0.16178581262539726,13.641223941607135
Beartooth & Absaroka (Red Lodge),Midwinter,big_storm_days_per_window,La Nina,strong,6,1.2215823486488497,1.1860065732953324,0.0355757753535173,2.9996271651909665
Beartooth & Absaroka (Red Lodge),Midwinter,big_storm_days_per_window,La Nina,weak,8,1.540368835417093,1.1860065732953324,0.3543622621217606,29.878608609829296
Beartooth & Absaroka (Red Lodge),Midwinter,big_storm_days_per_window,Neutral,neutral,16,1.1310927462777398,1.1860065732953324,-0.05491382701759262,-4.630145249955398
Beartooth & Absaroka (Red Lodge),Spring,big_storm_days_per_window,El Nino,moderate,4,1.139253509225243,1.077402037760767,0.061851471464476004,5.740797705657384
Beartooth & Absaroka (Red Lodge),Spring,big_storm_days_per_window,El Nino,strong,3,1.2132726733547345,1.077402037760767,0.13587063559396761,12.610950307496742
Beartooth & Absaroka (Red Lodge),Spring,big_storm_days_per_window,El Nino,very strong,3,1.093568082142436,1.077402037760767,0.01616604438166913,1.5004653615903722
Beartooth & Absaroka (Red Lodge),Spring,big_storm_days_per_window,El Nino,weak,8,0.7922375562250521,1.077402037760767,-0.28516448153571483,-26.46778746849136
Beartooth & Absaroka (Red Lodge),Spring,big_storm_days_per_window,La Nina,moderate,4,0.9572237957782701,1.077402037760767,-0.12017824198249683,-11.15444725093252
Beartooth & Absaroka (Red Lodge),Spring,big_storm_days_per_window,La Nina,strong,6,0.9615250793473549,1.077402037760767,-0.11587695841341206,-10.755219904191614
Beartooth & Absaroka (Red Lodge),Spring,big_storm_days_per_window,La Nina,weak,8,0.898707925808543,1.077402037760767,-0.17869411195222396,-16.585648225022414
Beartooth & Absaroka (Red Lodge),Spring,big_storm_days_per_window,Neutral,neutral,16,1.1883939860519472,1.077402037760767,0.11099194829118031,10.301813473627906
Bighorn Mtns (Meadowlark),Early season,big_storm_days_per_window,El Nino,moderate,4,0.5462437898821824,0.2974286241399043,0.24881516574227808,83.65542034220638
Bighorn Mtns (Meadowlark),Early season,big_storm_days_per_window,El Nino,strong,3,0.1600227761737036,0.2974286241399043,-0.13740584796620067,-46.197923405505115
Bighorn Mtns (Meadowlark),Early season,big_storm_days_per_window,El Nino,very strong,3,0.32544229616080383,0.2974286241399043,0.02801367202089955,9.418620047720255
Bighorn Mtns (Meadowlark),Early season,big_storm_days_per_window,El Nino,weak,6,0.14363809338351372,0.2974286241399043,-0.15379053075639057,-51.70670146530708
Bighorn Mtns (Meadowlark),Early season,big_storm_days_per_window,La Nina,moderate,4,0.2533649183392957,0.2974286241399043,-0.04406370580060859,-14.814884050931806
Bighorn Mtns (Meadowlark),Early season,big_storm_days_per_window,La Nina,strong,5,0.17791815478936113,0.2974286241399043,-0.11951046935054316,-40.1812265702873
Bighorn Mtns (Meadowlark),Early season,big_storm_days_per_window,La Nina,weak,7,0.36665853454684194,0.2974286241399043,0.06922991040693766,23.276142505495145
Bighorn Mtns (Meadowlark),Early season,big_storm_days_per_window,Neutral,neutral,16,0.33148217704688687,0.2974286241399043,0.03405355290698259,11.44931931331683
Bighorn Mtns (Meadowlark),Holidays,big_storm_days_per_window,El Nino,moderate,4,0.018281989519945908,0.10488221834441978,-0.08660022882447388,-82.56902856506125
Bighorn Mtns (Meadowlark),Holidays,big_storm_days_per_window,El Nino,strong,3,0.0,0.10488221834441978,-0.10488221834441978,-100.0
Bighorn Mtns (Meadowlark),Holidays,big_storm_days_per_window,El Nino,very strong,3,0.016815064524093867,0.10488221834441978,-0.08806715382032591,-83.9676688865644
Bighorn Mtns (Meadowlark),Holidays,big_storm_days_per_window,El Nino,weak,6,0.09792123791678198,0.10488221834441978,-0.006960980427637806,-6.636950035494899
Bighorn Mtns (Meadowlark),Holidays,big_storm_days_per_window,La Nina,moderate,4,0.14563487269612038,0.10488221834441978,0.0407526543517006,38.85563729961746
Bighorn Mtns (Meadowlark),Holidays,big_storm_days_per_window,La Nina,strong,5,0.1740348834265752,0.10488221834441978,0.06915266508215541,65.93364077699701
Bighorn Mtns (Meadowlark),Holidays,big_storm_days_per_window,La Nina,weak,7,0.04217943228774286,0.10488221834441978,-0.06270278605667692,-59.784000611780534
Bighorn Mtns (Meadowlark),Holidays,big_storm_days_per_window,Neutral,neutral,16,0.16095474796548967,0.10488221834441978,0.056072529621069886,53.46237952074476
Bighorn Mtns (Meadowlark),Midwinter,big_storm_days_per_window,El Nino,moderate,4,0.3069891168077213,0.35167151497733934,-0.044682398169618054,-12.705720044598225
Bighorn Mtns (Meadowlark),Midwinter,big_storm_days_per_window,El Nino,strong,3,0.03590022698697989,0.35167151497733934,-0.3157712879903595,-89.79154538880034
Bighorn Mtns (Meadowlark),Midwinter,big_storm_days_per_window,El Nino,very strong,3,0.509784608902136,0.35167151497733934,0.1581130939247966,44.96044950782691
Bighorn Mtns (Meadowlark),Midwinter,big_storm_days_per_window,El Nino,weak,6,0.3080134828025322,0.35167151497733934,-0.043658032174807127,-12.41443515196854
Bighorn Mtns (Meadowlark),Midwinter,big_storm_days_per_window,La Nina,moderate,4,0.511757458704425,0.35167151497733934,0.16008594372708568,45.5214417173939
Bighorn Mtns (Meadowlark),Midwinter,big_storm_days_per_window,La Nina,strong,5,0.40726206762165224,0.35167151497733934,0.055590552644312896,15.807522155411133
Bighorn Mtns (Meadowlark),Midwinter,big_storm_days_per_window,La Nina,weak,7,0.34844981019843424,0.35167151497733934,-0.003221704778905099,-0.9161119515502119
Bighorn Mtns (Meadowlark),Midwinter,big_storm_days_per_window,Neutral,neutral,16,0.35279075018024153,0.35167151497733934,0.0011192352029021913,0.31826154670909623
Bighorn Mtns (Meadowlark),Spring,big_storm_days_per_window,El Nino,moderate,4,0.9776751092263971,0.7642861611185281,0.21338894810786901,27.92003296194394
Bighorn Mtns (Meadowlark),Spring,big_storm_days_per_window,El Nino,strong,3,1.0243223676283641,0.7642861611185281,0.26003620650983605,34.023408997655366
Bighorn Mtns (Meadowlark),Spring,big_storm_days_per_window,El Nino,very strong,3,1.2689386271124503,0.7642861611185281,0.5046524659939222,66.02925601261266
Bighorn Mtns (Meadowlark),Spring,big_storm_days_per_window,El Nino,weak,6,0.7297023540337834,0.7642861611185281,-0.03458380708474473,-4.524981459056061
Bighorn Mtns (Meadowlark),Spring,big_storm_days_per_window,La Nina,moderate,4,0.5890423959142143,0.7642861611185281,-0.17524376520431384,-22.929077369115998
Bighorn Mtns (Meadowlark),Spring,big_storm_days_per_window,La Nina,strong,5,0.5421761430323991,0.7642861611185281,-0.22211001808612896,-29.061106871420034
Bighorn Mtns (Meadowlark),Spring,big_storm_days_per_window,La Nina,weak,7,0.5437100129549516,0.7642861611185281,-0.2205761481635765,-28.860413727858777
Bighorn Mtns (Meadowlark),Spring,big_storm_days_per_window,Neutral,neutral,16,0.7902511124284437,0.7642861611185281,0.025964951309915607,3.3972813627707272
Bitterroots (Lost Trail),Early season,big_storm_days_per_window,El Nino,moderate,4,0.41297362431383056,0.9377488822730461,-0.5247752579592155,-55.96117125591153
Bitterroots (Lost Trail),Early season,big_storm_days_per_window,El Nino,strong,4,1.0014740768917734,0.9377488822730461,0.06372519461872728,6.7955500479255475
Bitterroots (Lost Trail),Early season,big_storm_days_per_window,El Nino,very strong,3,0.7612235323963142,0.9377488822730461,-0.17652534987673185,-18.824373263857716
Bitterroots (Lost Trail),Early season,big_storm_days_per_window,El Nino,weak,9,1.0987670940533838,0.9377488822730461,0.1610182117803377,17.17071753687825
Bitterroots (Lost Trail),Early season,big_storm_days_per_window,La Nina,moderate,5,1.0232580986619921,0.9377488822730461,0.08550921638894604,9.118562336398302
Bitterroots (Lost Trail),Early season,big_storm_days_per_window,La Nina,strong,6,1.1992416984996652,0.9377488822730461,0.26149281622661913,27.88516426623474
Bitterroots (Lost Trail),Early season,big_storm_days_per_window,La Nina,weak,10,0.6838777051535594,0.9377488822730461,-0.2538711771194867,-27.072405194887402
Bitterroots (Lost Trail),Early season,big_storm_days_per_window,Neutral,neutral,17,0.9476425510753165,0.9377488822730461,0.009893668802270383,1.0550445848880923
Bitterroots (Lost Trail),Holidays,big_storm_days_per_window,El Nino,moderate,4,0.2278710336055697,0.7331459498299727,-0.505274916224403,-68.91873525886403
Bitterroots (Lost Trail),Holidays,big_storm_days_per_window,El Nino,strong,4,0.12298787089005263,0.7331459498299727,-0.6101580789399201,-83.22464020723632
Bitterroots (Lost Trail),Holidays,big_storm_days_per_window,El Nino,very strong,3,0.5557024590529746,0.7331459498299727,-0.17744349077699817,-24.203024079741546
Bitterroots (Lost Trail),Holidays,big_storm_days_per_window,El Nino,weak,9,0.7334185608431516,0.7331459498299727,0.0002726110131788806,0.03718373036666207
Bitterroots (Lost Trail),Holidays,big_storm_days_per_window,La Nina,moderate,5,1.0350700978619218,0.7331459498299727,0.3019241480319491,41.181997677538796
Bitterroots (Lost Trail),Holidays,big_storm_days_per_window,La Nina,strong,6,0.847479499026433,0.7331459498299727,0.11433354919646033,15.59492338776146
Bitterroots (Lost Trail),Holidays,big_storm_days_per_window,La Nina,weak,10,1.0746007410510627,0.7331459498299727,0.34145479122109,46.573917689960425
Bitterroots (Lost Trail),Holidays,big_storm_days_per_window,Neutral,neutral,17,0.6893076189701742,0.7331459498299727,-0.04383833085979849,-5.979482103115381
Bitterroots (Lost Trail),Midwinter,big_storm_days_per_window,El Nino,moderate,4,1.4521982527781498,1.6043148883293437,-0.1521166355511938,-9.481719371787465
Bitterroots (Lost Trail),Midwinter,big_storm_days_per_window,El Nino,strong,4,0.39752140014284076,1.6043148883293437,-1.206793488186503,-75.22173464607062
Bitterroots (Lost Trail),Midwinter,big_storm_days_per_window,El Nino,very strong,3,0.6135303699736689,1.6043148883293437,-0.9907845183556747,-61.757484491553285
Bitterroots (Lost Trail),Midwinter,big_storm_days_per_window,El Nino,weak,9,0.9401642855891925,1.6043148883293437,-0.6641506027401511,-41.39777094705926
Bitterroots (Lost Trail),Midwinter,big_storm_days_per_window,La Nina,moderate,5,2.1288291913558597,1.6043148883293437,0.524514303026516,32.69397465809969
Bitterroots (Lost Trail),Midwinter,big_storm_days_per_window,La Nina,strong,6,1.5994911085369727,1.6043148883293437,-0.004823779792370919,-0.3006753741090174
Bitterroots (Lost Trail),Midwinter,big_storm_days_per_window,La Nina,weak,10,2.4586021418612862,1.6043148883293437,0.8542872535319426,53.2493502208632
Bitterroots (Lost Trail),Midwinter,big_storm_days_per_window,Neutral,neutral,17,1.614334398951252,1.6043148883293437,0.010019510621908312,0.6245351641872593
Bitterroots (Lost Trail),Spring,big_storm_days_per_window,El Nino,moderate,4,0.7086289998661133,0.5576353506494545,0.1509936492166588,27.0774887282169
Bitterroots (Lost Trail),Spring,big_storm_days_per_window,El Nino,strong,4,0.3144195433423686,0.5576353506494545,-0.24321580730708586,-43.61556472770649
Bitterroots (Lost Trail),Spring,big_storm_days_per_window,El Nino,very strong,3,0.3311632525550051,0.5576353506494545,-0.22647209809444935,-40.6129377971979
Bitterroots (Lost Trail),Spring,big_storm_days_per_window,El Nino,weak,9,0.3776371755910869,0.5576353506494545,-0.17999817505836757,-32.27883147091217
Bitterroots (Lost Trail),Spring,big_storm_days_per_window,La Nina,moderate,5,0.23425182002527026,0.5576353506494545,-0.32338353062418423,-57.991935096573954
Bitterroots (Lost Trail),Spring,big_storm_days_per_window,La Nina,strong,6,0.2669235310426518,0.5576353506494545,-0.29071181960680265,-52.132960951672594
Bitterroots (Lost Trail),Spring,big_storm_days_per_window,La Nina,weak,10,0.7581505299718623,0.5576353506494545,0.2005151793224078,35.95811834541627
Bitterroots (Lost Trail),Spring,big_storm_days_per_window,Neutral,neutral,17,0.6900393190056312,0.5576353506494545,0.13240396835617674,23.74382617636622
Blue Mtns (Anthony Lakes),Early season,big_storm_days_per_window,El Nino,moderate,4,0.32281537378448544,0.6408316386788591,-0.3180162648943736,-49.62555618352383
Blue Mtns (Anthony Lakes),Early season,big_storm_days_per_window,El Nino,strong,3,0.7463662897288103,0.6408316386788591,0.10553465104995119,16.468389617516674
Blue Mtns (Anthony Lakes),Early season,big_storm_days_per_window,El Nino,very strong,3,0.5526686320235843,0.6408316386788591,-0.08816300665527477,-13.757592686439757
Blue Mtns (Anthony Lakes),Early season,big_storm_days_per_window,El Nino,weak,6,0.4656099206523811,0.6408316386788591,-0.17522171802647796,-27.34286315633787
Blue Mtns (Anthony Lakes),Early season,big_storm_days_per_window,La Nina,moderate,4,0.8112260597907761,0.6408316386788591,0.17039442111191705,26.58957686034398
Blue Mtns (Anthony Lakes),Early season,big_storm_days_per_window,La Nina,strong,5,0.9928895146741761,0.6408316386788591,0.352057875995317,54.93765518836131
Blue Mtns (Anthony Lakes),Early season,big_storm_days_per_window,La Nina,weak,7,0.5208395724629293,0.6408316386788591,-0.11999206621592973,-18.72442915947562
Blue Mtns (Anthony Lakes),Early season,big_storm_days_per_window,Neutral,neutral,16,0.6826665032813335,0.6408316386788591,0.04183486460247443,6.528214600752445
Blue Mtns (Anthony Lakes),Holidays,big_storm_days_per_window,El Nino,moderate,4,0.41541998503982047,0.45156322650739833,-0.03614324146757786,-8.004026755483752
Blue Mtns (Anthony Lakes),Holidays,big_storm_days_per_window,El Nino,strong,3,0.0945791349496194,0.45156322650739833,-0.35698409155777894,-79.055173362734
Blue Mtns (Anthony Lakes),Holidays,big_storm_days_per_window,El Nino,very strong,3,0.6077426262448483,0.45156322650739833,0.15617939973745,34.586385819194064
Blue Mtns (Anthony Lakes),Holidays,big_storm_days_per_window,El Nino,weak,6,0.3287249211986872,0.45156322650739833,-0.12283830530871115,-27.2029027382943
Blue Mtns (Anthony Lakes),Holidays,big_storm_days_per_window,La Nina,moderate,4,0.25417649819726684,0.45156322650739833,-0.1973867283101315,-43.71186950647265
Blue Mtns (Anthony Lakes),Holidays,big_storm_days_per_window,La Nina,strong,5,0.6105425265103182,0.45156322650739833,0.15897930000291982,35.20643193923036
Blue Mtns (Anthony Lakes),Holidays,big_storm_days_per_window,La Nina,weak,7,0.6532738769553224,0.45156322650739833,0.20171065044792402,44.66941473690157
Blue Mtns (Anthony Lakes),Holidays,big_storm_days_per_window,Neutral,neutral,16,0.45573152233702485,0.45156322650739833,0.004168295829626523,0.9230813283592813
Blue Mtns (Anthony Lakes),Midwinter,big_storm_days_per_window,El Nino,moderate,4,0.7727867734412814,0.8268794236731557,-0.05409265023187426,-6.54178211275163
Blue Mtns (Anthony Lakes),Midwinter,big_storm_days_per_window,El Nino,strong,3,0.41774834631348917,0.8268794236731557,-0.40913107735966653,-49.478928323337456
Blue Mtns (Anthony Lakes),Midwinter,big_storm_days_per_window,El Nino,very strong,3,0.5624294158196564,0.8268794236731557,-0.26445000785349926,-31.981689262354845
Blue Mtns (Anthony Lakes),Midwinter,big_storm_days_per_window,El Nino,weak,6,0.6463507722017038,0.8268794236731557,-0.18052865147145192,-21.83252434430032
Blue Mtns (Anthony Lakes),Midwinter,big_storm_days_per_window,La Nina,moderate,4,0.9208890820106437,0.8268794236731557,0.09400965833748798,11.369210025795441
Blue Mtns (Anthony Lakes),Midwinter,big_storm_days_per_window,La Nina,strong,5,1.4053944647335768,0.8268794236731557,0.5785150410604211,69.96365183336492
Blue Mtns (Anthony Lakes),Midwinter,big_storm_days_per_window,La Nina,weak,7,0.4329214475093957,0.8268794236731557,-0.39395797616376,-47.64394479835086
Blue Mtns (Anthony Lakes),Midwinter,big_storm_days_per_window,Neutral,neutral,16,1.002465533666279,0.8268794236731557,0.1755861099931234,21.23479009952098
Blue Mtns (Anthony Lakes),Spring,big_storm_days_per_window,El Nino,moderate,4,0.2323117877414529,0.3690387017008338,-0.1367269139593809,-37.04947836886236
Blue Mtns (Anthony Lakes),Spring,big_storm_days_per_window,El Nino,strong,3,0.31549845264809845,0.3690387017008338,-0.053540249052735356,-14.508030947967749
Blue Mtns (Anthony Lakes),Spring,big_storm_days_per_window,El Nino,very strong,3,0.45345477479063084,0.3690387017008338,0.08441607308979704,22.874585429858264
Blue Mtns (Anthony Lakes),Spring,big_storm_days_per_window,El Nino,weak,6,0.2625223953038223,0.3690387017008338,-0.10651630639701148,-28.8631804485808
Blue Mtns (Anthony Lakes),Spring,big_storm_days_per_window,La Nina,moderate,4,0.23832859168214834,0.3690387017008338,-0.13071011001868546,-35.419079195831166
Blue Mtns (Anthony Lakes),Spring,big_storm_days_per_window,La Nina,strong,5,0.44726536718440624,0.3690387017008338,0.07822666548357243,21.197415101191183
Blue Mtns (Anthony Lakes),Spring,big_storm_days_per_window,La Nina,weak,7,0.5846369911947118,0.3690387017008338,0.215598289493878,58.42159331805141
Blue Mtns (Anthony Lakes),Spring,big_storm_days_per_window,Neutral,neutral,16,0.3512822709700925,0.3690387017008338,-0.01775643073074129,-4.811536201733058
Bridger Range (Bridger Bowl),Early season,big_storm_days_per_window,El Nino,moderate,4,0.6310505985888468,0.834562601736109,-0.20351200314726214,-24.385468834081927
Bridger Range (Bridger Bowl),Early season,big_storm_days_per_window,El Nino,strong,3,0.5578380638753856,0.834562601736109,-0.2767245378607234,-33.15803239745752
Bridger Range (Bridger Bowl),Early season,big_storm_days_per_window,El Nino,very strong,3,0.45353719208302007,0.834562601736109,-0.3810254096530889,-45.65570142496874
Bridger Range (Bridger Bowl),Early season,big_storm_days_per_window,El Nino,weak,8,1.052324373163884,0.834562601736109,0.21776177142777509,26.09292232539219
Bridger Range (Bridger Bowl),Early season,big_storm_days_per_window,La Nina,moderate,4,0.5673064940175786,0.834562601736109,-0.26725610771853037,-32.023494362504096
Bridger Range (Bridger Bowl),Early season,big_storm_days_per_window,La Nina,strong,5,0.8766800913841415,0.834562601736109,0.042117489648032524,5.046654326519917
Bridger Range (Bridger Bowl),Early season,big_storm_days_per_window,La Nina,weak,7,1.1764413591383118,0.834562601736109,0.34187875740220286,40.96502247896149
Bridger Range (Bridger Bowl),Early season,big_storm_days_per_window,Neutral,neutral,16,0.8039681870190356,0.834562601736109,-0.03059441471707336,-3.665922083427769
Bridger Range (Bridger Bowl),Holidays,big_storm_days_per_window,El Nino,moderate,4,0.0846730463056071,0.3435298831693714,-0.25885683686376426,-75.35205801474319
Bridger Range (Bridger Bowl),Holidays,big_storm_days_per_window,El Nino,strong,3,0.24264756585298577,0.3435298831693714,-0.10088231731638561,-29.366387688213827
Bridger Range (Bridger Bowl),Holidays,big_storm_days_per_window,El Nino,very strong,3,0.14463154487599997,0.3435298831693714,-0.19889833829337142,-57.898409436278385
Bridger Range (Bridger Bowl),Holidays,big_storm_days_per_window,El Nino,weak,8,0.4588270556214295,0.3435298831693714,0.11529717245205812,33.562487021023685
Bridger Range (Bridger Bowl),Holidays,big_storm_days_per_window,La Nina,moderate,4,0.35265748633022087,0.3435298831693714,0.009127603160849485,2.6570041233790658
Bridger Range (Bridger Bowl),Holidays,big_storm_days_per_window,La Nina,strong,5,0.454180110768675,0.3435298831693714,0.1106502275993036,32.20978232765545
Bridger Range (Bridger Bowl),Holidays,big_storm_days_per_window,La Nina,weak,7,0.24640197411194517,0.3435298831693714,-0.09712790905742621,-28.273496372814535
Bridger Range (Bridger Bowl),Holidays,big_storm_days_per_window,Neutral,neutral,16,0.4124377423837418,0.3435298831693714,0.06890785921437043,20.058767108885434
Bridger Range (Bridger Bowl),Midwinter,big_storm_days_per_window,El Nino,moderate,4,1.3814350608299675,1.020832638547644,0.3606024222823234,35.324342959425614
Bridger Range (Bridger Bowl),Midwinter,big_storm_days_per_window,El Nino,strong,3,0.48765604905290433,1.020832638547644,-0.5331765894947398,-52.2295790084944
Bridger Range (Bridger Bowl),Midwinter,big_storm_days_per_window,El Nino,very strong,3,0.819944037085644,1.020832638547644,-0.20088860146200005,-19.678896802105356
Bridger Range (Bridger Bowl),Midwinter,big_storm_days_per_window,El Nino,weak,8,1.1395097512087022,1.020832638547644,0.11867711266105818,11.625520989405484
Bridger Range (Bridger Bowl),Midwinter,big_storm_days_per_window,La Nina,moderate,4,1.0875115469608345,1.020832638547644,0.06667890841319046,6.531815881989792
Bridger Range (Bridger Bowl),Midwinter,big_storm_days_per_window,La Nina,strong,5,0.7166884847512935,1.020832638547644,-0.3041441537963505,-29.793733302753875
Bridger Range (Bridger Bowl),Midwinter,big_storm_days_per_window,La Nina,weak,7,1.2527369532290684,1.020832638547644,0.23190431468142436,22.717172818000662
Bridger Range (Bridger Bowl),Midwinter,big_storm_days_per_window,Neutral,neutral,16,0.9858978832358615,1.020832638547644,-0.034934755311782584,-3.422182441333856
Bridger Range (Bridger Bowl),Spring,big_storm_days_per_window,El Nino,moderate,4,1.8352379463128023,1.4780110511334872,0.35722689517931516,24.16943330060744
Bridger Range (Bridger Bowl),Spring,big_storm_days_per_window,El Nino,strong,3,1.6899212538522426,1.4780110511334872,0.21191020271875538,14.337524916085124
Bridger Range (Bridger Bowl),Spring,big_storm_days_per_window,El Nino,very strong,3,1.2927433567579245,1.4780110511334872,-0.18526769437556267,-12.534932958280713
Bridger Range (Bridger Bowl),Spring,big_storm_days_per_window,El Nino,weak,8,1.8479025225451353,1.4780110511334872,0.36989147141164813,25.026299439911377
Bridger Range (Bridger Bowl),Spring,big_storm_days_per_window,La Nina,moderate,4,0.9287367265658082,1.4780110511334872,-0.549274324567679,-37.163072911155865
Bridger Range (Bridger Bowl),Spring,big_storm_days_per_window,La Nina,strong,5,1.1731785789296942,1.4780110511334872,-0.30483247220379295,-20.62450561313576
Bridger Range (Bridger Bowl),Spring,big_storm_days_per_window,La Nina,weak,7,1.499296362457682,1.4780110511334872,0.021285311324194867,1.4401320820890449
Bridger Range (Bridger Bowl),Spring,big_storm_days_per_window,Neutral,neutral,16,1.422029526319756,1.4780110511334872,-0.0559815248137312,-3.787625591215908
Central Cascades (Stevens/Snoqualmie),Early season,big_storm_days_per_window,El Nino,moderate,4,1.968019093112675,2.3372553418709066,-0.36923624875823147,-15.797856663049417
Central Cascades (Stevens/Snoqualmie),Early season,big_storm_days_per_window,El Nino,strong,3,2.8015843107381477,2.3372553418709066,0.4643289688672412,19.866420264358407
Central Cascades (Stevens/Snoqualmie),Early season,big_storm_days_per_window,El Nino,very strong,3,1.7813737531591733,2.3372553418709066,-0.5558815887117332,-23.78351987279087
Central Cascades (Stevens/Snoqualmie),Early season,big_storm_days_per_window,El Nino,weak,5,2.267761429510459,2.3372553418709066,-0.06949391236044766,-2.9733128047883617
Central Cascades (Stevens/Snoqualmie),Early season,big_storm_days_per_window,La Nina,moderate,4,3.2474341928548354,2.3372553418709066,0.9101788509839288,38.94220861017934
Central Cascades (Stevens/Snoqualmie),Early season,big_storm_days_per_window,La Nina,strong,5,2.864153388260775,2.3372553418709066,0.5268980463898685,22.543452439736498
Central Cascades (Stevens/Snoqualmie),Early season,big_storm_days_per_window,La Nina,weak,7,1.8504697030498751,2.3372553418709066,-0.48678563882103143,-20.827233982546954
Central Cascades (Stevens/Snoqualmie),Early season,big_storm_days_per_window,Neutral,neutral,14,2.2823529313159634,2.3372553418709066,-0.05490241055494316,-2.3490120900096154
Central Cascades (Stevens/Snoqualmie),Holidays,big_storm_days_per_window,El Nino,moderate,4,1.2466495415513623,1.4808267292980761,-0.2341771877467138,-15.813949269926786
Central Cascades (Stevens/Snoqualmie),Holidays,big_storm_days_per_window,El Nino,strong,3,0.33659543152566984,1.4808267292980761,-1.1442312977724063,-77.26976256802045
Central Cascades (Stevens/Snoqualmie),Holidays,big_storm_days_per_window,El Nino,very strong,3,1.9930286544951101,1.4808267292980761,0.512201925197034,34.58891678973285
Central Cascades (Stevens/Snoqualmie),Holidays,big_storm_days_per_window,El Nino,weak,5,1.5720811297864223,1.4808267292980761,0.09125440048834621,6.162395551274357
Central Cascades (Stevens/Snoqualmie),Holidays,big_storm_days_per_window,La Nina,moderate,4,1.9060495716301022,1.4808267292980761,0.4252228423320261,28.715232776327937
Central Cascades (Stevens/Snoqualmie),Holidays,big_storm_days_per_window,La Nina,strong,5,1.5988316446076882,1.4808267292980761,0.1180049153096121,7.968853679832439
Central Cascades (Stevens/Snoqualmie),Holidays,big_storm_days_per_window,La Nina,weak,7,1.8136561408390917,1.4808267292980761,0.33282941154101553,22.4759186848808
Central Cascades (Stevens/Snoqualmie),Holidays,big_storm_days_per_window,Neutral,neutral,14,1.3205269464129308,1.4808267292980761,-0.16029978288514535,-10.825019545745825
Central Cascades (Stevens/Snoqualmie),Midwinter,big_storm_days_per_window,El Nino,moderate,4,2.7192541341183083,3.6217499504461808,-0.9024958163278725,-24.918777626177356
Central Cascades (Stevens/Snoqualmie),Midwinter,big_storm_days_per_window,El Nino,strong,3,2.205568875012357,3.6217499504461808,-1.4161810754338235,-39.10212175910591
Central Cascades (Stevens/Snoqualmie),Midwinter,big_storm_days_per_window,El Nino,very strong,3,2.5359290752694217,3.6217499504461808,-1.085820875176759,-29.98055884678045
Central Cascades (Stevens/Snoqualmie),Midwinter,big_storm_days_per_window,El Nino,weak,5,2.8614354321717532,3.6217499504461808,-0.7603145182744275,-20.993015218534364
Central Cascades (Stevens/Snoqualmie),Midwinter,big_storm_days_per_window,La Nina,moderate,4,4.28234995755795,3.6217499504461808,0.6606000071117695,18.2398016470018
Central Cascades (Stevens/Snoqualmie),Midwinter,big_storm_days_per_window,La Nina,strong,5,5.542837675859022,3.6217499504461808,1.921087725412841,53.04308004963658
Central Cascades (Stevens/Snoqualmie),Midwinter,big_storm_days_per_window,La Nina,weak,7,3.4354567038083244,3.6217499504461808,-0.1862932466378564,-5.143735740643995
Central Cascades (Stevens/Snoqualmie),Midwinter,big_storm_days_per_window,Neutral,neutral,14,3.9055910775511147,3.6217499504461808,0.2838411271049339,7.837126554525559
Central Cascades (Stevens/Snoqualmie),Spring,big_storm_days_per_window,El Nino,moderate,4,1.913764702403058,1.707611461667109,0.20615324073594898,12.07260816431189
Central Cascades (Stevens/Snoqualmie),Spring,big_storm_days_per_window,El Nino,strong,3,0.6813609816359868,1.707611461667109,-1.026250480031122,-60.09859403433689
Central Cascades (Stevens/Snoqualmie),Spring,big_storm_days_per_window,El Nino,very strong,3,1.2807296128632693,1.707611461667109,-0.4268818488038397,-24.998769239173587
Central Cascades (Stevens/Snoqualmie),Spring,big_storm_days_per_window,El Nino,weak,5,0.9273944157787961,1.707611461667109,-0.7802170458883129,-45.69054866419095
Central Cascades (Stevens/Snoqualmie),Spring,big_storm_days_per_window,La Nina,moderate,4,1.6776181293266412,1.707611461667109,-0.02999333234046775,-1.7564494625250302
Central Cascades (Stevens/Snoqualmie),Spring,big_storm_days_per_window,La Nina,strong,5,1.9889204345389495,1.707611461667109,0.28130897287184053,16.473827869321273
Central Cascades (Stevens/Snoqualmie),Spring,big_storm_days_per_window,La Nina,weak,7,2.0474228580032907,1.707611461667109,0.33981139633618174,19.899807653225178
Central Cascades (Stevens/Snoqualmie),Spring,big_storm_days_per_window,Neutral,neutral,14,1.9769413147851123,1.707611461667109,0.2693298531180033,15.772314672511136
Central Oregon (Mt Bachelor),Early season,big_storm_days_per_window,El Nino,moderate,4,1.426061359571615,2.4002293441293516,-0.9741679845577367,-40.58645424615047
Central Oregon (Mt Bachelor),Early season,big_storm_days_per_window,El Nino,strong,3,1.6010182069941303,2.4002293441293516,-0.7992111371352213,-33.297282157223336
Central Oregon (Mt Bachelor),Early season,big_storm_days_per_window,El Nino,very strong,3,1.809789278859318,2.4002293441293516,-0.5904400652700337,-24.599318674033096
Central Oregon (Mt Bachelor),Early season,big_storm_days_per_window,El Nino,weak,5,2.5298567293630523,2.4002293441293516,0.12962738523370065,5.400624967391235
Central Oregon (Mt Bachelor),Early season,big_storm_days_per_window,La Nina,moderate,4,3.2517744251293674,2.4002293441293516,0.8515450810000158,35.47765479506299
Central Oregon (Mt Bachelor),Early season,big_storm_days_per_window,La Nina,strong,5,2.4171985760718155,2.4002293441293516,0.016969231942463914,0.7069837715286852
Central Oregon (Mt Bachelor),Early season,big_storm_days_per_window,La Nina,weak,7,2.5378182103495677,2.4002293441293516,0.13758886622021604,5.732321644876999
Central Oregon (Mt Bachelor),Early season,big_storm_days_per_window,Neutral,neutral,15,2.5977853489309726,2.4002293441293516,0.19755600480162094,8.230713672625377
Central Oregon (Mt Bachelor),Holidays,big_storm_days_per_window,El Nino,moderate,4,0.901181251483405,1.555926129151743,-0.654744877668338,-42.08071741974606
Central Oregon (Mt Bachelor),Holidays,big_storm_days_per_window,El Nino,strong,3,0.39237159523006276,1.555926129151743,-1.1635545339216802,-74.7821192871171
Central Oregon (Mt Bachelor),Holidays,big_storm_days_per_window,El Nino,very strong,3,1.8504505890958545,1.555926129151743,0.29452445994411147,18.929205855337088
Central Oregon (Mt Bachelor),Holidays,big_storm_days_per_window,El Nino,weak,5,0.8901968778824465,1.555926129151743,-0.6657292512692965,-42.786687542308805
Central Oregon (Mt Bachelor),Holidays,big_storm_days_per_window,La Nina,moderate,4,0.7773129946476495,1.555926129151743,-0.7786131345040935,-50.0417802565329
Central Oregon (Mt Bachelor),Holidays,big_storm_days_per_window,La Nina,strong,5,2.5368394985296394,1.555926129151743,0.9809133693778964,63.04369796223352
Central Oregon (Mt Bachelor),Holidays,big_storm_days_per_window,La Nina,weak,7,2.2042995630867037,1.555926129151743,0.6483734339349607,41.67122216068444
Central Oregon (Mt Bachelor),Holidays,big_storm_days_per_window,Neutral,neutral,15,1.7043253053207228,1.555926129151743,0.1483991761689798,9.5376749184027
Central Oregon (Mt Bachelor),Midwinter,big_storm_days_per_window,El Nino,moderate,4,2.84021649908766,3.375379710038888,-0.5351632109512279,-15.854903949311892
Central Oregon (Mt Bachelor),Midwinter,big_storm_days_per_window,El Nino,strong,3,3.003263130691949,3.375379710038888,-0.372116579346939,-11.024436102409698
Central Oregon (Mt Bachelor),Midwinter,big_storm_days_per_window,El Nino,very strong,3,2.8849310928094645,3.375379710038888,-0.49044861722942334,-14.5301761390209
Central Oregon (Mt Bachelor),Midwinter,big_storm_days_per_window,El Nino,weak,5,2.079383767900338,3.375379710038888,-1.2959959421385499,-38.39556001015419
Central Oregon (Mt Bachelor),Midwinter,big_storm_days_per_window,La Nina,moderate,4,4.516673743123255,3.375379710038888,1.1412940330843675,33.81231538750995
Central Oregon (Mt Bachelor),Midwinter,big_storm_days_per_window,La Nina,strong,5,6.725181860393127,3.375379710038888,3.349802150354239,99.24223163371583
Central Oregon (Mt Bachelor),Midwinter,big_storm_days_per_window,La Nina,weak,7,2.2830954834149675,3.375379710038888,-1.0922842266239203,-32.36033633120749
Central Oregon (Mt Bachelor),Midwinter,big_storm_days_per_window,Neutral,neutral,15,3.2113884331379223,3.375379710038888,-0.1639912769009655,-4.85845418852376
Central Oregon (Mt Bachelor),Spring,big_storm_days_per_window,El Nino,moderate,4,1.3691654306056953,1.9010276402625497,-0.5318622096568544,-27.977615811172488
Central Oregon (Mt Bachelor),Spring,big_storm_days_per_window,El Nino,strong,3,1.4773907275545934,1.9010276402625497,-0.4236369127079562,-22.284626679570422
Central Oregon (Mt Bachelor),Spring,big_storm_days_per_window,El Nino,very strong,3,1.6566544605584748,1.9010276402625497,-0.2443731797040749,-12.854793614169896
Central Oregon (Mt Bachelor),Spring,big_storm_days_per_window,El Nino,weak,5,1.2116015186552826,1.9010276402625497,-0.689426121607267,-36.26597041545649
Central Oregon (Mt Bachelor),Spring,big_storm_days_per_window,La Nina,moderate,4,1.6845472848734186,1.9010276402625497,-0.21648035538913102,-11.387543810737705
Central Oregon (Mt Bachelor),Spring,big_storm_days_per_window,La Nina,strong,5,2.9980622194706696,1.9010276402625497,1.09703457920812,57.707450221849975
Central Oregon (Mt Bachelor),Spring,big_storm_days_per_window,La Nina,weak,7,2.4767926585875,1.9010276402625497,0.5757650183249505,30.287040868350132
Central Oregon (Mt Bachelor),Spring,big_storm_days_per_window,Neutral,neutral,15,1.8296278483386246,1.9010276402625497,-0.0713997919239251,-3.7558523827704113
Chugach (Alyeska),Early season,big_storm_days_per_window,El Nino,moderate,4,2.6243838660650343,2.4312202544078723,0.193163611657162,7.945130076427705
Chugach (Alyeska),Early season,big_storm_days_per_window,El Nino,strong,3,2.900464301591961,2.4312202544078723,0.46924404718408885,19.300762501189922
Chugach (Alyeska),Early season,big_storm_days_per_window,El Nino,very strong,3,3.5883997546072197,2.4312202544078723,1.1571795001993475,47.59665431798488
Chugach (Alyeska),Early season,big_storm_days_per_window,El Nino,weak,5,2.089956574874802,2.4312202544078723,-0.34126367953307035,-14.036724106520152
Chugach (Alyeska),Early season,big_storm_days_per_window,La Nina,moderate,4,2.4625091339714724,2.4312202544078723,0.03128887956360016,1.286961948711661
Chugach (Alyeska),Early season,big_storm_days_per_window,La Nina,strong,5,3.960155641329691,2.4312202544078723,1.5289353869218187,62.887571956914016
Chugach (Alyeska),Early season,big_storm_days_per_window,La Nina,weak,6,2.0261136244422797,2.4312202544078723,-0.40510662996559255,-16.66268735755728
Chugach (Alyeska),Early season,big_storm_days_per_window,Neutral,neutral,13,1.717004918701445,2.4312202544078723,-0.7142153357064274,-29.376825666515998
Chugach (Alyeska),Holidays,big_storm_days_per_window,El Nino,moderate,4,1.6158494539695907,1.3434386251619512,0.27241082880763945,20.27713240527087
Chugach (Alyeska),Holidays,big_storm_days_per_window,El Nino,strong,3,1.3778291185039004,1.3434386251619512,0.03439049334194921,2.5598857065616563
Chugach (Alyeska),Holidays,big_storm_days_per_window,El Nino,very strong,3,2.061661640741511,1.3434386251619512,0.7182230155795597,53.46154279976713
Chugach (Alyeska),Holidays,big_storm_days_per_window,El Nino,weak,5,1.4858337787790132,1.3434386251619512,0.142395153617062,10.59930472074199
Chugach (Alyeska),Holidays,big_storm_days_per_window,La Nina,moderate,4,1.100490376732253,1.3434386251619512,-0.2429482484296983,-18.08406010363227
Chugach (Alyeska),Holidays,big_storm_days_per_window,La Nina,strong,5,1.3663168838978745,1.3434386251619512,0.022878258735923307,1.7029627038723365
Chugach (Alyeska),Holidays,big_storm_days_per_window,La Nina,weak,6,0.9009920008073684,1.3434386251619512,-0.4424466243545828,-32.93389188517979
Chugach (Alyeska),Holidays,big_storm_days_per_window,Neutral,neutral,13,1.3013326125532032,1.3434386251619512,-0.04210601260874802,-3.1341969644256844
Chugach (Alyeska),Midwinter,big_storm_days_per_window,El Nino,moderate,4,3.3393045020952563,3.0952409945573107,0.2440635075379456,7.885121319054259
Chugach (Alyeska),Midwinter,big_storm_days_per_window,El Nino,strong,3,3.1909787497403492,3.0952409945573107,0.09573775518303851,3.0930630394009486
Chugach (Alyeska),Midwinter,big_storm_days_per_window,El Nino,very strong,3,5.556883399915077,3.0952409945573107,2.4616424053577663,79.52991090794973
Chugach (Alyeska),Midwinter,big_storm_days_per_window,El Nino,weak,5,1.7073324692905705,3.0952409945573107,-1.3879085252667402,-44.84007958369789
Chugach (Alyeska),Midwinter,big_storm_days_per_window,La Nina,moderate,4,3.068899123066233,3.0952409945573107,-0.026341871491077917,-0.8510442817666738
Chugach (Alyeska),Midwinter,big_storm_days_per_window,La Nina,strong,5,3.0232147868521047,3.0952409945573107,-0.07202620770520607,-2.326998376923069
Chugach (Alyeska),Midwinter,big_storm_days_per_window,La Nina,weak,6,3.2700928631540527,3.0952409945573107,0.17485186859674196,5.649055078561005
Chugach (Alyeska),Midwinter,big_storm_days_per_window,Neutral,neutral,13,2.91889756590111,3.0952409945573107,-0.1763434286562009,-5.697243896881832
Chugach (Alyeska),Spring,big_storm_days_per_window,El Nino,moderate,4,3.963485494164888,2.2147208331333763,1.7487646610315117,78.96095231819208
Chugach (Alyeska),Spring,big_storm_days_per_window,El Nino,strong,3,3.257182256108545,2.2147208331333763,1.0424614229751685,47.069653537339924
Chugach (Alyeska),Spring,big_storm_days_per_window,El Nino,very strong,3,2.216648175499153,2.2147208331333763,0.0019273423657768518,0.0870241674229459
Chugach (Alyeska),Spring,big_storm_days_per_window,El Nino,weak,5,1.7543017260034617,2.2147208331333763,-0.46041910712991463,-20.789035811728738
Chugach (Alyeska),Spring,big_storm_days_per_window,La Nina,moderate,4,2.1655817544581324,2.2147208331333763,-0.04913907867524392,-2.2187482024866396
Chugach (Alyeska),Spring,big_storm_days_per_window,La Nina,strong,5,2.3794591329461556,2.2147208331333763,0.16473829981277932,7.438332513435038
Chugach (Alyeska),Spring,big_storm_days_per_window,La Nina,weak,6,2.4115724828322773,2.2147208331333763,0.196851649698901,8.888327899114774
Chugach (Alyeska),Spring,big_storm_days_per_window,Neutral,neutral,13,1.4736151033598661,2.2147208331333763,-0.7411057297735102,-33.46271542156387
Coeur d'Alenes (Silver/Lookout),Early season,big_storm_days_per_window,El Nino,moderate,4,0.9092077657640032,1.4031321493182085,-0.4939243835542053,-35.20155844153429
Coeur d'Alenes (Silver/Lookout),Early season,big_storm_days_per_window,El Nino,strong,3,1.3107421080510633,1.4031321493182085,-0.09239004126714523,-6.584557364182567
Coeur d'Alenes (Silver/Lookout),Early season,big_storm_days_per_window,El Nino,very strong,3,1.1102897014382425,1.4031321493182085,-0.29284244787996605,-20.87062491029517
Coeur d'Alenes (Silver/Lookout),Early season,big_storm_days_per_window,El Nino,weak,5,1.0795724680254888,1.4031321493182085,-0.3235596812927197,-23.05981524619328
Coeur d'Alenes (Silver/Lookout),Early season,big_storm_days_per_window,La Nina,moderate,4,1.4925632178580697,1.4031321493182085,0.08943106853986116,6.373673968151633
Coeur d'Alenes (Silver/Lookout),Early season,big_storm_days_per_window,La Nina,strong,5,2.0207358291824264,1.4031321493182085,0.6176036798642179,44.016073622453575
Coeur d'Alenes (Silver/Lookout),Early season,big_storm_days_per_window,La Nina,weak,7,0.7733712672771242,1.4031321493182085,-0.6297608820410843,-44.88250677935713
Coeur d'Alenes (Silver/Lookout),Early season,big_storm_days_per_window,Neutral,neutral,14,1.8111162142416952,1.4031321493182085,0.4079840649234867,29.076667163654466
Coeur d'Alenes (Silver/Lookout),Holidays,big_storm_days_per_window,El Nino,moderate,4,0.321898313495132,0.8879845191007015,-0.5660862056055695,-63.749557951626045
Coeur d'Alenes (Silver/Lookout),Holidays,big_storm_days_per_window,El Nino,strong,3,0.2674183877916873,0.8879845191007015,-0.6205661313090143,-69.88479167829267
Coeur d'Alenes (Silver/Lookout),Holidays,big_storm_days_per_window,El Nino,very strong,3,1.1492273135535702,0.8879845191007015,0.2612427944528687,29.419746497094344
Coeur d'Alenes (Silver/Lookout),Holidays,big_storm_days_per_window,El Nino,weak,5,0.8822479323902922,0.8879845191007015,-0.0057365867104093304,-0.6460232793493976
Coeur d'Alenes (Silver/Lookout),Holidays,big_storm_days_per_window,La Nina,moderate,4,1.1056667855129805,0.8879845191007015,0.21768226641227895,24.514196107014875
Coeur d'Alenes (Silver/Lookout),Holidays,big_storm_days_per_window,La Nina,strong,5,1.084600614609673,0.8879845191007015,0.1966160955089714,22.141838205478244
Coeur d'Alenes (Silver/Lookout),Holidays,big_storm_days_per_window,La Nina,weak,7,1.0252639025792571,0.8879845191007015,0.13727938347855562,15.459659546495708
Coeur d'Alenes (Silver/Lookout),Holidays,big_storm_days_per_window,Neutral,neutral,13,0.930771637485232,0.8879845191007015,0.04278711838453042,4.8184531896865375
Coeur d'Alenes (Silver/Lookout),Midwinter,big_storm_days_per_window,El Nino,moderate,4,1.407822300556443,2.022485082943358,-0.6146627823869151,-30.39146184912205
Coeur d'Alenes (Silver/Lookout),Midwinter,big_storm_days_per_window,El Nino,strong,3,1.2172191863439765,2.022485082943358,-0.8052658965993815,-39.81566555870286
Coeur d'Alenes (Silver/Lookout),Midwinter,big_storm_days_per_window,El Nino,very strong,3,1.2371523679508873,2.022485082943358,-0.7853327149924707,-38.83008688744256
Coeur d'Alenes (Silver/Lookout),Midwinter,big_storm_days_per_window,El Nino,weak,5,1.4329416549916387,2.022485082943358,-0.5895434279517193,-29.149457413735107
Coeur d'Alenes (Silver/Lookout),Midwinter,big_storm_days_per_window,La Nina,moderate,4,2.724998792510432,2.022485082943358,0.7025137095670742,34.73517384586558
Coeur d'Alenes (Silver/Lookout),Midwinter,big_storm_days_per_window,La Nina,strong,5,3.3688113826757338,2.022485082943358,1.3463262997323757,66.56792235881629
Coeur d'Alenes (Silver/Lookout),Midwinter,big_storm_days_per_window,La Nina,weak,7,2.290611829918516,2.022485082943358,0.2681267469751578,13.257291697051642
Coeur d'Alenes (Silver/Lookout),Midwinter,big_storm_days_per_window,Neutral,neutral,13,1.927068970506859,2.022485082943358,-0.09541611243649895,-4.717765942562019
Coeur d'Alenes (Silver/Lookout),Spring,big_storm_days_per_window,El Nino,moderate,4,1.0889709002794663,0.7316407567807964,0.35733014349866987,48.83956233806804
Coeur d'Alenes (Silver/Lookout),Spring,big_storm_days_per_window,El Nino,strong,3,0.20555491733476075,0.7316407567807964,-0.5260858394460357,-71.9049389430958
Coeur d'Alenes (Silver/Lookout),Spring,big_storm_days_per_window,El Nino,very strong,3,0.41883710838079174,0.7316407567807964,-0.3128036484000047,-42.75372107157261
Coeur d'Alenes (Silver/Lookout),Spring,big_storm_days_per_window,El Nino,weak,5,0.33065033669272825,0.7316407567807964,-0.4009904200880682,-54.80700963850311
Coeur d'Alenes (Silver/Lookout),Spring,big_storm_days_per_window,La Nina,moderate,4,0.9670274602060729,0.7316407567807964,0.23538670342527646,32.172442724619785
Coeur d'Alenes (Silver/Lookout),Spring,big_storm_days_per_window,La Nina,strong,5,0.4783387232713638,0.7316407567807964,-0.25330203350943264,-34.62109391280444
Coeur d'Alenes (Silver/Lookout),Spring,big_storm_days_per_window,La Nina,weak,7,0.44014622576489026,0.7316407567807964,-0.29149453101590617,-39.84121009038313
Coeur d'Alenes (Silver/Lookout),Spring,big_storm_days_per_window,Neutral,neutral,13,1.1514657614685793,0.7316407567807964,0.41982500468778283,57.381303706344056
E Cascades rain shadow (Mission Ridge),Early season,big_storm_days_per_window,El Nino,moderate,4,0.6863775533519171,0.9781938648402976,-0.2918163114883805,-29.832155156281132
E Cascades rain shadow (Mission Ridge),Early season,big_storm_days_per_window,El Nino,strong,3,0.8568599674023977,0.9781938648402976,-0.1213338974378999,-12.403870214183891
E Cascades rain shadow (Mission Ridge),Early season,big_storm_days_per_window,El Nino,very strong,3,1.3180137384307107,0.9781938648402976,0.3398198735904131,34.739522072743014
E Cascades rain shadow (Mission Ridge),Early season,big_storm_days_per_window,El Nino,weak,5,1.3666590504044236,0.9781938648402976,0.388465185564126,39.71249458076982
E Cascades rain shadow (Mission Ridge),Early season,big_storm_days_per_window,La Nina,moderate,4,1.259170931773523,0.9781938648402976,0.28097706693322533,28.724067593605113
E Cascades rain shadow (Mission Ridge),Early season,big_storm_days_per_window,La Nina,strong,5,1.16067723803866,0.9781938648402976,0.1824833731983625,18.655133686424744
E Cascades rain shadow (Mission Ridge),Early season,big_storm_days_per_window,La Nina,weak,7,0.5378010885532171,0.9781938648402976,-0.4403927762870805,-45.021011899208766
E Cascades rain shadow (Mission Ridge),Early season,big_storm_days_per_window,Neutral,neutral,14,0.9507585569803118,0.9781938648402976,-0.027435307859985825,-2.8046902404632217
E Cascades rain shadow (Mission Ridge),Holidays,big_storm_days_per_window,El Nino,moderate,4,0.5601665676552575,0.5705049194862666,-0.010338351831009063,-1.8121406981588581
E Cascades rain shadow (Mission Ridge),Holidays,big_storm_days_per_window,El Nino,strong,3,0.11020731465825832,0.5705049194862666,-0.46029760482800824,-80.68249529600922
E Cascades rain shadow (Mission Ridge),Holidays,big_storm_days_per_window,El Nino,very strong,3,0.6907061281122756,0.5705049194862666,0.12020120862600903,21.0692676820822
E Cascades rain shadow (Mission Ridge),Holidays,big_storm_days_per_window,El Nino,weak,5,0.7613352830964677,0.5705049194862666,0.19083036361020111,33.44938090666103
E Cascades rain shadow (Mission Ridge),Holidays,big_storm_days_per_window,La Nina,moderate,4,0.774638703559841,0.5705049194862666,0.2041337840735744,35.78124869762642
E Cascades rain shadow (Mission Ridge),Holidays,big_storm_days_per_window,La Nina,strong,5,0.6723529680573962,0.5705049194862666,0.10184804857112961,17.852264738197643
E Cascades rain shadow (Mission Ridge),Holidays,big_storm_days_per_window,La Nina,weak,7,0.5528350140413355,0.5705049194862666,-0.017669905444931078,-3.097239803092782
E Cascades rain shadow (Mission Ridge),Holidays,big_storm_days_per_window,Neutral,neutral,14,0.49231954354652346,0.5705049194862666,-0.07818537593974312,-13.704592768480978
E Cascades rain shadow (Mission Ridge),Midwinter,big_storm_days_per_window,El Nino,moderate,4,0.9059429694283234,1.2361016327266896,-0.3301586632983662,-26.709669703297486
E Cascades rain shadow (Mission Ridge),Midwinter,big_storm_days_per_window,El Nino,strong,3,0.8765632378254048,1.2361016327266896,-0.3595383949012848,-29.086475204161562
E Cascades rain shadow (Mission Ridge),Midwinter,big_storm_days_per_window,El Nino,very strong,3,1.2030467000006329,1.2361016327266896,-0.03305493272605675,-2.674127422123179
E Cascades rain shadow (Mission Ridge),Midwinter,big_storm_days_per_window,El Nino,weak,5,1.2048485125439838,1.2361016327266896,-0.03125312018270576,-2.528361694156587
E Cascades rain shadow (Mission Ridge),Midwinter,big_storm_days_per_window,La Nina,moderate,4,1.506793624896816,1.2361016327266896,0.2706919921701263,21.898845936560473
E Cascades rain shadow (Mission Ridge),Midwinter,big_storm_days_per_window,La Nina,strong,5,1.7053191975506103,1.2361016327266896,0.46921756482392074,37.959464853135415
E Cascades rain shadow (Mission Ridge),Midwinter,big_storm_days_per_window,La Nina,weak,7,1.3314933500440809,1.2361016327266896,0.09539171731739127,7.7171419235948076
E Cascades rain shadow (Mission Ridge),Midwinter,big_storm_days_per_window,Neutral,neutral,14,1.1331075200814866,1.2361016327266896,-0.10299411264520297,-8.33217187958975
E Cascades rain shadow (Mission Ridge),Spring,big_storm_days_per_window,El Nino,moderate,4,0.3989398162957547,0.4991863798512126,-0.10024656355545791,-20.081990935998167
E Cascades rain shadow (Mission Ridge),Spring,big_storm_days_per_window,El Nino,strong,3,0.0637252661883654,0.4991863798512126,-0.43546111366284723,-87.23417369533212
E Cascades rain shadow (Mission Ridge),Spring,big_storm_days_per_window,El Nino,very strong,3,0.6973046618039341,0.4991863798512126,0.19811828195272152,39.688238691883505
E Cascades rain shadow (Mission Ridge),Spring,big_storm_days_per_window,El Nino,weak,5,0.39939679203034323,0.4991863798512126,-0.09978958782086939,-19.990446824813738
E Cascades rain shadow (Mission Ridge),Spring,big_storm_days_per_window,La Nina,moderate,4,0.5583500891102683,0.4991863798512126,0.059163709259055675,11.852027949298217
E Cascades rain shadow (Mission Ridge),Spring,big_storm_days_per_window,La Nina,strong,5,0.552383128455879,0.4991863798512126,0.05319674860466639,10.656690717507598
E Cascades rain shadow (Mission Ridge),Spring,big_storm_days_per_window,La Nina,weak,7,0.505387142969235,0.4991863798512126,0.006200763118022423,1.2421739390947768
E Cascades rain shadow (Mission Ridge),Spring,big_storm_days_per_window,Neutral,neutral,14,0.5753234346062729,0.4991863798512126,0.07613705475506027,15.252229994286635
Elk Mtns (Aspen/Crested Butte),Early season,big_storm_days_per_window,El Nino,moderate,4,0.7827453031764358,1.045793798666391,-0.26304849548995524,-25.152998212974477
Elk Mtns (Aspen/Crested Butte),Early season,big_storm_days_per_window,El Nino,strong,3,0.9895356336874309,1.045793798666391,-0.05625816497896008,-5.379470126013481
Elk Mtns (Aspen/Crested Butte),Early season,big_storm_days_per_window,El Nino,very strong,3,0.663186256591163,1.045793798666391,-0.38260754207522796,-36.58537108970561
Elk Mtns (Aspen/Crested Butte),Early season,big_storm_days_per_window,El Nino,weak,5,1.029383191284827,1.045793798666391,-0.01641060738156397,-1.5692010607149303
Elk Mtns (Aspen/Crested Butte),Early season,big_storm_days_per_window,La Nina,moderate,4,0.6270614591383007,1.045793798666391,-0.4187323395280903,-40.039665569069435
Elk Mtns (Aspen/Crested Butte),Early season,big_storm_days_per_window,La Nina,strong,5,1.1536057793169758,1.045793798666391,0.10781198065058484,10.30910498685955
Elk Mtns (Aspen/Crested Butte),Early season,big_storm_days_per_window,La Nina,weak,7,1.435130575562766,1.045793798666391,0.3893367768963749,37.228828225302344
Elk Mtns (Aspen/Crested Butte),Early season,big_storm_days_per_window,Neutral,neutral,15,1.1032175424407251,1.045793798666391,0.057423743774334124,5.490924104499528
Elk Mtns (Aspen/Crested Butte),Holidays,big_storm_days_per_window,El Nino,moderate,4,0.24914154616035555,0.5749901138064739,-0.32584856764611836,-56.67029046620968
Elk Mtns (Aspen/Crested Butte),Holidays,big_storm_days_per_window,El Nino,strong,3,0.0,0.5749901138064739,-0.5749901138064739,-100.0
Elk Mtns (Aspen/Crested Butte),Holidays,big_storm_days_per_window,El Nino,very strong,3,0.22299957038708138,0.5749901138064739,-0.3519905434193925,-61.21679920532738
Elk Mtns (Aspen/Crested Butte),Holidays,big_storm_days_per_window,El Nino,weak,5,0.4629972402270511,0.5749901138064739,-0.11199287357942284,-19.477356373663948
Elk Mtns (Aspen/Crested Butte),Holidays,big_storm_days_per_window,La Nina,moderate,4,0.3816128883056456,0.5749901138064739,-0.1933772255008283,-33.63140006367376
Elk Mtns (Aspen/Crested Butte),Holidays,big_storm_days_per_window,La Nina,strong,5,0.7720404449087652,0.5749901138064739,0.1970503311022913,34.270212021178004
Elk Mtns (Aspen/Crested Butte),Holidays,big_storm_days_per_window,La Nina,weak,7,1.0877645320751368,0.5749901138064739,0.5127744182686629,89.17969299925196
Elk Mtns (Aspen/Crested Butte),Holidays,big_storm_days_per_window,Neutral,neutral,15,0.6311992423911673,0.5749901138064739,0.0562091285846934,9.775668700212101
Elk Mtns (Aspen/Crested Butte),Midwinter,big_storm_days_per_window,El Nino,moderate,4,0.8698935368946241,1.287784449581029,-0.41789091268640477,-32.45037729896199
Elk Mtns (Aspen/Crested Butte),Midwinter,big_storm_days_per_window,El Nino,strong,3,0.6658054469977125,1.287784449581029,-0.6219790025833164,-48.29837810090599
Elk Mtns (Aspen/Crested Butte),Midwinter,big_storm_days_per_window,El Nino,very strong,3,0.7788361093043507,1.287784449581029,-0.5089483402766782,-39.52123668229267
Elk Mtns (Aspen/Crested Butte),Midwinter,big_storm_days_per_window,El Nino,weak,5,1.5885883481983842,1.287784449581029,0.30080389861735535,23.358249023368753
Elk Mtns (Aspen/Crested Butte),Midwinter,big_storm_days_per_window,La Nina,moderate,4,1.7496778073640558,1.287784449581029,0.46189335778302687,35.86728803359137
Elk Mtns (Aspen/Crested Butte),Midwinter,big_storm_days_per_window,La Nina,strong,5,2.2148672689731788,1.287784449581029,0.9270828193921499,71.99052758353848
Elk Mtns (Aspen/Crested Butte),Midwinter,big_storm_days_per_window,La Nina,weak,7,0.7454334314567802,1.287784449581029,-0.5423510181242487,-42.115046372915785
Elk Mtns (Aspen/Crested Butte),Midwinter,big_storm_days_per_window,Neutral,neutral,15,1.34603750191541,1.287784449581029,0.05825305233438116,4.523509532463555
Elk Mtns (Aspen/Crested Butte),Spring,big_storm_days_per_window,El Nino,moderate,4,1.8087765237707691,1.1350524274550613,0.6737240963157078,59.35620945953017
Elk Mtns (Aspen/Crested Butte),Spring,big_storm_days_per_window,El Nino,strong,3,0.9365328883924237,1.1350524274550613,-0.19851953906263764,-17.48990040114225
Elk Mtns (Aspen/Crested Butte),Spring,big_storm_days_per_window,El Nino,very strong,3,1.4089874103763063,1.1350524274550613,0.27393498292124496,24.13412599235118
Elk Mtns (Aspen/Crested Butte),Spring,big_storm_days_per_window,El Nino,weak,5,0.9590543417477229,1.1350524274550613,-0.17599808570733844,-15.505723035362301
Elk Mtns (Aspen/Crested Butte),Spring,big_storm_days_per_window,La Nina,moderate,4,0.9562429659805447,1.1350524274550613,-0.1788094614745166,-15.753409899790375
Elk Mtns (Aspen/Crested Butte),Spring,big_storm_days_per_window,La Nina,strong,5,1.1690838502118506,1.1350524274550613,0.034031422756789276,2.998224745714368
Elk Mtns (Aspen/Crested Butte),Spring,big_storm_days_per_window,La Nina,weak,7,1.1667963387864002,1.1350524274550613,0.031743911331338914,2.796691198001575
Elk Mtns (Aspen/Crested Butte),Spring,big_storm_days_per_window,Neutral,neutral,15,1.020500498421247,1.1350524274550613,-0.11455192903381439,-10.092214796690499
Front Range (Winter Park/Loveland/A-Basin),Early season,big_storm_days_per_window,El Nino,moderate,4,0.6754170239326556,0.6977314877559843,-0.02231446382332869,-3.198144875917176
Front Range (Winter Park/Loveland/A-Basin),Early season,big_storm_days_per_window,El Nino,strong,3,0.6604003437794508,0.6977314877559843,-0.037331143976533476,-5.350359648608721
Front Range (Winter Park/Loveland/A-Basin),Early season,big_storm_days_per_window,El Nino,very strong,3,0.4888675558109144,0.6977314877559843,-0.20886393194506986,-29.934714945545824
Front Range (Winter Park/Loveland/A-Basin),Early season,big_storm_days_per_window,El Nino,weak,6,0.7892058002932686,0.6977314877559843,0.09147431253728433,13.110245723821395
Front Range (Winter Park/Loveland/A-Basin),Early season,big_storm_days_per_window,La Nina,moderate,4,0.8078345669730028,0.6977314877559843,0.11010307921701856,15.780150552059448
Front Range (Winter Park/Loveland/A-Basin),Early season,big_storm_days_per_window,La Nina,strong,5,0.6130445428170584,0.6977314877559843,-0.08468694493892581,-12.137469273644584
Front Range (Winter Park/Loveland/A-Basin),Early season,big_storm_days_per_window,La Nina,weak,7,0.912148334129558,0.6977314877559843,0.21441684637357372,30.730567580255336
Front Range (Winter Park/Loveland/A-Basin),Early season,big_storm_days_per_window,Neutral,neutral,16,0.6203003434463567,0.6977314877559843,-0.07743114430962761,-11.097556247412385
Front Range (Winter Park/Loveland/A-Basin),Holidays,big_storm_days_per_window,El Nino,moderate,4,0.14715451418961534,0.3699229161151177,-0.22276840192550235,-60.22022216546818
Front Range (Winter Park/Loveland/A-Basin),Holidays,big_storm_days_per_window,El Nino,strong,3,0.0,0.3699229161151177,-0.3699229161151177,-100.0
Front Range (Winter Park/Loveland/A-Basin),Holidays,big_storm_days_per_window,El Nino,very strong,3,0.3232637363289678,0.3699229161151177,-0.04665917978614986,-12.613216903715644
Front Range (Winter Park/Loveland/A-Basin),Holidays,big_storm_days_per_window,El Nino,weak,6,0.4807357329803879,0.3699229161151177,0.11081281686527023,29.955650768817463
Front Range (Winter Park/Loveland/A-Basin),Holidays,big_storm_days_per_window,La Nina,moderate,4,0.4904989968871979,0.3699229161151177,0.12057608077208021,32.59492059544581
Front Range (Winter Park/Loveland/A-Basin),Holidays,big_storm_days_per_window,La Nina,strong,5,0.14747699125945077,0.3699229161151177,-0.22244592485566692,-60.133048039241544
Front Range (Winter Park/Loveland/A-Basin),Holidays,big_storm_days_per_window,La Nina,weak,7,0.7156733537889178,0.3699229161151177,0.34575043767380015,93.46553636223088
Front Range (Winter Park/Loveland/A-Basin),Holidays,big_storm_days_per_window,Neutral,neutral,16,0.3502738680955929,0.3699229161151177,-0.019649048019524773,-5.311660122567296
Front Range (Winter Park/Loveland/A-Basin),Midwinter,big_storm_days_per_window,El Nino,moderate,4,0.5271305803567006,0.8051604282210857,-0.2780298478643851,-34.530987629218416
Front Range (Winter Park/Loveland/A-Basin),Midwinter,big_storm_days_per_window,El Nino,strong,3,0.6430677569171269,0.8051604282210857,-0.16209267130395877,-20.13172352025358
Front Range (Winter Park/Loveland/A-Basin),Midwinter,big_storm_days_per_window,El Nino,very strong,3,0.3987413993120261,0.8051604282210857,-0.40641902890905957,-50.47677638691188
Front Range (Winter Park/Loveland/A-Basin),Midwinter,big_storm_days_per_window,El Nino,weak,6,1.1632241489673867,0.8051604282210857,0.358063720746301,44.471102676693114
Front Range (Winter Park/Loveland/A-Basin),Midwinter,big_storm_days_per_window,La Nina,moderate,4,1.3886405043296206,0.8051604282210857,0.5834800761085349,72.46755499368872
Front Range (Winter Park/Loveland/A-Basin),Midwinter,big_storm_days_per_window,La Nina,strong,5,0.9763350817871139,0.8051604282210857,0.17117465356602823,21.25969528137641
Front Range (Winter Park/Loveland/A-Basin),Midwinter,big_storm_days_per_window,La Nina,weak,7,0.3771185476434703,0.8051604282210857,-0.4280418805776154,-53.16230971799338
Front Range (Winter Park/Loveland/A-Basin),Midwinter,big_storm_days_per_window,Neutral,neutral,16,0.8348961631834495,0.8051604282210857,0.029735734962363813,3.6931441139080423
Front Range (Winter Park/Loveland/A-Basin),Spring,big_storm_days_per_window,El Nino,moderate,4,1.7092485303811733,1.0766927456742703,0.632555784706903,58.74988823397058
Front Range (Winter Park/Loveland/A-Basin),Spring,big_storm_days_per_window,El Nino,strong,3,1.2069974480815604,1.0766927456742703,0.13030470240729009,12.102310796724817
Front Range (Winter Park/Loveland/A-Basin),Spring,big_storm_days_per_window,El Nino,very strong,3,1.8133017955017845,1.0766927456742703,0.7366090498275142,68.4140440981813
Front Range (Winter Park/Loveland/A-Basin),Spring,big_storm_days_per_window,El Nino,weak,6,0.6795963312078951,1.0766927456742703,-0.3970964144663752,-36.88112658525406
Front Range (Winter Park/Loveland/A-Basin),Spring,big_storm_days_per_window,La Nina,moderate,4,0.7811933486109585,1.0766927456742703,-0.29549939706331185,-27.44509965823701
Front Range (Winter Park/Loveland/A-Basin),Spring,big_storm_days_per_window,La Nina,strong,5,1.2116880731831317,1.0766927456742703,0.13499532750886134,12.537962018525683
Front Range (Winter Park/Loveland/A-Basin),Spring,big_storm_days_per_window,La Nina,weak,7,0.7626327762977976,1.0766927456742703,-0.31405996937647274,-29.16895006846128
Front Range (Winter Park/Loveland/A-Basin),Spring,big_storm_days_per_window,Neutral,neutral,16,1.0740086723999251,1.0766927456742703,-0.0026840732743451667,-0.24928869309547425
Gore & Tenmile (Vail/Summit/Copper),Early season,big_storm_days_per_window,El Nino,moderate,4,0.6389341209616576,0.7170237484011736,-0.07808962743951597,-10.890800704110704
Gore & Tenmile (Vail/Summit/Copper),Early season,big_storm_days_per_window,El Nino,strong,3,0.650964969795843,0.7170237484011736,-0.0660587786053306,-9.212913624218041
Gore & Tenmile (Vail/Summit/Copper),Early season,big_storm_days_per_window,El Nino,very strong,3,0.4248281379709353,0.7170237484011736,-0.29219561043023823,-40.75117610564208
Gore & Tenmile (Vail/Summit/Copper),Early season,big_storm_days_per_window,El Nino,weak,6,0.8862671940736085,0.7170237484011736,0.169243445672435,23.60360393220108
Gore & Tenmile (Vail/Summit/Copper),Early season,big_storm_days_per_window,La Nina,moderate,4,0.7107500731664431,0.7170237484011736,-0.006273675234730436,-0.8749605921309492
Gore & Tenmile (Vail/Summit/Copper),Early season,big_storm_days_per_window,La Nina,strong,5,0.6548624045343355,0.7170237484011736,-0.062161343866838026,-8.669356350531762
Gore & Tenmile (Vail/Summit/Copper),Early season,big_storm_days_per_window,La Nina,weak,7,0.8884718666974152,0.7170237484011736,0.17144811829624163,23.911079469618446
Gore & Tenmile (Vail/Summit/Copper),Early season,big_storm_days_per_window,Neutral,neutral,16,0.6862378480905222,0.7170237484011736,-0.030785900310651315,-4.293567734583131
Gore & Tenmile (Vail/Summit/Copper),Holidays,big_storm_days_per_window,El Nino,moderate,4,0.19561499464078227,0.37326919054923025,-0.17765419590844797,-47.59412252777859
Gore & Tenmile (Vail/Summit/Copper),Holidays,big_storm_days_per_window,El Nino,strong,3,0.0,0.37326919054923025,-0.37326919054923025,-100.0
Gore & Tenmile (Vail/Summit/Copper),Holidays,big_storm_days_per_window,El Nino,very strong,3,0.09929152018502468,0.37326919054923025,-0.27397767036420556,-73.39948683176165
Gore & Tenmile (Vail/Summit/Copper),Holidays,big_storm_days_per_window,El Nino,weak,6,0.4554378235227907,0.37326919054923025,0.08216863297356047,22.013237377737262
Gore & Tenmile (Vail/Summit/Copper),Holidays,big_storm_days_per_window,La Nina,moderate,4,0.40931928619546043,0.37326919054923025,0.036050095646230185,9.657934959267838
Gore & Tenmile (Vail/Summit/Copper),Holidays,big_storm_days_per_window,La Nina,strong,5,0.10549006262808332,0.37326919054923025,-0.26777912792114694,-71.73887765211357
Gore & Tenmile (Vail/Summit/Copper),Holidays,big_storm_days_per_window,La Nina,weak,7,0.6718274470191589,0.37326919054923025,0.2985582564699286,79.98470380869861
Gore & Tenmile (Vail/Summit/Copper),Holidays,big_storm_days_per_window,Neutral,neutral,16,0.45227750494073354,0.37326919054923025,0.0790083143915033,21.166578006411417
Gore & Tenmile (Vail/Summit/Copper),Midwinter,big_storm_days_per_window,El Nino,moderate,4,0.43941694889805205,0.7817796759862032,-0.3423627270881512,-43.79273823616172
Gore & Tenmile (Vail/Summit/Copper),Midwinter,big_storm_days_per_window,El Nino,strong,3,0.6226379676898014,0.7817796759862032,-0.15914170829640184,-20.3563373652106
Gore & Tenmile (Vail/Summit/Copper),Midwinter,big_storm_days_per_window,El Nino,very strong,3,0.29862491525324775,0.7817796759862032,-0.4831547607329555,-61.80190859060938
Gore & Tenmile (Vail/Summit/Copper),Midwinter,big_storm_days_per_window,El Nino,weak,6,1.3118958602025172,0.7817796759862032,0.530116184216314,67.80889814608962
Gore & Tenmile (Vail/Summit/Copper),Midwinter,big_storm_days_per_window,La Nina,moderate,4,1.390702842448946,0.7817796759862032,0.6089231664627428,77.88935747077275
Gore & Tenmile (Vail/Summit/Copper),Midwinter,big_storm_days_per_window,La Nina,strong,5,1.0278652226928313,0.7817796759862032,0.24608554670662808,31.47760862370781
Gore & Tenmile (Vail/Summit/Copper),Midwinter,big_storm_days_per_window,La Nina,weak,7,0.34211741140768304,0.7817796759862032,-0.4396622645785202,-56.23864089634882
Gore & Tenmile (Vail/Summit/Copper),Midwinter,big_storm_days_per_window,Neutral,neutral,16,0.7522270924117234,0.7817796759862032,-0.029552583574479874,-3.780167799476206
Gore & Tenmile (Vail/Summit/Copper),Spring,big_storm_days_per_window,El Nino,moderate,4,1.5777123763510388,0.9967348096631464,0.5809775666878924,58.28807833893529
Gore & Tenmile (Vail/Summit/Copper),Spring,big_storm_days_per_window,El Nino,strong,3,0.9129550934852233,0.9967348096631464,-0.08377971617792312,-8.40541690384397
Gore & Tenmile (Vail/Summit/Copper),Spring,big_storm_days_per_window,El Nino,very strong,3,1.355061656079382,0.9967348096631464,0.3583268464162356,35.95006845776106
Gore & Tenmile (Vail/Summit/Copper),Spring,big_storm_days_per_window,El Nino,weak,6,0.5822226344724291,0.9967348096631464,-0.41451217519071737,-41.58700701250764
Gore & Tenmile (Vail/Summit/Copper),Spring,big_storm_days_per_window,La Nina,moderate,4,0.8410978034922576,0.9967348096631464,-0.15563700617088883,-15.61468553741867
Gore & Tenmile (Vail/Summit/Copper),Spring,big_storm_days_per_window,La Nina,strong,5,1.2272725568218765,0.9967348096631464,0.2305377471587301,23.129296270553848
Gore & Tenmile (Vail/Summit/Copper),Spring,big_storm_days_per_window,La Nina,weak,7,0.8299809346144259,0.9967348096631464,-0.16675387504872052,-16.730014185526056
Gore & Tenmile (Vail/Summit/Copper),Spring,big_storm_days_per_window,Neutral,neutral,16,0.9952759226574432,0.9967348096631464,-0.00145888700570318,-0.1463666154286536
Jemez (Pajarito),Early season,big_storm_days_per_window,El Nino,moderate,4,0.43845492440776423,0.5272782574245637,-0.08882333301679946,-16.845627857034703
Jemez (Pajarito),Early season,big_storm_days_per_window,El Nino,strong,3,0.9909495329363881,0.5272782574245637,0.4636712755118244,87.93673340080036
Jemez (Pajarito),Early season,big_storm_days_per_window,El Nino,very strong,3,0.6597506038614415,0.5272782574245637,0.13247234643687777,25.1238021996062
Jemez (Pajarito),Early season,big_storm_days_per_window,El Nino,weak,5,0.5622737447796115,0.5272782574245637,0.03499548735504776,6.637005577658296
Jemez (Pajarito),Early season,big_storm_days_per_window,La Nina,moderate,4,0.4332300804771171,0.5272782574245637,-0.0940481769474466,-17.836536140673662
Jemez (Pajarito),Early season,big_storm_days_per_window,La Nina,strong,5,0.6080946126803999,0.5272782574245637,0.08081635525583619,15.327079036138405
Jemez (Pajarito),Early season,big_storm_days_per_window,La Nina,weak,7,0.25402000048103895,0.5272782574245637,-0.27325825694352474,-51.82429828952677
Jemez (Pajarito),Early season,big_storm_days_per_window,Neutral,neutral,15,0.5457318413953061,0.5272782574245637,0.01845358397074237,3.499780943154569
Jemez (Pajarito),Holidays,big_storm_days_per_window,El Nino,moderate,4,0.42139247992112683,0.4018885099772243,0.01950396994390252,4.853079762098161
Jemez (Pajarito),Holidays,big_storm_days_per_window,El Nino,strong,3,0.2884895680467329,0.4018885099772243,-0.11339894193049138,-28.216517545355526
Jemez (Pajarito),Holidays,big_storm_days_per_window,El Nino,very strong,3,0.3097897301679608,0.4018885099772243,-0.09209877980926351,-22.9164998557642
Jemez (Pajarito),Holidays,big_storm_days_per_window,El Nino,weak,5,0.5903331206691813,0.4018885099772243,0.188444610691957,46.88977316187429
Jemez (Pajarito),Holidays,big_storm_days_per_window,La Nina,moderate,4,0.10271492315289528,0.4018885099772243,-0.29917358682432904,-74.44193585959542
Jemez (Pajarito),Holidays,big_storm_days_per_window,La Nina,strong,5,0.2821385221187696,0.4018885099772243,-0.1197499878584547,-29.796817994433614
Jemez (Pajarito),Holidays,big_storm_days_per_window,La Nina,weak,7,0.8818795539491919,0.4018885099772243,0.4799910439719676,119.43388080419854
Jemez (Pajarito),Holidays,big_storm_days_per_window,Neutral,neutral,15,0.2706725906952032,0.4018885099772243,-0.1312159192820211,-32.6498309915497
Jemez (Pajarito),Midwinter,big_storm_days_per_window,El Nino,moderate,4,1.3959369710961111,0.7320229939258911,0.66391397717022,90.69578178270089
Jemez (Pajarito),Midwinter,big_storm_days_per_window,El Nino,strong,3,0.6217941215569285,0.7320229939258911,-0.11022887236896262,-15.05811610886666
Jemez (Pajarito),Midwinter,big_storm_days_per_window,El Nino,very strong,3,0.7470152026320936,0.7320229939258911,0.014992208706202548,2.048051609116576
Jemez (Pajarito),Midwinter,big_storm_days_per_window,El Nino,weak,5,1.1162524994246037,0.7320229939258911,0.3842295054987126,52.488720803435776
Jemez (Pajarito),Midwinter,big_storm_days_per_window,La Nina,moderate,4,0.4990007234395153,0.7320229939258911,-0.2330222704863758,-31.832643567200105
Jemez (Pajarito),Midwinter,big_storm_days_per_window,La Nina,strong,5,0.9848058734035406,0.7320229939258911,0.25278287947764955,34.53209551819637
Jemez (Pajarito),Midwinter,big_storm_days_per_window,La Nina,weak,7,0.5287183570767677,0.7320229939258911,-0.20330463684912337,-27.772985075070693
Jemez (Pajarito),Midwinter,big_storm_days_per_window,Neutral,neutral,15,0.5187039070802218,0.7320229939258911,-0.21331908684566925,-29.141036363027876
Jemez (Pajarito),Spring,big_storm_days_per_window,El Nino,moderate,4,0.5165404150011337,0.5326545161024258,-0.016114101101292078,-3.0252444340851974
Jemez (Pajarito),Spring,big_storm_days_per_window,El Nino,strong,3,0.8298635118062593,0.5326545161024258,0.2972089957038335,55.797705026250505
Jemez (Pajarito),Spring,big_storm_days_per_window,El Nino,very strong,3,0.6476343819231126,0.5326545161024258,0.11497986582068687,21.58619937403798
Jemez (Pajarito),Spring,big_storm_days_per_window,El Nino,weak,5,0.4679343866726303,0.5326545161024258,-0.06472012942979544,-12.150489195767976
Jemez (Pajarito),Spring,big_storm_days_per_window,La Nina,moderate,4,0.5375378444825029,0.5326545161024258,0.004883328380077101,0.91679094656133
Jemez (Pajarito),Spring,big_storm_days_per_window,La Nina,strong,5,0.47314540800202637,0.5326545161024258,-0.05950910810039939,-11.172177518711997
Jemez (Pajarito),Spring,big_storm_days_per_window,La Nina,weak,7,0.43046353802038795,0.5326545161024258,-0.10219097808203781,-19.185227007891772
Jemez (Pajarito),Spring,big_storm_days_per_window,Neutral,neutral,15,0.542310485471528,0.5326545161024258,0.00965596936910229,1.8128015584581123
Klamath & Siskiyou (Mt Shasta),Early season,big_storm_days_per_window,El Nino,moderate,4,0.8736310491303767,1.2840957983785644,-0.41046474924818765,-31.965274691069315
Klamath & Siskiyou (Mt Shasta),Early season,big_storm_days_per_window,El Nino,strong,3,0.8500719718103609,1.2840957983785644,-0.4340238265682035,-33.799956912579894
Klamath & Siskiyou (Mt Shasta),Early season,big_storm_days_per_window,El Nino,very strong,3,0.9621847938954442,1.2840957983785644,-0.32191100448312016,-25.069080117667166
Klamath & Siskiyou (Mt Shasta),Early season,big_storm_days_per_window,El Nino,weak,5,1.626368210927243,1.2840957983785644,0.3422724125486787,26.65474125691153
Klamath & Siskiyou (Mt Shasta),Early season,big_storm_days_per_window,La Nina,moderate,4,1.4630159076699338,1.2840957983785644,0.17892010929136948,13.933548378344746
Klamath & Siskiyou (Mt Shasta),Early season,big_storm_days_per_window,La Nina,strong,5,1.3026597191128724,1.2840957983785644,0.018563920734308015,1.4456803579412683
Klamath & Siskiyou (Mt Shasta),Early season,big_storm_days_per_window,La Nina,weak,7,1.6842177121799387,1.2840957983785644,0.4001219138013743,31.159818006305347
Klamath & Siskiyou (Mt Shasta),Early season,big_storm_days_per_window,Neutral,neutral,15,1.1900256643756777,1.2840957983785644,-0.09407013400288666,-7.32578785178408
Klamath & Siskiyou (Mt Shasta),Holidays,big_storm_days_per_window,El Nino,moderate,4,0.9707446300302646,0.8370665560716537,0.13367807395861087,15.96982617319714
Klamath & Siskiyou (Mt Shasta),Holidays,big_storm_days_per_window,El Nino,strong,3,0.33076711439685524,0.8370665560716537,-0.5062994416747985,-60.484968369881784
Klamath & Siskiyou (Mt Shasta),Holidays,big_storm_days_per_window,El Nino,very strong,3,1.5780925752512218,0.8370665560716537,0.7410260191795681,88.52653517268651
Klamath & Siskiyou (Mt Shasta),Holidays,big_storm_days_per_window,El Nino,weak,5,0.30418967239478434,0.8370665560716537,-0.5328768836768694,-63.66003752170629
Klamath & Siskiyou (Mt Shasta),Holidays,big_storm_days_per_window,La Nina,moderate,4,0.2692361418704321,0.8370665560716537,-0.5678304142012216,-67.83575452662271
Klamath & Siskiyou (Mt Shasta),Holidays,big_storm_days_per_window,La Nina,strong,5,1.3390958015762404,0.8370665560716537,0.5020292455045867,59.97483018084079
Klamath & Siskiyou (Mt Shasta),Holidays,big_storm_days_per_window,La Nina,weak,7,0.9742239507257306,0.8370665560716537,0.13715739465407695,16.385482571153652
Klamath & Siskiyou (Mt Shasta),Holidays,big_storm_days_per_window,Neutral,neutral,15,0.8521709598542538,0.8370665560716537,0.01510440378260014,1.8044447807692832
Klamath & Siskiyou (Mt Shasta),Midwinter,big_storm_days_per_window,El Nino,moderate,4,1.4262719804628807,1.7487366953742767,-0.32246471491139594,-18.439866662852857
Klamath & Siskiyou (Mt Shasta),Midwinter,big_storm_days_per_window,El Nino,strong,3,1.0848147722081212,1.7487366953742767,-0.6639219231661555,-37.965802680434884
Klamath & Siskiyou (Mt Shasta),Midwinter,big_storm_days_per_window,El Nino,very strong,3,2.6755640899743143,1.7487366953742767,0.9268273946000376,52.9998253625982
Klamath & Siskiyou (Mt Shasta),Midwinter,big_storm_days_per_window,El Nino,weak,5,1.485324650397239,1.7487366953742767,-0.26341204497703763,-15.062990653413399
Klamath & Siskiyou (Mt Shasta),Midwinter,big_storm_days_per_window,La Nina,moderate,4,2.6528393244995967,1.7487366953742767,0.90410262912532,51.700329244353036
Klamath & Siskiyou (Mt Shasta),Midwinter,big_storm_days_per_window,La Nina,strong,5,2.5845677169768644,1.7487366953742767,0.8358310216025877,47.79627623835602
Klamath & Siskiyou (Mt Shasta),Midwinter,big_storm_days_per_window,La Nina,weak,7,0.862734620893305,1.7487366953742767,-0.8860020744809717,-50.665264635013756
Klamath & Siskiyou (Mt Shasta),Midwinter,big_storm_days_per_window,Neutral,neutral,15,1.7637134665130576,1.7487366953742767,0.014976771138780931,0.8564337431928538
Klamath & Siskiyou (Mt Shasta),Spring,big_storm_days_per_window,El Nino,moderate,4,0.4291384278180027,0.7171997602631194,-0.28806133244511667,-40.16472793290331
Klamath & Siskiyou (Mt Shasta),Spring,big_storm_days_per_window,El Nino,strong,3,0.6492519999334619,0.7171997602631194,-0.06794776032965744,-9.4740355608498
Klamath & Siskiyou (Mt Shasta),Spring,big_storm_days_per_window,El Nino,very strong,3,1.2325574959214167,0.7171997602631194,0.5153577356582973,71.8569308318268
Klamath & Siskiyou (Mt Shasta),Spring,big_storm_days_per_window,El Nino,weak,5,0.5046744783083623,0.7171997602631194,-0.21252528195475706,-29.632648214604508
Klamath & Siskiyou (Mt Shasta),Spring,big_storm_days_per_window,La Nina,moderate,4,0.9848772843360891,0.7171997602631194,0.26767752407296974,37.322589730756015
Klamath & Siskiyou (Mt Shasta),Spring,big_storm_days_per_window,La Nina,strong,5,1.228048335908857,0.7171997602631194,0.5108485756457376,71.22821338622902
Klamath & Siskiyou (Mt Shasta),Spring,big_storm_days_per_window,La Nina,weak,7,0.8319627229195427,0.7171997602631194,0.11476296265642327,16.001533884272373
Klamath & Siskiyou (Mt Shasta),Spring,big_storm_days_per_window,Neutral,neutral,15,0.4801563002933065,0.7171997602631194,-0.23704345996981285,-33.051246403491355
Madison & Gallatin (Big Sky),Early season,big_storm_days_per_window,El Nino,moderate,4,0.44254313671097534,0.81781346279596,-0.3752703260849847,-45.8870320869996
Madison & Gallatin (Big Sky),Early season,big_storm_days_per_window,El Nino,strong,4,0.42717838905803224,0.81781346279596,-0.3906350737379278,-47.7657915293318
Madison & Gallatin (Big Sky),Early season,big_storm_days_per_window,El Nino,very strong,3,0.8718706464435076,0.81781346279596,0.054057183647547635,6.609964998954121
Madison & Gallatin (Big Sky),Early season,big_storm_days_per_window,El Nino,weak,9,0.811870947152334,0.81781346279596,-0.005942515643626023,-0.7266346072745745
Madison & Gallatin (Big Sky),Early season,big_storm_days_per_window,La Nina,moderate,5,1.0595741384860768,0.81781346279596,0.24176067569011683,29.561836126245673
Madison & Gallatin (Big Sky),Early season,big_storm_days_per_window,La Nina,strong,6,1.4340737361415392,0.81781346279596,0.6162602733455792,75.35462564271
Madison & Gallatin (Big Sky),Early season,big_storm_days_per_window,La Nina,weak,10,0.8762074795054999,0.81781346279596,0.05839401670953992,7.140261118947721
Madison & Gallatin (Big Sky),Early season,big_storm_days_per_window,Neutral,neutral,18,0.6468885588495619,0.81781346279596,-0.17092490394639814,-20.9002311311966
Madison & Gallatin (Big Sky),Holidays,big_storm_days_per_window,El Nino,moderate,4,0.1102992726413258,0.3938960415449807,-0.2835967689036549,-71.99787227901598
Madison & Gallatin (Big Sky),Holidays,big_storm_days_per_window,El Nino,strong,4,0.02873684923848408,0.3938960415449807,-0.3651591923064966,-92.70445848458661
Madison & Gallatin (Big Sky),Holidays,big_storm_days_per_window,El Nino,very strong,3,0.2943073639575067,0.3938960415449807,-0.09958867758747403,-25.282985123906496
Madison & Gallatin (Big Sky),Holidays,big_storm_days_per_window,El Nino,weak,9,0.3996504047667122,0.3938960415449807,0.005754363221731507,1.460883739567713
Madison & Gallatin (Big Sky),Holidays,big_storm_days_per_window,La Nina,moderate,5,0.3058216224735143,0.3938960415449807,-0.0880744190714664,-22.35981319487538
Madison & Gallatin (Big Sky),Holidays,big_storm_days_per_window,La Nina,strong,6,0.20622652523245633,0.3938960415449807,-0.18766951631252438,-47.64442810250826
Madison & Gallatin (Big Sky),Holidays,big_storm_days_per_window,La Nina,weak,10,0.5830307750412715,0.3938960415449807,0.18913473349629084,48.01640878503033
Madison & Gallatin (Big Sky),Holidays,big_storm_days_per_window,Neutral,neutral,18,0.5077474275053446,0.3938960415449807,0.11385138596036393,28.903917265531277
Madison & Gallatin (Big Sky),Midwinter,big_storm_days_per_window,El Nino,moderate,4,1.1816159545230553,0.9269487913384188,0.25466716318463656,27.47370357071434
Madison & Gallatin (Big Sky),Midwinter,big_storm_days_per_window,El Nino,strong,4,0.08840687215166387,0.9269487913384188,-0.8385419191867549,-90.46259372925948
Madison & Gallatin (Big Sky),Midwinter,big_storm_days_per_window,El Nino,very strong,3,0.5481866639644619,0.9269487913384188,-0.37876212737395687,-40.86117063997282
Madison & Gallatin (Big Sky),Midwinter,big_storm_days_per_window,El Nino,weak,9,0.9226744978881458,0.9269487913384188,-0.00427429345027297,-0.461114302128959
Madison & Gallatin (Big Sky),Midwinter,big_storm_days_per_window,La Nina,moderate,5,1.3742617003110986,0.9269487913384188,0.44731290897267983,48.256485487920635
Madison & Gallatin (Big Sky),Midwinter,big_storm_days_per_window,La Nina,strong,6,0.931726220138077,0.9269487913384188,0.0047774287996582565,0.5153929585214886
Madison & Gallatin (Big Sky),Midwinter,big_storm_days_per_window,La Nina,weak,10,0.8093309315498842,0.9269487913384188,-0.11761785978853456,-12.688711705282712
Madison & Gallatin (Big Sky),Midwinter,big_storm_days_per_window,Neutral,neutral,18,1.0626658139019554,0.9269487913384188,0.13571702256353657,14.64126431057482
Madison & Gallatin (Big Sky),Spring,big_storm_days_per_window,El Nino,moderate,4,1.0800544143271866,1.389168190865017,-0.30911377653783045,-22.25171714775223
Madison & Gallatin (Big Sky),Spring,big_storm_days_per_window,El Nino,strong,4,1.1010460848502208,1.389168190865017,-0.28812210601479626,-20.740620747685444
Madison & Gallatin (Big Sky),Spring,big_storm_days_per_window,El Nino,very strong,3,1.5021751599574091,1.389168190865017,0.11300696909239205,8.134865874090025
Madison & Gallatin (Big Sky),Spring,big_storm_days_per_window,El Nino,weak,9,1.2293945965811486,1.389168190865017,-0.1597735942838685,-11.50138588937741
Madison & Gallatin (Big Sky),Spring,big_storm_days_per_window,La Nina,moderate,5,1.5767602131772418,1.389168190865017,0.18759202231222472,13.503910004980288
Madison & Gallatin (Big Sky),Spring,big_storm_days_per_window,La Nina,strong,6,0.796660039017548,1.389168190865017,-0.5925081518474691,-42.65200972378455
Madison & Gallatin (Big Sky),Spring,big_storm_days_per_window,La Nina,weak,10,1.7411123762290823,1.389168190865017,0.35194418536406524,25.33488656581707
Madison & Gallatin (Big Sky),Spring,big_storm_days_per_window,Neutral,neutral,18,1.3105376514458835,1.389168190865017,-0.07863053941913356,-5.660260574363666
Markagunt (Brian Head),Early season,big_storm_days_per_window,El Nino,moderate,4,0.8418417431074539,1.1842201512200896,-0.34237840811263576,-28.91171947715016
Markagunt (Brian Head),Early season,big_storm_days_per_window,El Nino,strong,3,1.3438325641755264,1.1842201512200896,0.15961241295543682,13.47827199114876
Markagunt (Brian Head),Early season,big_storm_days_per_window,El Nino,very strong,3,2.509334998616612,1.1842201512200896,1.3251148473965224,111.8976776430692
Markagunt (Brian Head),Early season,big_storm_days_per_window,El Nino,weak,5,1.7250505796390931,1.1842201512200896,0.5408304284190035,45.66975387657367
Markagunt (Brian Head),Early season,big_storm_days_per_window,La Nina,moderate,4,0.4478660348135389,1.1842201512200896,-0.7363541164065507,-62.18050888999758
Markagunt (Brian Head),Early season,big_storm_days_per_window,La Nina,strong,5,1.2591217284202731,1.1842201512200896,0.07490157720018353,6.324970667237272
Markagunt (Brian Head),Early season,big_storm_days_per_window,La Nina,weak,7,1.3203406875649566,1.1842201512200896,0.13612053634486698,11.494529645068397
Markagunt (Brian Head),Early season,big_storm_days_per_window,Neutral,neutral,15,0.9061697868541476,1.1842201512200896,-0.278050364365942,-23.479617711239722
Markagunt (Brian Head),Holidays,big_storm_days_per_window,El Nino,moderate,4,0.6395431968851307,0.9301225173122959,-0.29057932042716517,-31.240972562069572
Markagunt (Brian Head),Holidays,big_storm_days_per_window,El Nino,strong,3,0.35325842826726267,0.9301225173122959,-0.5768640890450332,-62.02022618611076
Markagunt (Brian Head),Holidays,big_storm_days_per_window,El Nino,very strong,3,0.8643551892316466,0.9301225173122959,-0.06576732808064933,-7.070824203965319
Markagunt (Brian Head),Holidays,big_storm_days_per_window,El Nino,weak,5,1.1039848163572845,0.9301225173122959,0.17386229904498862,18.692408345019455
Markagunt (Brian Head),Holidays,big_storm_days_per_window,La Nina,moderate,4,0.7937026969819115,0.9301225173122959,-0.13641982033038436,-14.666865686101902
Markagunt (Brian Head),Holidays,big_storm_days_per_window,La Nina,strong,5,1.801149751618086,0.9301225173122959,0.8710272343057902,93.64650549722538
Markagunt (Brian Head),Holidays,big_storm_days_per_window,La Nina,weak,7,1.3087798135167288,0.9301225173122959,0.3786572962044329,40.710475142415646
Markagunt (Brian Head),Holidays,big_storm_days_per_window,Neutral,neutral,15,0.6475119889271176,0.9301225173122959,-0.2826105283851783,-30.384226069681272
Markagunt (Brian Head),Midwinter,big_storm_days_per_window,El Nino,moderate,4,2.6318757523320557,2.548114528839166,0.08376122349288995,3.287184408114054
Markagunt (Brian Head),Midwinter,big_storm_days_per_window,El Nino,strong,3,3.7870098177894165,2.548114528839166,1.2388952889502507,48.62007868675546
Markagunt (Brian Head),Midwinter,big_storm_days_per_window,El Nino,very strong,3,2.574814381077488,2.548114528839166,0.026699852238322386,1.0478277933011877
Markagunt (Brian Head),Midwinter,big_storm_days_per_window,El Nino,weak,5,2.7424771182134737,2.548114528839166,0.19436258937430795,7.627702254923875
Markagunt (Brian Head),Midwinter,big_storm_days_per_window,La Nina,moderate,4,2.0245780362221013,2.548114528839166,-0.5235364926170645,-20.54603459506076
Markagunt (Brian Head),Midwinter,big_storm_days_per_window,La Nina,strong,5,2.639203172028036,2.548114528839166,0.09108864318887022,3.574746823894415
Markagunt (Brian Head),Midwinter,big_storm_days_per_window,La Nina,weak,7,2.1460150868077994,2.548114528839166,-0.4020994420313664,-15.78027351127538
Markagunt (Brian Head),Midwinter,big_storm_days_per_window,Neutral,neutral,15,2.5047649011281425,2.548114528839166,-0.04334962771102324,-1.7012433005031316
Markagunt (Brian Head),Spring,big_storm_days_per_window,El Nino,moderate,4,1.4704005486796161,1.9850314726278067,-0.5146309239481905,-25.92558007490513
Markagunt (Brian Head),Spring,big_storm_days_per_window,El Nino,strong,3,2.1708434954072344,1.9850314726278067,0.18581202277942777,9.360658777538058
Markagunt (Brian Head),Spring,big_storm_days_per_window,El Nino,very strong,3,3.294622110842709,1.9850314726278067,1.3095906382149025,65.9732934350533
Markagunt (Brian Head),Spring,big_storm_days_per_window,El Nino,weak,5,2.4276161102388305,1.9850314726278067,0.44258463761102385,22.296101785485817
Markagunt (Brian Head),Spring,big_storm_days_per_window,La Nina,moderate,4,1.5275987769151367,1.9850314726278067,-0.45743269571267,-23.04410292835889
Markagunt (Brian Head),Spring,big_storm_days_per_window,La Nina,strong,5,1.861119677782399,1.9850314726278067,-0.1239117948454076,-6.242308827545782
Markagunt (Brian Head),Spring,big_storm_days_per_window,La Nina,weak,7,1.9963972491339919,1.9850314726278067,0.011365776506185199,0.5725741210107393
Markagunt (Brian Head),Spring,big_storm_days_per_window,Neutral,neutral,15,1.8336395957137441,1.9850314726278067,-0.15139187691406253,-7.626673884099595
Missoula ranges (Montana Snowbowl),Early season,big_storm_days_per_window,El Nino,moderate,4,0.6247898984963651,0.8823595840302573,-0.25756968553389215,-29.191011260672127
Missoula ranges (Montana Snowbowl),Early season,big_storm_days_per_window,El Nino,strong,3,0.845461771246513,0.8823595840302573,-0.036897812783744266,-4.181720633124442
Missoula ranges (Montana Snowbowl),Early season,big_storm_days_per_window,El Nino,very strong,3,0.34270133224903737,0.8823595840302573,-0.5396582517812198,-61.160808081925275
Missoula ranges (Montana Snowbowl),Early season,big_storm_days_per_window,El Nino,weak,5,0.7049821808701476,0.8823595840302573,-0.17737740316010964,-20.102621014204015
Missoula ranges (Montana Snowbowl),Early season,big_storm_days_per_window,La Nina,moderate,4,0.763576014082506,0.8823595840302573,-0.1187835699477513,-13.46203657755907
Missoula ranges (Montana Snowbowl),Early season,big_storm_days_per_window,La Nina,strong,5,1.2625066001175225,0.8823595840302573,0.3801470160872652,43.08300413657993
Missoula ranges (Montana Snowbowl),Early season,big_storm_days_per_window,La Nina,weak,7,0.7083768910642428,0.8823595840302573,-0.17398269296601443,-19.717890088679347
Missoula ranges (Montana Snowbowl),Early season,big_storm_days_per_window,Neutral,neutral,15,1.1116337174801099,0.8823595840302573,0.2292741334498526,25.984206167129983
Missoula ranges (Montana Snowbowl),Holidays,big_storm_days_per_window,El Nino,moderate,4,0.28014717059465355,0.6325480020996184,-0.3524008315049648,-55.71131840354246
Missoula ranges (Montana Snowbowl),Holidays,big_storm_days_per_window,El Nino,strong,3,0.4269575131351304,0.6325480020996184,-0.20559048896448795,-32.50195847304408
Missoula ranges (Montana Snowbowl),Holidays,big_storm_days_per_window,El Nino,very strong,3,0.3316909437361972,0.6325480020996184,-0.3008570583634212,-47.56272367706253
Missoula ranges (Montana Snowbowl),Holidays,big_storm_days_per_window,El Nino,weak,5,0.8906216364897512,0.6325480020996184,0.25807363439013287,40.799059286174064
Missoula ranges (Montana Snowbowl),Holidays,big_storm_days_per_window,La Nina,moderate,4,0.6404222619256839,0.6325480020996184,0.007874259826065488,1.2448477901959116
Missoula ranges (Montana Snowbowl),Holidays,big_storm_days_per_window,La Nina,strong,5,0.7795223289546975,0.6325480020996184,0.14697432685507916,23.235284336876706
Missoula ranges (Montana Snowbowl),Holidays,big_storm_days_per_window,La Nina,weak,7,0.9009475061760456,0.6325480020996184,0.2683995040764272,42.431483964146274
Missoula ranges (Montana Snowbowl),Holidays,big_storm_days_per_window,Neutral,neutral,15,0.5654421750288362,0.6325480020996184,-0.06710582707078216,-10.608811797371521
Missoula ranges (Montana Snowbowl),Midwinter,big_storm_days_per_window,El Nino,moderate,4,1.0275390256864871,1.4495786969340179,-0.4220396712475307,-29.114643595424
Missoula ranges (Montana Snowbowl),Midwinter,big_storm_days_per_window,El Nino,strong,3,0.8304973736030211,1.4495786969340179,-0.6190813233309967,-42.70767255619901
Missoula ranges (Montana Snowbowl),Midwinter,big_storm_days_per_window,El Nino,very strong,3,0.5058779252418777,1.4495786969340179,-0.9437007716921402,-65.10172739763267
Missoula ranges (Montana Snowbowl),Midwinter,big_storm_days_per_window,El Nino,weak,5,0.8789590757970773,1.4495786969340179,-0.5706196211369405,-39.36451483067801
Missoula ranges (Montana Snowbowl),Midwinter,big_storm_days_per_window,La Nina,moderate,4,2.1298226090552697,1.4495786969340179,0.6802439121212518,46.92700807207125
Missoula ranges (Montana Snowbowl),Midwinter,big_storm_days_per_window,La Nina,strong,5,2.059941385659704,1.4495786969340179,0.6103626887256861,42.10621265452197
Missoula ranges (Montana Snowbowl),Midwinter,big_storm_days_per_window,La Nina,weak,7,1.9246881225163417,1.4495786969340179,0.47510942558232383,32.775690384193744
Missoula ranges (Montana Snowbowl),Midwinter,big_storm_days_per_window,Neutral,neutral,15,1.4583152305709866,1.4495786969340179,0.00873653363696869,0.6026946764219978
Missoula ranges (Montana Snowbowl),Spring,big_storm_days_per_window,El Nino,moderate,4,0.8778983617771946,0.6157289630704252,0.26216939870676936,42.57870173906099
Missoula ranges (Montana Snowbowl),Spring,big_storm_days_per_window,El Nino,strong,3,0.8932957097836236,0.6157289630704252,0.27756674671319836,45.07937150285573
Missoula ranges (Montana Snowbowl),Spring,big_storm_days_per_window,El Nino,very strong,3,0.13788099850909294,0.6157289630704252,-0.4778479645613323,-77.60686815485687
Missoula ranges (Montana Snowbowl),Spring,big_storm_days_per_window,El Nino,weak,5,0.5461120811308571,0.6157289630704252,-0.06961688193956816,-11.306416640271898
Missoula ranges (Montana Snowbowl),Spring,big_storm_days_per_window,La Nina,moderate,4,0.5031333794635545,0.6157289630704252,-0.11259558360687072,-18.28654982305784
Missoula ranges (Montana Snowbowl),Spring,big_storm_days_per_window,La Nina,strong,5,0.36161923136916685,0.6157289630704252,-0.2541097317012584,-41.26973830077798
Missoula ranges (Montana Snowbowl),Spring,big_storm_days_per_window,La Nina,weak,7,0.6386082285768956,0.6157289630704252,0.022879265506470348,3.715801412423324
Missoula ranges (Montana Snowbowl),Spring,big_storm_days_per_window,Neutral,neutral,15,0.7131307365906683,0.6157289630704252,0.09740177352024304,15.818936474018441
Mt Hood,Early season,big_storm_days_per_window,El Nino,moderate,4,1.2133738235771192,2.296660286651917,-1.0832864630747978,-47.16790155561136
Mt Hood,Early season,big_storm_days_per_window,El Nino,strong,3,2.0773629994689444,2.296660286651917,-0.2192972871829726,-9.548529595670646
Mt Hood,Early season,big_storm_days_per_window,El Nino,very strong,3,1.2660445972302947,2.296660286651917,-1.0306156894216223,-44.87453784138267
Mt Hood,Early season,big_storm_days_per_window,El Nino,weak,6,2.0679996807368934,2.296660286651917,-0.22866060591502357,-9.956222400151576
Mt Hood,Early season,big_storm_days_per_window,La Nina,moderate,4,3.196905083095041,2.296660286651917,0.9002447964431242,39.19799552747549
Mt Hood,Early season,big_storm_days_per_window,La Nina,strong,5,3.1138712402637556,2.296660286651917,0.8172109536118386,35.58257868442411
Mt Hood,Early season,big_storm_days_per_window,La Nina,weak,7,2.132161774603335,2.296660286651917,-0.16449851204858223,-7.162509536331513
Mt Hood,Early season,big_storm_days_per_window,Neutral,neutral,16,2.479116789658887,2.296660286651917,0.18245650300697003,7.944427134800856
Mt Hood,Holidays,big_storm_days_per_window,El Nino,moderate,4,0.9118115965744058,1.5311229466344216,-0.6193113500600158,-40.44817899315865
Mt Hood,Holidays,big_storm_days_per_window,El Nino,strong,3,0.24509931788639772,1.5311229466344216,-1.286023628748024,-83.99218570754536
Mt Hood,Holidays,big_storm_days_per_window,El Nino,very strong,3,1.5471363353474776,1.5311229466344216,0.01601338871305602,1.045859102840515
Mt Hood,Holidays,big_storm_days_per_window,El Nino,weak,6,0.7628195479911128,1.5311229466344216,-0.7683033986433088,-50.179079369956874
Mt Hood,Holidays,big_storm_days_per_window,La Nina,moderate,4,1.371802067931858,1.5311229466344216,-0.1593208787025635,-10.405492194651545
Mt Hood,Holidays,big_storm_days_per_window,La Nina,strong,5,2.226506800239998,1.5311229466344216,0.6953838536055763,45.41659147190676
Mt Hood,Holidays,big_storm_days_per_window,La Nina,weak,7,2.627551020618249,1.5311229466344216,1.0964280739838272,71.6094077483391
Mt Hood,Holidays,big_storm_days_per_window,Neutral,neutral,16,1.5550269617031973,1.5311229466344216,0.023904015068775708,1.5612080741993575
Mt Hood,Midwinter,big_storm_days_per_window,El Nino,moderate,4,3.29838751678951,3.8672127943515826,-0.5688252775620728,-14.70892107082636
Mt Hood,Midwinter,big_storm_days_per_window,El Nino,strong,3,3.1991683552935846,3.8672127943515826,-0.668044439057998,-17.274571495877804
Mt Hood,Midwinter,big_storm_days_per_window,El Nino,very strong,3,3.2453057502155502,3.8672127943515826,-0.6219070441360324,-16.081531511386814
Mt Hood,Midwinter,big_storm_days_per_window,El Nino,weak,6,2.998421385434716,3.8672127943515826,-0.8687914089168665,-22.465570298738555
Mt Hood,Midwinter,big_storm_days_per_window,La Nina,moderate,4,5.799765629852247,3.8672127943515826,1.932552835500664,49.97275656315923
Mt Hood,Midwinter,big_storm_days_per_window,La Nina,strong,5,6.286756671385485,3.8672127943515826,2.419543877033903,62.56557385639259
Mt Hood,Midwinter,big_storm_days_per_window,La Nina,weak,7,2.927712861542111,3.8672127943515826,-0.9394999328094715,-24.293980775552278
Mt Hood,Midwinter,big_storm_days_per_window,Neutral,neutral,16,3.748867345340691,3.8672127943515826,-0.11834544901089172,-3.0602259380126706
Mt Hood,Spring,big_storm_days_per_window,El Nino,moderate,4,2.1813085154548983,1.8480209561890277,0.3332875592658706,18.034836572046956
Mt Hood,Spring,big_storm_days_per_window,El Nino,strong,3,1.0192184304104843,1.8480209561890277,-0.8288025257785434,-44.84811295039059
Mt Hood,Spring,big_storm_days_per_window,El Nino,very strong,3,1.353347796888811,1.8480209561890277,-0.4946731593002167,-26.7677245565617
Mt Hood,Spring,big_storm_days_per_window,El Nino,weak,6,1.5015355856961552,1.8480209561890277,-0.34648537049287254,-18.748995747720933
Mt Hood,Spring,big_storm_days_per_window,La Nina,moderate,4,1.851227012114558,1.8480209561890277,0.003206055925530249,0.17348590744023534
Mt Hood,Spring,big_storm_days_per_window,La Nina,strong,5,2.250019721067223,1.8480209561890277,0.4019987648781951,21.75293324092998
Mt Hood,Spring,big_storm_days_per_window,La Nina,weak,7,2.4379284194619535,1.8480209561890277,0.5899074632729258,31.92103754545228
Mt Hood,Spring,big_storm_days_per_window,Neutral,neutral,16,1.7582721280719318,1.8480209561890277,-0.08974882811709595,-4.856483245848855
N Sangre de Cristo (Taos),Early season,big_storm_days_per_window,El Nino,moderate,4,0.5326912645068568,0.6193312716025519,-0.08664000709569508,-13.989283452700453
N Sangre de Cristo (Taos),Early season,big_storm_days_per_window,El Nino,strong,3,1.2997309741625809,0.6193312716025519,0.680399702560029,109.86038227965777
N Sangre de Cristo (Taos),Early season,big_storm_days_per_window,El Nino,very strong,3,0.6646419202432269,0.6193312716025519,0.04531064864067502,7.316060195609269
N Sangre de Cristo (Taos),Early season,big_storm_days_per_window,El Nino,weak,6,1.047808036179476,0.6193312716025519,0.4284767645769241,69.18377679657902
N Sangre de Cristo (Taos),Early season,big_storm_days_per_window,La Nina,moderate,4,0.463210120617407,0.6193312716025519,-0.15612115098514484,-25.208020027984904
N Sangre de Cristo (Taos),Early season,big_storm_days_per_window,La Nina,strong,5,0.5432285433834096,0.6193312716025519,-0.07610272821914221,-12.287887227496594
N Sangre de Cristo (Taos),Early season,big_storm_days_per_window,La Nina,weak,7,0.3270422882971959,0.6193312716025519,-0.29228898330535596,-47.19428788878091
N Sangre de Cristo (Taos),Early season,big_storm_days_per_window,Neutral,neutral,15,0.5293039059687454,0.6193312716025519,-0.09002736563380642,-14.536221528238988
N Sangre de Cristo (Taos),Holidays,big_storm_days_per_window,El Nino,moderate,4,0.034213261553222116,0.34374510918943557,-0.30953184763621344,-90.04690957381231
N Sangre de Cristo (Taos),Holidays,big_storm_days_per_window,El Nino,strong,3,0.16794295194073083,0.34374510918943557,-0.17580215724870474,-51.143173400562155
N Sangre de Cristo (Taos),Holidays,big_storm_days_per_window,El Nino,very strong,3,0.08965375103050288,0.34374510918943557,-0.2540913581589327,-73.9185377089699
N Sangre de Cristo (Taos),Holidays,big_storm_days_per_window,El Nino,weak,6,0.38949380910360754,0.34374510918943557,0.045748699914171964,13.308902058868327
N Sangre de Cristo (Taos),Holidays,big_storm_days_per_window,La Nina,moderate,4,0.21523088660248355,0.34374510918943557,-0.12851422258695203,-37.38648758959614
N Sangre de Cristo (Taos),Holidays,big_storm_days_per_window,La Nina,strong,5,0.11480072266232992,0.34374510918943557,-0.22894438652710564,-66.60295096764153
N Sangre de Cristo (Taos),Holidays,big_storm_days_per_window,La Nina,weak,7,0.5741914293650353,0.34374510918943557,0.23044632017559974,67.03988333652256
N Sangre de Cristo (Taos),Holidays,big_storm_days_per_window,Neutral,neutral,15,0.49700979712522686,0.34374510918943557,0.1532646879357913,44.58672540743792
N Sangre de Cristo (Taos),Midwinter,big_storm_days_per_window,El Nino,moderate,4,0.8706810669446122,0.7963182591441291,0.0743628078004831,9.338327602886705
N Sangre de Cristo (Taos),Midwinter,big_storm_days_per_window,El Nino,strong,3,0.9881859453161299,0.7963182591441291,0.19186768617200078,24.094347199600485
N Sangre de Cristo (Taos),Midwinter,big_storm_days_per_window,El Nino,very strong,3,0.5440680391299727,0.7963182591441291,-0.2522502200141564,-31.677060913468335
N Sangre de Cristo (Taos),Midwinter,big_storm_days_per_window,El Nino,weak,6,1.0224339754767346,0.7963182591441291,0.22611571633260552,28.39514399376341
N Sangre de Cristo (Taos),Midwinter,big_storm_days_per_window,La Nina,moderate,4,0.6274204018403886,0.7963182591441291,-0.16889785730374052,-21.20984359761754
N Sangre de Cristo (Taos),Midwinter,big_storm_days_per_window,La Nina,strong,5,1.263317325855072,0.7963182591441291,0.46699906671094293,58.64477692786632
N Sangre de Cristo (Taos),Midwinter,big_storm_days_per_window,La Nina,weak,7,0.31452213794716694,0.7963182591441291,-0.4817961211969622,-60.50296042624834
N Sangre de Cristo (Taos),Midwinter,big_storm_days_per_window,Neutral,neutral,15,0.8123296602353223,0.7963182591441291,0.016011401091193145,2.010678633490328
N Sangre de Cristo (Taos),Spring,big_storm_days_per_window,El Nino,moderate,4,1.0272721098748405,0.9661537510635269,0.06111835881131367,6.325945404034869
N Sangre de Cristo (Taos),Spring,big_storm_days_per_window,El Nino,strong,3,1.6527379226807561,0.9661537510635269,0.6865841716172293,71.06365533037037
N Sangre de Cristo (Taos),Spring,big_storm_days_per_window,El Nino,very strong,3,1.1480749463674835,0.9661537510635269,0.18192119530395667,18.829424934043956
N Sangre de Cristo (Taos),Spring,big_storm_days_per_window,El Nino,weak,6,1.1205303975882985,0.9661537510635269,0.15437664652477168,15.978476133310696
N Sangre de Cristo (Taos),Spring,big_storm_days_per_window,La Nina,moderate,4,1.2849020768880235,0.9661537510635269,0.31874832582449664,32.991470091962434
N Sangre de Cristo (Taos),Spring,big_storm_days_per_window,La Nina,strong,5,0.7060185471496562,0.9661537510635269,-0.2601352039138707,-26.92482471113091
N Sangre de Cristo (Taos),Spring,big_storm_days_per_window,La Nina,weak,7,0.5150595693731461,0.9661537510635269,-0.45109418169038074,-46.68968900589822
N Sangre de Cristo (Taos),Spring,big_storm_days_per_window,Neutral,neutral,15,0.9266265892599654,0.9661537510635269,-0.03952716180356142,-4.09118753201036
N Sierra / Tahoe (Palisades/Heavenly/Rose),Early season,big_storm_days_per_window,El Nino,moderate,4,1.806977180902578,2.108173164845622,-0.3011959839430438,-14.287060900194122
N Sierra / Tahoe (Palisades/Heavenly/Rose),Early season,big_storm_days_per_window,El Nino,strong,3,1.4792978886205332,2.108173164845622,-0.6288752762250887,-29.830342531237946
N Sierra / Tahoe (Palisades/Heavenly/Rose),Early season,big_storm_days_per_window,El Nino,very strong,3,2.6061313512262143,2.108173164845622,0.4979581863805924,23.62036452622511
N Sierra / Tahoe (Palisades/Heavenly/Rose),Early season,big_storm_days_per_window,El Nino,weak,6,1.9750591828640724,2.108173164845622,-0.13311398198154945,-6.314186339208865
N Sierra / Tahoe (Palisades/Heavenly/Rose),Early season,big_storm_days_per_window,La Nina,moderate,4,1.861403156252713,2.108173164845622,-0.24677000859290898,-11.705395586466425
N Sierra / Tahoe (Palisades/Heavenly/Rose),Early season,big_storm_days_per_window,La Nina,strong,5,2.2261997195743626,2.108173164845622,0.11802655472874068,5.598522773027688
N Sierra / Tahoe (Palisades/Heavenly/Rose),Early season,big_storm_days_per_window,La Nina,weak,7,2.9306617139210216,2.108173164845622,0.8224885490753997,39.01427846585976
N Sierra / Tahoe (Palisades/Heavenly/Rose),Early season,big_storm_days_per_window,Neutral,neutral,16,1.9229073219953148,2.108173164845622,-0.18526584285030712,-8.787980320576457
N Sierra / Tahoe (Palisades/Heavenly/Rose),Holidays,big_storm_days_per_window,El Nino,moderate,4,1.6489753050891194,1.7294156695135978,-0.08044036442447844,-4.651303087076948
N Sierra / Tahoe (Palisades/Heavenly/Rose),Holidays,big_storm_days_per_window,El Nino,strong,3,0.2803008206353034,1.7294156695135978,-1.4491148488782943,-83.79216601442388
N Sierra / Tahoe (Palisades/Heavenly/Rose),Holidays,big_storm_days_per_window,El Nino,very strong,3,1.9954255538517938,1.7294156695135978,0.26600988433819595,15.381489194729676
N Sierra / Tahoe (Palisades/Heavenly/Rose),Holidays,big_storm_days_per_window,El Nino,weak,6,1.4822394353736879,1.7294156695135978,-0.24717623413990997,-14.292471063907316
N Sierra / Tahoe (Palisades/Heavenly/Rose),Holidays,big_storm_days_per_window,La Nina,moderate,4,0.07959994446639683,1.7294156695135978,-1.649815725047201,-95.39729251506178
N Sierra / Tahoe (Palisades/Heavenly/Rose),Holidays,big_storm_days_per_window,La Nina,strong,5,2.3165142467527926,1.7294156695135978,0.5870985772391948,33.947800265063954
N Sierra / Tahoe (Palisades/Heavenly/Rose),Holidays,big_storm_days_per_window,La Nina,weak,7,2.449176345642847,1.7294156695135978,0.719760676129249,41.618720635952336
N Sierra / Tahoe (Palisades/Heavenly/Rose),Holidays,big_storm_days_per_window,Neutral,neutral,16,1.9781393593414573,1.7294156695135978,0.24872368982785953,14.381949592130946
N Sierra / Tahoe (Palisades/Heavenly/Rose),Midwinter,big_storm_days_per_window,El Nino,moderate,4,4.4318482273101205,4.276258849826257,0.1555893774838637,3.6384461967307065
N Sierra / Tahoe (Palisades/Heavenly/Rose),Midwinter,big_storm_days_per_window,El Nino,strong,3,3.3198790427878255,4.276258849826257,-0.9563798070384313,-22.364871740102654
N Sierra / Tahoe (Palisades/Heavenly/Rose),Midwinter,big_storm_days_per_window,El Nino,very strong,3,8.332962297530065,4.276258849826257,4.056703447703808,94.86571300211703
N Sierra / Tahoe (Palisades/Heavenly/Rose),Midwinter,big_storm_days_per_window,El Nino,weak,6,3.9683379293776593,4.276258849826257,-0.30792092044859753,-7.2007081718429715
N Sierra / Tahoe (Palisades/Heavenly/Rose),Midwinter,big_storm_days_per_window,La Nina,moderate,4,3.8549006829260635,4.276258849826257,-0.42135816690019334,-9.853429871704632
N Sierra / Tahoe (Palisades/Heavenly/Rose),Midwinter,big_storm_days_per_window,La Nina,strong,5,6.1118716696600295,4.276258849826257,1.8356128198337727,42.925671347242066
N Sierra / Tahoe (Palisades/Heavenly/Rose),Midwinter,big_storm_days_per_window,La Nina,weak,7,2.8598840649196413,4.276258849826257,-1.4163747849066155,-33.121820606443464
N Sierra / Tahoe (Palisades/Heavenly/Rose),Midwinter,big_storm_days_per_window,Neutral,neutral,16,3.922895671922397,4.276258849826257,-0.35336317790385996,-8.2633720341372
N Sierra / Tahoe (Palisades/Heavenly/Rose),Spring,big_storm_days_per_window,El Nino,moderate,4,1.546870381578458,2.4540262187687145,-0.9071558371902566,-36.96602058495585
N Sierra / Tahoe (Palisades/Heavenly/Rose),Spring,big_storm_days_per_window,El Nino,strong,3,2.4319305649709144,2.4540262187687145,-0.022095653797800097,-0.9003837705078144
N Sierra / Tahoe (Palisades/Heavenly/Rose),Spring,big_storm_days_per_window,El Nino,very strong,3,2.5939808405798512,2.4540262187687145,0.13995462181113671,5.703061391143477
N Sierra / Tahoe (Palisades/Heavenly/Rose),Spring,big_storm_days_per_window,El Nino,weak,6,2.7400819425095135,2.4540262187687145,0.286055723740799,11.656587918784538
N Sierra / Tahoe (Palisades/Heavenly/Rose),Spring,big_storm_days_per_window,La Nina,moderate,4,2.5810436851578995,2.4540262187687145,0.12701746638918499,5.175880576081003
N Sierra / Tahoe (Palisades/Heavenly/Rose),Spring,big_storm_days_per_window,La Nina,strong,5,2.843029051762427,2.4540262187687145,0.3890028329937123,15.851616825385467
N Sierra / Tahoe (Palisades/Heavenly/Rose),Spring,big_storm_days_per_window,La Nina,weak,7,3.4507172471219687,2.4540262187687145,0.9966910283532542,40.61452240120462
N Sierra / Tahoe (Palisades/Heavenly/Rose),Spring,big_storm_days_per_window,Neutral,neutral,16,1.9620756483485977,2.4540262187687145,-0.4919505704201168,-20.046671329654686
North Cascades (Mt Baker),Early season,big_storm_days_per_window,El Nino,moderate,2,1.862433164316862,3.377077733703417,-1.5146445693865551,-44.85074637963826
North Cascades (Mt Baker),Early season,big_storm_days_per_window,El Nino,strong,2,4.880588108184478,3.377077733703417,1.5035103744810607,44.52104727930739
North Cascades (Mt Baker),Early season,big_storm_days_per_window,El Nino,very strong,2,3.0844445073191604,3.377077733703417,-0.2926332263842566,-8.665279554087881
North Cascades (Mt Baker),Early season,big_storm_days_per_window,El Nino,weak,4,3.5373031595754996,3.377077733703417,0.16022542587208255,4.744499194466986
North Cascades (Mt Baker),Early season,big_storm_days_per_window,La Nina,moderate,3,3.2322090535081873,3.377077733703417,-0.1448686801952297,-4.289764453729699
North Cascades (Mt Baker),Early season,big_storm_days_per_window,La Nina,strong,4,3.4172902430096146,3.377077733703417,0.040212509306197575,1.1907487027874595
North Cascades (Mt Baker),Early season,big_storm_days_per_window,La Nina,weak,6,2.1277325264408287,3.377077733703417,-1.2493452072625884,-36.99486081691446
North Cascades (Mt Baker),Early season,big_storm_days_per_window,Neutral,neutral,8,4.3441352819568655,3.377077733703417,0.9670575482534485,28.635927997811905
North Cascades (Mt Baker),Holidays,big_storm_days_per_window,El Nino,moderate,2,2.518913574655577,2.2683950005983804,0.25051857405719646,11.043869078847031
North Cascades (Mt Baker),Holidays,big_storm_days_per_window,El Nino,strong,2,1.0834683987568605,2.2683950005983804,-1.1849266018415199,-52.23634338503426
North Cascades (Mt Baker),Holidays,big_storm_days_per_window,El Nino,very strong,2,1.7816096824092482,2.2683950005983804,-0.4867853181891322,-21.459460017356896
North Cascades (Mt Baker),Holidays,big_storm_days_per_window,El Nino,weak,4,2.4433917205934987,2.2683950005983804,0.17499671999511834,7.714561174264443
North Cascades (Mt Baker),Holidays,big_storm_days_per_window,La Nina,moderate,3,2.678476423392114,2.2683950005983804,0.4100814227937337,18.078042963661897
North Cascades (Mt Baker),Holidays,big_storm_days_per_window,La Nina,strong,4,2.811669864021714,2.2683950005983804,0.5432748634233335,23.94974699203723
North Cascades (Mt Baker),Holidays,big_storm_days_per_window,La Nina,weak,6,2.4381298913784986,2.2683950005983804,0.16973489078011816,7.482598521657108
North Cascades (Mt Baker),Holidays,big_storm_days_per_window,Neutral,neutral,8,1.9834758437497788,2.2683950005983804,-0.2849191568486016,-12.560385504880884
North Cascades (Mt Baker),Midwinter,big_storm_days_per_window,El Nino,moderate,2,2.0646588207608767,4.628869411725128,-2.564210590964251,-55.396045186952
North Cascades (Mt Baker),Midwinter,big_storm_days_per_window,El Nino,strong,2,3.4041531260256566,4.628869411725128,-1.224716285699471,-26.45821639723107
North Cascades (Mt Baker),Midwinter,big_storm_days_per_window,El Nino,very strong,2,3.574152108953659,4.628869411725128,-1.0547173027714685,-22.785635302214914
North Cascades (Mt Baker),Midwinter,big_storm_days_per_window,El Nino,weak,4,3.3445084862935714,4.628869411725128,-1.2843609254315562,-27.746752202129834
North Cascades (Mt Baker),Midwinter,big_storm_days_per_window,La Nina,moderate,3,5.312520749246335,4.628869411725128,0.6836513375212077,14.769294112931531
North Cascades (Mt Baker),Midwinter,big_storm_days_per_window,La Nina,strong,4,6.539180139401582,4.628869411725128,1.9103107276764542,41.2694884594833
North Cascades (Mt Baker),Midwinter,big_storm_days_per_window,La Nina,weak,6,5.51034117226279,4.628869411725128,0.8814717605376625,19.042917009169805
North Cascades (Mt Baker),Midwinter,big_storm_days_per_window,Neutral,neutral,8,4.609332483487777,4.628869411725128,-0.019536928237350537,-0.42206695630390106
North Cascades (Mt Baker),Spring,big_storm_days_per_window,El Nino,moderate,2,1.9812071802742397,3.1908044566402016,-1.209597276365962,-37.90885003462804
North Cascades (Mt Baker),Spring,big_storm_days_per_window,El Nino,strong,2,3.1447124754076192,3.1908044566402016,-0.0460919812325824,-1.444525412287895
North Cascades (Mt Baker),Spring,big_storm_days_per_window,El Nino,very strong,2,1.4701296820697642,3.1908044566402016,-1.7206747745704374,-53.92604899337027
North Cascades (Mt Baker),Spring,big_storm_days_per_window,El Nino,weak,4,2.5216801346162914,3.1908044566402016,-0.6691243220239103,-20.97039574554416
North Cascades (Mt Baker),Spring,big_storm_days_per_window,La Nina,moderate,3,3.13363342292358,3.1908044566402016,-0.0571710337166218,-1.791743571049815
North Cascades (Mt Baker),Spring,big_storm_days_per_window,La Nina,strong,4,3.830346346332446,3.1908044566402016,0.6395418896922442,20.043280570243972
North Cascades (Mt Baker),Spring,big_storm_days_per_window,La Nina,weak,6,3.379712534330659,3.1908044566402016,0.18890807769045725,5.920390304624635
North Cascades (Mt Baker),Spring,big_storm_days_per_window,Neutral,neutral,8,3.8294447602241704,3.1908044566402016,0.6386403035839687,20.015024808396852
Park Range (Steamboat),Early season,big_storm_days_per_window,El Nino,moderate,4,1.1494909581605859,1.6742708789009026,-0.5247799207403168,-31.34378835310183
Park Range (Steamboat),Early season,big_storm_days_per_window,El Nino,strong,3,1.5935189011442719,1.6742708789009026,-0.08075197775663079,-4.823113080103352
Park Range (Steamboat),Early season,big_storm_days_per_window,El Nino,very strong,3,1.0661420299405266,1.6742708789009026,-0.608128848960376,-36.32201077041908
Park Range (Steamboat),Early season,big_storm_days_per_window,El Nino,weak,6,1.6574637002962687,1.6742708789009026,-0.016807178604633988,-1.0038506203767508
Park Range (Steamboat),Early season,big_storm_days_per_window,La Nina,moderate,4,2.2254980726821505,1.6742708789009026,0.5512271937812478,32.923417633776694
Park Range (Steamboat),Early season,big_storm_days_per_window,La Nina,strong,5,1.2985227383653952,1.6742708789009026,-0.3757481405355074,-22.44249393993953
Park Range (Steamboat),Early season,big_storm_days_per_window,La Nina,weak,7,2.044226169095538,1.6742708789009026,0.36995529019463547,22.096501519365702
Park Range (Steamboat),Early season,big_storm_days_per_window,Neutral,neutral,15,1.764320887629581,1.6742708789009026,0.09005000872867841,5.378461147684354
Park Range (Steamboat),Holidays,big_storm_days_per_window,El Nino,moderate,4,0.7128814948974154,0.8548158538684051,-0.14193435897098972,-16.604085936014922
Park Range (Steamboat),Holidays,big_storm_days_per_window,El Nino,strong,3,0.04587300001427286,0.8548158538684051,-0.8089428538541322,-94.63358104477379
Park Range (Steamboat),Holidays,big_storm_days_per_window,El Nino,very strong,3,0.42350396595136025,0.8548158538684051,-0.43131188791704483,-50.45670198618512
Park Range (Steamboat),Holidays,big_storm_days_per_window,El Nino,weak,6,0.5339689771633477,0.8548158538684051,-0.3208468767050574,-37.53403440671917
Park Range (Steamboat),Holidays,big_storm_days_per_window,La Nina,moderate,4,0.7063167862565691,0.8548158538684051,-0.14849906761183596,-17.37205351770379
Park Range (Steamboat),Holidays,big_storm_days_per_window,La Nina,strong,5,0.9945724364332691,0.8548158538684051,0.139756582564864,16.34932037495632
Park Range (Steamboat),Holidays,big_storm_days_per_window,La Nina,weak,7,1.4845427877660635,0.8548158538684051,0.6297269338976584,73.66813928963488
Park Range (Steamboat),Holidays,big_storm_days_per_window,Neutral,neutral,15,0.9681963699862213,0.8548158538684051,0.11338051611781619,13.263735763056003
Park Range (Steamboat),Midwinter,big_storm_days_per_window,El Nino,moderate,4,1.9555812696959656,2.1023729854625612,-0.14679171576659567,-6.982191874687676
Park Range (Steamboat),Midwinter,big_storm_days_per_window,El Nino,strong,3,1.8649250029852802,2.1023729854625612,-0.23744798247728105,-11.294284321534796
Park Range (Steamboat),Midwinter,big_storm_days_per_window,El Nino,very strong,3,1.7624891529093691,2.1023729854625612,-0.3398838325531921,-16.16667617513223
Park Range (Steamboat),Midwinter,big_storm_days_per_window,El Nino,weak,6,3.1612830724158525,2.1023729854625612,1.0589100869532913,50.36737506976248
Park Range (Steamboat),Midwinter,big_storm_days_per_window,La Nina,moderate,4,2.5045380814273677,2.1023729854625612,0.40216509596480643,19.129103101385343
Park Range (Steamboat),Midwinter,big_storm_days_per_window,La Nina,strong,5,2.6629446967926746,2.1023729854625612,0.5605717113301134,26.66376115020224
Park Range (Steamboat),Midwinter,big_storm_days_per_window,La Nina,weak,7,1.422736986313939,2.1023729854625612,-0.6796359991486223,-32.3270896195943
Park Range (Steamboat),Midwinter,big_storm_days_per_window,Neutral,neutral,15,1.8564819747938002,2.1023729854625612,-0.24589101066876107,-11.69587948328115
Park Range (Steamboat),Spring,big_storm_days_per_window,El Nino,moderate,4,1.515309187950814,1.2682935480496518,0.24701563990116226,19.4762198610106
Park Range (Steamboat),Spring,big_storm_days_per_window,El Nino,strong,3,1.0154920139914223,1.2682935480496518,-0.25280153405822947,-19.93241505067821
Park Range (Steamboat),Spring,big_storm_days_per_window,El Nino,very strong,3,1.2853696956741107,1.2682935480496518,0.01707614762445897,1.3463876443050757
Park Range (Steamboat),Spring,big_storm_days_per_window,El Nino,weak,6,0.9992577237924083,1.2682935480496518,-0.2690358242572435,-21.212425520177064
Park Range (Steamboat),Spring,big_storm_days_per_window,La Nina,moderate,4,0.9506062797028199,1.2682935480496518,-0.3176872683468319,-25.048402149121
Park Range (Steamboat),Spring,big_storm_days_per_window,La Nina,strong,5,1.4500314314766214,1.2682935480496518,0.18173788342696962,14.329323342095474
Park Range (Steamboat),Spring,big_storm_days_per_window,La Nina,weak,7,1.2978927215692297,1.2682935480496518,0.02959917351957797,2.3337793971352134
Park Range (Steamboat),Spring,big_storm_days_per_window,Neutral,neutral,15,1.3675064805066888,1.2682935480496518,0.099212932457037,7.822552800146624
Ruby Mtns & NE Nevada,Early season,big_storm_days_per_window,El Nino,moderate,4,0.9439438584773261,1.0082458515094168,-0.06430199303209072,-6.377610474253476
Ruby Mtns & NE Nevada,Early season,big_storm_days_per_window,El Nino,strong,3,0.9981437160093778,1.0082458515094168,-0.010102135500039022,-1.0019516058425033
Ruby Mtns & NE Nevada,Early season,big_storm_days_per_window,El Nino,very strong,3,1.5079645944000746,1.0082458515094168,0.49971874289065776,49.563183636465524
Ruby Mtns & NE Nevada,Early season,big_storm_days_per_window,El Nino,weak,5,0.9879852403665106,1.0082458515094168,-0.020260611142906226,-2.009491148669209
Ruby Mtns & NE Nevada,Early season,big_storm_days_per_window,La Nina,moderate,4,0.8295735392684539,1.0082458515094168,-0.17867231224096292,-17.721105618582765
Ruby Mtns & NE Nevada,Early season,big_storm_days_per_window,La Nina,strong,5,0.580767959817593,1.0082458515094168,-0.4274778916918238,-42.39818007203883
Ruby Mtns & NE Nevada,Early season,big_storm_days_per_window,La Nina,weak,7,1.5049964002204306,1.0082458515094168,0.49675054871101376,49.26879173044375
Ruby Mtns & NE Nevada,Early season,big_storm_days_per_window,Neutral,neutral,15,0.8925449229838777,1.0082458515094168,-0.11570092852553915,-11.475467848672674
Ruby Mtns & NE Nevada,Holidays,big_storm_days_per_window,El Nino,moderate,4,0.49708624235790533,0.646080974916773,-0.14899473255886764,-23.061309393619105
Ruby Mtns & NE Nevada,Holidays,big_storm_days_per_window,El Nino,strong,3,0.10628657869421865,0.646080974916773,-0.5397943962225543,-83.54903134117046
Ruby Mtns & NE Nevada,Holidays,big_storm_days_per_window,El Nino,very strong,3,0.5454198863386998,0.646080974916773,-0.10066108857807321,-15.580258897275254
Ruby Mtns & NE Nevada,Holidays,big_storm_days_per_window,El Nino,weak,5,0.38019943649905524,0.646080974916773,-0.2658815384177177,-41.152974432031236
Ruby Mtns & NE Nevada,Holidays,big_storm_days_per_window,La Nina,moderate,4,0.333113035049457,0.646080974916773,-0.31296793986731597,-48.440977527256855
Ruby Mtns & NE Nevada,Holidays,big_storm_days_per_window,La Nina,strong,5,0.7715903333113034,0.646080974916773,0.12550935839453048,19.42625820404298
Ruby Mtns & NE Nevada,Holidays,big_storm_days_per_window,La Nina,weak,7,0.9598150460007995,0.646080974916773,0.3137340710840265,48.55955882688563
Ruby Mtns & NE Nevada,Holidays,big_storm_days_per_window,Neutral,neutral,15,0.7977436113590639,0.646080974916773,0.15166263644229094,23.474245850038823
Ruby Mtns & NE Nevada,Midwinter,big_storm_days_per_window,El Nino,moderate,4,0.7299063007597892,1.3193324631199388,-0.5894261623601496,-44.67609028328484
Ruby Mtns & NE Nevada,Midwinter,big_storm_days_per_window,El Nino,strong,3,1.3245575836617896,1.3193324631199388,0.0052251205418507585,0.39604274797380995
Ruby Mtns & NE Nevada,Midwinter,big_storm_days_per_window,El Nino,very strong,3,1.9347988815808002,1.3193324631199388,0.6154664184608614,46.64983509959386
Ruby Mtns & NE Nevada,Midwinter,big_storm_days_per_window,El Nino,weak,5,0.97324191248348,1.3193324631199388,-0.34609055063645877,-26.232247012101006
Ruby Mtns & NE Nevada,Midwinter,big_storm_days_per_window,La Nina,moderate,4,1.3825834962526338,1.3193324631199388,0.06325103313269498,4.794169392536573
Ruby Mtns & NE Nevada,Midwinter,big_storm_days_per_window,La Nina,strong,5,1.347749653030203,1.3193324631199388,0.028417189910264318,2.1539066690638196
Ruby Mtns & NE Nevada,Midwinter,big_storm_days_per_window,La Nina,weak,7,1.375502253032631,1.3193324631199388,0.05616978991269228,4.257440143621022
Ruby Mtns & NE Nevada,Midwinter,big_storm_days_per_window,Neutral,neutral,15,1.4151860747295262,1.3193324631199388,0.09585361160958739,7.265311382008605
Ruby Mtns & NE Nevada,Spring,big_storm_days_per_window,El Nino,moderate,4,0.7838060526335074,1.169121048362849,-0.38531499572934147,-32.95766475754655
Ruby Mtns & NE Nevada,Spring,big_storm_days_per_window,El Nino,strong,3,1.480014617056952,1.169121048362849,0.310893568694103,26.592076939291744
Ruby Mtns & NE Nevada,Spring,big_storm_days_per_window,El Nino,very strong,3,1.7937681957942413,1.169121048362849,0.6246471474313924,53.42878295674364
Ruby Mtns & NE Nevada,Spring,big_storm_days_per_window,El Nino,weak,5,1.0692682318806352,1.169121048362849,-0.09985281648221367,-8.54084498966469
Ruby Mtns & NE Nevada,Spring,big_storm_days_per_window,La Nina,moderate,4,1.1887918456857145,1.169121048362849,0.019670797322865585,1.682528712523919
Ruby Mtns & NE Nevada,Spring,big_storm_days_per_window,La Nina,strong,5,1.0035512083360871,1.169121048362849,-0.16556984002676178,-14.161907379788738
Ruby Mtns & NE Nevada,Spring,big_storm_days_per_window,La Nina,weak,7,1.8858492598351797,1.169121048362849,0.7167282114723308,61.304876212431914
Ruby Mtns & NE Nevada,Spring,big_storm_days_per_window,Neutral,neutral,15,0.8335190781953804,1.169121048362849,-0.3356019701674685,-28.705493809851493
S San Juans (Wolf Creek),Early season,big_storm_days_per_window,El Nino,moderate,4,1.0244407106648643,1.8052774806166985,-0.7808367699518342,-43.25300560914843
S San Juans (Wolf Creek),Early season,big_storm_days_per_window,El Nino,strong,3,2.406737748361719,1.8052774806166985,0.6014602677450205,33.31677673947145
S San Juans (Wolf Creek),Early season,big_storm_days_per_window,El Nino,very strong,3,3.0710621442364285,1.8052774806166985,1.26578466361973,70.1157953395246
S San Juans (Wolf Creek),Early season,big_storm_days_per_window,El Nino,weak,5,1.9423213472312615,1.8052774806166985,0.13704386661456303,7.591290983574871
S San Juans (Wolf Creek),Early season,big_storm_days_per_window,La Nina,moderate,4,1.5983079882690145,1.8052774806166985,-0.20696949234768391,-11.464691415581239
S San Juans (Wolf Creek),Early season,big_storm_days_per_window,La Nina,strong,5,1.8682601130584957,1.8052774806166985,0.06298263244179725,3.488806187306
S San Juans (Wolf Creek),Early season,big_storm_days_per_window,La Nina,weak,7,1.342912292127999,1.8052774806166985,-0.46236518848869945,-25.61186263348012
S San Juans (Wolf Creek),Early season,big_storm_days_per_window,Neutral,neutral,15,1.8443384192328935,1.8052774806166985,0.039060938616195084,2.1637082961258414
S San Juans (Wolf Creek),Holidays,big_storm_days_per_window,El Nino,moderate,4,0.46228404958425684,1.0297221812243254,-0.5674381316400685,-55.10594430095625
S San Juans (Wolf Creek),Holidays,big_storm_days_per_window,El Nino,strong,3,0.18998728008304622,1.0297221812243254,-0.8397349011412791,-81.5496564464452
S San Juans (Wolf Creek),Holidays,big_storm_days_per_window,El Nino,very strong,3,0.7012549511025808,1.0297221812243254,-0.3284672301217445,-31.89862626161957
S San Juans (Wolf Creek),Holidays,big_storm_days_per_window,El Nino,weak,5,0.9944477245295864,1.0297221812243254,-0.03527445669473894,-3.425628517858876
S San Juans (Wolf Creek),Holidays,big_storm_days_per_window,La Nina,moderate,4,0.7009863342994105,1.0297221812243254,-0.32873584692491487,-31.92471259908692
S San Juans (Wolf Creek),Holidays,big_storm_days_per_window,La Nina,strong,5,1.6856845895164891,1.0297221812243254,0.6559624082921638,63.70285308530828
S San Juans (Wolf Creek),Holidays,big_storm_days_per_window,La Nina,weak,7,1.6673965723527198,1.0297221812243254,0.6376743911283944,61.92683839928634
S San Juans (Wolf Creek),Holidays,big_storm_days_per_window,Neutral,neutral,15,0.9978649687018667,1.0297221812243254,-0.031857212522458656,-3.0937677271922874
S San Juans (Wolf Creek),Midwinter,big_storm_days_per_window,El Nino,moderate,4,2.950948794355799,2.236012711739664,0.7149360826161346,31.973703855194074
S San Juans (Wolf Creek),Midwinter,big_storm_days_per_window,El Nino,strong,3,2.75543805063405,2.236012711739664,0.5194253388943859,23.229981482988183
S San Juans (Wolf Creek),Midwinter,big_storm_days_per_window,El Nino,very strong,3,0.910604644960692,2.236012711739664,-1.325408066778972,-59.27551573478207
S San Juans (Wolf Creek),Midwinter,big_storm_days_per_window,El Nino,weak,5,2.325645901755937,2.236012711739664,0.08963319001627301,4.008617193707121
S San Juans (Wolf Creek),Midwinter,big_storm_days_per_window,La Nina,moderate,4,2.1023966805279475,2.236012711739664,-0.13361603121171672,-5.975638264943525
S San Juans (Wolf Creek),Midwinter,big_storm_days_per_window,La Nina,strong,5,3.034093833962769,2.236012711739664,0.7980811222231048,35.69215497000378
S San Juans (Wolf Creek),Midwinter,big_storm_days_per_window,La Nina,weak,7,2.178315616296518,2.236012711739664,-0.057697095443146384,-2.580356325356346
S San Juans (Wolf Creek),Midwinter,big_storm_days_per_window,Neutral,neutral,15,1.973211117402413,2.236012711739664,-0.26280159433725125,-11.753135076445346
S San Juans (Wolf Creek),Spring,big_storm_days_per_window,El Nino,moderate,4,2.0420174537586506,1.6707440800291626,0.371273373729488,22.222037364514108
S San Juans (Wolf Creek),Spring,big_storm_days_per_window,El Nino,strong,3,1.2519883684813475,1.6707440800291626,-0.4187557115478151,-25.064024858942236
S San Juans (Wolf Creek),Spring,big_storm_days_per_window,El Nino,very strong,3,2.3210051934297122,1.6707440800291626,0.6502611134005496,38.920449946421435
S San Juans (Wolf Creek),Spring,big_storm_days_per_window,El Nino,weak,5,1.5240660988517114,1.6707440800291626,-0.14667798117745123,-8.779201011736697
S San Juans (Wolf Creek),Spring,big_storm_days_per_window,La Nina,moderate,4,1.7719446916284531,1.6707440800291626,0.1012006115992905,6.057218026923912
S San Juans (Wolf Creek),Spring,big_storm_days_per_window,La Nina,strong,5,1.5479689230879323,1.6707440800291626,-0.12277515694123031,-7.348531615870654
S San Juans (Wolf Creek),Spring,big_storm_days_per_window,La Nina,weak,7,2.0296558163109273,1.6707440800291626,0.35891173628176465,21.48214921554592
S San Juans (Wolf Creek),Spring,big_storm_days_per_window,Neutral,neutral,15,1.4207755060123453,1.6707440800291626,-0.24996857401681738,-14.961511879931617
S Sangre de Cristo (Santa Fe),Early season,big_storm_days_per_window,El Nino,moderate,4,0.6422251070928049,0.8935817169316181,-0.25135660983881325,-28.129112880903815
S Sangre de Cristo (Santa Fe),Early season,big_storm_days_per_window,El Nino,strong,3,1.3484535471582273,0.8935817169316181,0.45487183022660915,50.904334948632176
S Sangre de Cristo (Santa Fe),Early season,big_storm_days_per_window,El Nino,very strong,3,0.8282080324398226,0.8935817169316181,-0.06537368449179559,-7.31591562954934
S Sangre de Cristo (Santa Fe),Early season,big_storm_days_per_window,El Nino,weak,5,1.5457798506890674,0.8935817169316181,0.6521981337574493,72.98696038645106
S Sangre de Cristo (Santa Fe),Early season,big_storm_days_per_window,La Nina,moderate,4,0.5402251293478562,0.8935817169316181,-0.353356587583762,-39.54384706942284
S Sangre de Cristo (Santa Fe),Early season,big_storm_days_per_window,La Nina,strong,5,0.8231222875333382,0.8935817169316181,-0.07045942939827998,-7.885057187631776
S Sangre de Cristo (Santa Fe),Early season,big_storm_days_per_window,La Nina,weak,7,0.3464144791711279,0.8935817169316181,-0.5471672377604903,-61.23303861222158
S Sangre de Cristo (Santa Fe),Early season,big_storm_days_per_window,Neutral,neutral,15,1.0383707499325139,0.8935817169316181,0.14478903300089574,16.203222409034115
S Sangre de Cristo (Santa Fe),Holidays,big_storm_days_per_window,El Nino,moderate,4,0.2735187528334113,0.4897167812132736,-0.2161980283798623,-44.14756379069378
S Sangre de Cristo (Santa Fe),Holidays,big_storm_days_per_window,El Nino,strong,3,0.3380993136607824,0.4897167812132736,-0.15161746755249123,-30.960235256153336
S Sangre de Cristo (Santa Fe),Holidays,big_storm_days_per_window,El Nino,very strong,3,0.25591357292957595,0.4897167812132736,-0.23380320828369766,-47.74253553338525
S Sangre de Cristo (Santa Fe),Holidays,big_storm_days_per_window,El Nino,weak,5,0.8205822574938535,0.4897167812132736,0.3308654762805799,67.5626176135644
S Sangre de Cristo (Santa Fe),Holidays,big_storm_days_per_window,La Nina,moderate,4,0.21728883533356577,0.4897167812132736,-0.27242794587970787,-55.62969380072446
S Sangre de Cristo (Santa Fe),Holidays,big_storm_days_per_window,La Nina,strong,5,0.2472637479978644,0.4897167812132736,-0.2424530332154092,-49.50882683961364
S Sangre de Cristo (Santa Fe),Holidays,big_storm_days_per_window,La Nina,weak,7,0.8975399289163858,0.4897167812132736,0.4078231477031122,83.27734791785777
S Sangre de Cristo (Santa Fe),Holidays,big_storm_days_per_window,Neutral,neutral,15,0.47731289289988715,0.4897167812132736,-0.012403888313386457,-2.5328697706980385
S Sangre de Cristo (Santa Fe),Midwinter,big_storm_days_per_window,El Nino,moderate,4,1.4165722997333432,0.9540988137989708,0.46247348593437243,48.472283923394116
S Sangre de Cristo (Santa Fe),Midwinter,big_storm_days_per_window,El Nino,strong,3,1.59587540547641,0.9540988137989708,0.6417765916774392,67.26521219768144
S Sangre de Cristo (Santa Fe),Midwinter,big_storm_days_per_window,El Nino,very strong,3,0.4015593056675397,0.9540988137989708,-0.552539508131431,-57.91218898295911
S Sangre de Cristo (Santa Fe),Midwinter,big_storm_days_per_window,El Nino,weak,5,1.183517484997368,0.9540988137989708,0.2294186711983972,24.045588138288565
S Sangre de Cristo (Santa Fe),Midwinter,big_storm_days_per_window,La Nina,moderate,4,0.8526263288948928,0.9540988137989708,-0.10147248490407801,-10.635427215346935
S Sangre de Cristo (Santa Fe),Midwinter,big_storm_days_per_window,La Nina,strong,5,1.4736623642494964,0.9540988137989708,0.5195635504505256,54.455947637306046
S Sangre de Cristo (Santa Fe),Midwinter,big_storm_days_per_window,La Nina,weak,7,0.4563183111973131,0.9540988137989708,-0.4977805026016577,-52.17284576841958
S Sangre de Cristo (Santa Fe),Midwinter,big_storm_days_per_window,Neutral,neutral,15,0.8226212908128231,0.9540988137989708,-0.13147752298614768,-13.780283665026133
S Sangre de Cristo (Santa Fe),Spring,big_storm_days_per_window,El Nino,moderate,4,0.8870675943815985,0.8923731862715798,-0.005305591889981254,-0.5945485556495173
S Sangre de Cristo (Santa Fe),Spring,big_storm_days_per_window,El Nino,strong,3,1.799308840918983,0.8923731862715798,0.9069356546474032,101.63188098878976
S Sangre de Cristo (Santa Fe),Spring,big_storm_days_per_window,El Nino,very strong,3,0.9129365326210713,0.8923731862715798,0.02056334634949153,2.3043438177929962
S Sangre de Cristo (Santa Fe),Spring,big_storm_days_per_window,El Nino,weak,5,0.6564180137942502,0.8923731862715798,-0.23595517247732956,-26.441311337824118
S Sangre de Cristo (Santa Fe),Spring,big_storm_days_per_window,La Nina,moderate,4,0.770964567729453,0.8923731862715798,-0.12140861854212681,-13.605139689302362
S Sangre de Cristo (Santa Fe),Spring,big_storm_days_per_window,La Nina,strong,5,0.9106734096353474,0.8923731862715798,0.018300223363767576,2.050736580312061
S Sangre de Cristo (Santa Fe),Spring,big_storm_days_per_window,La Nina,weak,7,0.6968184307907649,0.8923731862715798,-0.1955547554808149,-21.91401069521837
S Sangre de Cristo (Santa Fe),Spring,big_storm_days_per_window,Neutral,neutral,15,0.9044743777829978,0.8923731862715798,0.012101191511417975,1.3560684809432595
S Sierra (Mammoth/June),Early season,big_storm_days_per_window,El Nino,moderate,4,1.3691785541576103,1.7623943745667205,-0.3932158204091103,-22.311454580407478
S Sierra (Mammoth/June),Early season,big_storm_days_per_window,El Nino,strong,3,1.2492640273483597,1.7623943745667205,-0.5131303472183608,-29.115523439213906
S Sierra (Mammoth/June),Early season,big_storm_days_per_window,El Nino,very strong,3,2.4622012678699394,1.7623943745667205,0.6998068933032189,39.707735306137955
S Sierra (Mammoth/June),Early season,big_storm_days_per_window,El Nino,weak,6,1.544135223043422,1.7623943745667205,-0.21825915152329856,-12.384240137906529
S Sierra (Mammoth/June),Early season,big_storm_days_per_window,La Nina,moderate,4,1.4469766235922124,1.7623943745667205,-0.3154177509745082,-17.897115170493706
S Sierra (Mammoth/June),Early season,big_storm_days_per_window,La Nina,strong,5,1.6215421117114606,1.7623943745667205,-0.14085226285525998,-7.9920967116050905
S Sierra (Mammoth/June),Early season,big_storm_days_per_window,La Nina,weak,7,2.2772965404745165,1.7623943745667205,0.5149021659077959,29.216058184161138
S Sierra (Mammoth/June),Early season,big_storm_days_per_window,Neutral,neutral,16,1.8051447314005586,1.7623943745667205,0.0427503568338381,2.425697531198041
S Sierra (Mammoth/June),Holidays,big_storm_days_per_window,El Nino,moderate,4,1.2953587578822778,1.5107881195747008,-0.215429361692423,-14.259402685339365
S Sierra (Mammoth/June),Holidays,big_storm_days_per_window,El Nino,strong,3,0.2603646389859101,1.5107881195747008,-1.2504234805887906,-82.76630351983407
S Sierra (Mammoth/June),Holidays,big_storm_days_per_window,El Nino,very strong,3,1.7141514767564487,1.5107881195747008,0.20336335718174792,13.460746384410035
S Sierra (Mammoth/June),Holidays,big_storm_days_per_window,El Nino,weak,6,1.3054623470956106,1.5107881195747008,-0.20532577247909023,-13.590639866620815
S Sierra (Mammoth/June),Holidays,big_storm_days_per_window,La Nina,moderate,4,0.043321630685390904,1.5107881195747008,-1.4674664888893099,-97.13251447214277
S Sierra (Mammoth/June),Holidays,big_storm_days_per_window,La Nina,strong,5,2.2242058541817094,1.5107881195747008,0.7134177346070085,47.221561075542574
S Sierra (Mammoth/June),Holidays,big_storm_days_per_window,La Nina,weak,7,2.3983968104938933,1.5107881195747008,0.8876086909191925,58.75136820436882
S Sierra (Mammoth/June),Holidays,big_storm_days_per_window,Neutral,neutral,16,1.5935611756967765,1.5107881195747008,0.08277305612207564,5.478799776726926
S Sierra (Mammoth/June),Midwinter,big_storm_days_per_window,El Nino,moderate,4,3.4493555296328258,4.253471104865412,-0.8041155752325859,-18.904926245126795
S Sierra (Mammoth/June),Midwinter,big_storm_days_per_window,El Nino,strong,3,3.6728901865911507,4.253471104865412,-0.580580918274261,-13.649579460176719
S Sierra (Mammoth/June),Midwinter,big_storm_days_per_window,El Nino,very strong,3,8.679790952950048,4.253471104865412,4.426319848084637,104.0637102958454
S Sierra (Mammoth/June),Midwinter,big_storm_days_per_window,El Nino,weak,6,4.047325229249936,4.253471104865412,-0.20614587561547548,-4.846532879456303
S Sierra (Mammoth/June),Midwinter,big_storm_days_per_window,La Nina,moderate,4,3.3068443029775803,4.253471104865412,-0.9466268018878314,-22.255395147859705
S Sierra (Mammoth/June),Midwinter,big_storm_days_per_window,La Nina,strong,5,5.483171625143691,4.253471104865412,1.2297005202782794,28.91051778561899
S Sierra (Mammoth/June),Midwinter,big_storm_days_per_window,La Nina,weak,7,3.2518020138993955,4.253471104865412,-1.0016690909660162,-23.549450937147274
S Sierra (Mammoth/June),Midwinter,big_storm_days_per_window,Neutral,neutral,16,4.101334167872544,4.253471104865412,-0.1521369369928678,-3.576771376649136
S Sierra (Mammoth/June),Spring,big_storm_days_per_window,El Nino,moderate,4,1.603406513388918,2.3727236739898854,-0.7693171606009674,-32.423377784540406
S Sierra (Mammoth/June),Spring,big_storm_days_per_window,El Nino,strong,3,2.1024023630057975,2.3727236739898854,-0.27032131098408785,-11.392869466739269
S Sierra (Mammoth/June),Spring,big_storm_days_per_window,El Nino,very strong,3,1.9077361673764364,2.3727236739898854,-0.464987506613449,-19.597204331490612
S Sierra (Mammoth/June),Spring,big_storm_days_per_window,El Nino,weak,6,2.604048545106675,2.3727236739898854,0.23132487111678968,9.749338856968635
S Sierra (Mammoth/June),Spring,big_storm_days_per_window,La Nina,moderate,4,2.381071736093834,2.3727236739898854,0.00834806210394845,0.35183456866305274
S Sierra (Mammoth/June),Spring,big_storm_days_per_window,La Nina,strong,5,2.407645188231821,2.3727236739898854,0.03492151424193546,1.4717901888344511
S Sierra (Mammoth/June),Spring,big_storm_days_per_window,La Nina,weak,7,3.9707875800897248,2.3727236739898854,1.5980639060998394,67.3514545169347
S Sierra (Mammoth/June),Spring,big_storm_days_per_window,Neutral,neutral,16,1.9040235931255989,2.3727236739898854,-0.4687000808642865,-19.753673215395434
S Washington Cascades (Crystal/White Pass),Early season,big_storm_days_per_window,El Nino,moderate,4,2.4932739122772754,2.834062430567757,-0.3407885182904815,-12.024735750870887
S Washington Cascades (Crystal/White Pass),Early season,big_storm_days_per_window,El Nino,strong,3,3.009374322645749,2.834062430567757,0.17531189207799214,6.185886739371206
S Washington Cascades (Crystal/White Pass),Early season,big_storm_days_per_window,El Nino,very strong,3,2.0682540686796655,2.834062430567757,-0.7658083618880913,-27.02157699944085
S Washington Cascades (Crystal/White Pass),Early season,big_storm_days_per_window,El Nino,weak,5,2.6938460243348805,2.834062430567757,-0.14021640623287634,-4.9475411945948675
S Washington Cascades (Crystal/White Pass),Early season,big_storm_days_per_window,La Nina,moderate,4,3.2994034883085495,2.834062430567757,0.4653410577407926,16.4195768138943
S Washington Cascades (Crystal/White Pass),Early season,big_storm_days_per_window,La Nina,strong,5,3.429874932893064,2.834062430567757,0.5958125023253071,21.023266668333278
S Washington Cascades (Crystal/White Pass),Early season,big_storm_days_per_window,La Nina,weak,7,2.412321494655142,2.834062430567757,-0.42174093591261475,-14.881144866950796
S Washington Cascades (Crystal/White Pass),Early season,big_storm_days_per_window,Neutral,neutral,14,2.9731685250359865,2.834062430567757,0.13910609446822964,4.908363802005662
S Washington Cascades (Crystal/White Pass),Holidays,big_storm_days_per_window,El Nino,moderate,4,1.3245687174001537,1.6643239868271917,-0.33975526942703804,-20.414010259789347
S Washington Cascades (Crystal/White Pass),Holidays,big_storm_days_per_window,El Nino,strong,3,0.5303284117069919,1.6643239868271917,-1.1339955751202,-68.1355063134077
S Washington Cascades (Crystal/White Pass),Holidays,big_storm_days_per_window,El Nino,very strong,3,2.360202181130582,1.6643239868271917,0.6958781943033905,41.81146217990813
S Washington Cascades (Crystal/White Pass),Holidays,big_storm_days_per_window,El Nino,weak,5,1.5147619422025322,1.6643239868271917,-0.1495620446246595,-8.986353967641797
S Washington Cascades (Crystal/White Pass),Holidays,big_storm_days_per_window,La Nina,moderate,4,1.7116045414379064,1.6643239868271917,0.047280554610714676,2.840826364634007
S Washington Cascades (Crystal/White Pass),Holidays,big_storm_days_per_window,La Nina,strong,5,2.0094836099604914,1.6643239868271917,0.3451596231332996,20.738727907857637
S Washington Cascades (Crystal/White Pass),Holidays,big_storm_days_per_window,La Nina,weak,7,2.2229446669038877,1.6643239868271917,0.558620680076696,33.564419217536525
S Washington Cascades (Crystal/White Pass),Holidays,big_storm_days_per_window,Neutral,neutral,14,1.492603868872597,1.6643239868271917,-0.17172011795459463,-10.317709731622372
S Washington Cascades (Crystal/White Pass),Midwinter,big_storm_days_per_window,El Nino,moderate,4,2.8732723546778174,3.915564817402922,-1.0422924627251047,-26.619211054624458
S Washington Cascades (Crystal/White Pass),Midwinter,big_storm_days_per_window,El Nino,strong,3,3.1345340274414064,3.915564817402922,-0.7810307899615156,-19.946823163038587
S Washington Cascades (Crystal/White Pass),Midwinter,big_storm_days_per_window,El Nino,very strong,3,3.0839512550430404,3.915564817402922,-0.8316135623598817,-21.2386616271485
S Washington Cascades (Crystal/White Pass),Midwinter,big_storm_days_per_window,El Nino,weak,5,3.1142625574691922,3.915564817402922,-0.8013022599337298,-20.464538254412293
S Washington Cascades (Crystal/White Pass),Midwinter,big_storm_days_per_window,La Nina,moderate,4,4.571902766421176,3.915564817402922,0.6563379490182539,16.762280274384104
S Washington Cascades (Crystal/White Pass),Midwinter,big_storm_days_per_window,La Nina,strong,5,5.479719617877718,3.915564817402922,1.564154800474796,39.947105294307285
S Washington Cascades (Crystal/White Pass),Midwinter,big_storm_days_per_window,La Nina,weak,7,3.2155147825933916,3.915564817402922,-0.7000500348095304,-17.87864758867286
S Washington Cascades (Crystal/White Pass),Midwinter,big_storm_days_per_window,Neutral,neutral,14,4.448981864028137,3.915564817402922,0.5334170466252148,13.622991100911324
S Washington Cascades (Crystal/White Pass),Spring,big_storm_days_per_window,El Nino,moderate,4,2.1727924212136447,2.0769498988510717,0.09584252236257296,4.614580371707145
S Washington Cascades (Crystal/White Pass),Spring,big_storm_days_per_window,El Nino,strong,3,1.4560106101632826,2.0769498988510717,-0.6209392886877891,-29.896690769059028
S Washington Cascades (Crystal/White Pass),Spring,big_storm_days_per_window,El Nino,very strong,3,1.661228199337934,2.0769498988510717,-0.41572169951313764,-20.015971485066
S Washington Cascades (Crystal/White Pass),Spring,big_storm_days_per_window,El Nino,weak,5,1.1749707261383848,2.0769498988510717,-0.9019791727126869,-43.428065992908365
S Washington Cascades (Crystal/White Pass),Spring,big_storm_days_per_window,La Nina,moderate,4,1.8579818997940467,2.0769498988510717,-0.21896799905702502,-10.542767506243354
S Washington Cascades (Crystal/White Pass),Spring,big_storm_days_per_window,La Nina,strong,5,2.417047752964079,2.0769498988510717,0.3400978541130071,16.374870395339947
S Washington Cascades (Crystal/White Pass),Spring,big_storm_days_per_window,La Nina,weak,7,2.021069451424522,2.0769498988510717,-0.05588044742654974,-2.690505315388769
S Washington Cascades (Crystal/White Pass),Spring,big_storm_days_per_window,Neutral,neutral,14,2.562882370019987,2.0769498988510717,0.48593247116891547,23.39644646400589
San Francisco Peaks (AZ Snowbowl),Early season,big_storm_days_per_window,El Nino,moderate,4,0.14509489051094893,0.605089551668333,-0.4599946611573841,-76.02092283515753
San Francisco Peaks (AZ Snowbowl),Early season,big_storm_days_per_window,El Nino,strong,3,0.7890304709141276,0.605089551668333,0.1839409192457946,30.398958094490105
San Francisco Peaks (AZ Snowbowl),Early season,big_storm_days_per_window,El Nino,very strong,3,1.1383894222063868,0.605089551668333,0.5332998705380538,88.13569314949447
San Francisco Peaks (AZ Snowbowl),Early season,big_storm_days_per_window,El Nino,weak,5,0.673676014854655,0.605089551668333,0.068586463186322,11.334927697432168
San Francisco Peaks (AZ Snowbowl),Early season,big_storm_days_per_window,La Nina,moderate,4,0.5431407075308626,0.605089551668333,-0.06194884413747037,-10.23796295385816
San Francisco Peaks (AZ Snowbowl),Early season,big_storm_days_per_window,La Nina,strong,5,0.6265773488456784,0.605089551668333,0.02148779717734539,3.5511763701918078
San Francisco Peaks (AZ Snowbowl),Early season,big_storm_days_per_window,La Nina,weak,7,0.4507809448973769,0.605089551668333,-0.1543086067709561,-25.501780082882192
San Francisco Peaks (AZ Snowbowl),Early season,big_storm_days_per_window,Neutral,neutral,15,0.6428122581620814,0.605089551668333,0.037722706493748426,6.234235311077612
San Francisco Peaks (AZ Snowbowl),Holidays,big_storm_days_per_window,El Nino,moderate,4,0.09559072444143533,0.48777604128124247,-0.3921853168398071,-80.40274299033898
San Francisco Peaks (AZ Snowbowl),Holidays,big_storm_days_per_window,El Nino,strong,3,0.19330840821184914,0.48777604128124247,-0.29446763306939333,-60.369433540834535
San Francisco Peaks (AZ Snowbowl),Holidays,big_storm_days_per_window,El Nino,very strong,3,0.3735950070506793,0.48777604128124247,-0.1141810342305632,-23.408495819237782
San Francisco Peaks (AZ Snowbowl),Holidays,big_storm_days_per_window,El Nino,weak,5,1.2744624003342973,0.48777604128124247,0.7866863590530548,161.28023774736124
San Francisco Peaks (AZ Snowbowl),Holidays,big_storm_days_per_window,La Nina,moderate,4,0.0,0.48777604128124247,-0.48777604128124247,-100.0
San Francisco Peaks (AZ Snowbowl),Holidays,big_storm_days_per_window,La Nina,strong,5,0.6866397885459472,0.48777604128124247,0.19886374726470474,40.769478292199196
San Francisco Peaks (AZ Snowbowl),Holidays,big_storm_days_per_window,La Nina,weak,7,0.8860251660780317,0.48777604128124247,0.39824912479678926,81.64589711104043
San Francisco Peaks (AZ Snowbowl),Holidays,big_storm_days_per_window,Neutral,neutral,15,0.2897958432290922,0.48777604128124247,-0.19798019805215028,-40.58833999556748
San Francisco Peaks (AZ Snowbowl),Midwinter,big_storm_days_per_window,El Nino,moderate,4,2.1515894579064545,1.6595299375926895,0.492059520313765,29.65053592389815
San Francisco Peaks (AZ Snowbowl),Midwinter,big_storm_days_per_window,El Nino,strong,3,2.8654847645429364,1.6595299375926895,1.205954826950247,72.66845867810028
San Francisco Peaks (AZ Snowbowl),Midwinter,big_storm_days_per_window,El Nino,very strong,3,2.4487937295412476,1.6595299375926895,0.7892637919485581,47.559478986770344
San Francisco Peaks (AZ Snowbowl),Midwinter,big_storm_days_per_window,El Nino,weak,5,1.28834936568069,1.6595299375926895,-0.3711805719119996,-22.366608971841348
San Francisco Peaks (AZ Snowbowl),Midwinter,big_storm_days_per_window,La Nina,moderate,4,0.7064525603732454,1.6595299375926895,-0.9530773772194441,-57.43056245203844
San Francisco Peaks (AZ Snowbowl),Midwinter,big_storm_days_per_window,La Nina,strong,5,1.9737806087502285,1.6595299375926895,0.314250671157539,18.936125467756874
San Francisco Peaks (AZ Snowbowl),Midwinter,big_storm_days_per_window,La Nina,weak,7,1.3886679241503483,1.6595299375926895,-0.2708620134423412,-16.32161055408576
San Francisco Peaks (AZ Snowbowl),Midwinter,big_storm_days_per_window,Neutral,neutral,15,1.528803215512355,1.6595299375926895,-0.13072672208033453,-7.877334365535244
San Francisco Peaks (AZ Snowbowl),Spring,big_storm_days_per_window,El Nino,moderate,4,0.5236637171421653,0.8353681862619422,-0.3117044691197769,-37.31342349947204
San Francisco Peaks (AZ Snowbowl),Spring,big_storm_days_per_window,El Nino,strong,3,1.1569696691216693,0.8353681862619422,0.3216014828597271,38.498172201028034
San Francisco Peaks (AZ Snowbowl),Spring,big_storm_days_per_window,El Nino,very strong,3,1.2453735689382577,0.8353681862619422,0.4100053826763155,49.080799271394824
San Francisco Peaks (AZ Snowbowl),Spring,big_storm_days_per_window,El Nino,weak,5,0.9803221168557201,0.8353681862619422,0.14495393059377792,17.35210090324477
San Francisco Peaks (AZ Snowbowl),Spring,big_storm_days_per_window,La Nina,moderate,4,0.5997550827055167,0.8353681862619422,-0.2356131035564255,-28.204701523376603
San Francisco Peaks (AZ Snowbowl),Spring,big_storm_days_per_window,La Nina,strong,5,1.3650466341658065,0.8353681862619422,0.5296784479038643,63.40658605566955
San Francisco Peaks (AZ Snowbowl),Spring,big_storm_days_per_window,La Nina,weak,7,0.8972048484638412,0.8353681862619422,0.061836662201898984,7.402324294704369
San Francisco Peaks (AZ Snowbowl),Spring,big_storm_days_per_window,Neutral,neutral,15,0.5812635973416204,0.8353681862619422,-0.25410458892032184,-30.418274612225122
San Juans (Telluride/Purgatory),Early season,big_storm_days_per_window,El Nino,moderate,4,1.2181655933832298,1.6129306040789417,-0.3947650106957119,-24.475015211280034
San Juans (Telluride/Purgatory),Early season,big_storm_days_per_window,El Nino,strong,3,2.198839763873069,1.6129306040789417,0.585909159794127,36.32575129471912
San Juans (Telluride/Purgatory),Early season,big_storm_days_per_window,El Nino,very strong,3,2.2930125199780647,1.6129306040789417,0.6800819158991229,42.164363065544364
San Juans (Telluride/Purgatory),Early season,big_storm_days_per_window,El Nino,weak,5,2.084365727479775,1.6129306040789417,0.4714351234008334,29.228481511146274
San Juans (Telluride/Purgatory),Early season,big_storm_days_per_window,La Nina,moderate,4,1.1191923390760048,1.6129306040789417,-0.49373826500293694,-30.611252818585115
San Juans (Telluride/Purgatory),Early season,big_storm_days_per_window,La Nina,strong,5,1.772595442822195,1.6129306040789417,0.15966483874325332,9.899051970337519
San Juans (Telluride/Purgatory),Early season,big_storm_days_per_window,La Nina,weak,7,1.2066240312839238,1.6129306040789417,-0.4063065727950179,-25.19057991506323
San Juans (Telluride/Purgatory),Early season,big_storm_days_per_window,Neutral,neutral,15,1.5759096757162436,1.6129306040789417,-0.0370209283626981,-2.2952585975537847
San Juans (Telluride/Purgatory),Holidays,big_storm_days_per_window,El Nino,moderate,4,0.4903434506008851,1.0087781258984487,-0.5184346752975637,-51.392339106860575
San Juans (Telluride/Purgatory),Holidays,big_storm_days_per_window,El Nino,strong,3,0.05691358310742448,1.0087781258984487,-0.9518645427910243,-94.35816641476684
San Juans (Telluride/Purgatory),Holidays,big_storm_days_per_window,El Nino,very strong,3,0.6619744899735768,1.0087781258984487,-0.34680363592487196,-34.37858405345556
San Juans (Telluride/Purgatory),Holidays,big_storm_days_per_window,El Nino,weak,5,1.134169958554491,1.0087781258984487,0.12539183265604237,12.43007054146466
San Juans (Telluride/Purgatory),Holidays,big_storm_days_per_window,La Nina,moderate,4,0.7549429364947707,1.0087781258984487,-0.253835189403678,-25.16263813488269
San Juans (Telluride/Purgatory),Holidays,big_storm_days_per_window,La Nina,strong,5,1.8136064309492022,1.0087781258984487,0.8048283050507534,79.78248976542277
San Juans (Telluride/Purgatory),Holidays,big_storm_days_per_window,La Nina,weak,7,1.6064266116292336,1.0087781258984487,0.5976484857307849,59.244790344606336
San Juans (Telluride/Purgatory),Holidays,big_storm_days_per_window,Neutral,neutral,15,0.8854743863186607,1.0087781258984487,-0.12330373957978802,-12.223078238336099
San Juans (Telluride/Purgatory),Midwinter,big_storm_days_per_window,El Nino,moderate,4,2.7831896004657795,2.1619745390902763,0.6212150613755032,28.733689973837546
San Juans (Telluride/Purgatory),Midwinter,big_storm_days_per_window,El Nino,strong,3,2.81373274647436,2.1619745390902763,0.6517582073840837,30.146433068464027
San Juans (Telluride/Purgatory),Midwinter,big_storm_days_per_window,El Nino,very strong,3,1.0723002332137417,2.1619745390902763,-1.0896743058765346,-50.40181029768518
San Juans (Telluride/Purgatory),Midwinter,big_storm_days_per_window,El Nino,weak,5,2.16801379070403,2.1619745390902763,0.006039251613753738,0.2793396270196113
San Juans (Telluride/Purgatory),Midwinter,big_storm_days_per_window,La Nina,moderate,4,2.1500476910043154,2.1619745390902763,-0.011926848085960895,-0.5516645950409536
San Juans (Telluride/Purgatory),Midwinter,big_storm_days_per_window,La Nina,strong,5,2.6982089309079456,2.1619745390902763,0.5362343918176693,24.802992917914196
San Juans (Telluride/Purgatory),Midwinter,big_storm_days_per_window,La Nina,weak,7,1.852580242478902,2.1619745390902763,-0.3093942966113743,-14.310728041300727
San Juans (Telluride/Purgatory),Midwinter,big_storm_days_per_window,Neutral,neutral,15,2.0507070258530544,2.1619745390902763,-0.11126751323722184,-5.146569084205839
San Juans (Telluride/Purgatory),Spring,big_storm_days_per_window,El Nino,moderate,4,2.2845321737246964,1.6956089876301719,0.5889231860945245,34.73225197500393
San Juans (Telluride/Purgatory),Spring,big_storm_days_per_window,El Nino,strong,3,1.1836227899330543,1.6956089876301719,-0.5119861976971176,-30.194826839923934
San Juans (Telluride/Purgatory),Spring,big_storm_days_per_window,El Nino,very strong,3,2.3853905662053942,1.6956089876301719,0.6897815785752224,40.68046251272113
San Juans (Telluride/Purgatory),Spring,big_storm_days_per_window,El Nino,weak,5,1.7032954915659393,1.6956089876301719,0.007686503935767419,0.4533181878512145
San Juans (Telluride/Purgatory),Spring,big_storm_days_per_window,La Nina,moderate,4,1.4611707251808381,1.6956089876301719,-0.23443826244933375,-13.826198384156415
San Juans (Telluride/Purgatory),Spring,big_storm_days_per_window,La Nina,strong,5,1.5488864548012573,1.6956089876301719,-0.14672253282891456,-8.65308770472949
San Juans (Telluride/Purgatory),Spring,big_storm_days_per_window,La Nina,weak,7,2.2224244656793797,1.6956089876301719,0.5268154780492078,31.06939641700644
San Juans (Telluride/Purgatory),Spring,big_storm_days_per_window,Neutral,neutral,15,1.3660187183572534,1.6956089876301719,-0.32959026927291846,-19.437869914428948
Sawtooth & Smoky (Sun Valley),Early season,big_storm_days_per_window,El Nino,moderate,4,0.693159364105633,1.2258256867964978,-0.5326663226908649,-43.453676034714555
Sawtooth & Smoky (Sun Valley),Early season,big_storm_days_per_window,El Nino,strong,3,0.4413465385368725,1.2258256867964978,-0.7844791482596254,-63.995978931534545
Sawtooth & Smoky (Sun Valley),Early season,big_storm_days_per_window,El Nino,very strong,3,1.4372879849288083,1.2258256867964978,0.21146229813231043,17.250600995720184
Sawtooth & Smoky (Sun Valley),Early season,big_storm_days_per_window,El Nino,weak,5,1.089886734035843,1.2258256867964978,-0.13593895276065493,-11.089582656397905
Sawtooth & Smoky (Sun Valley),Early season,big_storm_days_per_window,La Nina,moderate,4,1.5436822348409358,1.2258256867964978,0.31785654804443797,25.92999571375486
Sawtooth & Smoky (Sun Valley),Early season,big_storm_days_per_window,La Nina,strong,5,0.8459394774374912,1.2258256867964978,-0.37988620935900663,-30.990230784915216
Sawtooth & Smoky (Sun Valley),Early season,big_storm_days_per_window,La Nina,weak,7,1.5322389396444012,1.2258256867964978,0.30641325284790333,24.996478385818953
Sawtooth & Smoky (Sun Valley),Early season,big_storm_days_per_window,Neutral,neutral,15,1.4266605327718738,1.2258256867964978,0.20083484597537593,16.383638239807663
Sawtooth & Smoky (Sun Valley),Holidays,big_storm_days_per_window,El Nino,moderate,4,0.5619938023471839,0.7681916198579543,-0.20619781751077038,-26.841976946962564
Sawtooth & Smoky (Sun Valley),Holidays,big_storm_days_per_window,El Nino,strong,3,0.09990053171267725,0.7681916198579543,-0.668291088145277,-86.99536298883997
Sawtooth & Smoky (Sun Valley),Holidays,big_storm_days_per_window,El Nino,very strong,3,1.4244607810257424,0.7681916198579543,0.6562691611677881,85.43039838017738
Sawtooth & Smoky (Sun Valley),Holidays,big_storm_days_per_window,El Nino,weak,5,0.30985048510319185,0.7681916198579543,-0.4583411347547624,-59.664948550143514
Sawtooth & Smoky (Sun Valley),Holidays,big_storm_days_per_window,La Nina,moderate,4,0.3876279976211845,0.7681916198579543,-0.38056362223676976,-49.54019445137133
Sawtooth & Smoky (Sun Valley),Holidays,big_storm_days_per_window,La Nina,strong,5,0.8138917813574313,0.7681916198579543,0.04570016149947709,5.9490575421699425
Sawtooth & Smoky (Sun Valley),Holidays,big_storm_days_per_window,La Nina,weak,7,1.1255216827876031,0.7681916198579543,0.35733006292964886,46.515746031663625
Sawtooth & Smoky (Sun Valley),Holidays,big_storm_days_per_window,Neutral,neutral,15,0.8978586842373882,0.7681916198579543,0.12966706437943398,16.87952081583637
Sawtooth & Smoky (Sun Valley),Midwinter,big_storm_days_per_window,El Nino,moderate,4,1.7926529881819961,1.448828231384684,0.34382475679731206,23.731229786205194
Sawtooth & Smoky (Sun Valley),Midwinter,big_storm_days_per_window,El Nino,strong,3,0.6942476629135506,1.448828231384684,-0.7545805684711335,-52.08212762046752
Sawtooth & Smoky (Sun Valley),Midwinter,big_storm_days_per_window,El Nino,very strong,3,1.6817179084429814,1.448828231384684,0.23288967705829733,16.07434698009152
Sawtooth & Smoky (Sun Valley),Midwinter,big_storm_days_per_window,El Nino,weak,5,0.8647626154674471,1.448828231384684,-0.5840656159172369,-40.31296486810101
Sawtooth & Smoky (Sun Valley),Midwinter,big_storm_days_per_window,La Nina,moderate,4,1.4591484475775696,1.448828231384684,0.010320216192885479,0.7123146808798839
Sawtooth & Smoky (Sun Valley),Midwinter,big_storm_days_per_window,La Nina,strong,5,1.914413193776459,1.448828231384684,0.46558496239177494,32.13527679170103
Sawtooth & Smoky (Sun Valley),Midwinter,big_storm_days_per_window,La Nina,weak,7,0.6805966084569566,1.448828231384684,-0.7682316229277275,-53.0243410699906
Sawtooth & Smoky (Sun Valley),Midwinter,big_storm_days_per_window,Neutral,neutral,15,1.8567293920779582,1.448828231384684,0.4079011606932741,28.153866128314743
Sawtooth & Smoky (Sun Valley),Spring,big_storm_days_per_window,El Nino,moderate,4,0.45705071559599986,0.8080874041623565,-0.3510366885663566,-43.440435620975016
Sawtooth & Smoky (Sun Valley),Spring,big_storm_days_per_window,El Nino,strong,3,0.8616352707489926,0.8080874041623565,0.05354786658663613,6.626494400335634
Sawtooth & Smoky (Sun Valley),Spring,big_storm_days_per_window,El Nino,very strong,3,1.5417824300199374,0.8080874041623565,0.733695025857581,90.79401832999875
Sawtooth & Smoky (Sun Valley),Spring,big_storm_days_per_window,El Nino,weak,5,0.633842122330511,0.8080874041623565,-0.1742452818318455,-21.56267761808067
Sawtooth & Smoky (Sun Valley),Spring,big_storm_days_per_window,La Nina,moderate,4,0.878538919844335,0.8080874041623565,0.0704515156819785,8.718303901173513
Sawtooth & Smoky (Sun Valley),Spring,big_storm_days_per_window,La Nina,strong,5,0.5024919825582609,0.8080874041623565,-0.3055954216040956,-37.81712473551896
Sawtooth & Smoky (Sun Valley),Spring,big_storm_days_per_window,La Nina,weak,7,1.165052181758602,0.8080874041623565,0.35696477759624545,44.17403065034362
Sawtooth & Smoky (Sun Valley),Spring,big_storm_days_per_window,Neutral,neutral,15,0.7188248767097464,0.8080874041623565,-0.0892625274526101,-11.046147606413621
Selkirks (Schweitzer),Early season,big_storm_days_per_window,El Nino,moderate,4,2.7847600087159763,2.6097316647495616,0.17502834396641465,6.706756343212433
Selkirks (Schweitzer),Early season,big_storm_days_per_window,El Nino,strong,3,1.196194469190779,2.6097316647495616,-1.4135371955587825,-54.16408187293195
Selkirks (Schweitzer),Early season,big_storm_days_per_window,El Nino,very strong,3,2.4194468824430637,2.6097316647495616,-0.19028478230649792,-7.291354313423571
Selkirks (Schweitzer),Early season,big_storm_days_per_window,El Nino,weak,5,2.2187545832733995,2.6097316647495616,-0.39097708147616217,-14.981505062654845
Selkirks (Schweitzer),Early season,big_storm_days_per_window,La Nina,moderate,4,3.318361543732992,2.6097316647495616,0.7086298789834302,27.153361725081137
Selkirks (Schweitzer),Early season,big_storm_days_per_window,La Nina,strong,5,4.371406717281127,2.6097316647495616,1.7616750525315656,67.50406857252973
Selkirks (Schweitzer),Early season,big_storm_days_per_window,La Nina,weak,7,1.3399009139997204,2.6097316647495616,-1.2698307507498412,-48.657521687069625
Selkirks (Schweitzer),Early season,big_storm_days_per_window,Neutral,neutral,14,2.846314410590156,2.6097316647495616,0.23658274584059447,9.06540503900035
Selkirks (Schweitzer),Holidays,big_storm_days_per_window,El Nino,moderate,4,1.6622896916256082,1.2839232457678884,0.37836644585771984,29.46955334790489
Selkirks (Schweitzer),Holidays,big_storm_days_per_window,El Nino,strong,3,0.48746185369256256,1.2839232457678884,-0.7964613920753258,-62.033411631158565
Selkirks (Schweitzer),Holidays,big_storm_days_per_window,El Nino,very strong,3,1.9913901000873535,1.2839232457678884,0.7074668543194651,55.101958520607944
Selkirks (Schweitzer),Holidays,big_storm_days_per_window,El Nino,weak,5,1.2998818350168915,1.2839232457678884,0.015958589249003063,1.242955083304731
Selkirks (Schweitzer),Holidays,big_storm_days_per_window,La Nina,moderate,4,1.363434988014391,1.2839232457678884,0.07951174224650259,6.192873484345105
Selkirks (Schweitzer),Holidays,big_storm_days_per_window,La Nina,strong,5,1.6807471858078245,1.2839232457678884,0.39682394003993604,30.907138829985414
Selkirks (Schweitzer),Holidays,big_storm_days_per_window,La Nina,weak,7,1.4918866366092869,1.2839232457678884,0.20796339084139848,16.197494011179757
Selkirks (Schweitzer),Holidays,big_storm_days_per_window,Neutral,neutral,14,0.9207671370904745,1.2839232457678884,-0.3631561086774139,-28.28487683157552
Selkirks (Schweitzer),Midwinter,big_storm_days_per_window,El Nino,moderate,4,2.1663843918916785,2.761894454430219,-0.5955100625385406,-21.561651698286738
Selkirks (Schweitzer),Midwinter,big_storm_days_per_window,El Nino,strong,3,1.9951897896627393,2.761894454430219,-0.7667046647674798,-27.76010008411605
Selkirks (Schweitzer),Midwinter,big_storm_days_per_window,El Nino,very strong,2,2.4279403127816748,2.761894454430219,-0.3339541416485443,-12.091488185323842
Selkirks (Schweitzer),Midwinter,big_storm_days_per_window,El Nino,weak,5,2.325635279677898,2.761894454430219,-0.43625917475232123,-15.795649759625656
Selkirks (Schweitzer),Midwinter,big_storm_days_per_window,La Nina,moderate,4,2.4368911644881384,2.761894454430219,-0.3250032899420807,-11.767404414052063
Selkirks (Schweitzer),Midwinter,big_storm_days_per_window,La Nina,strong,5,4.3595272541026775,2.761894454430219,1.5976327996724584,57.84554138590539
Selkirks (Schweitzer),Midwinter,big_storm_days_per_window,La Nina,weak,7,3.076893629237104,2.761894454430219,0.3149991748068848,11.405185100451977
Selkirks (Schweitzer),Midwinter,big_storm_days_per_window,Neutral,neutral,13,2.6571416343743057,2.761894454430219,-0.10475282005591335,-3.79278867401629
Selkirks (Schweitzer),Spring,big_storm_days_per_window,El Nino,moderate,4,2.1190987228476597,1.5491492976910386,0.5699494251566211,36.79112310260308
Selkirks (Schweitzer),Spring,big_storm_days_per_window,El Nino,strong,3,0.6229575377103497,1.5491492976910386,-0.9261917599806889,-59.78712067075462
Selkirks (Schweitzer),Spring,big_storm_days_per_window,El Nino,very strong,2,1.313187129042362,1.5491492976910386,-0.23596216864867658,-15.231725502530404
Selkirks (Schweitzer),Spring,big_storm_days_per_window,El Nino,weak,5,1.1207636017267864,1.5491492976910386,-0.42838569596425224,-27.652963894619358
Selkirks (Schweitzer),Spring,big_storm_days_per_window,La Nina,moderate,4,1.6463652873173915,1.5491492976910386,0.09721598962635292,6.275443546419346
Selkirks (Schweitzer),Spring,big_storm_days_per_window,La Nina,strong,5,1.4384502822718488,1.5491492976910386,-0.1106990154191898,-7.145793861455666
Selkirks (Schweitzer),Spring,big_storm_days_per_window,La Nina,weak,7,1.267700724218645,1.5491492976910386,-0.2814485734723935,-18.16794377997552
Selkirks (Schweitzer),Spring,big_storm_days_per_window,Neutral,neutral,14,1.9239636926432884,1.5491492976910386,0.3748143949522498,24.19485297581709
Snowy Range & Sierra Madre,Early season,big_storm_days_per_window,El Nino,moderate,4,1.0635475440470905,1.3830434052761555,-0.31949586122906504,-23.100927997648096
Snowy Range & Sierra Madre,Early season,big_storm_days_per_window,El Nino,strong,3,1.2262883171202013,1.3830434052761555,-0.1567550881559543,-11.334068588010412
Snowy Range & Sierra Madre,Early season,big_storm_days_per_window,El Nino,very strong,3,1.1053145387132643,1.3830434052761555,-0.2777288665628912,-20.080994240917292
Snowy Range & Sierra Madre,Early season,big_storm_days_per_window,El Nino,weak,6,1.4051970667573712,1.3830434052761555,0.02215366148121567,1.6018052214921046
Snowy Range & Sierra Madre,Early season,big_storm_days_per_window,La Nina,moderate,4,1.2939724412842835,1.3830434052761555,-0.08907096399187209,-6.4402146492348935
Snowy Range & Sierra Madre,Early season,big_storm_days_per_window,La Nina,strong,5,1.2614654398328884,1.3830434052761555,-0.12157796544326716,-8.79061098006475
Snowy Range & Sierra Madre,Early season,big_storm_days_per_window,La Nina,weak,7,1.7126294381950657,1.3830434052761555,0.3295860329189102,23.83049090589467
Snowy Range & Sierra Madre,Early season,big_storm_days_per_window,Neutral,neutral,16,1.452142454834715,1.3830434052761555,0.0690990495585595,4.996159144026454
Snowy Range & Sierra Madre,Holidays,big_storm_days_per_window,El Nino,moderate,4,0.4160557341467258,0.7878639950282219,-0.3718082608814961,-47.191934550604465
Snowy Range & Sierra Madre,Holidays,big_storm_days_per_window,El Nino,strong,3,0.1915602384978958,0.7878639950282219,-0.5963037565303261,-75.6861286076369
Snowy Range & Sierra Madre,Holidays,big_storm_days_per_window,El Nino,very strong,3,0.3241494016545556,0.7878639950282219,-0.46371459337366633,-58.8571880806732
Snowy Range & Sierra Madre,Holidays,big_storm_days_per_window,El Nino,weak,6,0.5828836432750426,0.7878639950282219,-0.2049803517531793,-26.017225440773792
Snowy Range & Sierra Madre,Holidays,big_storm_days_per_window,La Nina,moderate,4,0.4756796000554249,0.7878639950282219,-0.312184394972797,-39.6241479421349
Snowy Range & Sierra Madre,Holidays,big_storm_days_per_window,La Nina,strong,5,0.9294081838397356,0.7878639950282219,0.14154418881151365,17.965561277672478
Snowy Range & Sierra Madre,Holidays,big_storm_days_per_window,La Nina,weak,7,1.3863223544296006,0.7878639950282219,0.5984583594013787,75.95960256819978
Snowy Range & Sierra Madre,Holidays,big_storm_days_per_window,Neutral,neutral,16,0.9284251402645352,0.7878639950282219,0.14056114523631325,17.840788019673145
Snowy Range & Sierra Madre,Midwinter,big_storm_days_per_window,El Nino,moderate,4,1.4102442467171359,1.6425758219966085,-0.23233157527947257,-14.144344033815461
Snowy Range & Sierra Madre,Midwinter,big_storm_days_per_window,El Nino,strong,3,2.0917669338711673,1.6425758219966085,0.44919111187455885,27.346750503641974
Snowy Range & Sierra Madre,Midwinter,big_storm_days_per_window,El Nino,very strong,3,1.8082231381471097,1.6425758219966085,0.1656473161505012,10.084606989353532
Snowy Range & Sierra Madre,Midwinter,big_storm_days_per_window,El Nino,weak,6,2.0606540792097614,1.6425758219966085,0.41807825721315295,25.452600215737025
Snowy Range & Sierra Madre,Midwinter,big_storm_days_per_window,La Nina,moderate,4,1.5743251107317529,1.6425758219966085,-0.0682507112648556,-4.155102635194914
Snowy Range & Sierra Madre,Midwinter,big_storm_days_per_window,La Nina,strong,5,1.8657969044878808,1.6425758219966085,0.22322108249127237,13.589697321852658
Snowy Range & Sierra Madre,Midwinter,big_storm_days_per_window,La Nina,weak,7,1.3207679188019676,1.6425758219966085,-0.3218079031946408,-19.59166200336932
Snowy Range & Sierra Madre,Midwinter,big_storm_days_per_window,Neutral,neutral,16,1.516694211292192,1.6425758219966085,-0.1258816107044165,-7.663671230190336
Snowy Range & Sierra Madre,Spring,big_storm_days_per_window,El Nino,moderate,4,1.845163888975705,1.3162499257977343,0.5289139631779707,40.18339927786996
Snowy Range & Sierra Madre,Spring,big_storm_days_per_window,El Nino,strong,3,1.6070028223163577,1.3162499257977343,0.29075289651862346,22.089490059603083
Snowy Range & Sierra Madre,Spring,big_storm_days_per_window,El Nino,very strong,3,2.544954152675349,1.3162499257977343,1.2287042268776147,93.34885440794528
Snowy Range & Sierra Madre,Spring,big_storm_days_per_window,El Nino,weak,6,1.1521659174944645,1.3162499257977343,-0.16408400830326975,-12.466022226274697
Snowy Range & Sierra Madre,Spring,big_storm_days_per_window,La Nina,moderate,4,0.9700934092458444,1.3162499257977343,-0.34615651655188984,-26.298692198755198
Snowy Range & Sierra Madre,Spring,big_storm_days_per_window,La Nina,strong,5,1.3380260130753314,1.3162499257977343,0.021776087277597167,1.6544036851055792
Snowy Range & Sierra Madre,Spring,big_storm_days_per_window,La Nina,weak,7,1.3086645094316451,1.3162499257977343,-0.007585416366089115,-0.5762899748307186
Snowy Range & Sierra Madre,Spring,big_storm_days_per_window,Neutral,neutral,16,1.0437074490040605,1.3162499257977343,-0.2725424767936737,-20.705982310198042
Spring Mtns (Lee Canyon),Early season,big_storm_days_per_window,El Nino,strong,2,0.9719884502975458,0.5751024097092621,0.3968860405882837,69.01136804294141
Spring Mtns (Lee Canyon),Early season,big_storm_days_per_window,El Nino,weak,2,0.6759216873833586,0.5751024097092621,0.10081927767409649,17.53066514276384
Spring Mtns (Lee Canyon),Early season,big_storm_days_per_window,La Nina,moderate,2,0.3519666185429064,0.5751024097092621,-0.22313579116635568,-38.79931424372922
Spring Mtns (Lee Canyon),Early season,big_storm_days_per_window,La Nina,weak,4,0.8380224655797739,0.5751024097092621,0.2629200558705118,45.71708471947261
Spring Mtns (Lee Canyon),Early season,big_storm_days_per_window,Neutral,neutral,5,0.3407866474171626,0.5751024097092621,-0.2343157622920995,-40.743310814947854
Spring Mtns (Lee Canyon),Holidays,big_storm_days_per_window,El Nino,strong,2,0.17592168738335856,0.7222085284693124,-0.5462868410859538,-75.64115065821551
Spring Mtns (Lee Canyon),Holidays,big_storm_days_per_window,El Nino,weak,2,0.0,0.7222085284693124,-0.7222085284693124,-100.0
Spring Mtns (Lee Canyon),Holidays,big_storm_days_per_window,La Nina,moderate,2,0.0,0.7222085284693124,-0.7222085284693124,-100.0
Spring Mtns (Lee Canyon),Holidays,big_storm_days_per_window,La Nina,weak,4,1.3379608436916794,0.7222085284693124,0.6157523152223671,85.25962944904924
Spring Mtns (Lee Canyon),Holidays,big_storm_days_per_window,Neutral,neutral,5,0.27041797246381916,0.7222085284693124,-0.4517905560054932,-62.55680156021454
Spring Mtns (Lee Canyon),Midwinter,big_storm_days_per_window,El Nino,strong,2,2.2958202753618084,1.5070561952494412,0.7887640801123672,52.338066928009574
Spring Mtns (Lee Canyon),Midwinter,big_storm_days_per_window,El Nino,weak,2,0.0,1.5070561952494412,-1.5070561952494412,-100.0
Spring Mtns (Lee Canyon),Midwinter,big_storm_days_per_window,La Nina,moderate,2,0.6479101376809042,1.5070561952494412,-0.859146057568537,-57.00822970482099
Spring Mtns (Lee Canyon),Midwinter,big_storm_days_per_window,La Nina,weak,4,1.5879608436916792,1.5070561952494412,0.08090464844223799,5.368389625898921
Spring Mtns (Lee Canyon),Midwinter,big_storm_days_per_window,Neutral,neutral,5,1.7183774076551992,1.5070561952494412,0.21132121240575796,14.022118954282325
Spring Mtns (Lee Canyon),Spring,big_storm_days_per_window,El Nino,strong,2,0.8240783126166414,0.7510651783513503,0.0730131342652911,9.721278042148208
Spring Mtns (Lee Canyon),Spring,big_storm_days_per_window,El Nino,weak,2,0.7039332370858128,0.7510651783513503,-0.04713194126553755,-6.275346351297503
Spring Mtns (Lee Canyon),Spring,big_storm_days_per_window,La Nina,moderate,2,0.5,0.7510651783513503,-0.25106517835135034,-33.42788157247005
Spring Mtns (Lee Canyon),Spring,big_storm_days_per_window,La Nina,weak,4,0.9259216873833586,0.7510651783513503,0.17485650903200822,23.28113645420662
Spring Mtns (Lee Canyon),Spring,big_storm_days_per_window,Neutral,neutral,5,0.14073734990668685,0.7510651783513503,-0.6103278284446635,-81.26163294967064
Tetons (Jackson/Targhee),Early season,big_storm_days_per_window,El Nino,moderate,4,1.479029288489218,1.6689717852810144,-0.18994249679179642,-11.380809338236638
Tetons (Jackson/Targhee),Early season,big_storm_days_per_window,El Nino,strong,3,1.3808994359800824,1.6689717852810144,-0.28807234930093206,-17.260468501714524
Tetons (Jackson/Targhee),Early season,big_storm_days_per_window,El Nino,very strong,3,1.154516893368627,1.6689717852810144,-0.5144548919123875,-30.82466081508776
Tetons (Jackson/Targhee),Early season,big_storm_days_per_window,El Nino,weak,5,2.094201555037416,1.6689717852810144,0.4252297697564016,25.478547540862305
Tetons (Jackson/Targhee),Early season,big_storm_days_per_window,La Nina,moderate,4,2.1287498348852747,1.6689717852810144,0.4597780496042603,27.548581327685223
Tetons (Jackson/Targhee),Early season,big_storm_days_per_window,La Nina,strong,5,1.577932676976766,1.6689717852810144,-0.09103910830424833,-5.454802118714041
Tetons (Jackson/Targhee),Early season,big_storm_days_per_window,La Nina,weak,7,1.4932447528029038,1.6689717852810144,-0.1757270324781106,-10.529059510045728
Tetons (Jackson/Targhee),Early season,big_storm_days_per_window,Neutral,neutral,15,1.728130147446088,1.6689717852810144,0.05915836216507353,3.5445992968127196
Tetons (Jackson/Targhee),Holidays,big_storm_days_per_window,El Nino,moderate,4,0.3753664084166295,0.9057940433429527,-0.5304276349263232,-58.55940860117714
Tetons (Jackson/Targhee),Holidays,big_storm_days_per_window,El Nino,strong,3,0.13584093170437309,0.9057940433429527,-0.7699531116385796,-85.00311050809805
Tetons (Jackson/Targhee),Holidays,big_storm_days_per_window,El Nino,very strong,3,0.9690467027855044,0.9057940433429527,0.06325265944255176,6.9831171785044495
Tetons (Jackson/Targhee),Holidays,big_storm_days_per_window,El Nino,weak,5,0.7463555927225023,0.9057940433429527,-0.15943845062045037,-17.602064375696454
Tetons (Jackson/Targhee),Holidays,big_storm_days_per_window,La Nina,moderate,4,1.0865045442498338,0.9057940433429527,0.18071050090688112,19.950506656010358
Tetons (Jackson/Targhee),Holidays,big_storm_days_per_window,La Nina,strong,5,0.8194063525896664,0.9057940433429527,-0.08638769075328623,-9.537233258286955
Tetons (Jackson/Targhee),Holidays,big_storm_days_per_window,La Nina,weak,7,1.0649095787400937,0.9057940433429527,0.15911553539714107,17.566414414683514
Tetons (Jackson/Targhee),Holidays,big_storm_days_per_window,Neutral,neutral,15,1.1480801667932563,0.9057940433429527,0.24228612345030365,26.748478335772077
Tetons (Jackson/Targhee),Midwinter,big_storm_days_per_window,El Nino,moderate,4,2.2718373381181225,1.9396718450500767,0.33216549306804577,17.124829332121912
Tetons (Jackson/Targhee),Midwinter,big_storm_days_per_window,El Nino,strong,3,0.8697742643677623,1.9396718450500767,-1.0698975806823143,-55.15869003370994
Tetons (Jackson/Targhee),Midwinter,big_storm_days_per_window,El Nino,very strong,3,1.8542654447289009,1.9396718450500767,-0.08540640032117586,-4.403136568648338
Tetons (Jackson/Targhee),Midwinter,big_storm_days_per_window,El Nino,weak,5,1.3029416282150024,1.9396718450500767,-0.6367302168350744,-32.82669790047068
Tetons (Jackson/Targhee),Midwinter,big_storm_days_per_window,La Nina,moderate,4,2.179505910477077,1.9396718450500767,0.23983406542700036,12.364672201591324
Tetons (Jackson/Targhee),Midwinter,big_storm_days_per_window,La Nina,strong,5,2.2070244525179077,1.9396718450500767,0.26735260746783096,13.783393729722809
Tetons (Jackson/Targhee),Midwinter,big_storm_days_per_window,La Nina,weak,7,1.2702850647399762,1.9396718450500767,-0.6693867803101006,-34.51031070118043
Tetons (Jackson/Targhee),Midwinter,big_storm_days_per_window,Neutral,neutral,15,2.4537057929192225,1.9396718450500767,0.5140339478691458,26.50107796228155
Tetons (Jackson/Targhee),Spring,big_storm_days_per_window,El Nino,moderate,4,1.0134775629543609,0.9650407399373957,0.04843682301696517,5.019148001990815
Tetons (Jackson/Targhee),Spring,big_storm_days_per_window,El Nino,strong,3,1.5172643532744754,0.9650407399373957,0.5522236133370797,57.2228290976507
Tetons (Jackson/Targhee),Spring,big_storm_days_per_window,El Nino,very strong,3,1.1008105388727125,0.9650407399373957,0.13576979893531682,14.068815265159117
Tetons (Jackson/Targhee),Spring,big_storm_days_per_window,El Nino,weak,5,0.7039595599955003,0.9650407399373957,-0.2610811799418954,-27.053902404040713
Tetons (Jackson/Targhee),Spring,big_storm_days_per_window,La Nina,moderate,4,0.4484831809746148,0.9650407399373957,-0.5165575589627809,-53.527020941757456
Tetons (Jackson/Targhee),Spring,big_storm_days_per_window,La Nina,strong,5,1.2383069506133733,0.9650407399373957,0.27326621067597756,28.316546583691892
Tetons (Jackson/Targhee),Spring,big_storm_days_per_window,La Nina,weak,7,0.8248858503931037,0.9650407399373957,-0.140154889544292,-14.523209616350927
Tetons (Jackson/Targhee),Spring,big_storm_days_per_window,Neutral,neutral,15,1.0136181919444425,0.9650407399373957,0.04857745200704677,5.033720339122481
Tushar Mtns (Eagle Point),Early season,big_storm_days_per_window,El Nino,moderate,4,0.7471931172406201,0.9378860420685393,-0.19069292482791922,-20.332206288872744
Tushar Mtns (Eagle Point),Early season,big_storm_days_per_window,El Nino,strong,3,0.8815979784237601,0.9378860420685393,-0.05628806364477923,-6.001588798638479
Tushar Mtns (Eagle Point),Early season,big_storm_days_per_window,El Nino,very strong,3,1.462816095447313,0.9378860420685393,0.5249300533787737,55.969492010033846
Tushar Mtns (Eagle Point),Early season,big_storm_days_per_window,El Nino,weak,6,0.8487024772133601,0.9378860420685393,-0.0891835648551792,-9.508997986416542
Tushar Mtns (Eagle Point),Early season,big_storm_days_per_window,La Nina,moderate,4,0.6053335941731598,0.9378860420685393,-0.3325524478953795,-35.45766041702933
Tushar Mtns (Eagle Point),Early season,big_storm_days_per_window,La Nina,strong,5,0.9338155206260842,0.9378860420685393,-0.004070521442455122,-0.43401023790453785
Tushar Mtns (Eagle Point),Early season,big_storm_days_per_window,La Nina,weak,7,0.8459827211669213,0.9378860420685393,-0.09190332090161801,-9.798985887338949
Tushar Mtns (Eagle Point),Early season,big_storm_days_per_window,Neutral,neutral,15,1.0636082263582654,0.9378860420685393,0.12572218428972604,13.404846500587803
Tushar Mtns (Eagle Point),Holidays,big_storm_days_per_window,El Nino,moderate,4,0.5575125928149617,0.6866068789882982,-0.12909428617333651,-18.801775823096094
Tushar Mtns (Eagle Point),Holidays,big_storm_days_per_window,El Nino,strong,3,0.08452291268262217,0.6866068789882982,-0.6020839663056761,-87.68976611373819
Tushar Mtns (Eagle Point),Holidays,big_storm_days_per_window,El Nino,very strong,3,0.5221050134914128,0.6866068789882982,-0.1645018654968854,-23.958668421626605
Tushar Mtns (Eagle Point),Holidays,big_storm_days_per_window,El Nino,weak,6,0.41482433876951336,0.6866068789882982,-0.27178254021878484,-39.583428091960144
Tushar Mtns (Eagle Point),Holidays,big_storm_days_per_window,La Nina,moderate,4,0.07283191345200916,0.6866068789882982,-0.6137749655362891,-89.39248707217651
Tushar Mtns (Eagle Point),Holidays,big_storm_days_per_window,La Nina,strong,5,1.2621970248655536,0.6866068789882982,0.5755901458772554,83.8311067790897
Tushar Mtns (Eagle Point),Holidays,big_storm_days_per_window,La Nina,weak,7,1.1600178571615918,0.6866068789882982,0.4734109781732936,68.94934971680671
Tushar Mtns (Eagle Point),Holidays,big_storm_days_per_window,Neutral,neutral,15,0.7339470234522693,0.6866068789882982,0.04734014446397106,6.89479612172337
Tushar Mtns (Eagle Point),Midwinter,big_storm_days_per_window,El Nino,moderate,4,0.9988459418224872,1.358828523977808,-0.35998258215532075,-26.49212728486997
Tushar Mtns (Eagle Point),Midwinter,big_storm_days_per_window,El Nino,strong,3,1.6637927030771993,1.358828523977808,0.30496417909939133,22.443168782374777
Tushar Mtns (Eagle Point),Midwinter,big_storm_days_per_window,El Nino,very strong,3,1.9724607410399402,1.358828523977808,0.6136322170621322,45.158914920758164
Tushar Mtns (Eagle Point),Midwinter,big_storm_days_per_window,El Nino,weak,6,1.9844040887716494,1.358828523977808,0.6255755647938415,46.037859358629284
Tushar Mtns (Eagle Point),Midwinter,big_storm_days_per_window,La Nina,moderate,4,1.5256858433394587,1.358828523977808,0.1668573193616507,12.279497848131408
Tushar Mtns (Eagle Point),Midwinter,big_storm_days_per_window,La Nina,strong,5,1.5263246840653066,1.358828523977808,0.16749616008749868,12.326511927875469
Tushar Mtns (Eagle Point),Midwinter,big_storm_days_per_window,La Nina,weak,7,0.9761069306311886,1.358828523977808,-0.38272159334661937,-28.16555485796307
Tushar Mtns (Eagle Point),Midwinter,big_storm_days_per_window,Neutral,neutral,15,1.0991504457722017,1.358828523977808,-0.2596780782056063,-19.11043767652373
Tushar Mtns (Eagle Point),Spring,big_storm_days_per_window,El Nino,moderate,4,1.9172316533874865,1.394833503406591,0.5223981499808954,37.4523660856329
Tushar Mtns (Eagle Point),Spring,big_storm_days_per_window,El Nino,strong,3,1.0327446729671965,1.394833503406591,-0.36208883043939455,-25.959286865067963
Tushar Mtns (Eagle Point),Spring,big_storm_days_per_window,El Nino,very strong,3,2.3064806036171195,1.394833503406591,0.9116471002105284,65.3588473451505
Tushar Mtns (Eagle Point),Spring,big_storm_days_per_window,El Nino,weak,6,1.4285460596609074,1.394833503406591,0.03371255625431635,2.416959169103727
Tushar Mtns (Eagle Point),Spring,big_storm_days_per_window,La Nina,moderate,4,1.1937623913330704,1.394833503406591,-0.20107111207352069,-14.415420305179527
Tushar Mtns (Eagle Point),Spring,big_storm_days_per_window,La Nina,strong,5,1.0350548752775026,1.394833503406591,-0.35977862812908845,-25.793661196867145
Tushar Mtns (Eagle Point),Spring,big_storm_days_per_window,La Nina,weak,7,1.684679742892071,1.394833503406591,0.28984623948547994,20.779988348257387
Tushar Mtns (Eagle Point),Spring,big_storm_days_per_window,Neutral,neutral,15,1.1704142477918107,1.394833503406591,-0.22441925561478038,-16.08932213534325
Uinta Mtns,Early season,big_storm_days_per_window,El Nino,moderate,4,0.5637682554890742,0.8506287256160546,-0.28686047012698046,-33.72334621302922
Uinta Mtns,Early season,big_storm_days_per_window,El Nino,strong,3,0.5907759714984878,0.8506287256160546,-0.2598527541175668,-30.548316356160264
Uinta Mtns,Early season,big_storm_days_per_window,El Nino,very strong,3,0.9267792252979015,0.8506287256160546,0.07615049968184684,8.952260532548559
Uinta Mtns,Early season,big_storm_days_per_window,El Nino,weak,6,1.00811555334736,0.8506287256160546,0.1574868277313054,18.51416757848708
Uinta Mtns,Early season,big_storm_days_per_window,La Nina,moderate,4,1.038422965815737,0.8506287256160546,0.18779424019968227,22.077110088620064
Uinta Mtns,Early season,big_storm_days_per_window,La Nina,strong,5,0.6253287501152329,0.8506287256160546,-0.2252999755008217,-26.486288167337836
Uinta Mtns,Early season,big_storm_days_per_window,La Nina,weak,7,0.9843295606292797,0.8506287256160546,0.13370083501322505,15.717883841319171
Uinta Mtns,Early season,big_storm_days_per_window,Neutral,neutral,16,0.8626940224310577,0.8506287256160546,0.012065296815003124,1.4183975278127388
Uinta Mtns,Holidays,big_storm_days_per_window,El Nino,moderate,4,0.12918913293563583,0.5354594349597072,-0.40627030202407133,-75.87321755842117
Uinta Mtns,Holidays,big_storm_days_per_window,El Nino,strong,3,0.0,0.5354594349597072,-0.5354594349597072,-100.0
Uinta Mtns,Holidays,big_storm_days_per_window,El Nino,very strong,3,0.27027071087100724,0.5354594349597072,-0.2651887240886999,-49.525455482665116
Uinta Mtns,Holidays,big_storm_days_per_window,El Nino,weak,6,0.3844266108465517,0.5354594349597072,-0.15103282411315544,-28.20621213342156
Uinta Mtns,Holidays,big_storm_days_per_window,La Nina,moderate,4,0.30732629116361854,0.5354594349597072,-0.22813314379608862,-42.60512167709874
Uinta Mtns,Holidays,big_storm_days_per_window,La Nina,strong,5,0.8731944187292762,0.5354594349597072,0.337734983769569,63.07386922689732
Uinta Mtns,Holidays,big_storm_days_per_window,La Nina,weak,7,0.9915978281793256,0.5354594349597072,0.45613839321961847,85.18635837539075
Uinta Mtns,Holidays,big_storm_days_per_window,Neutral,neutral,16,0.5957164058171833,0.5354594349597072,0.060256970857476166,11.253321339273898
Uinta Mtns,Midwinter,big_storm_days_per_window,El Nino,moderate,4,1.0856805465917791,1.260229137656927,-0.17454859106514786,-13.850543988347724
Uinta Mtns,Midwinter,big_storm_days_per_window,El Nino,strong,3,0.8792521411650008,1.260229137656927,-0.3809769964919262,-30.230771937257003
Uinta Mtns,Midwinter,big_storm_days_per_window,El Nino,very strong,3,0.8714409451456696,1.260229137656927,-0.3887881925112574,-30.850595411093998
Uinta Mtns,Midwinter,big_storm_days_per_window,El Nino,weak,6,2.0037166316299784,1.260229137656927,0.7434874939730514,58.99621519268915
Uinta Mtns,Midwinter,big_storm_days_per_window,La Nina,moderate,4,1.111193771404088,1.260229137656927,-0.14903536625283897,-11.826053040634502
Uinta Mtns,Midwinter,big_storm_days_per_window,La Nina,strong,5,1.816408542948872,1.260229137656927,0.5561794052919451,44.13319678721428
Uinta Mtns,Midwinter,big_storm_days_per_window,La Nina,weak,7,0.5736061666630545,1.260229137656927,-0.6866229709938725,-54.483978387491646
Uinta Mtns,Midwinter,big_storm_days_per_window,Neutral,neutral,16,1.333239775340713,1.260229137656927,0.07301063768378602,5.793441486326096
Uinta Mtns,Spring,big_storm_days_per_window,El Nino,moderate,4,1.0581964340480727,1.0350200696088379,0.023176364439234876,2.2392188441325445
Uinta Mtns,Spring,big_storm_days_per_window,El Nino,strong,3,0.7623967003116766,1.0350200696088379,-0.27262336929716124,-26.339911399031422
Uinta Mtns,Spring,big_storm_days_per_window,El Nino,very strong,3,1.168802488206136,1.0350200696088379,0.13378241859729822,12.925586906528125
Uinta Mtns,Spring,big_storm_days_per_window,El Nino,weak,6,0.6818861795187315,1.0350200696088379,-0.3531338900901063,-34.1185548434404
Uinta Mtns,Spring,big_storm_days_per_window,La Nina,moderate,4,1.0240045646459341,1.0350200696088379,-0.01101550496290371,-1.0642793590530828
Uinta Mtns,Spring,big_storm_days_per_window,La Nina,strong,5,0.8143400885535497,1.0350200696088379,-0.2206799810552882,-21.321323859805844
Uinta Mtns,Spring,big_storm_days_per_window,La Nina,weak,7,1.5158404879304708,1.0350200696088379,0.4808204183216329,46.45517825594899
Uinta Mtns,Spring,big_storm_days_per_window,Neutral,neutral,16,1.0490413028438317,1.0350200696088379,0.014021233234993824,1.3546822565762255
W Central Idaho (Brundage/Tamarack),Early season,big_storm_days_per_window,El Nino,moderate,4,0.8595083592185948,1.608523165443841,-0.7490148062252462,-46.56537265464684
W Central Idaho (Brundage/Tamarack),Early season,big_storm_days_per_window,El Nino,strong,3,1.2188577341808755,1.608523165443841,-0.3896654312629655,-24.225043172160024
W Central Idaho (Brundage/Tamarack),Early season,big_storm_days_per_window,El Nino,very strong,3,2.1483898447303003,1.608523165443841,0.5398666792864593,33.56287872531158
W Central Idaho (Brundage/Tamarack),Early season,big_storm_days_per_window,El Nino,weak,5,1.3976372836531417,1.608523165443841,-0.21088588179069934,-13.110528111822962
W Central Idaho (Brundage/Tamarack),Early season,big_storm_days_per_window,La Nina,moderate,4,1.6509595718068724,1.608523165443841,0.042436406363031365,2.6382216479500844
W Central Idaho (Brundage/Tamarack),Early season,big_storm_days_per_window,La Nina,strong,5,2.049910457913927,1.608523165443841,0.4413872924700859,27.440530665176563
W Central Idaho (Brundage/Tamarack),Early season,big_storm_days_per_window,La Nina,weak,7,1.5558250543074177,1.608523165443841,-0.05269811113642331,-3.27617980695244
W Central Idaho (Brundage/Tamarack),Early season,big_storm_days_per_window,Neutral,neutral,15,1.7146624707729352,1.608523165443841,0.10613930532909421,6.598556216615451
W Central Idaho (Brundage/Tamarack),Holidays,big_storm_days_per_window,El Nino,moderate,4,1.1012667964619751,1.045088834845214,0.05617796161676103,5.3754245326983545
W Central Idaho (Brundage/Tamarack),Holidays,big_storm_days_per_window,El Nino,strong,3,0.13424855957966017,1.045088834845214,-0.9108402752655539,-87.15433988924555
W Central Idaho (Brundage/Tamarack),Holidays,big_storm_days_per_window,El Nino,very strong,3,2.0111826327026407,1.045088834845214,0.9660937978574267,92.44130887691597
W Central Idaho (Brundage/Tamarack),Holidays,big_storm_days_per_window,El Nino,weak,5,0.9169334855213265,1.045088834845214,-0.1281553493238876,-12.262627352905213
W Central Idaho (Brundage/Tamarack),Holidays,big_storm_days_per_window,La Nina,moderate,4,0.8725853617541752,1.045088834845214,-0.17250347309103886,-16.506106212165975
W Central Idaho (Brundage/Tamarack),Holidays,big_storm_days_per_window,La Nina,strong,5,1.2129773493797729,1.045088834845214,0.16788851453455877,16.064520922704563
W Central Idaho (Brundage/Tamarack),Holidays,big_storm_days_per_window,La Nina,weak,7,1.0468248539206015,1.045088834845214,0.0017360190753874516,0.1661121062157907
W Central Idaho (Brundage/Tamarack),Holidays,big_storm_days_per_window,Neutral,neutral,15,1.0510037360812434,1.045088834845214,0.005914901236029335,0.5659711441568868
W Central Idaho (Brundage/Tamarack),Midwinter,big_storm_days_per_window,El Nino,moderate,4,2.8900252397880464,2.2077304178297696,0.6822948219582767,30.904806875333186
W Central Idaho (Brundage/Tamarack),Midwinter,big_storm_days_per_window,El Nino,strong,3,1.0615787648456954,2.2077304178297696,-1.1461516529840743,-51.915380778725584
W Central Idaho (Brundage/Tamarack),Midwinter,big_storm_days_per_window,El Nino,very strong,3,2.214078666163014,2.2077304178297696,0.006348248333244211,0.2875463544812971
W Central Idaho (Brundage/Tamarack),Midwinter,big_storm_days_per_window,El Nino,weak,5,1.4202388232027505,2.2077304178297696,-0.7874915946270191,-35.66973522977205
W Central Idaho (Brundage/Tamarack),Midwinter,big_storm_days_per_window,La Nina,moderate,4,2.8400251626936543,2.2077304178297696,0.6322947448638847,28.64003411636822
W Central Idaho (Brundage/Tamarack),Midwinter,big_storm_days_per_window,La Nina,strong,5,3.0843925446918923,2.2077304178297696,0.8766621268621226,39.708748848235466
W Central Idaho (Brundage/Tamarack),Midwinter,big_storm_days_per_window,La Nina,weak,7,1.3890350938463156,2.2077304178297696,-0.818695323983454,-37.083120174982376
W Central Idaho (Brundage/Tamarack),Midwinter,big_storm_days_per_window,Neutral,neutral,15,2.437468188054602,2.2077304178297696,0.22973777022483244,10.406060829232398
W Central Idaho (Brundage/Tamarack),Spring,big_storm_days_per_window,El Nino,moderate,4,0.49306067564789524,1.0317876024094992,-0.5387269267616039,-52.21296762081003
W Central Idaho (Brundage/Tamarack),Spring,big_storm_days_per_window,El Nino,strong,3,1.007101636415582,1.0317876024094992,-0.024685965993917147,-2.392543381629013
W Central Idaho (Brundage/Tamarack),Spring,big_storm_days_per_window,El Nino,very strong,3,1.2009972710956163,1.0317876024094992,0.1692096686861171,16.399660966168558
W Central Idaho (Brundage/Tamarack),Spring,big_storm_days_per_window,El Nino,weak,5,0.7466636501140859,1.0317876024094992,-0.2851239522954133,-27.63397734471444
W Central Idaho (Brundage/Tamarack),Spring,big_storm_days_per_window,La Nina,moderate,4,1.0470614903669817,1.0317876024094992,0.015273887957482524,1.4803325724997978
W Central Idaho (Brundage/Tamarack),Spring,big_storm_days_per_window,La Nina,strong,5,0.7332931795486314,1.0317876024094992,-0.2984944228608678,-28.92983227980291
W Central Idaho (Brundage/Tamarack),Spring,big_storm_days_per_window,La Nina,weak,7,1.2270656525327168,1.0317876024094992,0.19527805012321764,18.92618690776971
W Central Idaho (Brundage/Tamarack),Spring,big_storm_days_per_window,Neutral,neutral,15,1.2458800405467498,1.0317876024094992,0.21409243813725065,20.749661813854686
Wasatch (Alta/Snowbird/Park City),Early season,big_storm_days_per_window,El Nino,moderate,4,0.9092014999546776,1.5838395755554098,-0.6746380756007322,-42.59510155024096
Wasatch (Alta/Snowbird/Park City),Early season,big_storm_days_per_window,El Nino,strong,3,1.429111577614929,1.5838395755554098,-0.15472799794048075,-9.769171090842443
Wasatch (Alta/Snowbird/Park City),Early season,big_storm_days_per_window,El Nino,very strong,3,1.0855814497650296,1.5838395755554098,-0.4982581257903802,-31.458875853361256
Wasatch (Alta/Snowbird/Park City),Early season,big_storm_days_per_window,El Nino,weak,6,1.6515134934872826,1.5838395755554098,0.06767391793187283,4.272776042241615
Wasatch (Alta/Snowbird/Park City),Early season,big_storm_days_per_window,La Nina,moderate,4,1.5139113242425477,1.5838395755554098,-0.06992825131286207,-4.41510948407386
Wasatch (Alta/Snowbird/Park City),Early season,big_storm_days_per_window,La Nina,strong,5,1.284557986869857,1.5838395755554098,-0.2992815886855529,-18.895953435221045
Wasatch (Alta/Snowbird/Park City),Early season,big_storm_days_per_window,La Nina,weak,7,1.867371057457451,1.5838395755554098,0.28353148190204114,17.901527798521784
Wasatch (Alta/Snowbird/Park City),Early season,big_storm_days_per_window,Neutral,neutral,16,1.8365188093909848,1.5838395755554098,0.252679233835575,15.953587581429593
Wasatch (Alta/Snowbird/Park City),Holidays,big_storm_days_per_window,El Nino,moderate,4,0.6427624742742004,0.9899819683387006,-0.34721949406450014,-35.07331498645101
Wasatch (Alta/Snowbird/Park City),Holidays,big_storm_days_per_window,El Nino,strong,3,0.02944963121579994,0.9899819683387006,-0.9605323371229006,-97.02523559442
Wasatch (Alta/Snowbird/Park City),Holidays,big_storm_days_per_window,El Nino,very strong,3,0.7262110513100484,0.9899819683387006,-0.2637709170286522,-26.6440122612828
Wasatch (Alta/Snowbird/Park City),Holidays,big_storm_days_per_window,El Nino,weak,6,0.5480167642153008,0.9899819683387006,-0.4419652041233998,-44.64376304399426
Wasatch (Alta/Snowbird/Park City),Holidays,big_storm_days_per_window,La Nina,moderate,4,0.43877125700014735,0.9899819683387006,-0.5512107113385531,-55.67886375380613
Wasatch (Alta/Snowbird/Park City),Holidays,big_storm_days_per_window,La Nina,strong,5,1.5988139731897493,0.9899819683387006,0.6088320048510487,61.49930244413808
Wasatch (Alta/Snowbird/Park City),Holidays,big_storm_days_per_window,La Nina,weak,7,1.7469891281357124,0.9899819683387006,0.7570071597970118,76.46676242672922
Wasatch (Alta/Snowbird/Park City),Holidays,big_storm_days_per_window,Neutral,neutral,16,1.08843269746201,0.9899819683387006,0.09845072912330943,9.944699224019269
Wasatch (Alta/Snowbird/Park City),Midwinter,big_storm_days_per_window,El Nino,moderate,4,2.010260519749283,2.5375398427389855,-0.5272793229897026,-20.77915444356391
Wasatch (Alta/Snowbird/Park City),Midwinter,big_storm_days_per_window,El Nino,strong,3,2.491492308032456,2.5375398427389855,-0.04604753470652945,-1.814652677800967
Wasatch (Alta/Snowbird/Park City),Midwinter,big_storm_days_per_window,El Nino,very strong,3,2.7081772637803248,2.5375398427389855,0.17063742104133928,6.72452184463656
Wasatch (Alta/Snowbird/Park City),Midwinter,big_storm_days_per_window,El Nino,weak,6,3.0345144324086486,2.5375398427389855,0.4969745896696631,19.58489799053699
Wasatch (Alta/Snowbird/Park City),Midwinter,big_storm_days_per_window,La Nina,moderate,4,2.6884747936249767,2.5375398427389855,0.15093495088599118,5.94808201013601
Wasatch (Alta/Snowbird/Park City),Midwinter,big_storm_days_per_window,La Nina,strong,5,3.4234297460478964,2.5375398427389855,0.8858899033089109,34.91136920840201
Wasatch (Alta/Snowbird/Park City),Midwinter,big_storm_days_per_window,La Nina,weak,7,1.6923504404899876,2.5375398427389855,-0.8451894022489979,-33.30743375980698
Wasatch (Alta/Snowbird/Park City),Midwinter,big_storm_days_per_window,Neutral,neutral,16,2.514829629650916,2.5375398427389855,-0.02271021308806942,-0.8949697145860902
Wasatch (Alta/Snowbird/Park City),Spring,big_storm_days_per_window,El Nino,moderate,4,1.4515607263459,1.7408534408259584,-0.28929271448005833,-16.617867288288306
Wasatch (Alta/Snowbird/Park City),Spring,big_storm_days_per_window,El Nino,strong,3,1.696219770574518,1.7408534408259584,-0.044633670251440494,-2.5638959147683207
Wasatch (Alta/Snowbird/Park City),Spring,big_storm_days_per_window,El Nino,very strong,3,1.9865682836712288,1.7408534408259584,0.24571484284527045,14.114619707945637
Wasatch (Alta/Snowbird/Park City),Spring,big_storm_days_per_window,El Nino,weak,6,1.4474244976317714,1.7408534408259584,-0.293428943194187,-16.855465044488056
Wasatch (Alta/Snowbird/Park City),Spring,big_storm_days_per_window,La Nina,moderate,4,1.3291049585444692,1.7408534408259584,-0.4117484822814892,-23.65210491735207
Wasatch (Alta/Snowbird/Park City),Spring,big_storm_days_per_window,La Nina,strong,5,1.9031349708319318,1.7408534408259584,0.16228153000597345,9.321952451607759
Wasatch (Alta/Snowbird/Park City),Spring,big_storm_days_per_window,La Nina,weak,7,2.813226458044032,1.7408534408259584,1.0723730172180734,61.600419200669734
Wasatch (Alta/Snowbird/Park City),Spring,big_storm_days_per_window,Neutral,neutral,16,1.4685707006930484,1.7408534408259584,-0.27228274013291,-15.640761809548069
White Mtns AZ (Sunrise Park),Early season,big_storm_days_per_window,El Nino,moderate,4,0.6224760404358671,0.47234386857206034,0.15013217186380678,31.784507400862505
White Mtns AZ (Sunrise Park),Early season,big_storm_days_per_window,El Nino,strong,3,0.790090063224144,0.47234386857206034,0.31774619465208365,67.27010040643908
White Mtns AZ (Sunrise Park),Early season,big_storm_days_per_window,El Nino,very strong,3,1.0376950812678356,0.47234386857206034,0.5653512126957753,119.69060049511911
White Mtns AZ (Sunrise Park),Early season,big_storm_days_per_window,El Nino,weak,5,0.4767739588170728,0.47234386857206034,0.004430090245012452,0.937895152191777
White Mtns AZ (Sunrise Park),Early season,big_storm_days_per_window,La Nina,moderate,4,0.5978620232859988,0.47234386857206034,0.12551815471393846,26.573469682879885
White Mtns AZ (Sunrise Park),Early season,big_storm_days_per_window,La Nina,strong,5,0.5313448431451707,0.47234386857206034,0.059000974573110376,12.491106267871293
White Mtns AZ (Sunrise Park),Early season,big_storm_days_per_window,La Nina,weak,7,0.25863893252058345,0.47234386857206034,-0.2137049360514769,-45.24350801832718
White Mtns AZ (Sunrise Park),Early season,big_storm_days_per_window,Neutral,neutral,15,0.30080291523307184,0.47234386857206034,-0.1715409533389885,-36.3169641341112
White Mtns AZ (Sunrise Park),Holidays,big_storm_days_per_window,El Nino,moderate,4,0.42373398351117036,0.4361380113087586,-0.012404027797588257,-2.8440602460598132
White Mtns AZ (Sunrise Park),Holidays,big_storm_days_per_window,El Nino,strong,3,0.5511188835940498,0.4361380113087586,0.11498087228529119,26.363414631129658
White Mtns AZ (Sunrise Park),Holidays,big_storm_days_per_window,El Nino,very strong,3,0.5341907339968156,0.4361380113087586,0.09805272268805698,22.48204012161686
White Mtns AZ (Sunrise Park),Holidays,big_storm_days_per_window,El Nino,weak,5,0.5794155193068422,0.4361380113087586,0.1432775079980836,32.851414984017985
White Mtns AZ (Sunrise Park),Holidays,big_storm_days_per_window,La Nina,moderate,4,0.2321583300512012,0.4361380113087586,-0.20397968125755742,-46.76952615193003
White Mtns AZ (Sunrise Park),Holidays,big_storm_days_per_window,La Nina,strong,5,0.3174251869713419,0.4361380113087586,-0.1187128243374167,-27.219096079514927
White Mtns AZ (Sunrise Park),Holidays,big_storm_days_per_window,La Nina,weak,7,0.6600769957310929,0.4361380113087586,0.2239389844223343,51.345899374911255
White Mtns AZ (Sunrise Park),Holidays,big_storm_days_per_window,Neutral,neutral,15,0.33854052744481616,0.4361380113087586,-0.09759748386394246,-22.377660587544963
White Mtns AZ (Sunrise Park),Midwinter,big_storm_days_per_window,El Nino,moderate,4,1.5516012182923176,0.9305694663784405,0.621031751913877,66.73674286034635
White Mtns AZ (Sunrise Park),Midwinter,big_storm_days_per_window,El Nino,strong,3,1.6906335054967714,0.9305694663784405,0.7600640391183309,81.67730261732345
White Mtns AZ (Sunrise Park),Midwinter,big_storm_days_per_window,El Nino,very strong,3,0.8619162293328778,0.9305694663784405,-0.0686532370455627,-7.377551007851686
White Mtns AZ (Sunrise Park),Midwinter,big_storm_days_per_window,El Nino,weak,5,0.6810154796253599,0.9305694663784405,-0.2495539867530806,-26.81734096910428
White Mtns AZ (Sunrise Park),Midwinter,big_storm_days_per_window,La Nina,moderate,4,0.6684981992744387,0.9305694663784405,-0.26207126710400186,-28.162461435998125
White Mtns AZ (Sunrise Park),Midwinter,big_storm_days_per_window,La Nina,strong,5,0.8154349010268938,0.9305694663784405,-0.11513456535154676,-12.372484753838277
White Mtns AZ (Sunrise Park),Midwinter,big_storm_days_per_window,La Nina,weak,7,0.36895834645859915,0.9305694663784405,-0.5616111199198414,-60.35133756381465
White Mtns AZ (Sunrise Park),Midwinter,big_storm_days_per_window,Neutral,neutral,15,1.0802125500120556,0.9305694663784405,0.14964308363361511,16.08080740237385
White Mtns AZ (Sunrise Park),Spring,big_storm_days_per_window,El Nino,moderate,4,0.28177499761435404,0.4217920919075495,-0.14001709429319548,-33.19576089252169
White Mtns AZ (Sunrise Park),Spring,big_storm_days_per_window,El Nino,strong,3,0.4019496846385375,0.4217920919075495,-0.01984240726901204,-4.704309931292215
White Mtns AZ (Sunrise Park),Spring,big_storm_days_per_window,El Nino,very strong,3,1.0864034369517352,0.4217920919075495,0.6646113450441857,157.56846982087526
White Mtns AZ (Sunrise Park),Spring,big_storm_days_per_window,El Nino,weak,5,0.2060477660380901,0.4217920919075495,-0.2157443258694594,-51.149447798738564
White Mtns AZ (Sunrise Park),Spring,big_storm_days_per_window,La Nina,moderate,4,0.18744259009891645,0.4217920919075495,-0.23434950180863307,-55.560430435950174
White Mtns AZ (Sunrise Park),Spring,big_storm_days_per_window,La Nina,strong,5,0.5992685511967691,0.4217920919075495,0.17747645928921962,42.07676310065097
White Mtns AZ (Sunrise Park),Spring,big_storm_days_per_window,La Nina,weak,7,0.5117556010941858,0.4217920919075495,0.08996350918663631,21.328875271173878
White Mtns AZ (Sunrise Park),Spring,big_storm_days_per_window,Neutral,neutral,15,0.36344238121931866,0.4217920919075495,-0.05834971068823086,-13.833761184176076
Whitefish & Flathead Range,Early season,big_storm_days_per_window,El Nino,moderate,4,0.750380751998343,1.306803831512393,-0.5564230795140501,-42.57892930035944
Whitefish & Flathead Range,Early season,big_storm_days_per_window,El Nino,strong,3,0.8489648750777657,1.306803831512393,-0.45783895643462735,-35.03501791120096
Whitefish & Flathead Range,Early season,big_storm_days_per_window,El Nino,very strong,3,1.0924858539080835,1.306803831512393,-0.2143179776043096,-16.400164465103735
Whitefish & Flathead Range,Early season,big_storm_days_per_window,El Nino,weak,8,1.511923522384172,1.306803831512393,0.20511969087177895,15.696287837967951
Whitefish & Flathead Range,Early season,big_storm_days_per_window,La Nina,moderate,4,1.2159373607731991,1.306803831512393,-0.09086647073919396,-6.95333672491855
Whitefish & Flathead Range,Early season,big_storm_days_per_window,La Nina,strong,6,1.7232095016605806,1.306803831512393,0.4164056701481875,31.86443597018475
Whitefish & Flathead Range,Early season,big_storm_days_per_window,La Nina,weak,8,0.9265532799446485,1.306803831512393,-0.38025055156774457,-29.09775303671035
Whitefish & Flathead Range,Early season,big_storm_days_per_window,Neutral,neutral,16,1.5260689482504166,1.306803831512393,0.2192651167380235,16.778732312428495
Whitefish & Flathead Range,Holidays,big_storm_days_per_window,El Nino,moderate,4,0.3124115840233087,0.6538291420564414,-0.3414175580331327,-52.21816160706707
Whitefish & Flathead Range,Holidays,big_storm_days_per_window,El Nino,strong,3,0.33724350112493556,0.6538291420564414,-0.3165856409315058,-48.420240177085404
Whitefish & Flathead Range,Holidays,big_storm_days_per_window,El Nino,very strong,3,0.8093331156035548,0.6538291420564414,0.15550397354711343,23.783579462062225
Whitefish & Flathead Range,Holidays,big_storm_days_per_window,El Nino,weak,8,0.6727448891231749,0.6538291420564414,0.01891574706673349,2.893071882241156
Whitefish & Flathead Range,Holidays,big_storm_days_per_window,La Nina,moderate,4,0.5975965605009694,0.6538291420564414,-0.05623258155547195,-8.600500947175235
Whitefish & Flathead Range,Holidays,big_storm_days_per_window,La Nina,strong,6,0.7078701228047835,0.6538291420564414,0.05404098074834207,8.265306220271997
Whitefish & Flathead Range,Holidays,big_storm_days_per_window,La Nina,weak,8,0.9350185593982218,0.6538291420564414,0.2811894173417804,43.00655924533674
Whitefish & Flathead Range,Holidays,big_storm_days_per_window,Neutral,neutral,16,0.6131265396032808,0.6538291420564414,-0.0407026024531606,-6.225265873763543
Whitefish & Flathead Range,Midwinter,big_storm_days_per_window,El Nino,moderate,4,0.857009750010832,1.5499859899638286,-0.6929762399529966,-44.708548621730976
Whitefish & Flathead Range,Midwinter,big_storm_days_per_window,El Nino,strong,3,0.876397959917656,1.5499859899638286,-0.6735880300461726,-43.457685063456076
Whitefish & Flathead Range,Midwinter,big_storm_days_per_window,El Nino,very strong,3,1.2242727459135747,1.5499859899638286,-0.3257132440502539,-21.01394762012365
Whitefish & Flathead Range,Midwinter,big_storm_days_per_window,El Nino,weak,8,0.932075055896076,1.5499859899638286,-0.6179109340677527,-39.86558188710936
Whitefish & Flathead Range,Midwinter,big_storm_days_per_window,La Nina,moderate,4,1.5988998984898344,1.5499859899638286,0.048913908526005745,3.155764558049149
Whitefish & Flathead Range,Midwinter,big_storm_days_per_window,La Nina,strong,6,2.1176430207194823,1.5499859899638286,0.5676570307556537,36.62336527112099
Whitefish & Flathead Range,Midwinter,big_storm_days_per_window,La Nina,weak,8,2.1966262538545216,1.5499859899638286,0.646640263890693,41.719103790466086
Whitefish & Flathead Range,Midwinter,big_storm_days_per_window,Neutral,neutral,16,1.671134510268817,1.5499859899638286,0.12114852030498846,7.816104215742985
Whitefish & Flathead Range,Spring,big_storm_days_per_window,El Nino,moderate,4,0.922466506568249,0.705875522600617,0.216590983967632,30.684019637011655
Whitefish & Flathead Range,Spring,big_storm_days_per_window,El Nino,strong,3,0.5293477915337251,0.705875522600617,-0.1765277310668919,-25.008337223044766
Whitefish & Flathead Range,Spring,big_storm_days_per_window,El Nino,very strong,3,0.8750867675199309,0.705875522600617,0.16921124491931383,23.971824989184846
Whitefish & Flathead Range,Spring,big_storm_days_per_window,El Nino,weak,8,0.5805308701462016,0.705875522600617,-0.1253446524544154,-17.757330923250493
Whitefish & Flathead Range,Spring,big_storm_days_per_window,La Nina,moderate,4,0.596108578731095,0.705875522600617,-0.10976694386952202,-15.550467519416726
Whitefish & Flathead Range,Spring,big_storm_days_per_window,La Nina,strong,6,0.648036830133013,0.705875522600617,-0.05783869246760398,-8.193894052950323
Whitefish & Flathead Range,Spring,big_storm_days_per_window,La Nina,weak,8,0.6123474164476568,0.705875522600617,-0.09352810615296026,-13.249943248971146
Whitefish & Flathead Range,Spring,big_storm_days_per_window,Neutral,neutral,16,0.8116672427077997,0.705875522600617,0.10579172010718263,14.987305370417182
Wind River Range,Early season,big_storm_days_per_window,El Nino,moderate,4,0.42132155653501335,0.6097281593366671,-0.18840660280165378,-30.900098661446812
Wind River Range,Early season,big_storm_days_per_window,El Nino,strong,3,0.48499805204693763,0.6097281593366671,-0.1247301072897295,-20.45667489351736
Wind River Range,Early season,big_storm_days_per_window,El Nino,very strong,3,0.19880805836740686,0.6097281593366671,-0.41092010096926024,-67.39398446289682
Wind River Range,Early season,big_storm_days_per_window,El Nino,weak,6,0.6293801952001562,0.6097281593366671,0.01965203586348907,3.223081558980125
Wind River Range,Early season,big_storm_days_per_window,La Nina,moderate,4,0.7527398818071673,0.6097281593366671,0.1430117224705002,23.454997162355912
Wind River Range,Early season,big_storm_days_per_window,La Nina,strong,5,0.47899599994185643,0.6097281593366671,-0.1307321593948107,-21.44105654182616
Wind River Range,Early season,big_storm_days_per_window,La Nina,weak,7,0.4920070187906606,0.6097281593366671,-0.11772114054600652,-19.307151677901377
Wind River Range,Early season,big_storm_days_per_window,Neutral,neutral,16,0.8064985788189639,0.6097281593366671,0.1967704194822968,32.27182744788537
Wind River Range,Holidays,big_storm_days_per_window,El Nino,moderate,4,0.18090800101340515,0.32575497937783277,-0.14484697836442761,-44.46500822215345
Wind River Range,Holidays,big_storm_days_per_window,El Nino,strong,3,0.0,0.32575497937783277,-0.32575497937783277,-100.0
Wind River Range,Holidays,big_storm_days_per_window,El Nino,very strong,3,0.3177232787279079,0.32575497937783277,-0.008031700649924867,-2.4655649670389703
Wind River Range,Holidays,big_storm_days_per_window,El Nino,weak,6,0.2899161026521649,0.32575497937783277,-0.03583887672566788,-11.001789379894486
Wind River Range,Holidays,big_storm_days_per_window,La Nina,moderate,4,0.17868225169052823,0.32575497937783277,-0.14707272768730453,-45.14826694842923
Wind River Range,Holidays,big_storm_days_per_window,La Nina,strong,5,0.43770410327391185,0.32575497937783277,0.11194912389607908,34.36605147522024
Wind River Range,Holidays,big_storm_days_per_window,La Nina,weak,7,0.43196518645954585,0.32575497937783277,0.10621020708171308,32.604323434922314
Wind River Range,Holidays,big_storm_days_per_window,Neutral,neutral,16,0.39330842035232166,0.32575497937783277,0.0675534409744889,20.737500652641085
Wind River Range,Midwinter,big_storm_days_per_window,El Nino,moderate,4,0.7637311156654104,0.8417832987963173,-0.0780521831309069,-9.272241827857034
Wind River Range,Midwinter,big_storm_days_per_window,El Nino,strong,3,0.26363260839319635,0.8417832987963173,-0.578150690403121,-68.68165372606349
Wind River Range,Midwinter,big_storm_days_per_window,El Nino,very strong,3,0.7306018636781179,0.8417832987963173,-0.11118143511819945,-13.207845211134504
Wind River Range,Midwinter,big_storm_days_per_window,El Nino,weak,6,0.7628226659273235,0.8417832987963173,-0.0789606328689938,-9.38016149547053
Wind River Range,Midwinter,big_storm_days_per_window,La Nina,moderate,4,0.8488437990194784,0.8417832987963173,0.00706050022316107,0.8387550849793551
Wind River Range,Midwinter,big_storm_days_per_window,La Nina,strong,5,1.001220417926726,0.8417832987963173,0.1594371191304086,18.940399430398642
Wind River Range,Midwinter,big_storm_days_per_window,La Nina,weak,7,0.3326197501599556,0.8417832987963173,-0.5091635486363617,-60.4862972886757
Wind River Range,Midwinter,big_storm_days_per_window,Neutral,neutral,16,1.1913261831845292,0.8417832987963173,0.3495428843882119,41.52409353904149
Wind River Range,Spring,big_storm_days_per_window,El Nino,moderate,4,0.6560362873523465,0.6192415394153273,0.0367947479370192,5.941905636976469
Wind River Range,Spring,big_storm_days_per_window,El Nino,strong,3,0.7943234607577976,0.6192415394153273,0.17508192134247025,28.27360734032447
Wind River Range,Spring,big_storm_days_per_window,El Nino,very strong,3,1.2145396501312387,0.6192415394153273,0.5952981107159113,96.13342659117752
Wind River Range,Spring,big_storm_days_per_window,El Nino,weak,6,0.5612181991957358,0.6192415394153273,-0.058023340219591546,-9.370065883237704
Wind River Range,Spring,big_storm_days_per_window,La Nina,moderate,4,0.233375990018326,0.6192415394153273,-0.38586554939700135,-62.312607413470054
Wind River Range,Spring,big_storm_days_per_window,La Nina,strong,5,0.4309919552694472,0.6192415394153273,-0.1882495841458801,-30.400025218531162
Wind River Range,Spring,big_storm_days_per_window,La Nina,weak,7,0.4279998728383233,0.6192415394153273,-0.19124166657700403,-30.8832102506511
Wind River Range,Spring,big_storm_days_per_window,Neutral,neutral,16,0.7263179605247501,0.6192415394153273,0.10707642110942273,17.291543653631773
