metric,metric_label,region,window,states,climate,n_winters,n_stations,r,r2,signed_r2,bh_r_mean,bh_r_sd,bh_r2_mean,bh_r2_sd,sig_2sigma,sig_2sigma_cal,p_perm,mean_nino,mean_nina,n_nino,n_nina,r2_phase,r2_index,r2_strength_gain,r2_within_nino,r2_within_nina,slope_within_nino,fdr_significant,n_tests
mean_swe,Base (mean SWE in window),Missoula ranges (Montana Snowbowl),Spring,MT,transitional,46,7,-0.5198481495908532,0.2702420986330341,-0.2702420986330341,-0.5209032602130156,0.04017188717453489,0.2729539870197122,0.0418513339962493,True,True,0.0001999600079984003,-0.6844443045372084,0.3564761076785038,15,16,0.2510053488159296,0.2702420986330341,0.019236749817104493,0.03672104254511946,0.12899880454349913,-0.14729684789591788,True,971
mean_swe,Base (mean SWE in window),Mt Hood,Spring,OR,maritime,48,10,-0.48437763457960703,0.23462169288093532,-0.23462169288093532,-0.4846477895548056,0.053112476648528,0.23770441509609955,0.05148168881098065,True,True,0.0001999600079984003,-0.5530885008848343,0.5852924339117279,16,16,0.256676101596949,0.23462169288093532,-0.022054408716013663,0.030964788708819326,0.45917533651277254,0.192495117063363,True,971
big_storm_days,Powder days per 30 (>= 6 in of new snow),Missoula ranges (Montana Snowbowl),Midwinter,MT,transitional,46,7,-0.5601898793241676,0.3138127008972255,-0.3138127008972255,-0.5614870071015545,0.039877995562254985,0.31685791367392435,0.04478195275491925,True,True,0.0001999600079984003,-0.5125340150754805,0.46437451602833213,15,16,0.3536855935715435,0.3138127008972255,-0.03987289267431798,0.04850977278008456,0.007418086163972914,-0.1465864257304412,True,971
mean_swe,Base (mean SWE in window),Bitterroots (Lost Trail),Spring,MT+ID,transitional,59,12,-0.4581193567972669,0.20987334507234154,-0.20987334507234154,-0.4592431436891151,0.04036586525728929,0.21253366810343086,0.03707549371697753,True,True,0.0001999600079984003,-0.4589068328977975,0.533907609223922,20,22,0.19730194768702025,0.20987334507234154,0.012571397385321287,1.4488066382610264e-05,0.0689862806762427,-0.004643385592630534,True,971
mean_swe,Base (mean SWE in window),White Mtns AZ (Sunrise Park),Spring,AZ,continental,46,7,0.48907503351082326,0.2391943884036129,0.2391943884036129,0.488614321451002,0.06554146968920986,0.2430396393760447,0.06404900147818939,True,True,0.0003999200159968006,0.5571928809137474,-0.35989042623651,15,16,0.17623372476756682,0.2391943884036129,0.06296066363604608,0.12449443272559263,0.02751881284620467,0.5713953785216009,True,971
mean_swe,Base (mean SWE in window),Jemez (Pajarito),Spring,NM,continental,46,7,0.4825273470563014,0.23283264065719234,0.23283264065719234,0.48348530086809977,0.06166626782099762,0.23756076474248797,0.059629468101695705,True,True,0.0003999200159968006,0.6420474958659751,-0.25988671364129784,15,16,0.2513809786813591,0.23283264065719234,-0.018548338024166777,0.027380690956307734,0.0760353190924403,0.17564700267942465,True,971
days_with_base,Days per 30 with a skiable base,S Sangre de Cristo (Santa Fe),Spring,NM,continental,46,4,0.5352475394647541,0.28648992850307353,0.28648992850307353,0.5351796560387674,0.05543502730661151,0.28949030649025814,0.05933539769290405,True,True,0.0003999200159968006,0.6407375868571581,-0.3193998206367691,15,16,0.2769762230334628,0.28648992850307353,0.009513705469610723,0.07334006069811497,0.03330121017931678,0.21857190967588433,True,971
new_snow_in_total,Total new snow in the window (in),Bighorn Mtns (Meadowlark),Holidays,WY,continental,48,13,-0.49768974639579777,0.2476950836675135,-0.2476950836675135,-0.49728880687357635,0.05573124222204873,0.2504021288013578,0.05542904590036979,True,True,0.0003999200159968006,-0.5684924581203639,0.2788777964780533,16,16,0.28443914703235695,0.2476950836675135,-0.036744063364843454,0.017613513706330408,0.2366262785706273,-0.1428633527634028,True,971
days_with_base,Days per 30 with a skiable base,Missoula ranges (Montana Snowbowl),Spring,MT,transitional,46,4,-0.5718992861816337,0.32706879353506213,-0.32706879353506213,-0.5723862576179708,0.04309631577371757,0.329483320343174,0.04933547780568105,True,True,0.0003999200159968006,-0.5397753857215869,0.3480149923766249,15,16,0.31050934966456234,0.32706879353506213,0.01655944387049979,0.03668771171788339,0.12376902460984607,-0.2092352422805123,True,971
storm_days,Storm days per 30 (>= 2 in of new snow),Central Cascades (Stevens/Snoqualmie),Spring,WA,maritime,45,19,-0.4912298484567163,0.24130676401480847,-0.24130676401480847,-0.49091695288537796,0.04437569991412229,0.24296865737313264,0.04356956676799369,True,True,0.0005998800239952009,-0.5184479085817908,0.3960141553522746,15,16,0.23590213422766904,0.24130676401480847,0.005404629787139431,0.0010612955340898941,0.08220122147412694,-0.027765984172972664,True,971
mean_swe,Base (mean SWE in window),Coeur d'Alenes (Silver/Lookout),Spring,ID+MT,transitional,44,7,-0.5022280224010688,0.25223298648488846,-0.25223298648488846,-0.5048578488287188,0.04746961435337913,0.25713481181082,0.04793081477435172,True,True,0.0007998400319936012,-0.6730101615422991,0.4183306979695578,15,16,0.2865137388047687,0.25223298648488846,-0.03428075231988026,0.07481744972002473,0.29088626047413585,0.26834631197508907,True,971
days_with_base,Days per 30 with a skiable base,Missoula ranges (Montana Snowbowl),Midwinter,MT,transitional,46,7,-0.5009101409467868,0.2509109693033298,-0.2509109693033298,-0.5009860708495963,0.04786731114672103,0.2532783226617338,0.04796171226706171,True,True,0.0007998400319936012,-0.43875999548871936,0.21877141465160993,15,16,0.21717245249635408,0.2509109693033298,0.033738516806975705,0.06482860316775571,0.07154514741731666,-0.2733448931000295,True,971
mean_depth,Base (mean snow depth),Missoula ranges (Montana Snowbowl),Spring,MT,transitional,25,7,-0.6099921659987643,0.37209044257986396,-0.37209044257986396,-0.6097083169620581,0.046743846051800694,0.37392921891641995,0.05700022340915389,True,True,0.0009998000399920016,-0.6531601686536463,0.6415594811206025,9,9,0.37160336897142465,0.37209044257986396,0.0004870736084393035,0.027621885895313263,0.05246917942940071,-0.17890044138869649,True,971
mean_swe,Base (mean SWE in window),S Sangre de Cristo (Santa Fe),Spring,NM,continental,46,6,0.47265941103573145,0.22340691884064454,0.22340691884064454,0.47244291074074224,0.0534638250937642,0.22606068450284156,0.05051721029326379,True,True,0.0009998000399920016,0.6489821603383209,-0.24966663593693827,15,16,0.25143709255449265,0.22340691884064454,-0.02803017371384811,0.04357460596168572,0.03369703528394032,0.2041065796578651,True,971
days_with_base,Days per 30 with a skiable base,Jemez (Pajarito),Spring,NM,continental,46,6,0.4584699823237018,0.21019472469189543,0.21019472469189543,0.4596841109041091,0.06372526254619401,0.21537039090428262,0.058586981311356236,True,True,0.0009998000399920016,0.5683708073977922,-0.2673609688097533,15,16,0.24106787397473894,0.21019472469189543,-0.030873149282843515,0.010591682201712912,0.02969483927045289,0.09935396329846925,True,971
new_snow_in_total,Total new snow in the window (in),Missoula ranges (Montana Snowbowl),Midwinter,MT,transitional,46,7,-0.46196082189881876,0.21340780096943215,-0.21340780096943215,-0.4624155171172325,0.04792655101557795,0.21612506476304635,0.04432396174302781,True,True,0.0011997600479904018,-0.5549899996037947,0.31940047911117664,15,16,0.18059238010035805,0.21340780096943215,0.0328154208690741,0.02790377659755875,0.11461864964827087,-0.18577453419574858,True,971
storm_days,Storm days per 30 (>= 2 in of new snow),Park Range (Steamboat),Holidays,CO,continental,47,15,-0.4739950118299046,0.2246712712396314,-0.2246712712396314,-0.4764216254375329,0.053806746199104354,0.22987273112107573,0.051269394967364185,True,True,0.0013997200559888023,-0.5754232847081842,0.4023918005947529,16,16,0.21954276768225311,0.2246712712396314,0.005128503557378289,0.06998935469825696,0.041347390446164714,-0.22257052517651715,True,971
new_snow_in_total,Total new snow in the window (in),S Sangre de Cristo (Santa Fe),Early season,NM,continental,46,6,0.4685445493540744,0.21953399472941268,0.21953399472941268,0.4673834228312564,0.0590298647909029,0.22193178887469328,0.05517916051047693,True,True,0.0013997200559888023,0.5756193652277308,-0.3897309920662378,15,16,0.2214523108213644,0.21953399472941268,-0.0019183160919517273,0.13915006553795836,0.001950465293233617,0.4089922527643886,True,971
storm_days,Storm days per 30 (>= 2 in of new snow),Bighorn Mtns (Meadowlark),Holidays,WY,continental,48,13,-0.4439075892052628,0.19705394775402835,-0.19705394775402835,-0.4425634008467005,0.05757228318292693,0.1991769315598924,0.05095877087989089,True,True,0.0015996800639872025,-0.4703132708233385,0.21679690823749065,16,16,0.24412197798326318,0.19705394775402835,-0.047068030229234836,0.0027660805607882394,0.2021857175949868,-0.04718543912971122,True,971
mean_depth,Base (mean snow depth),Whitefish & Flathead Range,Spring,MT,transitional,25,10,-0.582760463990679,0.3396097583906315,-0.3396097583906315,-0.5839453558396944,0.04123964355614219,0.342692886807385,0.04816339666218722,True,True,0.0015996800639872025,-0.674626132153619,0.6202400490443739,9,9,0.40121322067242626,0.3396097583906315,-0.06160346228179475,0.028199369547986613,0.11946802197924679,0.17107989544868796,True,971
new_snow_in_total,Total new snow in the window (in),Jemez (Pajarito),Early season,NM,continental,46,7,0.47533082960089035,0.22593939756907067,0.22593939756907067,0.4735453555712786,0.06167635731746115,0.2280491768350798,0.058413105112476736,True,True,0.001799640071985603,0.5755404915242102,-0.3508094992270278,15,16,0.20448474947298467,0.22593939756907067,0.021454648096085993,0.2887179875234308,0.0019368037494774887,0.5994018140020242,True,971
mean_swe,Base (mean SWE in window),Madison & Gallatin (Big Sky),Spring,MT,continental,60,9,-0.38980027278173096,0.15194425266071188,-0.15194425266071188,-0.39023568113016754,0.04697476696572357,0.15449051555860982,0.036662460365600065,True,True,0.001999600079984003,-0.4059548068739505,0.39130268463709894,20,22,0.1580827148279046,0.15194425266071188,-0.006138462167192715,0.0056757577653184805,0.018282930935520615,0.08153999445988212,True,971
storm_days,Storm days per 30 (>= 2 in of new snow),S Sangre de Cristo (Santa Fe),Early season,NM,continental,46,6,0.43055772372224616,0.18537995345688205,0.18537995345688205,0.4282603430810732,0.06551754463469037,0.18769947011087718,0.056117132286164044,True,True,0.001999600079984003,0.471239477806168,-0.2707352558401353,15,16,0.14784686151307935,0.18537995345688205,0.03753309194380269,0.2582417706563672,0.0009523408558803744,0.6243920336955877,True,971
new_snow_in_total,Total new snow in the window (in),Central Cascades (Stevens/Snoqualmie),Spring,WA,maritime,45,19,-0.45279734223958895,0.20502543313923544,-0.20502543313923544,-0.4526652860618422,0.042721391935877796,0.20673097853438832,0.038676982203228405,True,True,0.0023995200959808036,-0.5075838345384595,0.36814300338758044,15,16,0.2005591401169261,0.20502543313923544,0.004466293022309331,0.003964651267456344,0.036800751607867006,-0.05678123129195021,True,971
big_storm_days,Powder days per 30 (>= 6 in of new snow),Coeur d'Alenes (Silver/Lookout),Midwinter,ID+MT,transitional,44,7,-0.46408572639634627,0.21537556144482436,-0.21537556144482436,-0.4661516105347601,0.057588702940572487,0.2206137827105282,0.05369013324871148,True,True,0.0023995200959808036,-0.40219379317083825,0.39441299590332174,15,16,0.21369192707871654,0.21537556144482436,0.001683634366107828,0.018139549380769972,0.1761043176895694,-0.09913605334031045,True,971
mean_depth,Base (mean snow depth),Missoula ranges (Montana Snowbowl),Midwinter,MT,transitional,25,7,-0.5979350953444965,0.3575263782446321,-0.3575263782446321,-0.5977526749162433,0.05584796156093525,0.3604272551800357,0.06676653682333716,True,True,0.002599480103979204,-0.5827960156777766,0.636381883206675,9,9,0.3549368489435627,0.3575263782446321,0.0025895293010694265,0.10487454793222904,0.02404928587759725,-0.4432058150352817,True,971
mean_swe,Base (mean SWE in window),Missoula ranges (Montana Snowbowl),Midwinter,MT,transitional,46,7,-0.4170304629157231,0.1739144069997023,-0.1739144069997023,-0.4199536822993081,0.050406797858875974,0.17890194054713376,0.04233704074750368,True,True,0.002599480103979204,-0.5170316128922271,0.306816808219037,15,16,0.15120275204050382,0.1739144069997023,0.02271165495919847,0.04856963841723372,0.09558107017783457,-0.19594262528331596,True,971
storm_days,Storm days per 30 (>= 2 in of new snow),Jemez (Pajarito),Early season,NM,continental,46,7,0.4496241470912122,0.20216187364750002,0.20216187364750002,0.447778167792172,0.06678764503782053,0.20496587708101247,0.05981209865237845,True,True,0.002599480103979204,0.4841307147265668,-0.2834918638767022,15,16,0.16345839859030709,0.20216187364750002,0.03870347505719293,0.34416481462352483,0.0011065062662749838,0.670045833948892,True,971
big_storm_days,Powder days per 30 (>= 6 in of new snow),Wind River Range,Spring,WY,continental,48,23,0.43605454052939474,0.19014356231630156,0.19014356231630156,0.4362299558470049,0.05757261517733524,0.19361118039663738,0.05022979875361111,True,True,0.002599480103979204,0.15743229607390996,-0.2789712279071882,16,16,0.17519161797392735,0.19014356231630156,0.014951944342374207,0.3895816586292377,0.003776314693949671,0.4130780417868665,True,971
mean_swe,Base (mean SWE in window),Central Cascades (Stevens/Snoqualmie),Spring,WA,maritime,45,19,-0.43699737352690404,0.1909667044694125,-0.1909667044694125,-0.43746055569171766,0.048638721002791145,0.19373746296689376,0.04255504383603086,True,True,0.002599480103979204,-0.5121731150908678,0.3881189508554811,15,16,0.21012856310415629,0.1909667044694125,-0.01916185863474379,0.050636808933117235,0.21786374646826098,0.25021600025092966,True,971
mean_swe,Base (mean SWE in window),Whitefish & Flathead Range,Spring,MT,transitional,52,9,-0.4040836960551079,0.16328363341755683,-0.16328363341755683,-0.4054977190677239,0.04216160720277283,0.16620600129104765,0.03419287110590741,True,True,0.0027994401119776045,-0.5471902160392778,0.3380461676925511,18,18,0.2173797916407907,0.16328363341755683,-0.05409615822323385,0.058167070571802676,0.11155686093463174,0.21762526507859134,True,971
mean_depth,Base (mean snow depth),Central Cascades (Stevens/Snoqualmie),Spring,WA,maritime,28,21,-0.5238025520136248,0.27436911349598614,-0.27436911349598614,-0.5272883798366198,0.05575958540282443,0.2811421668750223,0.058802762894833854,True,True,0.0027994401119776045,-0.7170253073616513,0.5572834796681531,9,12,0.3866569110051248,0.27436911349598614,-0.11228779750913864,0.10467366424081728,0.06622394234910706,0.4465303807732883,True,971
mean_swe,Base (mean SWE in window),Bitterroots (Lost Trail),Midwinter,MT+ID,transitional,59,12,-0.38402012700358507,0.1474714579438496,-0.1474714579438496,-0.38507345320311853,0.046475028640364395,0.150441492648897,0.035792599532517906,True,True,0.0027994401119776045,-0.33443512891810345,0.4718910636819716,20,22,0.1350894743580453,0.1474714579438496,0.012381983585804307,0.0002354740273832648,0.0879104470605062,-0.022816155890498308,True,971
new_snow_in_total,Total new snow in the window (in),Park Range (Steamboat),Holidays,CO,continental,47,15,-0.4310010412419904,0.1857618975516799,-0.1857618975516799,-0.43271867585760504,0.053316515059103,0.1900881032140066,0.04614210359543422,True,True,0.0027994401119776045,-0.5392161532720507,0.3896085349595418,16,16,0.1726819458794605,0.1857618975516799,0.013079951672219398,0.13297538429732614,0.007600510419601659,-0.35858016536616405,True,971
new_snow_in_total,Total new snow in the window (in),Snowy Range & Sierra Madre,Holidays,WY,continental,48,15,-0.41888375130949684,0.1754635971111164,-0.1754635971111164,-0.4201830525868567,0.049310794954778726,0.1789853521802814,0.04143912069916699,True,True,0.002999400119976005,-0.4992284020427757,0.38501870682519734,16,16,0.17069093379380718,0.1754635971111164,0.004772663317309217,0.16033211451892135,6.959227267698006e-08,-0.41268326731104266,True,971
days_with_base,Days per 30 with a skiable base,Whitefish & Flathead Range,Spring,MT,transitional,50,6,-0.42249477689970866,0.1785018365075346,-0.1785018365075346,-0.42282012210107206,0.04860324748692766,0.18113913131984102,0.04110086207386275,True,True,0.002999400119976005,-0.4902164881228843,0.43043778887509854,18,16,0.2574734885666027,0.1785018365075346,-0.07897165205906809,0.04258363492246274,0.14330541724623455,0.25544321879276277,True,971
mean_depth,Base (mean snow depth),S Sangre de Cristo (Santa Fe),Early season,NM,continental,25,6,0.5658958288163916,0.32023808907179074,0.32023808907179074,0.5643708281056744,0.0680428818458872,0.32314426538657803,0.07680283514811984,True,True,0.003199360127974405,0.611133679273772,-0.6308357903387952,9,9,0.36281559775097494,0.32023808907179074,-0.042577508679184195,0.04216287475515186,0.011986358898094433,0.27601456476355013,True,971
days_with_base,Days per 30 with a skiable base,Madison & Gallatin (Big Sky),Midwinter,MT,continental,60,8,-0.35913994450478387,0.12898149973889925,-0.12898149973889925,-0.3598379410603292,0.04931702655032961,0.13191551293430287,0.03549227458617639,True,True,0.003199360127974405,-0.35387386407890026,0.3650012866524422,20,22,0.18216451322838267,0.12898149973889925,-0.05318301348948343,0.03161173717930818,4.049812737092033e-05,0.22738565665959107,True,971
days_with_base,Days per 30 with a skiable base,White Mtns AZ (Sunrise Park),Spring,AZ,continental,46,6,0.4262983409446369,0.1817302754921499,0.1817302754921499,0.4268166031134982,0.05641544076931599,0.18535511465054166,0.04815809358462042,True,True,0.0033993201359728054,0.46793459412003696,-0.27064995963229066,15,16,0.14694891905486995,0.1817302754921499,0.03478135643727995,0.08026359595238444,0.0021688905688589267,0.45439459883391814,True,971
mean_swe,Base (mean SWE in window),Beartooth & Absaroka (Red Lodge),Spring,MT+WY,continental,53,11,-0.39475767434971293,0.155833621457994,-0.155833621457994,-0.3950865137328724,0.04488523448973538,0.1581080376087937,0.03546710162526407,True,True,0.003599280143971206,-0.38196530798873085,0.3403065663636692,18,19,0.12770289502616594,0.155833621457994,0.028130726431828068,0.019925050409097006,0.043228144888695384,-0.14150633520605724,True,971
storm_days,Storm days per 30 (>= 2 in of new snow),White Mtns AZ (Sunrise Park),Spring,AZ,continental,46,7,0.4173633693416557,0.1741921820682193,0.1741921820682193,0.416701067808204,0.07624394026387564,0.17945291833945884,0.06354186264372379,True,True,0.003599280143971206,0.3236034409926391,-0.3327680104907226,15,16,0.10416965306162063,0.1741921820682193,0.07002252900659867,0.19354520941702594,0.003564079313652436,0.7047025466229213,True,971
storm_days,Storm days per 30 (>= 2 in of new snow),Bitterroots (Lost Trail),Midwinter,MT+ID,transitional,59,12,-0.36200183964175137,0.13104533190401227,-0.13104533190401227,-0.3621768199649043,0.047200642260618784,0.1333999495497056,0.03418995702850397,True,True,0.003599280143971206,-0.334144739496415,0.30749393740336556,20,22,0.10521502222460644,0.13104533190401227,0.025830309679405833,0.03631698726815363,0.08485313242783124,-0.21290221507554372,True,971
new_snow_in_total,Total new snow in the window (in),Bitterroots (Lost Trail),Midwinter,MT+ID,transitional,59,12,-0.3823921188292272,0.14622373254270582,-0.14622373254270582,-0.38252923877596984,0.04273315822478093,0.1481547413303871,0.03269336497243705,True,True,0.003999200159968006,-0.38624470337860023,0.4061732030991738,20,22,0.13080994292947223,0.14622373254270582,0.015413789613233586,0.03441330685565514,0.02744532387877044,-0.2325770449147192,True,971
mean_depth,Base (mean snow depth),Bitterroots (Lost Trail),Midwinter,MT+ID,transitional,25,11,-0.5593105299730231,0.31282826893870397,-0.31282826893870397,-0.5617237687132365,0.06675992755473496,0.31999048026451504,0.07500127621013673,True,True,0.004399120175964807,-0.5499097531406384,0.5338360329325292,9,9,0.3017116533169901,0.31282826893870397,0.011116615621713843,0.014160754006854499,0.34099749856452205,-0.16126816575173075,True,971
storm_days,Storm days per 30 (>= 2 in of new snow),Snowy Range & Sierra Madre,Holidays,WY,continental,48,15,-0.4174320331005939,0.17424950225849534,-0.17424950225849534,-0.4190888107947323,0.049539003106306406,0.1780895441621096,0.041522483799557,True,True,0.004599080183963208,-0.47433170927739765,0.38514397761715363,16,16,0.1712549700378394,0.17424950225849534,0.002994532220655932,0.12246404844895599,0.010016428099846954,-0.33188588899159316,True,971
mean_swe,Base (mean SWE in window),Madison & Gallatin (Big Sky),Midwinter,MT,continental,60,9,-0.36097265004604495,0.13030125408126444,-0.13030125408126444,-0.3619695764482014,0.04433160959283685,0.132987265883182,0.032093387895172354,True,True,0.004599080183963208,-0.38518083792711183,0.3838763630890945,20,22,0.1466581749423851,0.13030125408126444,-0.016356920861120644,0.004237331004177918,0.0004314362823092992,0.07435925511066008,True,971
mean_depth,Base (mean snow depth),Whitefish & Flathead Range,Midwinter,MT,transitional,25,10,-0.5505869872261202,0.30314603050273586,-0.30314603050273586,-0.5516951467840356,0.05574602292444721,0.30747515405695164,0.06150962059985824,True,True,0.004799040191961607,-0.5458516063962993,0.5062682581382058,9,9,0.3123465689014796,0.30314603050273586,-0.00920053839874374,0.0011524477032708587,0.29865494142956267,-0.04165951649620491,True,971
storm_days,Storm days per 30 (>= 2 in of new snow),Chugach (Alyeska),Holidays,AK,maritime,43,7,0.41550731687675674,0.17264633037812155,0.17264633037812155,0.41523281889478997,0.06214464397968814,0.17628025066267564,0.05160899139779809,True,True,0.004799040191961607,0.5078800677196914,-0.24497488995045377,15,15,0.20140993848767763,0.17264633037812155,-0.028763608109556082,0.003671302731310169,0.004281601126136752,0.07327215771541004,True,971
storm_days,Storm days per 30 (>= 2 in of new snow),S Washington Cascades (Crystal/White Pass),Spring,WA,maritime,45,19,-0.400848651270337,0.16067964122524822,-0.16067964122524822,-0.3998240525176144,0.0531352187793133,0.16268262444633355,0.04248947700751018,True,True,0.004799040191961607,-0.4038041291797111,0.31157864683397585,15,16,0.14941813964712447,0.16067964122524822,0.01126150157812375,0.0022051723428442587,0.1070561751509805,-0.04669435734741852,True,971
mean_depth,Base (mean snow depth),Selkirks (Schweitzer),Spring,ID,transitional,25,7,-0.5400349264239438,0.2916377217577144,-0.2916377217577144,-0.5440577942181128,0.05510940054742886,0.2990359294781754,0.05996539780503322,True,True,0.005198960207958408,-0.5962105686591213,0.7004990066937112,9,9,0.4195993227161985,0.2916377217577144,-0.12796160095848408,0.05698518670954767,0.07764697958041525,0.29315021036755157,True,971
mean_depth,Base (mean snow depth),Mt Hood,Spring,OR,maritime,29,10,-0.49726201994577235,0.2472695164805497,-0.2472695164805497,-0.4985911747701577,0.05827913760027021,0.25198961743811715,0.058114927361420786,True,True,0.005198960207958408,-0.6743248169209909,0.6136920648024179,10,12,0.3448950541069815,0.2472695164805497,-0.09762553762643181,0.13608133982889475,0.1922115985562288,0.4303834962729388,True,971
mean_swe,Base (mean SWE in window),Jemez (Pajarito),Midwinter,NM,continental,46,7,0.3959421586812059,0.15677019302113324,0.15677019302113324,0.39592174378094097,0.05695743162393926,0.15999817621573678,0.045101371299667486,True,True,0.005598880223955209,0.5914453473705397,-0.17217099741410297,15,16,0.20894072142896924,0.15677019302113324,-0.05217052840783601,0.05945493758408856,0.01456320472008345,0.1877501609463513,False,971
mean_depth,Base (mean snow depth),North Cascades (Mt Baker),Spring,WA,maritime,25,7,-0.5340665842651146,0.2852271164286067,-0.2852271164286067,-0.540240908122203,0.05342397855266111,0.29471436029309783,0.057723637377581474,True,True,0.00599880023995201,-0.7365523193207691,0.6758544245063314,9,9,0.43428053235675923,0.2852271164286067,-0.14905341592815252,0.0682165338866801,0.023733342794013575,0.3805719029832648,False,971
new_snow_in_total,Total new snow in the window (in),Mt Hood,Spring,OR,maritime,48,10,-0.3806824556683781,0.14491913205370666,-0.14491913205370666,-0.37982298475362664,0.0556773153167881,0.14736546318803873,0.04229504817338254,True,True,0.0061987602479504095,-0.3276762316194561,0.4929511396780097,16,16,0.1612046469088415,0.14491913205370666,-0.016285514855134853,0.014477056666461522,0.022035403414204832,-0.1439804633513393,False,971
storm_days,Storm days per 30 (>= 2 in of new snow),S Sangre de Cristo (Santa Fe),Spring,NM,continental,46,6,0.3976309439796539,0.15811036761015063,0.15811036761015063,0.39787046555290734,0.08824173264108853,0.16608751073878858,0.07021755849421014,True,True,0.0061987602479504095,0.37839850832432326,-0.2043073388882315,15,16,0.09810363285037149,0.15811036761015063,0.060006734759779135,0.09242389633728312,0.051876568267446244,0.46789896540558135,False,971
days_with_base,Days per 30 with a skiable base,Madison & Gallatin (Big Sky),Spring,MT,continental,60,7,-0.3387198587784368,0.11473114273088417,-0.11473114273088417,-0.34699349914454897,0.050856463324704344,0.12299086831047511,0.035293724326311164,True,True,0.00639872025594881,-0.3553296222425059,0.24237686670400535,20,22,0.1597910652185588,0.11473114273088417,-0.045059922487674625,0.006694164790117179,0.010270656135442072,0.1271821721512809,False,971
days_with_base,Days per 30 with a skiable base,Bitterroots (Lost Trail),Midwinter,MT+ID,transitional,59,12,-0.3459533180602323,0.11968369827688423,-0.11968369827688423,-0.3471019201216684,0.04619951682181118,0.12261413830671788,0.03207188199508796,True,True,0.006798640271945611,-0.2888017448031219,0.2967921231172039,20,22,0.1261255936748168,0.11968369827688423,-0.006441895397932565,0.00399907686792829,0.05587234882902478,0.0868048273348902,False,971
storm_days,Storm days per 30 (>= 2 in of new snow),Mt Hood,Spring,OR,maritime,48,10,-0.39274483760260576,0.15424850746349716,-0.15424850746349716,-0.3920961212322718,0.057638118810441785,0.15706152102539897,0.045199365641398134,True,True,0.006998600279944011,-0.33577276792135735,0.48754070446452247,16,16,0.17005979312318542,0.15424850746349716,-0.015811285659688257,0.005817776463786847,0.058121454975656635,-0.081687783449285,False,971
days_with_base,Days per 30 with a skiable base,Coeur d'Alenes (Silver/Lookout),Midwinter,ID+MT,transitional,43,6,-0.41155970707857303,0.16938139249060083,-0.16938139249060083,-0.4125744635754241,0.06055134272781168,0.17388415310068986,0.049963875489397125,True,True,0.007398520295940812,-0.45526095056738985,0.38525758423287765,15,15,0.21887530876865624,0.16938139249060083,-0.04949391627805541,0.01202328329911265,0.0560341452020103,0.14435916824276343,False,971
new_snow_in_total,Total new snow in the window (in),S Sangre de Cristo (Santa Fe),Spring,NM,continental,46,6,0.38684659307860975,0.14965028657652749,0.14965028657652749,0.38900380746384633,0.08513670851300636,0.15857222135779783,0.06623700753299827,True,True,0.007598480303939212,0.35486079065863063,-0.2155405449697197,15,16,0.08549062014653441,0.14965028657652749,0.06415966642999307,0.08561600315792808,0.08525245296013396,0.4310286056923351,False,971
mean_swe,Base (mean SWE in window),S Sangre de Cristo (Santa Fe),Holidays,NM,continental,46,6,0.3962302171207033,0.15699838495951965,0.15699838495951965,0.39561551187764055,0.06441794814328743,0.16066130528119882,0.05096947905762792,True,True,0.007998400319936013,0.5387403595203855,-0.21505764637570862,15,16,0.18262660797585417,0.15699838495951965,-0.025628223016334523,0.1732271906401779,0.01109490210543344,0.3891394053049319,False,971
mean_swe,Base (mean SWE in window),Central Oregon (Mt Bachelor),Spring,OR,transitional,46,9,-0.3827353284604628,0.14648633165173836,-0.14648633165173836,-0.38195652653191586,0.05707537430574425,0.14914838651246695,0.04360062344066206,True,True,0.008198360327934412,-0.42206812691697093,0.4976279772009127,15,16,0.1681089507943736,0.14648633165173836,-0.021622619142635247,0.13385497370070415,0.4292417715210128,0.3997504831050773,False,971
mean_swe,Base (mean SWE in window),Jemez (Pajarito),Early season,NM,continental,46,7,0.3921978523834463,0.15381915541418753,0.15381915541418753,0.3921867099015823,0.05531281821309725,0.156869923282103,0.04338590438075785,True,True,0.008598280343931213,0.4460070543877377,-0.36037554737916316,15,16,0.16177728536676705,0.15381915541418753,-0.007958129952579523,0.08712345757304027,0.023481644408380423,0.30378114607477724,False,971
big_storm_days,Powder days per 30 (>= 6 in of new snow),Whitefish & Flathead Range,Midwinter,MT,transitional,52,9,-0.3592570207671649,0.12906560697049918,-0.12906560697049918,-0.360623538735117,0.04825750941840666,0.13237812390510603,0.034805587634018094,True,True,0.008798240351929614,-0.4131066184653329,0.31462250355568644,18,18,0.2197900742972977,0.12906560697049918,-0.09072446732679851,0.10149459434735578,0.00023740827373827772,0.16124175216310407,False,971
mean_depth,Base (mean snow depth),Bitterroots (Lost Trail),Spring,MT+ID,transitional,25,11,-0.5119064720040332,0.26204823607961597,-0.26204823607961597,-0.513852189260598,0.058201474415759916,0.2674314840320777,0.05981391009346583,True,True,0.008798240351929614,-0.5432094481734852,0.6200805638423115,9,9,0.302952071479175,0.26204823607961597,-0.04090383539955905,0.001182907434081669,0.09403954042689533,0.04155729516261403,False,971
mean_swe,Base (mean SWE in window),Jemez (Pajarito),Holidays,NM,continental,46,7,0.39118977207492106,0.15302943777602868,0.15302943777602868,0.3906139766554574,0.0638037756378183,0.15665020054423126,0.0498452930550416,True,True,0.009198160367926415,0.5197151055893597,-0.1531155825567555,15,16,0.16770395680705819,0.15302943777602868,-0.01467451903102951,0.2770454140512386,0.011480147004500311,0.5293725996715226,False,971
mean_swe,Base (mean SWE in window),Beartooth & Absaroka (Red Lodge),Midwinter,MT+WY,continental,53,11,-0.3429276103779428,0.11759934595952613,-0.11759934595952613,-0.3435136267905782,0.04728474190110059,0.12023745860747033,0.032485906364606965,True,True,0.009798040391921616,-0.3692344656020985,0.29940111622758886,18,19,0.11024262532260942,0.11759934595952613,0.007356720636916711,0.002661009458217019,0.011929154872595842,-0.05487737062192568,False,971
new_snow_in_total,Total new snow in the window (in),N Sangre de Cristo (Taos),Early season,NM+CO,continental,47,7,0.37218715510934997,0.13852327842839132,0.13852327842839132,0.37149985978639877,0.058718682431893314,0.14146002948785147,0.04362796458058089,True,True,0.009798040391921616,0.5081085991245579,-0.2618475073583304,16,16,0.18723950803267075,0.13852327842839132,-0.04871622960427943,0.01318367138369834,0.03389341080128601,0.13198450212141133,False,971
new_snow_in_total,Total new snow in the window (in),Chugach (Alyeska),Holidays,AK,maritime,43,7,0.3867663546140187,0.14958821306141687,0.14958821306141687,0.38727821266360196,0.060454038593131476,0.15363910478613393,0.046825064029288745,True,True,0.009998000399920015,0.5105243805148437,-0.26025760489194344,15,15,0.17916092206456535,0.14958821306141687,-0.029572709003148484,0.0004861187717206299,6.034415991933849e-05,0.02367181796759294,False,971
mean_depth,Base (mean snow depth),Bighorn Mtns (Meadowlark),Midwinter,WY,continental,23,15,-0.5298751272519419,0.2807676504802616,-0.2807676504802616,-0.5248500317624762,0.09330424820400547,0.28417323857398696,0.09794147526689248,True,True,0.010197960407918417,-0.4420362608022297,0.396579854298957,8,9,0.20585509002628655,0.2807676504802616,0.07491256045397504,0.44003660236885633,0.02219161343500918,-0.8140458744100808,False,971
storm_days,Storm days per 30 (>= 2 in of new snow),Madison & Gallatin (Big Sky),Midwinter,MT,continental,60,9,-0.32461024321184834,0.10537180999805533,-0.10537180999805533,-0.3234087741388766,0.0561328575857214,0.10774413289074977,0.036307717321420595,True,True,0.010597880423915218,-0.22452818236200422,0.18407520697992413,20,22,0.05596984782741299,0.10537180999805533,0.04940196217064234,0.06439737602443973,0.10527864252048871,-0.32433518035707,False,971
storm_days,Storm days per 30 (>= 2 in of new snow),Wasatch (Alta/Snowbird/Park City),Holidays,UT,intermountain,48,21,-0.36347894875148257,0.1321169461854829,-0.1321169461854829,-0.36319347147774395,0.06174966374334927,0.1357225186964715,0.044854149475060806,True,True,0.010797840431913617,-0.45500878850933435,0.33017366142981497,16,16,0.14380482080452184,0.1321169461854829,-0.011687874619038946,0.03521020196114021,0.012453972095651526,-0.15233702911091646,False,971
mean_swe,Base (mean SWE in window),Mt Hood,Midwinter,OR,maritime,48,10,-0.36311042424209494,0.13184918019327416,-0.13184918019327416,-0.36290342721327695,0.058528142614456435,0.13512444096104034,0.042480127086427365,True,True,0.010997800439912017,-0.4553398896296972,0.37896703024941014,16,16,0.13614878415616527,0.13184918019327416,-0.004299603962891113,0.06635396296558424,0.39573157440936935,0.26998836130565157,False,971
new_snow_in_total,Total new snow in the window (in),Madison & Gallatin (Big Sky),Early season,MT,continental,60,9,-0.3258250308377118,0.10616195072039585,-0.10616195072039585,-0.32567256560664476,0.062488139137882426,0.10996738752172969,0.040701345186038324,True,True,0.011397720455908818,-0.3060245716196805,0.41400502394654715,20,22,0.14758039305682025,0.10616195072039585,-0.0414184423364244,0.015736774140801074,2.6627462714090674e-05,0.1730639323623966,False,971
mean_depth,Base (mean snow depth),S Sangre de Cristo (Santa Fe),Midwinter,NM,continental,25,6,0.5046086845365518,0.2546299245097093,0.2546299245097093,0.5039634371949864,0.09872411265495602,0.26372559644889343,0.09950668629523338,True,True,0.011597680463907219,0.7289089297198015,-0.32607721758080144,9,9,0.35786251586371964,0.2546299245097093,-0.10323259135401036,0.2519832001948977,0.09898066975333696,0.43366710415721077,False,971
mean_depth,Base (mean snow depth),Beartooth & Absaroka (Red Lodge),Midwinter,MT+WY,continental,25,13,-0.479222201854091,0.2296539187498831,-0.2296539187498831,-0.47672568554521333,0.06362332447205335,0.2313153066754298,0.060661745951210364,True,True,0.011597680463907219,-0.41412349543103316,0.3766938173687433,9,9,0.1837908217451022,0.2296539187498831,0.04586309700478092,0.19324494959092292,0.005032904487510273,-0.49090310677410787,False,971
storm_days,Storm days per 30 (>= 2 in of new snow),Missoula ranges (Montana Snowbowl),Midwinter,MT,transitional,46,7,-0.369586211584539,0.13659396779341165,-0.13659396779341165,-0.3702253936833178,0.05344719444755392,0.1399234447222823,0.039575017211228976,True,True,0.011797640471905619,-0.4133019959483904,0.17518753264913703,15,16,0.10534413657262953,0.13659396779341165,0.03124983122078212,0.02903351856779956,0.171511332929126,-0.19706603900363723,False,971
storm_days,Storm days per 30 (>= 2 in of new snow),Uinta Mtns,Holidays,UT,continental,48,21,-0.3579328451774159,0.1281159216568,-0.1281159216568,-0.3592847239080856,0.0541147632067335,0.13201392043063012,0.03888521551616535,True,True,0.01199760047990402,-0.42509289435778586,0.26771878466122856,16,16,0.15012150327324258,0.1281159216568,-0.022005581616442588,0.12291054649070521,0.02496417129106952,-0.27527464087373843,False,971
mean_swe,Base (mean SWE in window),Coeur d'Alenes (Silver/Lookout),Midwinter,ID+MT,transitional,44,7,-0.3745122474085409,0.14025942345899614,-0.14025942345899614,-0.3756247333422326,0.05419919068157166,0.14403149256896072,0.04071711309426035,True,True,0.01199760047990402,-0.5369587111669728,0.30499529285476973,15,16,0.16591354308301942,0.14025942345899614,-0.02565411962402328,0.049820912229622275,0.23620002737025605,0.2697198297223184,False,971
new_snow_in_total,Total new snow in the window (in),Uinta Mtns,Holidays,UT,continental,48,21,-0.35938613829405175,0.1291583963979113,-0.1291583963979113,-0.3602172914285277,0.055453606572929456,0.13283159952605011,0.039950695919287696,True,True,0.01279744051189762,-0.43633608012003067,0.3012375555810069,16,16,0.14291994092122629,0.1291583963979113,-0.013761544523314989,0.10370827135025881,1.86250108053827e-07,-0.25275249230740743,False,971
big_storm_days,Powder days per 30 (>= 6 in of new snow),Bitterroots (Lost Trail),Midwinter,MT+ID,transitional,59,12,-0.3238705551936701,0.1048921365214561,-0.1048921365214561,-0.32348284372957353,0.03929802951149255,0.10618548531085784,0.025424476678692624,True,True,0.01279744051189762,-0.33170636942219234,0.33627915617556475,20,22,0.13441602771572758,0.1048921365214561,-0.029523891194271484,0.0326327155708594,0.04976494866527599,-0.15000149493661855,False,971
days_with_base,Days per 30 with a skiable base,Bitterroots (Lost Trail),Spring,MT+ID,transitional,56,10,-0.3222434730678511,0.10384085593483089,-0.10384085593483089,-0.325552095914371,0.043752185635444314,0.1078984209021182,0.028487231468907064,True,True,0.012997400519896021,-0.3408699502033629,0.30398724554106604,19,21,0.15112879875903207,0.10384085593483089,-0.04728794282420118,0.036623566431494836,0.04737157074577696,0.3019564899790387,False,971
mean_swe,Base (mean SWE in window),S Sangre de Cristo (Santa Fe),Midwinter,NM,continental,46,6,0.36785727257749246,0.13531897298815157,0.13531897298815157,0.3669704041324852,0.06247802168893535,0.1385707807033226,0.04585516973717356,True,True,0.013797240551889621,0.5671558563151448,-0.18147434421646336,15,16,0.19111021582462917,0.13531897298815157,-0.0557912428364776,0.03927081400462189,0.0026024544000682764,0.1615547312796282,False,971
new_snow_in_total,Total new snow in the window (in),Whitefish & Flathead Range,Midwinter,MT,transitional,52,9,-0.35171896109230477,0.1237062275918502,-0.1237062275918502,-0.35217920292911076,0.05125124507976072,0.12665688109800946,0.036099245282629276,True,True,0.013997200559888023,-0.48348591895453374,0.38240282003550685,18,18,0.184085913146536,0.1237062275918502,-0.0603796855546858,0.055155152838695966,0.032586011483419275,0.22192091921987014,False,971
days_with_base,Days per 30 with a skiable base,Tetons (Jackson/Targhee),Early season,WY+ID,intermountain,46,7,-0.3585900071696279,0.1285867932419138,-0.1285867932419138,-0.35816481907715714,0.04743748131704516,0.13053235225827772,0.033980873826791,True,True,0.014197160567886422,-0.2747976941678657,0.27873734591845306,15,16,0.11730548675175523,0.1285867932419138,0.011281306490158571,0.026202875528427316,0.001014948527363067,-0.06919718913419728,False,971
mean_swe,Base (mean SWE in window),S Sangre de Cristo (Santa Fe),Early season,NM,continental,46,6,0.35320973700357444,0.12475711831413422,0.12475711831413422,0.35282226551160667,0.05814352376017529,0.12786422039599274,0.041028659555785954,True,True,0.015196960607878424,0.4619194850541472,-0.35253748819298025,15,16,0.1608807398125316,0.12475711831413422,-0.036123621498397374,0.012597144146502638,0.01200992188970796,0.1365149711542542,False,971
mean_swe,Base (mean SWE in window),White Mtns AZ (Sunrise Park),Midwinter,AZ,continental,46,7,0.35728794718837925,0.1276546772060861,0.1276546772060861,0.3585814055021206,0.06984646045133487,0.1334591524094561,0.05009128391597588,True,True,0.015796840631873626,0.5060989539616915,-0.1824271244036846,15,16,0.14799725317241463,0.1276546772060861,-0.020342575966328547,0.07584403433410149,1.2455259110119554e-05,0.29762090304649363,False,971
mean_swe,Base (mean SWE in window),North Cascades (Mt Baker),Spring,WA,maritime,31,7,-0.42569854348205305,0.1812192499227414,-0.1812192499227414,-0.42699732414146657,0.06396381871284455,0.1864180849283023,0.05462475886450898,True,True,0.015996800639872025,-0.6820465377450045,0.3266788332320889,10,13,0.2322472547616936,0.1812192499227414,-0.0510280048389522,0.05154566156502355,0.12538085247406772,0.3099135587476227,False,971
mean_depth,Base (mean snow depth),S Washington Cascades (Crystal/White Pass),Spring,WA,maritime,29,21,-0.4407478243807081,0.1942586446963275,-0.1942586446963275,-0.4435715996274888,0.057375472316543316,0.20004770881963566,0.05090026006966364,True,True,0.016196760647870425,-0.6266001072651335,0.5108218146411145,10,12,0.3041443621672746,0.1942586446963275,-0.10988571747094708,0.16332185196047533,0.10260463209710888,0.5594915090489384,False,971
mean_depth,Base (mean snow depth),S Sangre de Cristo (Santa Fe),Holidays,NM,continental,25,6,0.4765148194621295,0.22706637316702585,0.22706637316702585,0.47322386686571283,0.10441056400087038,0.23484239404631774,0.09881914167624375,True,True,0.016396720655868825,0.6035148444859182,-0.31098378558952505,9,9,0.25559983760705296,0.22706637316702585,-0.028533464440027106,0.415383827122981,0.03401857886492243,0.6153746495698097,False,971
storm_days,Storm days per 30 (>= 2 in of new snow),Mt Hood,Early season,OR,maritime,48,10,-0.34196909104879913,0.11694285923274188,-0.11694285923274188,-0.34314105069004597,0.05682436661555829,0.12097478930992807,0.038997545730518085,True,True,0.016596680663867228,-0.4460059328182143,0.32713908301450934,16,16,0.13180805538156926,0.11694285923274188,-0.014865196148827378,0.0012777127399119619,0.004964144317901221,0.04453925568477645,False,971
mean_swe,Base (mean SWE in window),Selkirks (Schweitzer),Spring,ID,transitional,44,7,-0.3532876430488489,0.12481215873101088,-0.12481215873101088,-0.35214739809358453,0.05772036467601559,0.12733943048241372,0.04065215247534347,True,True,0.016996600679864027,-0.4579242306526658,0.2863260929137825,14,16,0.11355491438803944,0.12481215873101088,0.011257244342971442,0.017728356416941524,0.19520115912905608,0.14258843434286803,False,971
new_snow_in_total,Total new snow in the window (in),S Washington Cascades (Crystal/White Pass),Spring,WA,maritime,45,19,-0.35375489442858254,0.12514252533217757,-0.12514252533217757,-0.3525451410162669,0.05366282666153018,0.12716777541948493,0.037837137585441286,True,True,0.017196560687862426,-0.4026668742396277,0.24647955945782907,15,16,0.13045358032149157,0.12514252533217757,-0.005311054989314001,0.0019424347071788574,0.0698336987501508,0.045221968638273866,False,971
storm_days,Storm days per 30 (>= 2 in of new snow),Whitefish & Flathead Range,Midwinter,MT,transitional,52,9,-0.32696169257997815,0.10690394841476414,-0.10690394841476414,-0.32770763606951625,0.056992171982305946,0.11064040240553125,0.03735353990957759,True,True,0.01759648070385923,-0.42153663628338056,0.3088174914254399,18,18,0.14685945786872823,0.10690394841476414,-0.03995550945396409,0.05344882277096765,0.08455185852054913,0.22062268804427543,False,971
mean_depth,Base (mean snow depth),Missoula ranges (Montana Snowbowl),Holidays,MT,transitional,25,7,-0.4720121542923533,0.22279547379970835,-0.22279547379970835,-0.46814558558739683,0.08920675463765729,0.2271181343779499,0.0835234967763946,True,True,0.01779644071185763,-0.5269001122172988,0.3855306343972011,9,9,0.23404997405507455,0.22279547379970835,-0.011254500255366201,0.04188091347175625,0.006331359135399665,-0.316576862443439,False,971
mean_depth,Base (mean snow depth),Jemez (Pajarito),Early season,NM,continental,25,7,0.46810197799936576,0.21911946180691871,0.21911946180691871,0.4674863863556062,0.07213725718196633,0.22374730530156026,0.06744637136320487,True,True,0.017996400719856028,0.4179009807268937,-0.47339860961522273,9,9,0.21164028043808103,0.21911946180691871,0.007479181368837684,0.16191224379367947,0.0013717302191975644,0.42244493522630866,False,971
new_snow_in_total,Total new snow in the window (in),Wasatch (Alta/Snowbird/Park City),Holidays,UT,intermountain,48,21,-0.33418463319329633,0.11167936906253802,-0.11167936906253802,-0.33517900985498345,0.061821037605540106,0.1161668093379927,0.04144222834566526,True,True,0.017996400719856028,-0.4411552045406021,0.3411911305134751,16,16,0.12905996829898825,0.11167936906253802,-0.01738059923645023,0.017368662323488743,0.01027921559607346,-0.09956637158627973,False,971
mean_depth,Base (mean snow depth),North Cascades (Mt Baker),Midwinter,WA,maritime,25,7,-0.4605592500901884,0.2121148228436367,-0.2121148228436367,-0.4623337057566307,0.07672466380092821,0.21963912951402423,0.07094479627602951,True,True,0.01839632073585283,-0.5668020459274021,0.562765966449763,9,9,0.26950524718497804,0.2121148228436367,-0.05739042434134134,0.007071515721953366,0.12195793249297747,0.14311611177922393,False,971
storm_days,Storm days per 30 (>= 2 in of new snow),White Mtns AZ (Sunrise Park),Midwinter,AZ,continental,46,7,0.3411949884703602,0.11641402015728924,0.11641402015728924,0.34380422089520524,0.06909166817481444,0.12297500091653774,0.04750801429438425,True,True,0.01859628074385123,0.40975772656542214,-0.34367004652607014,15,16,0.11897718823127479,0.11641402015728924,-0.0025631680739855445,0.007539809414926802,0.0022905143245532636,0.086922085780019,False,971
storm_days,Storm days per 30 (>= 2 in of new snow),Madison & Gallatin (Big Sky),Holidays,MT,continental,60,9,-0.2950787724461516,0.08707148194832771,-0.08707148194832771,-0.29477959190841785,0.04665926325283467,0.0890720946529907,0.02750839716083608,True,True,0.019596080783843232,-0.3582794493949381,0.2374804041390265,20,22,0.12563080907506985,0.08707148194832771,-0.038559327126742135,1.7232890875795108e-05,0.0065348273453098285,-0.004219286906609887,False,971
new_snow_in_total,Total new snow in the window (in),White Mtns AZ (Sunrise Park),Spring,AZ,continental,46,7,0.3392455965952517,0.11508757480926826,0.11508757480926826,0.3387448265586973,0.08218704504016205,0.12150276789271554,0.05568087263500308,True,True,0.01979604079184163,0.2839683502006834,-0.24578180511039846,15,16,0.05442512622078466,0.11508757480926826,0.0606624485884836,0.22570020871187954,0.0022561963034104997,0.780879487952536,False,971
new_snow_in_total,Total new snow in the window (in),Beartooth & Absaroka (Red Lodge),Midwinter,MT+WY,continental,53,11,-0.3168611347956865,0.10040097874401022,-0.10040097874401022,-0.31636243966286665,0.0549876605742086,0.10310883604486532,0.034792060901220515,True,True,0.01999600079984003,-0.22299218004664845,0.1913175354902397,18,19,0.04810652781536662,0.10040097874401022,0.0522944509286436,0.1311821950316128,0.050091137617187094,-0.4672789366481023,False,971
storm_days,Storm days per 30 (>= 2 in of new snow),Beartooth & Absaroka (Red Lodge),Holidays,MT+WY,continental,53,11,-0.3124157783992675,0.09760361859282021,-0.09760361859282021,-0.31369897565260596,0.05909035808985046,0.10189871774468102,0.037073169607463534,True,True,0.020995800839832032,-0.40244800921282176,0.1554154332561753,18,19,0.14880408489448727,0.09760361859282021,-0.05120046630166705,0.012538333629374416,0.016325288716385444,-0.11353309380186866,False,971
storm_days,Storm days per 30 (>= 2 in of new snow),Gore & Tenmile (Vail/Summit/Copper),Holidays,CO,continental,48,20,-0.3300746564348978,0.10894927882061582,-0.10894927882061582,-0.33167493581280205,0.0482925494626279,0.11234043338002672,0.032034856486507356,True,True,0.020995800839832032,-0.37873434983270016,0.3420249423513523,16,16,0.1161556250259721,0.10894927882061582,-0.007206346205356276,0.1681499578203886,0.09709688926212233,-0.39527986620950245,False,971
storm_days,Storm days per 30 (>= 2 in of new snow),Front Range (Winter Park/Loveland/A-Basin),Holidays,CO,continental,48,20,-0.33495733890988594,0.11219641888959218,-0.11219641888959218,-0.3364167493017175,0.04914831732720427,0.1155917863068302,0.03306863429773467,True,True,0.021195760847830435,-0.3708176747408641,0.3278086059555855,16,16,0.11409029038214147,0.11219641888959218,-0.0018938714925492844,0.16172515892866868,0.10578720145828502,-0.4165670098321762,False,971
big_storm_days,Powder days per 30 (>= 6 in of new snow),N Sangre de Cristo (Taos),Early season,NM+CO,continental,47,7,0.33130767114382864,0.1097647729587473,0.1097647729587473,0.33095043825515175,0.05645075510080807,0.11271488033272842,0.037364804280893345,True,True,0.021795640871825634,0.3826777091459489,-0.2242828503367335,16,16,0.14992576566900795,0.1097647729587473,-0.04016099271026065,0.0006522216345513695,0.07412793413777928,-0.03531850241708107,False,971
mean_swe,Base (mean SWE in window),S Washington Cascades (Crystal/White Pass),Spring,WA,maritime,45,19,-0.3367116684677389,0.11337474768232852,-0.11337474768232852,-0.3374201039624725,0.05412804742146344,0.11678217207570596,0.03652778277647167,True,True,0.022395520895820836,-0.41323255155462957,0.31748329599986874,15,16,0.13514671800812983,0.11337474768232852,-0.021771970325801304,0.12315983487765218,0.2760348423144055,0.4426454141753335,False,971
days_with_base,Days per 30 with a skiable base,Beartooth & Absaroka (Red Lodge),Midwinter,MT+WY,continental,53,11,-0.30894440169244836,0.09544664333710488,-0.09544664333710488,-0.30890664293630027,0.06844584547026446,0.10010814781231424,0.042286752694312334,True,True,0.022395520895820836,-0.30728197825710424,0.16417601655619943,18,19,0.11133195512194727,0.09544664333710488,-0.015885311784842385,0.0035341004343982132,0.0019483183572353076,-0.06817790314209896,False,971
storm_days,Storm days per 30 (>= 2 in of new snow),Madison & Gallatin (Big Sky),Early season,MT,continental,60,9,-0.2907804626194633,0.08455327744118908,-0.08455327744118908,-0.29141645913039926,0.060836410209211225,0.08862462145924309,0.035457462498745616,True,True,0.022395520895820836,-0.2607961791325287,0.30999189683775175,20,22,0.10960658002547519,0.08455327744118908,-0.025053302584286105,6.62608744604809e-05,0.03861338067964453,0.010823539149801888,False,971
mean_swe,Base (mean SWE in window),N Sangre de Cristo (Taos),Spring,NM+CO,continental,47,7,0.3310414858888925,0.1095884653795258,0.1095884653795258,0.3325525370178842,0.06391151293913867,0.11467587136320091,0.042507871545123796,True,True,0.022795440911817635,0.5213741341341201,-0.13700564204925625,16,16,0.16934497388866454,0.1095884653795258,-0.059756508509138745,0.012260515290542593,0.0017281512126056412,-0.12313528796312134,False,971
mean_depth,Base (mean snow depth),Selkirks (Schweitzer),Midwinter,ID,transitional,25,7,-0.45839889979649345,0.21012955133463565,-0.21012955133463565,-0.45708494297370733,0.0841455338622861,0.2160071159622464,0.0769233130938704,True,True,0.022795440911817635,-0.42457947520764405,0.48969897641940985,9,9,0.2195506183891861,0.21012955133463565,-0.009421067054550453,0.00043405310746577526,0.2894986921754435,-0.031527986835338404,False,971
storm_days,Storm days per 30 (>= 2 in of new snow),N Sangre de Cristo (Taos),Early season,NM+CO,continental,47,7,0.3259251279138272,0.10622718900564464,0.10622718900564464,0.3258576522426165,0.06215238223735377,0.1100461281428481,0.0405056587142996,True,True,0.023195360927814438,0.37894829922095746,-0.2213096111557355,16,16,0.13354505461066868,0.10622718900564464,-0.02731786560502404,0.02262140243349466,0.029151305754765676,0.14897392312948204,False,971
new_snow_in_total,Total new snow in the window (in),Coeur d'Alenes (Silver/Lookout),Midwinter,ID+MT,transitional,44,7,-0.3523316395636991,0.12413758423764439,-0.12413758423764439,-0.3521258635634413,0.05918934917887196,0.1274960028465177,0.04168420138673671,True,True,0.023795240951809637,-0.44961330334945776,0.3282581798929349,15,16,0.1346589266584769,0.12413758423764439,-0.01052134242083251,0.022659540629858255,0.183629716421858,0.1859460494236138,False,971
mean_depth,Base (mean snow depth),Bighorn Mtns (Meadowlark),Spring,WY,continental,23,15,-0.4641145632597068,0.21540232782974839,-0.21540232782974839,-0.46704062679755753,0.0801984197059386,0.2245587336027853,0.07491184041527031,True,True,0.02419516096780644,-0.4422387952632183,0.42977966557111646,8,9,0.19862554737860305,0.21540232782974839,0.016776780451145334,0.22974858355803976,0.02816170626175304,-0.38136285021664357,False,971
days_with_base,Days per 30 with a skiable base,Coeur d'Alenes (Silver/Lookout),Spring,ID+MT,transitional,43,5,-0.3406498572288096,0.11604232523000835,-0.11604232523000835,-0.3531928701432823,0.05278368098829239,0.12753132049872332,0.037285639569964786,True,True,0.024795040991801638,-0.46673495496735823,0.41239319392621937,15,15,0.21719708024703255,0.11604232523000835,-0.1011547550170242,0.10646402514454771,0.12340310086071889,0.5856638939838316,False,971
new_snow_in_total,Total new snow in the window (in),White Mtns AZ (Sunrise Park),Midwinter,AZ,continental,46,7,0.3284392028925909,0.10787230999672047,0.10787230999672047,0.33280402778369944,0.06878595080380853,0.11549002793703736,0.045784482964877755,True,True,0.02519496100779844,0.43224587963849387,-0.3715925596819342,15,16,0.12126094335305482,0.10787230999672047,-0.013388633356334348,8.699101465001867e-05,0.005712639356751168,-0.011050595716725434,False,971
new_snow_in_total,Total new snow in the window (in),Madison & Gallatin (Big Sky),Holidays,MT,continental,60,9,-0.2852005859631835,0.08133937423374321,-0.08133937423374321,-0.2863203845590983,0.04749621256989344,0.08423525282255444,0.027198267696225138,True,True,0.02559488102379524,-0.4005429807625903,0.2514487725032588,20,22,0.12550441199782003,0.08133937423374321,-0.04416503776407682,0.0002400320761130671,0.02839908131099866,-0.017665909532469947,False,971
mean_swe,Base (mean SWE in window),Madison & Gallatin (Big Sky),Holidays,MT,continental,60,9,-0.29811687546678817,0.08887367143808049,-0.08887367143808049,-0.29787235136619794,0.054769230440487864,0.09172760631147095,0.03262847890765053,True,True,0.025994801039792043,-0.3434884975718055,0.38378936498648736,20,22,0.1414767530996871,0.08887367143808049,-0.05260308166160661,0.05324959518605341,0.017350405546903522,0.30141512749690913,False,971
days_with_base,Days per 30 with a skiable base,Mt Hood,Spring,OR,maritime,48,9,-0.3199306503120933,0.10235562100911891,-0.10235562100911891,-0.3215392513747631,0.05610105426651133,0.10653481846445713,0.03607738198037802,True,True,0.026994601079784044,-0.37041294598107943,0.42983649184308625,16,16,0.16934738120588555,0.10235562100911891,-0.06699176019676664,0.029322539208976345,0.20811669032824506,0.2584469267808739,False,971
storm_days,Storm days per 30 (>= 2 in of new snow),Jemez (Pajarito),Spring,NM,continental,46,7,0.32732075780749914,0.10713887849167551,0.10713887849167551,0.32813297688809656,0.09119492031500517,0.11598776401270425,0.059848121360070804,True,False,0.027194561087782444,0.24544630586740096,-0.1771021815711847,15,16,0.050264623629090566,0.10713887849167551,0.05687425486258495,0.08524874911559,0.06472137895553995,0.4238929169512602,False,971
new_snow_in_total,Total new snow in the window (in),Elk Mtns (Aspen/Crested Butte),Holidays,CO,continental,46,11,-0.33169038186666244,0.11001850942285235,-0.11001850942285235,-0.33246143333968814,0.05249174036860026,0.11328598746520444,0.03490295848287923,True,True,0.027394521095780843,-0.38432111576861583,0.3472878326239355,15,16,0.10396430467526296,0.11001850942285235,0.006054204747589387,0.25415256562499833,0.002790896062867517,-0.48756944473961633,False,971
new_snow_in_total,Total new snow in the window (in),Jemez (Pajarito),Spring,NM,continental,46,7,0.31957822711241585,0.10213024324431484,0.10213024324431484,0.3194057449230874,0.08823987100042685,0.10980630472404433,0.05636864345761695,True,False,0.027594481103779243,0.24810064868996087,-0.17679271562701981,15,16,0.046836853347364316,0.10213024324431484,0.055293389896950526,0.061460526135218164,0.12985887557911907,0.3646291435356753,False,971
big_storm_days,Powder days per 30 (>= 6 in of new snow),Central Cascades (Stevens/Snoqualmie),Midwinter,WA,maritime,45,19,-0.3275489667256908,0.10728832560306768,-0.10728832560306768,-0.3284270712323939,0.06163059994133733,0.11166267196741711,0.04048231487405753,True,True,0.027794441111777646,-0.33917473167094797,0.22664397821598783,15,16,0.09364632483107926,0.10728832560306768,0.013642000771988419,2.986412351538436e-06,0.18245636902008694,-0.0013622887876508854,False,971
new_snow_in_total,Total new snow in the window (in),Gore & Tenmile (Vail/Summit/Copper),Holidays,CO,continental,48,20,-0.32006479288932327,0.1024414716472854,-0.1024414716472854,-0.3214557632074081,0.04935762850690844,0.1057699831910832,0.03173258828359195,True,True,0.027794441111777646,-0.407034984919155,0.3211478149386378,16,16,0.10258333947436216,0.1024414716472854,-0.00014186782707675816,0.18460992057991685,0.06077378276688792,-0.4638402565090671,False,971
storm_days,Storm days per 30 (>= 2 in of new snow),San Francisco Peaks (AZ Snowbowl),Spring,AZ,continental,46,5,0.31994556222379905,0.10236516278670287,0.10236516278670287,0.3184144734714993,0.07972037458949764,0.10774311504082196,0.05076824219973117,True,False,0.027994401119776045,0.3245567581932984,-0.1781263901730034,15,16,0.06050102323882245,0.10236516278670287,0.041864139547880416,0.1933963286945944,0.0004061681166891144,0.6087564904230076,False,971
big_storm_days,Powder days per 30 (>= 6 in of new snow),North Cascades (Mt Baker),Midwinter,WA,maritime,31,7,-0.39272329873629996,0.1542315893703211,-0.1542315893703211,-0.3920794195160266,0.0621581123837573,0.15758990214313617,0.04874183324327101,True,True,0.028194361127774445,-0.5084555102781039,0.3776041549556656,10,13,0.179803662398744,0.1542315893703211,-0.025572073028422904,0.04131705351977028,0.043082950130003156,0.20085120476631843,False,971
new_snow_in_total,Total new snow in the window (in),Mt Hood,Early season,OR,maritime,48,10,-0.31518986369719304,0.09934465017745513,-0.09934465017745513,-0.31594765435591815,0.05114691357254929,0.10243892706100455,0.032319494741583646,True,True,0.028394321135772844,-0.412350563406637,0.29248729699318726,16,16,0.10006030323510784,0.09934465017745513,-0.0007156530576527126,9.16817423172965e-05,0.0330708742666689,-0.012195436455175465,False,971
mean_swe,Base (mean SWE in window),Central Oregon (Mt Bachelor),Midwinter,OR,transitional,46,9,-0.32629907597576757,0.10647108698263974,-0.10647108698263974,-0.3265144328219166,0.05606773676982317,0.10975526594750808,0.036613850542014666,True,True,0.028394321135772844,-0.3614072002084757,0.36721931183972645,15,16,0.10291242300089432,0.10647108698263974,0.0035586639817454246,0.10918088391256738,0.4869868051859791,0.3143499955326382,False,971
new_snow_in_total,Total new snow in the window (in),Front Range (Winter Park/Loveland/A-Basin),Holidays,CO,continental,48,20,-0.311666998245979,0.09713631779565907,-0.09713631779565907,-0.3119190655971037,0.05052383621196751,0.099846161508544,0.031518695563236034,True,True,0.02979404119176165,-0.37156592110074144,0.3247710146226601,16,16,0.09661274056896729,0.09713631779565907,0.0005235772266917738,0.13031857930041182,0.06783966447783837,-0.43823865166924164,False,971
storm_days,Storm days per 30 (>= 2 in of new snow),Coeur d'Alenes (Silver/Lookout),Spring,ID+MT,transitional,44,7,-0.3240490219967211,0.10500776865703143,-0.10500776865703143,-0.3231015811136049,0.06591905991342875,0.1087399541779816,0.04259710496710256,True,True,0.029994001199760048,-0.27608564876568387,0.21868210883100964,15,16,0.06513802894776555,0.10500776865703143,0.03986973970926588,0.008721488096313934,0.11360307964245583,-0.12631823929864375,False,971
storm_days,Storm days per 30 (>= 2 in of new snow),Coeur d'Alenes (Silver/Lookout),Midwinter,ID+MT,transitional,44,7,-0.33310992567693887,0.11096222258449574,-0.11096222258449574,-0.3337639586738932,0.06203766386017843,0.11524705184689676,0.04141187255370694,True,True,0.030193961207758448,-0.409197330455055,0.2728417828528594,15,16,0.11358305592997375,0.11096222258449574,-0.0026208333454780103,0.012670913467596646,0.17980068693507653,0.14731991618337434,False,971
mean_depth,Base (mean snow depth),Beartooth & Absaroka (Red Lodge),Spring,MT+WY,continental,25,13,-0.4315920908545539,0.1862717328882055,-0.1862717328882055,-0.43121424860355073,0.0669541155344904,0.19042858178573074,0.057743137242241206,True,True,0.03099380123975205,-0.3612922652494879,0.4135979265654551,9,9,0.15735332981704253,0.1862717328882055,0.028918403071162974,0.10045004784198601,0.040910134551078156,-0.3354409373598531,False,971
mean_swe,Base (mean SWE in window),San Francisco Peaks (AZ Snowbowl),Spring,AZ,continental,46,5,0.3121012207122169,0.09740717197005594,0.09740717197005594,0.3131857988283601,0.08313055922171207,0.10499603446427264,0.05207062119380039,True,False,0.03179364127174565,0.3542479420000282,-0.11466111499677699,15,16,0.08014069212439001,0.09740717197005594,0.017266479845665927,0.08196553272667388,0.004344381621965928,0.43897435337596596,False,971
new_snow_in_total,Total new snow in the window (in),North Cascades (Mt Baker),Spring,WA,maritime,31,7,-0.39157237494689595,0.15332892482155247,-0.15332892482155247,-0.3911901804587484,0.07002572596842141,0.1579333595847526,0.05478675275668327,True,True,0.03219356128774245,-0.5353405780354887,0.11105918619800875,10,13,0.18119151823085988,0.15332892482155247,-0.027862593409307412,0.029135410167521993,0.02003018875445669,-0.15909975291601586,False,971
new_snow_in_total,Total new snow in the window (in),Central Oregon (Mt Bachelor),Spring,OR,transitional,46,9,-0.3210559203566828,0.10307690399607664,-0.10307690399607664,-0.3201770663851058,0.05911420199322757,0.10600784271626855,0.037854023551776354,True,True,0.03239352129574085,-0.33240839422516916,0.45643810445342187,15,16,0.14781410697771136,0.10307690399607664,-0.04473720298163472,0.04893254970489374,0.0221588270018451,0.21388204003011663,False,971
new_snow_in_total,Total new snow in the window (in),Mt Hood,Midwinter,OR,maritime,48,10,-0.30251212044708287,0.09151358301739038,-0.09151358301739038,-0.3018879293356319,0.07472583849631419,0.09672027281753272,0.04511765730304228,True,True,0.03279344131173765,-0.30992233568257466,0.3559598139451898,16,16,0.09094672324294495,0.09151358301739038,0.0005668597744454273,0.030767080339139462,0.4502008895416054,0.23070411517793257,False,971
storm_days,Storm days per 30 (>= 2 in of new snow),Elk Mtns (Aspen/Crested Butte),Holidays,CO,continental,46,11,-0.3100511184259426,0.09613169603717786,-0.09613169603717786,-0.31013653352520093,0.053141075666544045,0.09900864335002543,0.03296197799004475,True,True,0.03479304139172166,-0.3267698506007868,0.3379623260985611,15,16,0.09510090908196533,0.09613169603717786,0.001030786955212526,0.2944398240463153,0.02660218957818447,-0.5016414208000568,False,971
mean_depth,Base (mean snow depth),S Sangre de Cristo (Santa Fe),Spring,NM,continental,25,6,0.43082216057180894,0.18560773403976152,0.18560773403976152,0.43480986828990253,0.0932840751268895,0.19776154023456155,0.0811216728389364,True,True,0.03479304139172166,0.7120335596020277,-0.24893618850649593,9,9,0.3548694218645517,0.18560773403976152,-0.1692616878247902,0.01171028629287719,0.01756035821771243,-0.12202515233545706,False,971
big_storm_days,Powder days per 30 (>= 6 in of new snow),Mt Hood,Early season,OR,maritime,48,10,-0.30560395052651124,0.09339377457741033,-0.09339377457741033,-0.3064939358823719,0.04888876154551679,0.09632864373812189,0.02996821789300038,True,True,0.03519296140771846,-0.3311746667690937,0.2030510480461709,16,16,0.08620846562772277,0.09339377457741033,0.007185308949687552,0.007342583032036549,0.03888888886464595,-0.08848767610877128,False,971
mean_swe,Base (mean SWE in window),Mt Hood,Holidays,OR,maritime,48,10,-0.3042757976825273,0.0925837610553383,-0.0925837610553383,-0.3057364512310838,0.05119855381617385,0.09609606952424453,0.03130652830384131,True,True,0.03519296140771846,-0.4676475773540643,0.29524298692786105,16,16,0.1188768419692503,0.0925837610553383,-0.026293080913911998,0.04511104604096313,0.021437194673098216,0.2263521785032866,False,971
days_with_base,Days per 30 with a skiable base,Mt Hood,Holidays,OR,maritime,48,10,-0.30414904073135635,0.09250663897780426,-0.09250663897780426,-0.30570015795924593,0.05412579534656179,0.0963821882982058,0.03309252837422751,True,True,0.03539292141571686,-0.3920471073949776,0.24938966110366417,16,16,0.13613338898938376,0.09250663897780426,-0.04362675001157951,0.09998740238630158,0.017978338121960726,0.28294857562617615,False,971
new_snow_in_total,Total new snow in the window (in),Tushar Mtns (Eagle Point),Spring,UT,continental,47,7,0.3023423791555553,0.09141091423344155,0.09141091423344155,0.30089892016745634,0.07194976812004823,0.09571692929046997,0.043299215067242776,True,True,0.03539292141571686,0.30220010958130805,-0.019281333580579586,16,16,0.09543114117958718,0.09141091423344155,-0.004020226946145622,0.11765415721627753,0.3025521337531182,0.49614034281394004,False,971
storm_days,Storm days per 30 (>= 2 in of new snow),Beartooth & Absaroka (Red Lodge),Midwinter,MT+WY,continental,53,11,-0.2890809045748383,0.08356776938980677,-0.08356776938980677,-0.28870812534041873,0.053588583578090106,0.08622411792748488,0.030942919008957487,True,True,0.03559288142371526,-0.18699322225610296,0.1061795118306217,18,19,0.03657501482841985,0.08356776938980677,0.04699275456138692,0.1601758054721584,0.09449040983316498,-0.4701737543789987,False,971
days_with_base,Days per 30 with a skiable base,Bighorn Mtns (Meadowlark),Midwinter,WY,continental,48,9,-0.3002118992186538,0.09012718443247116,-0.09012718443247116,-0.300538249934058,0.048215555843074555,0.09264797949868295,0.02898123754535094,True,True,0.035992801439712056,-0.3326091609256526,0.18815322321185066,16,16,0.10817609089872326,0.09012718443247116,-0.01804890646625211,0.023819180564156398,0.031592586570232624,-0.07816243850422022,False,971
storm_days,Storm days per 30 (>= 2 in of new snow),N Sangre de Cristo (Taos),Spring,NM+CO,continental,47,7,0.30098415809894774,0.09059146342653236,0.09059146342653236,0.30078823291076084,0.0857439531463901,0.09782558655874846,0.05158154429937151,True,False,0.036392721455708855,0.3027252642246539,-0.10006377390935199,16,16,0.056422471004616614,0.09059146342653236,0.03416899242191575,0.009377921167681266,0.11759771622773292,0.1380338366519669,False,971
new_snow_in_total,Total new snow in the window (in),Madison & Gallatin (Big Sky),Midwinter,MT,continental,60,9,-0.264347197650586,0.06987944090571799,-0.06987944090571799,-0.2635029392102462,0.059271412324572274,0.07294689929138816,0.03123638271733441,True,True,0.03659268146370726,-0.18912231220723882,0.15105222570169097,20,22,0.03326583773104619,0.06987944090571799,0.0366136031746718,0.03929232933555019,0.08090766922570657,-0.28883440538398397,False,971
storm_days,Storm days per 30 (>= 2 in of new snow),Central Oregon (Mt Bachelor),Spring,OR,transitional,46,9,-0.3039688228190773,0.0923970452460156,-0.0923970452460156,-0.30317172177514257,0.06007116472071614,0.09552163771500786,0.03642375687483543,True,True,0.03739252149570086,-0.2827668882711208,0.43869516385327023,15,16,0.14475352421297338,0.0923970452460156,-0.05235647896695779,0.02516268029758313,0.011933833681961822,0.15351966125288788,False,971
new_snow_in_total,Total new snow in the window (in),N Sangre de Cristo (Taos),Spring,NM+CO,continental,47,7,0.31226610980548325,0.09751012333305012,0.09751012333305012,0.31237463943580873,0.08287197159841676,0.1044456790392603,0.051774204494780034,True,False,0.03799240151969606,0.32719679855967965,-0.10594443652743747,16,16,0.06418239528381564,0.09751012333305012,0.03332772804923448,0.015543577741706558,0.08384605957842921,0.1848896370497886,False,971
mean_swe,Base (mean SWE in window),White Mtns AZ (Sunrise Park),Holidays,AZ,continental,46,7,0.30515799160577795,0.09312139984087205,0.09312139984087205,0.30603238531732124,0.07404345528742695,0.09913825413391057,0.045319390477495385,True,True,0.03839232153569286,0.41063469950133147,-0.031216366644480686,15,16,0.13557776481672934,0.09312139984087205,-0.042456364975857294,0.2497881655555312,0.006050461802827736,0.5239667168562585,False,971
new_snow_in_total,Total new snow in the window (in),Central Cascades (Stevens/Snoqualmie),Midwinter,WA,maritime,45,19,-0.3058845432593916,0.09356535380500659,-0.09356535380500659,-0.30528600088392566,0.060442038069107445,0.09685278230164769,0.03690421617478361,True,True,0.03839232153569286,-0.3496840924781742,0.2745333883595446,15,16,0.09195814674523883,0.09356535380500659,0.0016072070597677596,0.020411710285199502,0.19436630123181298,0.14813234326915956,False,971
big_storm_days,Powder days per 30 (>= 6 in of new snow),Park Range (Steamboat),Holidays,CO,continental,47,15,-0.3004894333935831,0.0902938995811966,-0.0902938995811966,-0.30203532012889023,0.04778104125658431,0.09350836250892461,0.028863124184048308,True,True,0.038592281543691265,-0.2907984909150631,0.2364123035706622,16,16,0.09088622196501472,0.0902938995811966,-0.0005923223838181224,0.11298573488868813,0.043686910698205225,-0.2297857143166196,False,971
mean_depth,Base (mean snow depth),Mt Hood,Midwinter,OR,maritime,30,10,-0.3792237919547658,0.1438106843845515,-0.1438106843845515,-0.37776738246870684,0.07035672654334793,0.14765826422715367,0.05315695285069427,True,True,0.038992201559688064,-0.582263171547751,0.3633824361183336,10,12,0.20554653281424573,0.1438106843845515,-0.061735848429694234,0.16648480834255452,0.3925525280394482,0.5163056436567491,False,971
days_with_base,Days per 30 with a skiable base,Jemez (Pajarito),Holidays,NM,continental,37,4,0.33578183866444494,0.11274944317687534,0.11274944317687534,0.3317417249392863,0.09368470875662074,0.11882939672050594,0.062158253766712045,True,False,0.038992201559688064,0.3300768660251043,-0.041281786160691746,12,13,0.11234784268655729,0.11274944317687534,0.000401600490318052,0.10662267154486406,0.10779465220090301,0.5340101302460922,False,971
big_storm_days,Powder days per 30 (>= 6 in of new snow),Bighorn Mtns (Meadowlark),Spring,WY,continental,48,13,0.2929698775254348,0.08583134913726827,0.08583134913726827,0.29387495506572003,0.06645608252346676,0.09077890011924479,0.039059556530855154,True,True,0.03939212157568486,0.18235880927152617,-0.21376761503814476,16,16,0.07070524366210362,0.08583134913726827,0.015126105475164645,0.12521145606053452,0.001774622564752084,0.35939731225966964,False,971
big_storm_days,Powder days per 30 (>= 6 in of new snow),Snowy Range & Sierra Madre,Holidays,WY,continental,48,15,-0.2942099963743387,0.08655952196658839,-0.08655952196658839,-0.2948386154733527,0.0567163929000396,0.09014655839783521,0.033444365514580736,True,True,0.03959208158368326,-0.2623969948192641,0.1882739725164412,16,16,0.08343793469292704,0.08655952196658839,0.0031215872736613526,0.1375798864365801,0.02971227034809336,-0.27702273319176335,False,971
mean_depth,Base (mean snow depth),Tetons (Jackson/Targhee),Midwinter,WY+ID,intermountain,24,9,-0.42107182983323127,0.17730148587910566,-0.17730148587910566,-0.42311311998983364,0.0757632093648456,0.1847647762007928,0.0641128157896056,True,True,0.03959208158368326,-0.46032234519792503,0.2731868527239856,9,9,0.16736113282054677,0.17730148587910566,0.009940353058558893,0.04694314371859974,0.18439775883830295,-0.20491991877013077,False,971
new_snow_in_total,Total new snow in the window (in),Coeur d'Alenes (Silver/Lookout),Spring,ID+MT,transitional,44,7,-0.3150231923399097,0.09923961171202775,-0.09923961171202775,-0.3134624133709463,0.05983080470406754,0.1018384097878743,0.03750941687292556,True,True,0.03979204159168166,-0.3355137478682307,0.2159341257327242,15,16,0.07534336969322974,0.09923961171202775,0.023896242018798003,0.0035443872267459354,0.06883563468021135,-0.07461570347009164,False,971
big_storm_days,Powder days per 30 (>= 6 in of new snow),Uinta Mtns,Holidays,UT,continental,48,21,-0.29795764761987603,0.08877875977517022,-0.08877875977517022,-0.2974624989626137,0.0535119577658468,0.0913474679130167,0.031835601362821264,True,True,0.03979204159168166,-0.3072137787135988,0.23903969866641678,16,16,0.10678078266186941,0.08877875977517022,-0.018002022886699193,0.06722224471068101,2.3692904185515354e-06,-0.1322851269967201,False,971
mean_swe,Base (mean SWE in window),Whitefish & Flathead Range,Midwinter,MT,transitional,52,9,-0.2825621424307939,0.07984136433508027,-0.07984136433508027,-0.2835226009986419,0.050722153713738505,0.08295780215439522,0.02876175389834413,True,True,0.04059188162367527,-0.3762871580434789,0.22291072996267106,18,18,0.10235999284823372,0.07984136433508027,-0.02251862851315345,0.01371957119764823,0.14765452925373912,0.14446105711414442,False,971
big_storm_days,Powder days per 30 (>= 6 in of new snow),Wasatch (Alta/Snowbird/Park City),Holidays,UT,intermountain,48,21,-0.29145437742418173,0.08494565411971737,-0.08494565411971737,-0.29069641060243195,0.06430202974316146,0.08863915416622813,0.03738473848157571,True,True,0.041191761647670466,-0.35326298443132587,0.2660692167550003,16,16,0.11527950674753062,0.08494565411971737,-0.030333852627813254,0.0002398967982457687,0.003862964552317011,0.011115797446167046,False,971
big_storm_days,Powder days per 30 (>= 6 in of new snow),Mt Hood,Midwinter,OR,maritime,48,10,-0.2975748043869021,0.08855076420590305,-0.08855076420590305,-0.29653916346305426,0.07838484974898088,0.09407966013753832,0.04648835554547998,True,False,0.041391721655668866,-0.24893038357171715,0.309130380201915,16,16,0.07604614729830539,0.08855076420590305,0.01250461690759766,0.005906078720276246,0.4304869331068381,0.08890655597832171,False,971
new_snow_in_total,Total new snow in the window (in),Beartooth & Absaroka (Red Lodge),Holidays,MT+WY,continental,53,11,-0.27821949838790533,0.07740608928321766,-0.07740608928321766,-0.2785833764203039,0.05828612774332962,0.08100597030504847,0.03247509253040383,True,True,0.041391721655668866,-0.38746703188407466,0.1363670176679649,18,19,0.11419374183953857,0.07740608928321766,-0.03678765255632091,0.01869199804863718,0.038054782440661614,-0.16169327769130884,False,971
days_with_base,Days per 30 with a skiable base,Central Oregon (Mt Bachelor),Early season,OR,transitional,46,9,-0.3056744126305644,0.09343684653704054,-0.09343684653704054,-0.3071314593152541,0.054786281715032754,0.09733126996527652,0.033653181307189264,True,True,0.041391721655668866,-0.2419874171420782,0.2770774464629473,15,16,0.06606986788390046,0.09343684653704054,0.027366978653140084,0.05051514663881189,0.012084638567942072,-0.21162091455558674,False,971
storm_days,Storm days per 30 (>= 2 in of new snow),North Cascades (Mt Baker),Spring,WA,maritime,31,7,-0.3654085223153515,0.13352338818068873,-0.13352338818068873,-0.3657439228521878,0.06648013195765248,0.138188225048414,0.048629408507845834,True,True,0.042191561687662464,-0.5018226032008988,0.11824983787245259,10,13,0.17076618555273315,0.13352338818068873,-0.03724279737204442,0.00013408032284474886,0.08699059149599676,0.010564854719330689,False,971
mean_depth,Base (mean snow depth),N Sangre de Cristo (Taos),Early season,NM+CO,continental,25,11,0.4139889315166112,0.1713868354182654,0.1713868354182654,0.41263215908705797,0.08614924865496297,0.17768699175666175,0.07109590095245039,True,True,0.04239152169566087,0.4225292025306592,-0.452920551966007,9,9,0.2243786219305317,0.1713868354182654,-0.0529917865122663,0.0023888420440725338,0.00015672605475784143,0.05221284445485374,False,971
new_snow_in_total,Total new snow in the window (in),San Francisco Peaks (AZ Snowbowl),Spring,AZ,continental,46,5,0.29595347812204986,0.08758846121253865,0.08758846121253865,0.29700027871992746,0.07871737119876002,0.09440559008815798,0.04675816237226343,True,False,0.04239152169566087,0.2838733553809182,-0.15364581941252792,15,16,0.03884565324064815,0.08758846121253865,0.0487428079718905,0.18105450653079438,0.026262310694672487,0.5817348156000548,False,971
days_with_base,Days per 30 with a skiable base,Missoula ranges (Montana Snowbowl),Holidays,MT,transitional,43,6,-0.3033894493915585,0.09204515800211303,-0.09204515800211303,-0.3074970184386468,0.05999955908105967,0.09815436343857906,0.03689937105011856,True,True,0.04279144171165767,-0.3201221414827695,0.09095045924752401,14,16,0.1002084440997495,0.09204515800211303,-0.00816328609763646,0.04319365955598448,0.025953198634187373,-0.16780406681118118,False,971
days_with_base,Days per 30 with a skiable base,Markagunt (Brian Head),Early season,UT,continental,45,3,0.30182983122797535,0.09110124701910809,0.09110124701910809,0.2957584283484286,0.08203647772301027,0.09420303161633052,0.048525959437196786,True,False,0.04299140171965607,0.47880967403434477,-0.21607440500535602,15,16,0.1437374864759623,0.09110124701910809,-0.05263623945685421,0.001206890720172428,0.13974603060308294,-0.07825314973878554,False,971
days_with_base,Days per 30 with a skiable base,Wind River Range,Midwinter,WY,continental,48,21,-0.28886803574319175,0.08344474207412991,-0.08344474207412991,-0.29006647764920535,0.04370658593136964,0.08604882710959313,0.02535563086236941,True,True,0.04299140171965607,-0.3159862248907711,0.08139037388851311,16,16,0.1108537305038384,0.08344474207412991,-0.027408988429708486,0.03667929503277841,0.007663441396124031,-0.09396532097769716,False,971
storm_days,Storm days per 30 (>= 2 in of new snow),San Francisco Peaks (AZ Snowbowl),Early season,AZ,continental,46,5,0.2930160528261146,0.08585840721379638,0.08585840721379638,0.2904492304728933,0.0667780840110836,0.08882006798648721,0.0387912862269469,True,True,0.04319136172765447,0.24637929600314296,-0.24443510578179323,15,16,0.05360180944394721,0.08585840721379638,0.03225659776984917,0.13289874520182712,0.031965160657160555,0.5901747852993937,False,971
storm_days,Storm days per 30 (>= 2 in of new snow),Tetons (Jackson/Targhee),Holidays,WY+ID,intermountain,46,10,-0.29547530338175554,0.08730565490854048,-0.08730565490854048,-0.29632407049353243,0.057543477657136834,0.09111920657473338,0.034103035059432844,True,True,0.04479104179164167,-0.43705219896633724,0.16294585889747587,15,16,0.12289210337643153,0.08730565490854048,-0.03558644846789105,0.003908817728284868,0.02430929742710454,0.06194970447888154,False,971
new_snow_in_total,Total new snow in the window (in),Bitterroots (Lost Trail),Holidays,MT+ID,transitional,59,12,-0.2541236716986407,0.06457884051759852,-0.06457884051759852,-0.25433958623138103,0.06011764865558868,0.06830275680422691,0.03058059576853193,True,True,0.04599080183963208,-0.2584230213657173,0.34268433909844487,20,22,0.07820985797274504,0.06457884051759852,-0.013631017455146527,3.197673593847063e-05,0.04159304476179854,-0.008592837811565762,False,971
storm_days,Storm days per 30 (>= 2 in of new snow),Wind River Range,Holidays,WY,continental,48,23,-0.29345198255800686,0.08611406606722477,-0.08611406606722477,-0.2942896873954017,0.051998373451252494,0.08931025094885917,0.0306051701360769,True,True,0.04619076184763048,-0.3839627147428657,0.16661457963475904,16,16,0.13961740714349846,0.08611406606722477,-0.05350334107627369,0.02299229104099368,0.006260061196700527,-0.12460470163725966,False,971
big_storm_days,Powder days per 30 (>= 6 in of new snow),Bitterroots (Lost Trail),Holidays,MT+ID,transitional,59,12,-0.257240428376502,0.06617263799132626,-0.06617263799132626,-0.25883714751555026,0.056901201706195545,0.07023441568959587,0.029456289479677232,True,True,0.04799040191961608,-0.21447093563644376,0.23478972922772465,20,22,0.0579134455177005,0.06617263799132626,0.008259192473625762,0.01834018137308931,0.009913827564244707,-0.15326367334265442,False,971
big_storm_days,Powder days per 30 (>= 6 in of new snow),Central Oregon (Mt Bachelor),Spring,OR,transitional,46,9,-0.2961821502327129,0.0877238661164733,-0.0877238661164733,-0.29582282516639136,0.06494717750211412,0.09172927975491647,0.03842571507051699,True,True,0.04819036192761448,-0.3070066621502916,0.28649776622495904,15,16,0.10394780558780303,0.0877238661164733,-0.016223939471329732,0.06184665752529052,0.008538255472468564,0.19713942924346745,False,971
mean_depth,Base (mean snow depth),Jemez (Pajarito),Midwinter,NM,continental,25,7,0.3980410504072099,0.158436677809275,0.158436677809275,0.3998482726504087,0.10022380356535117,0.16992345194262165,0.08014862946811907,True,False,0.04819036192761448,0.6032584343665172,-0.15095045171173613,9,9,0.2733685696349545,0.158436677809275,-0.11493189182567948,0.15620189763225809,0.07762525881049322,0.34573677051785806,False,971
storm_days,Storm days per 30 (>= 2 in of new snow),Bitterroots (Lost Trail),Spring,MT+ID,transitional,59,12,-0.2567682075837149,0.06592991242575369,-0.06592991242575369,-0.2578639753419326,0.06099990335350749,0.0702148179882821,0.03145935514841826,True,True,0.04839032193561288,-0.3174161146127598,0.26382079595855,20,22,0.09603807633572803,0.06592991242575369,-0.03010816390997434,0.007318144773725873,0.007321301846545569,0.1081786976633376,False,971
new_snow_in_total,Total new snow in the window (in),North Cascades (Mt Baker),Midwinter,WA,maritime,31,7,-0.36301757214217456,0.1317817576839989,-0.1317817576839989,-0.3628939937708863,0.06706475649304763,0.13618973227845585,0.04867479465006807,True,True,0.04879024195160968,-0.4893946285028418,0.4277164673179406,10,13,0.17359954181322546,0.1317817576839989,-0.04181778412922654,0.08785954187314282,0.11075531909547086,0.3828466378084813,False,971
mean_swe,Base (mean SWE in window),Tetons (Jackson/Targhee),Spring,WY+ID,intermountain,46,10,-0.2957443992762912,0.08746474970329435,-0.08746474970329435,-0.29642654183109696,0.05379125028327961,0.0907621933089815,0.031890308604487175,True,True,0.04919016196760648,-0.39971326489725584,0.1980812276511431,15,16,0.0866543611552707,0.08746474970329435,0.0008103885480236495,0.020306064904744077,0.17018092365256404,0.15434536555992948,False,971
big_storm_days,Powder days per 30 (>= 6 in of new snow),Central Oregon (Mt Bachelor),Midwinter,OR,transitional,46,9,-0.2924659440015009,0.08553632840068906,-0.08553632840068906,-0.29038921219241376,0.07340709412192421,0.08971449602515574,0.042633256462799876,True,False,0.04979004199160168,-0.24525883995391726,0.30256703197289025,15,16,0.07016608825880954,0.08553632840068906,0.015370240141879515,0.06391863920893158,0.3592608795706401,0.27373943158312325,False,971
mean_depth,Base (mean snow depth),Whitefish & Flathead Range,Holidays,MT,transitional,25,10,-0.3967173023118401,0.15738461795358394,-0.15738461795358394,-0.394308131647759,0.09897684098258966,0.16527531773443932,0.07805474648848455,True,False,0.04979004199160168,-0.5034604633682328,0.17649835193418142,9,9,0.2609395272479186,0.15738461795358394,-0.10355490929433464,0.0002705620777155889,0.03745557604484816,-0.018142795590969936,False,971
days_with_base,Days per 30 with a skiable base,Whitefish & Flathead Range,Midwinter,MT,transitional,51,8,-0.2750232888994039,0.07563780943704498,-0.07563780943704498,-0.2765975554496247,0.05853347483853185,0.07993237535738126,0.032380432104620056,True,True,0.05018996200759848,-0.2960223726482432,0.1788556693257386,18,17,0.10272612819286098,0.07563780943704498,-0.027088318755815993,0.026363829771561986,0.23189974678382044,0.17632416750376675,False,971
mean_swe,Base (mean SWE in window),Selkirks (Schweitzer),Midwinter,ID,transitional,43,7,-0.304835457854512,0.09292465636536995,-0.09292465636536995,-0.3042215983725497,0.06493093806243723,0.09676680763401699,0.03950678752236736,True,True,0.05058988202359528,-0.315693809743093,0.22143991316618936,14,16,0.05849408926820887,0.09292465636536995,0.03443056709716108,0.0014398850183233666,0.27929352523745987,-0.044556737071946496,False,971
storm_days,Storm days per 30 (>= 2 in of new snow),Beartooth & Absaroka (Red Lodge),Early season,MT+WY,continental,53,11,-0.270584622078808,0.07321603770553135,-0.07321603770553135,-0.26934333515557674,0.06318084635174727,0.07653765153845243,0.034034679748663324,True,True,0.051789642071585686,-0.2390971618853085,0.2884542590616417,18,19,0.07978534705395857,0.07321603770553135,-0.006569309348427213,0.007425384837355365,0.03867177265931783,0.1119961982909064,False,971
storm_days,Storm days per 30 (>= 2 in of new snow),Blue Mtns (Anthony Lakes),Holidays,OR,transitional,48,18,-0.2863290664808579,0.08198433431179952,-0.08198433431179952,-0.286034751370318,0.05599378135635612,0.08495118254206303,0.03203233465709854,True,True,0.051989602079584085,-0.24973812680054955,0.2045562049572168,16,16,0.0552494017387013,0.08198433431179952,0.026734932573098225,0.0001308807498374822,0.17147454034066115,0.011158510864840336,False,971
mean_depth,Base (mean snow depth),Beartooth & Absaroka (Red Lodge),Holidays,MT+WY,continental,25,13,-0.38497562155591847,0.14820622919236576,-0.14820622919236576,-0.38291834437410843,0.09559290007009609,0.15576446100201968,0.07320855005752158,True,True,0.05318936212757448,-0.42560165990393384,0.32989930446112425,9,9,0.18475701573338044,0.14820622919236576,-0.03655078654101468,0.0034317650360127182,0.00028005133732541767,-0.07303047512579194,False,971
days_with_base,Days per 30 with a skiable base,N Sangre de Cristo (Taos),Spring,NM+CO,continental,47,7,0.2820211625515613,0.07953593612693416,0.07953593612693416,0.28456743771425774,0.07032595790642598,0.08592436696271437,0.040024955292464776,True,False,0.05398920215956809,0.40763388336489653,-0.16473398591025293,16,16,0.12236797950703138,0.07953593612693416,-0.04283204338009722,0.005941181196252288,0.06965339065342933,-0.0945615357308894,False,971
new_snow_in_total,Total new snow in the window (in),Wind River Range,Holidays,WY,continental,48,23,-0.28106075286334326,0.07899514680010931,-0.07899514680010931,-0.28156982837256994,0.056485889512148266,0.08247222396373712,0.03180944443081507,True,True,0.05398920215956809,-0.3689934591965365,0.17358428418637642,16,16,0.11143168663066971,0.07899514680010931,-0.0324365398305604,0.020171250724848506,0.00024853665318993817,-0.13445217844275495,False,971
big_storm_days,Powder days per 30 (>= 6 in of new snow),Selkirks (Schweitzer),Early season,ID,transitional,45,7,-0.29005695681212396,0.08413303819511034,-0.08413303819511034,-0.2880274443015381,0.06795071628398965,0.08757710851438288,0.03914334229947289,True,True,0.05438912217556489,-0.2528265353063634,0.12718782391310424,15,16,0.053305161421110636,0.08413303819511034,0.0308278767739997,0.04260583571490592,0.20943912380917265,-0.13887366672294182,False,971
big_storm_days,Powder days per 30 (>= 6 in of new snow),Snowy Range & Sierra Madre,Spring,WY,continental,48,15,0.2770149124936905,0.076737261743887,0.076737261743887,0.27411282871611536,0.08989766307919247,0.0832194326938504,0.04928420544321147,True,False,0.05458908218356329,0.28293672024938993,-0.03461428865220552,16,16,0.11781437584474774,0.076737261743887,-0.04107711410086075,0.07873487211862668,8.76632769022736e-07,0.376308377982497,False,971
big_storm_days,Powder days per 30 (>= 6 in of new snow),Mt Hood,Holidays,OR,maritime,48,10,-0.27910357231919086,0.0778988040813338,-0.0778988040813338,-0.2799489667633887,0.062246124011545785,0.08224600394634965,0.03485147620411601,True,True,0.055188962207558485,-0.3697960352440654,0.3084349993640906,16,16,0.11189256236103495,0.0778988040813338,-0.03399375827970115,0.16352512486833407,0.020962926485414746,0.27079069882153944,False,971
big_storm_days,Powder days per 30 (>= 6 in of new snow),Blue Mtns (Anthony Lakes),Midwinter,OR,transitional,48,18,-0.27591549024309797,0.07612935775608909,-0.07612935775608909,-0.27477324671765857,0.06212642171991045,0.07936002938748343,0.03414135720586051,True,True,0.05618876224755049,-0.21414641639320375,0.07028276500500912,16,16,0.058220798165010135,0.07612935775608909,0.017908559591078954,0.0129006618321039,0.3236020590070979,-0.0882169770416223,False,971
mean_swe,Base (mean SWE in window),Tetons (Jackson/Targhee),Midwinter,WY+ID,intermountain,46,10,-0.28140661108673043,0.07918968076331835,-0.07918968076331835,-0.2826549195748215,0.049804482785481656,0.08237429006537814,0.028154964152391795,True,True,0.05678864227154569,-0.37229510882005074,0.1735813508514719,15,16,0.07570469556455628,0.07918968076331835,0.0034849851987620722,6.270348061502494e-06,0.10357386248638559,-0.0023883482427151026,False,971
storm_days,Storm days per 30 (>= 2 in of new snow),Markagunt (Brian Head),Early season,UT,continental,46,8,0.2864767570119217,0.08206893230806764,0.08206893230806764,0.2834475487967193,0.07613395147065918,0.08613889148540525,0.043159963849133454,True,False,0.057388522295540895,0.2987997082231626,-0.24020666621388326,15,16,0.06615263727008724,0.08206893230806764,0.015916295037980394,0.06456390202118666,0.025321302843234295,0.40246390391730125,False,971
storm_days,Storm days per 30 (>= 2 in of new snow),Blue Mtns (Anthony Lakes),Early season,OR,transitional,48,18,-0.2752154441391331,0.07574354069270031,-0.07574354069270031,-0.275114571281666,0.06704389831787137,0.08018291163315196,0.03688950668554558,True,True,0.057588482303539294,-0.2737231736931854,0.3087299166933509,16,16,0.11072291519815092,0.07574354069270031,-0.034979374505450606,0.1343084959661728,0.054279992474290086,0.3823999705446601,False,971
storm_days,Storm days per 30 (>= 2 in of new snow),Central Oregon (Mt Bachelor),Early season,OR,transitional,46,9,-0.27439618936639915,0.07529326873880078,-0.07529326873880078,-0.27382475817283186,0.05825356486739489,0.07837347600816963,0.031902536625039564,True,True,0.05798840231953609,-0.29662191080863504,0.2839026032359283,15,16,0.06937010568789193,0.07529326873880078,0.005923163050908856,0.0015005784188076516,0.001355236535773724,-0.0504611295577615,False,971
storm_days,Storm days per 30 (>= 2 in of new snow),Coeur d'Alenes (Silver/Lookout),Holidays,ID+MT,transitional,44,7,-0.28479826352927023,0.08111005090928766,-0.08111005090928766,-0.28491685917271553,0.07251791401115025,0.0864364644933736,0.04132315258762798,True,False,0.05818836232753449,-0.3368694151460894,0.29096932057554403,15,16,0.0949507083200587,0.08111005090928766,-0.013840657410771035,0.016754439729669324,0.1137590946442801,0.17774614623305116,False,971
new_snow_in_total,Total new snow in the window (in),Bitterroots (Lost Trail),Spring,MT+ID,transitional,59,12,-0.2475713257795595,0.061291561348248785,-0.061291561348248785,-0.24804007557210944,0.06159682370122883,0.06531804777989803,0.0305569616117094,True,True,0.05838832233553289,-0.3005504156926279,0.3063626673357223,20,22,0.08875513148967695,0.061291561348248785,-0.027463570141428167,0.009311890085703196,0.0012886408513635799,0.12998001855307809,False,971
mean_depth,Base (mean snow depth),Bighorn Mtns (Meadowlark),Holidays,WY,continental,23,15,-0.40003108680856986,0.16002487041324556,-0.16002487041324556,-0.3921091059130334,0.10402959697107166,0.16457170798588203,0.08158190451364022,True,False,0.05878824235152969,-0.362256842578737,0.2971735745322497,8,9,0.14134241110537538,0.16002487041324556,0.018682459307870186,0.30378310031746236,0.13352658384700053,-0.6936752168505713,False,971
mean_swe,Base (mean SWE in window),Bitterroots (Lost Trail),Holidays,MT+ID,transitional,59,12,-0.2520282914829224,0.06351825970780088,-0.06351825970780088,-0.25333898406379046,0.061594969971942935,0.06797458117231803,0.031208814232263408,True,True,0.0593881223755249,-0.22996764245497703,0.29107355279423763,20,22,0.060424914539262575,0.06351825970780088,0.0030933451685383057,0.019068098691806507,0.1458785602564165,0.2443917052766301,False,971
new_snow_in_total,Total new snow in the window (in),Markagunt (Brian Head),Spring,UT,continental,46,8,0.27731679329346065,0.07690460384256798,0.07690460384256798,0.276262647950281,0.0749435450662817,0.08193758559960268,0.0414082044135844,True,False,0.0595880823835233,0.3195067749826036,-0.017773108485098138,15,16,0.07745373713327575,0.07690460384256798,-0.0005491332907077706,0.18628247966022332,0.09711433208639178,0.6397204224869795,False,971
days_with_base,Days per 30 with a skiable base,Madison & Gallatin (Big Sky),Holidays,MT,continental,60,8,-0.2438759234345997,0.05947546603107874,-0.05947546603107874,-0.2442836294577241,0.052587982347795256,0.06243998750845068,0.025692766387556305,True,True,0.060387922415516895,-0.2368951229796122,0.27925970918656995,20,22,0.10910988229940366,0.05947546603107874,-0.04963441626832492,0.08727807984678931,0.056091151849285203,0.24122248488850914,False,971
big_storm_days,Powder days per 30 (>= 6 in of new snow),North Cascades (Mt Baker),Spring,WA,maritime,31,7,-0.3438858736956317,0.11825749412740798,-0.11825749412740798,-0.3445912291029025,0.07637222917570131,0.1245758325639149,0.052634400641966936,True,True,0.060587882423515295,-0.4757970167252057,0.0982632144387494,10,13,0.16897757556504933,0.11825749412740798,-0.050720081437641354,0.016111551873477015,0.004167803265922005,-0.08953862794905988,False,971
mean_swe,Base (mean SWE in window),Mt Hood,Early season,OR,maritime,48,10,-0.2727775821102282,0.07440760930190228,-0.07440760930190228,-0.2732602134823448,0.06104568413193876,0.07839771982355309,0.03336271335613875,True,True,0.0611877624475105,-0.2675505384008528,0.26990285953341364,16,16,0.05802449242629204,0.07440760930190228,0.01638311687561024,0.020245320701484756,0.0017392001896033384,-0.20343945085755238,False,971
mean_swe,Base (mean SWE in window),Beartooth & Absaroka (Red Lodge),Holidays,MT+WY,continental,53,11,-0.25836721559293285,0.06675361809324505,-0.06675361809324505,-0.2582156117994549,0.05491576587628086,0.06969104351874529,0.028360216166358983,True,True,0.0613877224555089,-0.3099178941966648,0.25202897530865337,18,19,0.08095291818491113,0.06675361809324505,-0.014199300091666076,0.009466025294462112,0.001853448467080287,0.1250992114100716,False,971
mean_swe,Base (mean SWE in window),N Sangre de Cristo (Taos),Holidays,NM+CO,continental,47,7,0.27325873526666605,0.07467033639953788,0.07467033639953788,0.2721372174377375,0.058327929502300854,0.0774608124747798,0.03174640086732134,True,True,0.0615876824635073,0.36689189856140053,-0.17559340316137587,16,16,0.0894849176785546,0.07467033639953788,-0.01481458127901672,0.01511325049533891,0.002748282189795734,0.12533243356225637,False,971
new_snow_in_total,Total new snow in the window (in),Central Oregon (Mt Bachelor),Early season,OR,transitional,46,9,-0.271667298532655,0.07380312109203069,-0.07380312109203069,-0.2720207919781113,0.06140164078944627,0.07776547276003509,0.03340504591260136,True,True,0.0621875624875025,-0.29311839487751284,0.29055381919317336,15,16,0.06732535706164078,0.07380312109203069,0.00647776403038991,0.004707410999547257,0.0010103858156237158,-0.08473569143892778,False,971
new_snow_in_total,Total new snow in the window (in),Bridger Range (Bridger Bowl),Holidays,MT,continental,50,6,-0.2664091109244152,0.07097381438353736,-0.07097381438353736,-0.26909247712153894,0.06048646950914731,0.07606937423708696,0.03255290782510577,True,True,0.0625874825034993,-0.4420769279536902,0.011323387789299366,18,16,0.1102316217531617,0.07097381438353736,-0.03925780736962434,0.0015967344760374452,0.014376841697555159,-0.055681331325607514,False,971
new_snow_in_total,Total new snow in the window (in),Beartooth & Absaroka (Red Lodge),Early season,MT+WY,continental,53,11,-0.26064558470395244,0.06793612082566525,-0.06793612082566525,-0.25852404680025926,0.06553891493486332,0.07113003214482189,0.03388677102371763,True,True,0.0625874825034993,-0.23305087271965086,0.3157469105110002,18,19,0.0723207504783635,0.06793612082566525,-0.0043846296526982576,0.00019267132694926952,0.015466501042279287,-0.019841875973198024,False,971
new_snow_in_total,Total new snow in the window (in),Blue Mtns (Anthony Lakes),Early season,OR,transitional,48,18,-0.2665865326760503,0.07106837940423884,-0.07106837940423884,-0.2662914312028848,0.064245864009898,0.07503865737445903,0.03421624615212329,True,True,0.0635872825434913,-0.27970590285159114,0.33362616691195357,16,16,0.10181847742365069,0.07106837940423884,-0.03075009801941185,0.09491095395354261,0.05253475418686757,0.3704783844635783,False,971
days_with_base,Days per 30 with a skiable base,Beartooth & Absaroka (Red Lodge),Holidays,MT+WY,continental,53,11,-0.25530150557773745,0.06517885875025951,-0.06517885875025951,-0.2550013087827525,0.058130539313332355,0.06840482708177557,0.029646727210293995,True,True,0.06418716256748651,-0.23553078940603467,0.1359100848922805,18,19,0.08136647489443305,0.06517885875025951,-0.016187616144173536,0.008897655659360213,0.06040792964476957,0.09968888710095226,False,971
new_snow_in_total,Total new snow in the window (in),Jemez (Pajarito),Midwinter,NM,continental,46,7,0.2667508414936134,0.07115601143755085,0.07115601143755085,0.26678486810324165,0.06634115840181115,0.07557531514695824,0.0353976343880869,True,False,0.06458708258348331,0.4518659365204761,-0.2681434479534825,15,16,0.12382538962061074,0.07115601143755085,-0.05266937818305989,0.09742893697553975,0.006227555492670578,-0.3448534907083707,False,971
mean_swe,Base (mean SWE in window),Bighorn Mtns (Meadowlark),Spring,WY,continental,48,13,-0.2681825598616874,0.07192188541396753,-0.07192188541396753,-0.26769955957100544,0.062492903618021914,0.07556841719712167,0.03345864554971552,True,True,0.06458708258348331,-0.3110858311354574,0.18289656351669098,16,16,0.07213617798945382,0.07192188541396753,-0.00021429257548628844,0.0866820550773527,0.009982444307135161,-0.24055997543605623,False,971
mean_swe,Base (mean SWE in window),Central Cascades (Stevens/Snoqualmie),Midwinter,WA,maritime,45,19,-0.27335348645850205,0.07472212855901847,-0.07472212855901847,-0.2735854370944707,0.06350718194141299,0.07888215354831231,0.034749280260159096,True,True,0.0649870025994801,-0.3081527783274185,0.24461682889270642,15,16,0.08207211495327726,0.07472212855901847,-0.007349986394258795,0.04835577175696166,0.2125261694868531,0.2937145230854743,False,971
big_storm_days,Powder days per 30 (>= 6 in of new snow),Madison & Gallatin (Big Sky),Early season,MT,continental,60,9,-0.23936541965606556,0.05729580412712438,-0.05729580412712438,-0.24138365216126795,0.07446558745577381,0.06381119124584549,0.03594955092081797,True,False,0.0653869226154769,-0.10311061589394706,0.2682481142946663,20,22,0.10333525060253124,0.05729580412712438,-0.04603944647540686,0.06426598363049146,0.10837288353920592,0.21713057944516173,False,971
mean_depth,Base (mean snow depth),Tetons (Jackson/Targhee),Holidays,WY+ID,intermountain,24,9,-0.38237758200161986,0.14621261521740553,-0.14621261521740553,-0.38463869619665964,0.1033864554233825,0.15863568577687728,0.07953286283688783,True,False,0.06798640271945611,-0.49460770478670035,0.18396215978823338,9,9,0.24668575116001412,0.14621261521740553,-0.1004731359426086,0.009640631686582302,0.0901493444994321,-0.09945500899335417,False,971
new_snow_in_total,Total new snow in the window (in),Beartooth & Absaroka (Red Lodge),Spring,MT+WY,continental,53,11,-0.24831909222887663,0.06166237156537334,-0.06166237156537334,-0.24685186656501681,0.06785251703956646,0.06553980809523752,0.03349904096470318,True,False,0.06858628274345131,-0.25193314903992403,0.23170866491047606,18,19,0.059894851922318915,0.06166237156537334,0.0017675196430544243,0.002529955098892602,0.0651379942200306,0.047572799390094456,False,971
mean_swe,Base (mean SWE in window),Missoula ranges (Montana Snowbowl),Holidays,MT,transitional,46,7,-0.26843759601693196,0.07205874295534956,-0.07205874295534956,-0.27106512115283316,0.0574115035633138,0.07677238064700051,0.031124512337911935,True,True,0.06858628274345131,-0.3518232564578086,0.17666114658232218,15,16,0.07518087714098565,0.07205874295534956,-0.0031221341856360885,0.0026384562713727276,0.0021131597109243427,-0.05268884839437937,False,971
days_with_base,Days per 30 with a skiable base,Blue Mtns (Anthony Lakes),Spring,OR,transitional,48,18,-0.26557133248817766,0.0705281326395462,-0.0705281326395462,-0.26540541172498827,0.06630145214618484,0.07483591512960337,0.03519352840964559,True,True,0.06958608278344332,-0.2587532842897833,0.2938874131704666,16,16,0.10862224142087296,0.0705281326395462,-0.038094108781326755,0.07605977143236241,0.2170171076397532,0.35172890957521524,False,971
new_snow_in_total,Total new snow in the window (in),Tetons (Jackson/Targhee),Holidays,WY+ID,intermountain,46,10,-0.27508613192792564,0.0756723799790681,-0.0756723799790681,-0.27687883691273585,0.05487266854007911,0.07967290008285877,0.03038616128735035,True,True,0.07018596280743851,-0.4172602866040112,0.1376738643491848,15,16,0.10340068517679568,0.0756723799790681,-0.02772830519772758,0.0003281643487053211,0.03364936595547339,0.018717942100549438,False,971
mean_swe,Base (mean SWE in window),Blue Mtns (Anthony Lakes),Spring,OR,transitional,48,18,-0.2657145450608292,0.07060421945688343,-0.07060421945688343,-0.2672539175984831,0.0726147491822968,0.07669755827054467,0.038813152388800135,True,False,0.07098580283943211,-0.29386241949766345,0.3741718848958321,16,16,0.10764545290542493,0.07060421945688343,-0.0370412334485415,0.14902376651685584,0.22438906227887764,0.5109911543014624,False,971
new_snow_in_total,Total new snow in the window (in),Bighorn Mtns (Meadowlark),Midwinter,WY,continental,48,13,-0.2625782455096738,0.06894733501493852,-0.06894733501493852,-0.2611152049612777,0.06889644173924922,0.07292786994629982,0.03597981701169358,True,False,0.07258548290341932,-0.23365336124572533,0.1949293108825122,16,16,0.05138992636111195,0.06894733501493852,0.017557408653826573,0.09219106077486457,0.00011244402006554961,-0.35235566273259245,False,971
mean_swe,Base (mean SWE in window),Bitterroots (Lost Trail),Early season,MT+ID,transitional,59,12,-0.2338125093889258,0.05466828954674652,-0.05466828954674652,-0.232278203267128,0.05898049975082286,0.057431863063862054,0.02739976901983685,True,False,0.07338532293541292,-0.17662430673576998,0.29890901845035667,20,22,0.06853776764478547,0.05466828954674652,-0.013869478098038956,0.01657353187942925,0.053420808643896166,0.1928829759084519,False,971
days_with_base,Days per 30 with a skiable base,Madison & Gallatin (Big Sky),Early season,MT,continental,60,5,-0.22878111583469007,0.052340798962565875,-0.052340798962565875,-0.23004241550683446,0.07972874549281772,0.059276185790077575,0.03668198639699486,True,False,0.07558488302339532,-0.1266043886220149,0.22725064017668367,20,22,0.07495308668790679,0.052340798962565875,-0.022612287725340914,0.016124216019559965,0.021263509840330302,0.13391687544520164,False,971
mean_swe,Base (mean SWE in window),North Cascades (Mt Baker),Midwinter,WA,maritime,31,7,-0.32241161968790794,0.10394925250978018,-0.10394925250978018,-0.32354658498513134,0.0722764520590295,0.10990627817778201,0.04676959847708111,True,True,0.07558488302339532,-0.5040238170046106,0.2050696775857741,10,13,0.12953205053671046,0.10394925250978018,-0.02558279802693028,0.009099802657900034,0.132103150664986,0.15305557294219296,False,971
mean_swe,Base (mean SWE in window),N Sangre de Cristo (Taos),Early season,NM+CO,continental,47,7,0.25733462731763124,0.06622111041670416,0.06622111041670416,0.25711816095341844,0.06127663202740522,0.06986457432469002,0.031510669872611544,True,True,0.07558488302339532,0.3606396149254359,-0.22650415837354465,16,16,0.08621535391443391,0.06622111041670416,-0.019994243497729755,0.0094957702891874,0.0017702258814465929,0.11460568192906426,False,971
mean_swe,Base (mean SWE in window),Park Range (Steamboat),Midwinter,CO,continental,47,15,-0.2579886627686697,0.06655815011716638,-0.06655815011716638,-0.2595735337761694,0.04829663723408451,0.0697109846051689,0.02507305759271407,True,True,0.07678464307138572,-0.2809224137853249,0.33146977232621944,16,16,0.074542703552683,0.06655815011716638,-0.007984553435516614,0.019922040885659017,0.004476202261627021,-0.10757324545776047,False,971
storm_days,Storm days per 30 (>= 2 in of new snow),Central Cascades (Stevens/Snoqualmie),Early season,WA,maritime,45,19,-0.2608034990323728,0.06801846510752889,-0.06801846510752889,-0.2606074701556512,0.06438788600230476,0.07206205336477443,0.033559928159462224,True,True,0.07718456308738253,-0.3002124607903911,0.2457471261608966,15,16,0.07815951265925125,0.06801846510752889,-0.010141047551722362,0.0018239772387166613,0.02092959930730951,-0.059838319694374996,False,971
storm_days,Storm days per 30 (>= 2 in of new snow),Selkirks (Schweitzer),Spring,ID,transitional,44,7,-0.27315274962979824,0.07461242463031924,-0.07461242463031924,-0.272917153036159,0.05873536416429033,0.07793361542487402,0.0320597767405203,True,True,0.07718456308738253,-0.3778712811114099,0.2298541157918807,14,16,0.08664961978863295,0.07461242463031924,-0.01203719515831371,0.0023699305721174646,0.002305194352886587,0.04965679334320542,False,971
mean_swe,Base (mean SWE in window),Central Oregon (Mt Bachelor),Early season,OR,transitional,46,9,-0.2611563604921277,0.06820264462549416,-0.06820264462549416,-0.26123040839264045,0.062059091443463395,0.07209265709977386,0.032423443604504325,True,True,0.07758448310337933,-0.20142671051723132,0.3057716622154273,15,16,0.055570913842508673,0.06820264462549416,0.01263173078298549,0.041285944721681914,0.00024976712326865583,-0.25190908557040115,False,971
days_with_base,Days per 30 with a skiable base,Bridger Range (Bridger Bowl),Spring,MT,continental,46,4,-0.26262150578696947,0.06897005530181524,-0.06897005530181524,-0.2631112514110674,0.05934888494823299,0.0727498207636965,0.031230718777162086,True,True,0.07878424315136973,-0.27585001141124527,0.10131864483907471,15,16,0.05104045882450703,0.06897005530181524,0.017929596477308213,0.06008025275446893,0.0003363127971836058,-0.24789423810592157,False,971
mean_swe,Base (mean SWE in window),Markagunt (Brian Head),Spring,UT,continental,46,8,0.26623255247560884,0.07087977199767781,0.07087977199767781,0.2673603035191909,0.06606646918108436,0.07584631024792904,0.03532710250539197,True,False,0.07878424315136973,0.39661058700266616,-0.06571822845644938,15,16,0.09994191724853385,0.07087977199767781,-0.029062145250856042,0.018495906617976197,0.012928865834492079,0.2224745525565318,False,971
big_storm_days,Powder days per 30 (>= 6 in of new snow),Elk Mtns (Aspen/Crested Butte),Midwinter,CO,continental,46,11,-0.2605474720996652,0.06788498521752583,-0.06788498521752583,-0.25963393670683144,0.06603618813605926,0.07177055923342796,0.03429047098175604,True,False,0.07918416316736653,-0.18592893426829118,0.11938341169690003,15,16,0.026852568674393007,0.06788498521752583,0.04103241654313282,0.024744181822272476,0.2844526904118998,-0.16712995380708998,False,971
big_storm_days,Powder days per 30 (>= 6 in of new snow),Blue Mtns (Anthony Lakes),Early season,OR,transitional,48,18,-0.25189007350292125,0.06344860912930707,-0.06344860912930707,-0.2519554529764083,0.05078952571253621,0.06606112620665149,0.025593395914717997,True,True,0.08038392321535692,-0.18903407380848664,0.13842852279136986,16,16,0.05809418029643321,0.06344860912930707,0.0053544288328738615,0.08064782526557462,0.14617418739908639,0.18798747578420644,False,971
mean_depth,Base (mean snow depth),Wind River Range,Midwinter,WY,continental,28,21,-0.3336082866405403,0.11129448891523691,-0.11129448891523691,-0.3396897035927289,0.09240064299406914,0.12392697355263342,0.06277509406086582,True,False,0.08038392321535692,-0.36696013935075505,0.06010086679276455,9,12,0.10607203664168297,0.11129448891523691,0.005222452273553946,0.4215797609988115,0.11043014401845232,-0.44524161247729893,False,971
days_with_base,Days per 30 with a skiable base,Snowy Range & Sierra Madre,Holidays,WY,continental,48,13,-0.2601760568648441,0.06769158056573858,-0.06769158056573858,-0.2590030787953455,0.05666420352820479,0.07029342678695377,0.02935240634258224,True,True,0.08098380323935213,-0.2742728123628815,0.2745548634454581,16,16,0.08752491005667706,0.06769158056573858,-0.01983332949093848,0.0014839087985923111,0.08824414467068128,-0.035577837404027306,False,971
mean_swe,Base (mean SWE in window),Snowy Range & Sierra Madre,Midwinter,WY,continental,48,15,-0.24816761706535329,0.061587166159895824,-0.061587166159895824,-0.24837711319885028,0.04831819501782665,0.06402583833077521,0.02400226758701371,True,True,0.08338332333533294,-0.264406077118423,0.27749290479848027,16,16,0.06062000656976574,0.061587166159895824,0.0009671595901300858,0.015084618240631106,0.00968500224039439,-0.09335778023159938,False,971
storm_days,Storm days per 30 (>= 2 in of new snow),Bitterroots (Lost Trail),Early season,MT+ID,transitional,59,12,-0.2278562237173793,0.0519184586867444,-0.0519184586867444,-0.2298746173969289,0.0702520613485657,0.05777769184710709,0.032298331447694235,True,False,0.08438312337532493,-0.19804332597342475,0.22185353758925605,20,22,0.04723230423065816,0.0519184586867444,0.004686154456086236,0.0061303064752071465,0.13312201774433075,0.13521585776470413,False,971
new_snow_in_total,Total new snow in the window (in),Markagunt (Brian Head),Early season,UT,continental,46,8,0.26300346741793906,0.06917082387385894,0.06917082387385894,0.2602623634227847,0.08115125358164701,0.07432202377228643,0.04224123410376235,True,False,0.08458308338332333,0.34681581446211046,-0.19073284798935658,15,16,0.06976310384239537,0.06917082387385894,-0.0005922799685364327,0.03929343221209441,0.003227298977602754,0.3683854053471652,False,971
big_storm_days,Powder days per 30 (>= 6 in of new snow),N Sangre de Cristo (Taos),Spring,NM+CO,continental,47,7,0.25767997763416484,0.06639897087354368,0.06639897087354368,0.2582832249401809,0.07255949354551873,0.07197510438908226,0.037481799985925636,True,False,0.08498300339932013,0.2370929714172288,-0.12634396246338264,16,16,0.05156655748467176,0.06639897087354368,0.014832413388871923,0.002585866750653951,7.588379651405788e-06,0.05755069562269452,False,971
storm_days,Storm days per 30 (>= 2 in of new snow),Jemez (Pajarito),Midwinter,NM,continental,46,7,0.2586012648470063,0.0668746141804715,0.0668746141804715,0.2594181269404047,0.06292728128439182,0.07125760731511291,0.032648954888497825,True,True,0.08598280343931214,0.3793689139983064,-0.2817041969350209,15,16,0.10001386962117009,0.0668746141804715,-0.033139255440698595,0.061385963007648765,0.0015611268425530147,-0.2543418440095095,False,971
days_with_base,Days per 30 with a skiable base,Markagunt (Brian Head),Spring,UT,continental,46,8,0.2563463821868536,0.06571346766028843,0.06571346766028843,0.25722406577611845,0.057403634361223616,0.06945939725227396,0.029531192441439272,True,True,0.08738252349530094,0.30281330037609566,0.011648277203415582,15,16,0.11314687832939274,0.06571346766028843,-0.04743341066910431,0.13136004027936424,0.0009331545460181337,0.36789601289969087,False,971
mean_depth,Base (mean snow depth),W Central Idaho (Brundage/Tamarack),Spring,ID,intermountain,25,9,-0.3484323020335284,0.12140506910038394,-0.12140506910038394,-0.34955100333064226,0.07735183155673525,0.12816920977464022,0.054076820660239285,True,True,0.08758248350329934,-0.36322700220498677,0.46119305909154484,9,9,0.1628474809513345,0.12140506910038394,-0.04144241185095056,0.06107678282336886,0.15309113896166715,0.3234318867898181,False,971
big_storm_days,Powder days per 30 (>= 6 in of new snow),San Juans (Telluride/Purgatory),Holidays,CO,continental,46,18,-0.25164709223935205,0.06332625903252097,-0.06332625903252097,-0.2507525495027732,0.06115692912954835,0.06661701106269732,0.030670511797989332,True,True,0.08798240351929613,-0.23142672225626068,0.34458201257351606,15,16,0.07998252703521413,0.06332625903252097,-0.016656268002693167,0.08646291918287725,0.0024956020006915926,-0.27031160483322636,False,971
new_snow_in_total,Total new snow in the window (in),White Mtns AZ (Sunrise Park),Early season,AZ,continental,46,7,0.24941632049671683,0.062208500930120966,0.062208500930120966,0.24659721076706018,0.07351081808823176,0.066214024734095,0.036255125403525414,True,False,0.08838232353529295,0.3292459813164124,-0.1299139097338014,15,16,0.06771816200741965,0.062208500930120966,-0.00550966107729868,0.10587869835091755,0.00033586717812284823,0.4472431303772194,False,971
mean_depth,Base (mean snow depth),Central Cascades (Stevens/Snoqualmie),Midwinter,WA,maritime,28,21,-0.32712511509223924,0.10701084092411077,-0.10701084092411077,-0.3256574422302023,0.09406772792095554,0.11490150711612848,0.061267711342289935,True,False,0.08878224355128975,-0.48129238235361715,0.3309300698466362,9,12,0.15820445844759357,0.10701084092411077,-0.051193617523482796,0.1040256365978173,0.1546971733570427,0.5127288739450401,False,971
new_snow_in_total,Total new snow in the window (in),San Francisco Peaks (AZ Snowbowl),Midwinter,AZ,continental,46,5,0.25648937934050003,0.06578680171447493,0.06578680171447493,0.25840900229128044,0.07335029717869675,0.0721554785613781,0.0379087542234319,True,False,0.08898220355928814,0.34986252571877074,-0.21290017608209835,15,16,0.06189008560981357,0.06578680171447493,0.0038967161046613574,0.029901779050567442,0.04122782454718592,0.23784730912593116,False,971
storm_days,Storm days per 30 (>= 2 in of new snow),Sawtooth & Smoky (Sun Valley),Early season,ID,intermountain,46,19,-0.25156332408302423,0.06328410602370067,-0.06328410602370067,-0.251067416108245,0.05835118079247253,0.06643970773114646,0.02930016037686227,True,True,0.08898220355928814,-0.26810564840804046,0.31069829806725435,15,16,0.07569910113269629,0.06328410602370067,-0.012414995108995616,0.0010773349688612272,0.05549196708867586,-0.034547714957500024,False,971
mean_swe,Base (mean SWE in window),Tetons (Jackson/Targhee),Holidays,WY+ID,intermountain,46,10,-0.24816652901891187,0.061586626125294426,-0.061586626125294426,-0.2494562176722671,0.05270059147001733,0.06500575687664317,0.026292980434403732,True,True,0.08938212357528494,-0.3652140698876956,0.14331020780649426,15,16,0.08603598850519978,0.061586626125294426,-0.024449362379905352,0.0029169773688927105,0.010236810548443826,-0.04940812652462297,False,971
days_with_base,Days per 30 with a skiable base,Front Range (Winter Park/Loveland/A-Basin),Early season,CO,continental,47,6,-0.2433989907835777,0.05924306871446415,-0.05924306871446415,-0.24545225463214201,0.03288898600717435,0.06132849470458199,0.01614535153605183,True,True,0.08938212357528494,-0.21884957823455736,0.3592092408830797,16,16,0.14629538214079518,0.05924306871446415,-0.08705231342633103,0.01890644116927684,0.1318550754760851,0.025618265222325534,False,971
days_with_base,Days per 30 with a skiable base,Tetons (Jackson/Targhee),Holidays,WY+ID,intermountain,46,10,-0.258335848486919,0.06673741061345637,-0.06673741061345637,-0.2597898581403333,0.047294292211992474,0.06972752046840783,0.02457315492920199,True,True,0.08938212357528494,-0.3388811849869529,0.1254378219046043,15,16,0.10790544163150739,0.06673741061345637,-0.04116803101805103,0.0013034941055148994,0.02150513212400868,0.025386944026800164,False,971
mean_depth,Base (mean snow depth),Mt Hood,Early season,OR,maritime,30,10,-0.3161577328790824,0.09995571205924121,-0.09995571205924121,-0.315058493342477,0.07823349296062357,0.10538233364805155,0.04929625284218668,True,True,0.09018196360727855,-0.5024788274017185,0.21312836516280886,10,12,0.1198366153480771,0.09995571205924121,-0.01988090328883589,0.021161487768995672,0.014383582474211561,-0.2064159000623989,False,971
storm_days,Storm days per 30 (>= 2 in of new snow),Mt Hood,Holidays,OR,maritime,48,10,-0.24431989907106363,0.05969221308209472,-0.05969221308209472,-0.2412819635833767,0.0696718045546553,0.06307114630055201,0.033621099618688956,True,False,0.09118176364727054,-0.30305587892063085,0.3096731485810377,16,16,0.080483485850674,0.05969221308209472,-0.020791272768579276,0.07680028275575065,0.06187566648213623,0.24223081765781881,False,971
big_storm_days,Powder days per 30 (>= 6 in of new snow),North Cascades (Mt Baker),Holidays,WA,maritime,31,8,-0.3058085459314406,0.093518866764702,-0.093518866764702,-0.2979706443901443,0.08894958430508745,0.0966985334663257,0.05300872990724475,True,False,0.09158168366326734,-0.1802546069488184,0.17412730423221057,10,13,0.050772025509963625,0.093518866764702,0.04274684125473838,0.17790698380253334,0.16971339958451157,-0.36667664656906795,False,971
mean_depth,Base (mean snow depth),Tetons (Jackson/Targhee),Spring,WY+ID,intermountain,24,9,-0.3609801888816931,0.13030669676506282,-0.13030669676506282,-0.3607367274635876,0.080869940261216,0.1366709337789913,0.05834551520001377,True,True,0.09198160367926415,-0.3913662311015781,0.3562057256863002,9,9,0.13586225043228728,0.13030669676506282,-0.005555553667224461,0.005220104297184449,0.11321409247667047,0.07513047023315467,False,971
big_storm_days,Powder days per 30 (>= 6 in of new snow),Mt Hood,Spring,OR,maritime,48,10,-0.2441764039235668,0.05962211623304484,-0.05962211623304484,-0.24281474462707797,0.05511073203575429,0.06199619299382981,0.026763396650946007,True,True,0.09218156368726255,-0.1550943520011892,0.18990272361588884,16,16,0.03889804714456124,0.05962211623304484,0.0207240690884836,0.0643365840846341,0.0006015757967473043,-0.2592758235852748,False,971
storm_days,Storm days per 30 (>= 2 in of new snow),Missoula ranges (Montana Snowbowl),Holidays,MT,transitional,46,7,-0.25296797693319284,0.06399279735367239,-0.06399279735367239,-0.2527961886505996,0.07115868243631876,0.06896947108234242,0.03597728741859949,True,False,0.09278144371125775,-0.29487961815200786,0.24402864092563697,15,16,0.07770583621782967,0.06399279735367239,-0.013713038864157284,0.006298069092487203,0.011727483278924124,0.10044299500050169,False,971
mean_swe,Base (mean SWE in window),Bighorn Mtns (Meadowlark),Midwinter,WY,continental,48,13,-0.24360388643692468,0.0593428534871741,-0.0593428534871741,-0.24069925254901692,0.07778762016222097,0.0639870440281574,0.03744684406122685,True,False,0.09318136372725455,-0.2811372119623217,0.1368384373303746,16,16,0.06122637927123398,0.0593428534871741,-0.0018835257840598765,0.07416086263697096,0.02440959836541953,-0.28630576233948274,False,971
mean_depth,Base (mean snow depth),S Washington Cascades (Crystal/White Pass),Midwinter,WA,maritime,29,21,-0.3212946121610684,0.10323022780373137,-0.10323022780373137,-0.32142553674204216,0.07995267397547982,0.10970680574573927,0.05139766229306022,True,True,0.09338132373525294,-0.4734516801670837,0.33505481513702,10,12,0.1493475937956179,0.10323022780373137,-0.04611736599188654,0.11897001625515306,0.28941341626507205,0.530460884179541,False,971
new_snow_in_total,Total new snow in the window (in),Coeur d'Alenes (Silver/Lookout),Holidays,ID+MT,transitional,44,7,-0.2533772065280119,0.06420000878793879,-0.06420000878793879,-0.2519094199309277,0.06719846563652856,0.06797398963384019,0.03385585299749257,True,False,0.09358128374325135,-0.3231824257414527,0.3112606097961249,15,16,0.08481141492688826,0.06420000878793879,-0.020611406138949476,0.02450352537958085,0.042321854070009976,0.2037993046135599,False,971
days_with_base,Days per 30 with a skiable base,Wind River Range,Spring,WY,continental,48,21,-0.24640411591190037,0.06071498833832523,-0.06071498833832523,-0.24653759342730222,0.069432297737087,0.06560162894197727,0.034235343180458705,True,False,0.09358128374325135,-0.22269900092371445,0.13751774875464712,16,16,0.058278100209775086,0.06071498833832523,0.002436888128550148,0.000308043872449925,0.0633258989598306,0.01697832964820616,False,971
new_snow_in_total,Total new snow in the window (in),White Mtns AZ (Sunrise Park),Holidays,AZ,continental,46,7,0.2552628774346257,0.06515913659620476,0.06515913659620476,0.2569768394915041,0.0601112087594478,0.06965045345356419,0.03089437689003383,True,True,0.09418116376724656,0.41311844523914715,-0.04846249192836055,15,16,0.12128405743976256,0.06515913659620476,-0.0561249208435578,0.06956095410895426,0.049649962933286995,-0.2727562372796811,False,971
days_with_base,Days per 30 with a skiable base,Gore & Tenmile (Vail/Summit/Copper),Holidays,CO,continental,48,13,-0.24480946665581632,0.059931674964305244,-0.059931674964305244,-0.24932872181310373,0.03885473031152006,0.06367450158853702,0.019375200489928305,True,True,0.09438112377524495,-0.290713988087819,0.3791340800015834,16,16,0.11522581610196048,0.059931674964305244,-0.05529414113765523,0.0005144737980346332,0.12424320909048814,0.0076413346475796215,False,971
big_storm_days,Powder days per 30 (>= 6 in of new snow),Central Oregon (Mt Bachelor),Holidays,OR,transitional,46,9,-0.24982881301098192,0.06241443581047617,-0.06241443581047617,-0.24939789605773566,0.06637649537075303,0.06660514969572871,0.03310831658630367,True,False,0.09618076384723055,-0.32638883952138464,0.21865919589866917,15,16,0.08066081260399927,0.06241443581047617,-0.018246376793523096,0.06276022287074702,0.09626551819663348,0.24508241611191717,False,971
big_storm_days,Powder days per 30 (>= 6 in of new snow),Front Range (Winter Park/Loveland/A-Basin),Spring,CO,continental,48,20,0.23978913966479518,0.057498831501182644,0.057498831501182644,0.23797948287617127,0.07099215356085677,0.061674120137218166,0.03378935198535687,True,False,0.09618076384723055,0.17862721273674145,-0.12939558849512783,16,16,0.04271430228841344,0.057498831501182644,0.014784529212769203,0.06734311806156014,0.15889966869316113,0.3630926177186974,False,971
big_storm_days,Powder days per 30 (>= 6 in of new snow),Tushar Mtns (Eagle Point),Spring,UT,continental,47,7,0.2449363336187932,0.05999380752661676,0.05999380752661676,0.24412504110702313,0.07436804519370101,0.06512764184143809,0.03631020417992242,True,False,0.09678064387122576,0.20613026029263518,-0.03548467132240752,16,16,0.08157487027403254,0.05999380752661676,-0.02158106274741578,0.019309981659203838,0.24558473853038187,0.16401757290422483,False,971
mean_depth,Base (mean snow depth),N Sangre de Cristo (Taos),Holidays,NM+CO,continental,25,11,0.336759721136762,0.1134071097801097,0.1134071097801097,0.33537387554537107,0.09355151523856042,0.12122752240175265,0.0627494684573957,True,False,0.09678064387122576,0.4463778158040397,-0.260538716249783,9,9,0.16755413285041776,0.1134071097801097,-0.054147023070308054,0.05290118200473747,0.04488691931370884,0.20582668816499053,False,971
new_snow_in_total,Total new snow in the window (in),E Cascades rain shadow (Mission Ridge),Spring,WA,transitional,45,6,-0.24289135584875068,0.058996210746044435,-0.058996210746044435,-0.24385453049700906,0.07391409343684403,0.06492832525250723,0.03604857310430732,True,False,0.09678064387122576,-0.2897975167383873,0.41161061674928534,15,16,0.1355650025115258,0.058996210746044435,-0.07656879176548137,0.14821017562196614,0.00020270233325572222,0.4612489218245288,False,971
storm_days,Storm days per 30 (>= 2 in of new snow),Mt Hood,Midwinter,OR,maritime,48,10,-0.2408261969301015,0.057997257127816025,-0.057997257127816025,-0.23885247212436234,0.0779363276681179,0.06312457461031153,0.0372305690636486,True,False,0.09698060387922415,-0.2567879148089198,0.30611580043830455,16,16,0.06851251138539449,0.057997257127816025,-0.010515254257578467,0.06509399297880744,0.35417494378383196,0.3416905792404238,False,971
mean_depth,Base (mean snow depth),Jemez (Pajarito),Holidays,NM,continental,25,7,0.34206615083314285,0.11700925154580243,0.11700925154580243,0.33973949175331936,0.10108858657499735,0.12564182459253448,0.06868757005010204,True,False,0.09778044391121776,0.4739740842520338,-0.12511810968747109,9,9,0.16930110748633886,0.11700925154580243,-0.05229185594053644,0.41753163417736877,0.03716369016909164,0.5256021523415452,False,971
mean_depth,Base (mean snow depth),Jemez (Pajarito),Spring,NM,continental,25,7,0.3392267917199297,0.11507481622059657,0.11507481622059657,0.34358051886765717,0.1122262155982276,0.1306422964128684,0.0771174827715852,True,False,0.09798040391921616,0.6009376111836394,-0.1320328333891397,9,9,0.2865995383137082,0.11507481622059657,-0.17152472209311165,0.02198083106744173,0.004872525981829188,-0.19310120109705678,False,971
mean_swe,Base (mean SWE in window),Central Oregon (Mt Bachelor),Holidays,OR,transitional,46,9,-0.24283123356630185,0.05896700799533184,-0.05896700799533184,-0.24214662724043692,0.05888312767796441,0.06210221180905856,0.028516701537174203,True,True,0.09838032393521295,-0.30268008906066224,0.25385771759320586,15,16,0.06106421843331755,0.05896700799533184,-0.0020972104379857123,0.02114499403303256,0.03142036443466804,0.1492676355347874,False,971
new_snow_in_total,Total new snow in the window (in),Central Oregon (Mt Bachelor),Midwinter,OR,transitional,46,9,-0.248418771162817,0.061711885866044036,-0.061711885866044036,-0.2458473158788585,0.07971515309239806,0.06679540835738369,0.0391955128452767,True,False,0.09838032393521295,-0.23207746494746656,0.3302271429264597,15,16,0.06965335186422539,0.061711885866044036,-0.007941465998181352,0.09932647208720626,0.3592929678685368,0.4329782235316955,False,971
mean_swe,Base (mean SWE in window),Bridger Range (Bridger Bowl),Spring,MT,continental,50,6,-0.23837073885532187,0.05682060914243205,-0.05682060914243205,-0.23895370328475882,0.046129022292393455,0.05922675901115269,0.02204540141134522,True,True,0.09878024395120975,-0.26215494540068657,0.1375776758177834,18,16,0.03970241655243312,0.05682060914243205,0.017118192589998936,0.08272661802472012,0.006004133702782193,-0.2879498008035564,False,971
big_storm_days,Powder days per 30 (>= 6 in of new snow),Elk Mtns (Aspen/Crested Butte),Holidays,CO,continental,46,11,-0.24980901928828247,0.062404546117773484,-0.062404546117773484,-0.2513330307496262,0.04595654185849492,0.06528029608538415,0.023100793896135174,True,True,0.09898020395920816,-0.2734458325456068,0.2441111619072232,15,16,0.07198442162967689,0.062404546117773484,-0.009579875511903403,0.15922572762884274,0.017198420296564033,-0.2517406990104252,False,971
mean_depth,Base (mean snow depth),Missoula ranges (Montana Snowbowl),Early season,MT,transitional,25,7,-0.3379233724295155,0.11419220563413703,-0.11419220563413703,-0.33542839475283553,0.10276661828679387,0.12307318584056766,0.06894168361223332,True,False,0.09958008398320337,-0.34003991129358435,0.29516679355445313,9,9,0.11081149486204278,0.11419220563413703,0.0033807107720942448,0.30537380660492214,0.050226316336460824,-0.5700162757945614,False,971
new_snow_in_total,Total new snow in the window (in),Mt Hood,Holidays,OR,maritime,48,10,-0.2442445291166588,0.05965539000341839,-0.05965539000341839,-0.24398449657139867,0.06477686834622766,0.06372447723994336,0.03160910322585225,True,False,0.10037992401519696,-0.34213692694919345,0.3104173798039814,16,16,0.08661110299847574,0.05965539000341839,-0.02695571299505735,0.1539725810061487,0.042581288428249216,0.30053876307228994,False,971
days_with_base,Days per 30 with a skiable base,Central Oregon (Mt Bachelor),Holidays,OR,transitional,46,9,-0.24330724022192576,0.05919841314440989,-0.05919841314440989,-0.2437385891222807,0.06472115113657677,0.06359732723176358,0.03155008412879823,True,False,0.10037992401519696,-0.2368154468245091,0.23081915735963748,15,16,0.056325863480468974,0.05919841314440989,0.002872549663940918,0.00110813135013638,0.028554941901965843,0.035993373038232634,False,971
new_snow_in_total,Total new snow in the window (in),Blue Mtns (Anthony Lakes),Spring,OR,transitional,48,18,-0.24075011644185104,0.057960618566764835,-0.057960618566764835,-0.2395236925743501,0.06594996412642513,0.06172099707272854,0.03159315786541454,True,False,0.10037992401519696,-0.1928442754969871,0.45345963479478385,16,16,0.16149977430148954,0.057960618566764835,-0.1035391557347247,0.02248377282735704,0.012770968441097022,0.16017194777247262,False,971
storm_days,Storm days per 30 (>= 2 in of new snow),Whitefish & Flathead Range,Holidays,MT,transitional,52,9,-0.22743876455982923,0.05172839162450143,-0.05172839162450143,-0.22751428252673445,0.06737523293359073,0.05630217076651035,0.030657655561915007,True,False,0.10137972405518897,-0.18271623689061042,0.31070016000893913,18,18,0.07403893428647257,0.05172839162450143,-0.02231054266197114,0.004989107480193531,0.0249323646007297,0.09670249251077487,False,971
storm_days,Storm days per 30 (>= 2 in of new snow),Bridger Range (Bridger Bowl),Holidays,MT,continental,50,6,-0.2352920196560423,0.055362334513819396,-0.055362334513819396,-0.23724278054689465,0.06119242085267697,0.06002864929143316,0.029034920142969725,True,False,0.10217956408718257,-0.409705807373996,0.013240280521932032,18,16,0.09161041192070696,0.055362334513819396,-0.03624807740688756,7.10423036562659e-06,6.204989576562009e-05,-0.003667850002337333,False,971
mean_depth,Base (mean snow depth),Front Range (Winter Park/Loveland/A-Basin),Early season,CO,continental,28,23,0.31693278317784435,0.1004463890528545,0.1004463890528545,0.31454884108533726,0.08750137147253556,0.10659746343770342,0.055046909980127304,True,False,0.10437912417516497,0.462311814388235,-0.14711265652348243,9,12,0.22480967808454821,0.1004463890528545,-0.12436328903169372,0.008907508374133418,0.1205831348224448,-0.1024646582090935,False,971
big_storm_days,Powder days per 30 (>= 6 in of new snow),Elk Mtns (Aspen/Crested Butte),Early season,CO,continental,46,11,-0.24347033708404062,0.05927780503981636,-0.05927780503981636,-0.24006536819216626,0.06634879956399237,0.062033544208823184,0.031856097992876135,True,False,0.10517896420715857,-0.15132201334699721,0.13631194776850308,15,16,0.0359702282645773,0.05927780503981636,0.023307576775239064,0.04615409489657719,0.002936166815162611,-0.12820509487755316,False,971
storm_days,Storm days per 30 (>= 2 in of new snow),Tetons (Jackson/Targhee),Early season,WY+ID,intermountain,46,10,-0.24228944394861882,0.0587041746489309,-0.0587041746489309,-0.2406634189598427,0.05605678342345164,0.06106124419322454,0.026981634309158616,True,True,0.10517896420715857,-0.29651132700676747,0.2602652353050103,15,16,0.0748930034763069,0.0587041746489309,-0.016188828827375996,0.012837546156255297,0.05271913471906635,-0.10946906383475269,False,971
mean_depth,Base (mean snow depth),Blue Mtns (Anthony Lakes),Spring,OR,transitional,28,18,-0.3104676653385526,0.09639017122077148,-0.09639017122077148,-0.3128227614438997,0.07702529631418381,0.10379097634967481,0.04819053178807522,True,True,0.10617876424715057,-0.34612447552820913,0.38201856674815854,9,12,0.13291137402232545,0.09639017122077148,-0.036521202801553965,0.08832251059666187,0.16552446972887935,0.3941700716188267,False,971
new_snow_in_total,Total new snow in the window (in),Selkirks (Schweitzer),Spring,ID,transitional,44,7,-0.25127010115883885,0.06313666373637311,-0.06313666373637311,-0.2515058149787368,0.05462382697362394,0.066238937441363,0.02747642024051759,True,True,0.10817836432713457,-0.32543106634315466,0.2263712525679471,14,16,0.06580646021053349,0.06313666373637311,-0.0026697964741603797,0.0017146652380747932,0.00019054454771202554,-0.0429167407959533,False,971
storm_days,Storm days per 30 (>= 2 in of new snow),North Cascades (Mt Baker),Midwinter,WA,maritime,31,7,-0.2947550552340371,0.08688054258602027,-0.08688054258602027,-0.2947426069745957,0.07509555577644784,0.09251254686355458,0.04426771976351279,True,False,0.10837832433513298,-0.38489700244873226,0.34923753896650295,10,13,0.11502975056922815,0.08688054258602027,-0.028149207983207886,0.0778951449063431,0.08633504625787222,0.3486635046756442,False,971
days_with_base,Days per 30 with a skiable base,Bighorn Mtns (Meadowlark),Spring,WY,continental,48,13,-0.23238720327736284,0.05400381224707436,-0.05400381224707436,-0.2332094526314142,0.06657890858732682,0.05881939986532345,0.0310536616568949,True,False,0.10857828434313137,-0.2160561523986435,0.10112402884773984,16,16,0.04963166731855995,0.05400381224707436,0.004372144928514413,0.12852905297450276,0.00937406978887252,-0.27244359652337813,False,971
mean_depth,Base (mean snow depth),Mt Hood,Holidays,OR,maritime,29,10,-0.3012281752998987,0.0907384135945065,-0.0907384135945065,-0.3036401425603308,0.08835445638206335,0.10000384613662792,0.05365591946338049,True,False,0.10937812437512498,-0.6039283412747855,0.22504406062357188,10,12,0.21717788253822257,0.0907384135945065,-0.12643946894371605,0.17059032243906255,0.005978680739348679,0.41356569885887307,False,971
storm_days,Storm days per 30 (>= 2 in of new snow),Tushar Mtns (Eagle Point),Early season,UT,continental,47,7,0.2368326072152294,0.05608968384036313,0.05608968384036313,0.23754470892470325,0.059821151529511236,0.060006058908438735,0.02842039605523663,True,False,0.10977804439112178,0.23094409790394305,-0.19571551121751385,16,16,0.04652394430634754,0.05608968384036313,0.009565739534015585,0.03315710028470981,0.04041793383638257,0.24278448516640086,False,971
days_with_base,Days per 30 with a skiable base,Beartooth & Absaroka (Red Lodge),Early season,MT+WY,continental,46,6,-0.23991532925162004,0.05755936520991325,-0.05755936520991325,-0.23962702864668273,0.04953904314543944,0.05987522965380381,0.02374178742188294,True,True,0.11017796440711858,-0.24978585734601896,0.31760977812941626,15,16,0.07854803487677975,0.05755936520991325,-0.0209886696668665,0.0011667290262413405,0.009271242826510907,-0.027656383232407097,False,971
storm_days,Storm days per 30 (>= 2 in of new snow),Central Cascades (Stevens/Snoqualmie),Midwinter,WA,maritime,45,19,-0.24194879827184715,0.05853922098519099,-0.05853922098519099,-0.2417978091497398,0.06492176409631623,0.06268101596299173,0.031395880649251,True,False,0.11097780443911218,-0.2617934250716702,0.24488272203631073,15,16,0.06373914413340731,0.05853922098519099,-0.005199923148216323,0.04833357152717229,0.16169197525784493,0.24559933871696824,False,971
mean_depth,Base (mean snow depth),Madison & Gallatin (Big Sky),Midwinter,MT,continental,27,10,-0.31635332874525013,0.10007942860820031,-0.10007942860820031,-0.31513719614824787,0.08484666326168407,0.10651040866282085,0.053476679125643335,True,False,0.11177764447110577,-0.4083317746798923,0.16653096869569842,9,11,0.09888301614823891,0.10007942860820031,0.0011964124599613962,0.009636898743587377,0.008814377411809984,-0.11419892351062991,False,971
new_snow_in_total,Total new snow in the window (in),Missoula ranges (Montana Snowbowl),Early season,MT,transitional,46,7,-0.24192502673030397,0.05852771855845829,-0.05852771855845829,-0.24008363596893714,0.07140549474443804,0.0627388969397631,0.034286581612811035,True,False,0.11197760447910418,-0.269019784781893,0.09291841288520865,15,16,0.043358309793367744,0.05852771855845829,0.015169408765090549,0.0436581387511755,0.009385520493673721,-0.260484699810138,False,971
mean_swe,Base (mean SWE in window),Wind River Range,Midwinter,WY,continental,48,23,-0.2313563907022514,0.05352577951877279,-0.05352577951877279,-0.232013190189313,0.0498793661837367,0.05631807159271362,0.023145341745819382,True,True,0.11237752449510098,-0.30767100864142805,0.06255729796356944,16,16,0.078360453846271,0.05352577951877279,-0.024834674327498203,0.026185502577934755,0.0037683321962089684,-0.10249380162555408,False,971
new_snow_in_total,Total new snow in the window (in),San Francisco Peaks (AZ Snowbowl),Early season,AZ,continental,46,5,0.23994905129760954,0.057575547218622854,0.057575547218622854,0.23851051663874717,0.07187082838157278,0.06205268251953558,0.034283896817087316,True,False,0.11297740451909619,0.261827208949758,-0.23791433200793424,15,16,0.050493833226265106,0.057575547218622854,0.007081713992357748,0.06481329587316874,0.0005097164058625011,0.4179544064756401,False,971
big_storm_days,Powder days per 30 (>= 6 in of new snow),Central Cascades (Stevens/Snoqualmie),Spring,WA,maritime,45,19,-0.23944236749857267,0.05733264735332153,-0.05733264735332153,-0.23907006913270534,0.054166872435037476,0.060088548024510136,0.02589935587549368,True,True,0.11377724455108978,-0.2838133513635867,0.07053126837695839,15,16,0.08719946148641466,0.05733264735332153,-0.029866814133093132,0.009827911449929404,0.005597635351707295,-0.08105131690235347,False,971
storm_days,Storm days per 30 (>= 2 in of new snow),Markagunt (Brian Head),Midwinter,UT,continental,46,8,0.24132988845048645,0.058240115059524235,0.058240115059524235,0.24279394262376608,0.056261351494012866,0.06211423824672548,0.02731983069314579,True,True,0.11417716456708658,0.19519243760725621,-0.14810971655751284,15,16,0.028227947269605425,0.058240115059524235,0.03001216778991881,0.07009255509956941,0.05419427216144003,0.34546413705562234,False,971
mean_depth,Base (mean snow depth),Chugach (Alyeska),Early season,AK,maritime,22,7,-0.35476663250022494,0.12585936353554966,-0.12585936353554966,-0.3559232119613751,0.10569094941657184,0.1378519096014783,0.07523572438318694,True,False,0.11417716456708658,-0.34799170135841334,0.5785932646363983,8,9,0.33552582482449467,0.12585936353554966,-0.209666461288945,0.11300974098198531,0.1129891317807472,0.41860511491591146,False,971
big_storm_days,Powder days per 30 (>= 6 in of new snow),Beartooth & Absaroka (Red Lodge),Midwinter,MT+WY,continental,53,11,-0.2169540343644689,0.04706905302701915,-0.04706905302701915,-0.21679390002205537,0.04991984343240343,0.049491585855088616,0.021644635092402255,True,True,0.11437712457508498,-0.15664017315544554,0.18240958466695564,18,19,0.0521883113437952,0.04706905302701915,-0.005119258316776051,0.0527033057422878,0.053119864434054684,-0.17076222493492055,False,971
mean_depth,Base (mean snow depth),White Mtns AZ (Sunrise Park),Spring,AZ,continental,25,8,0.3250527099121927,0.1056592642212601,0.1056592642212601,0.3214359667357662,0.12297080665349151,0.11844290000036697,0.07905448023388406,True,False,0.11437712457508498,0.46617550034318267,-0.16077128462382947,9,9,0.18147108785778088,0.1056592642212601,-0.07581182363652078,0.007402844286163863,0.001252061008334266,0.1649178373907025,False,971
mean_swe,Base (mean SWE in window),S Washington Cascades (Crystal/White Pass),Midwinter,WA,maritime,45,19,-0.23615942483617092,0.05577127393895106,-0.05577127393895106,-0.2368535338315335,0.05846096594998349,0.05951728102829052,0.027693372752917087,True,True,0.11457708458308338,-0.2707391752881437,0.22396183960651428,15,16,0.06287473055264736,0.05577127393895106,-0.007103456613696303,0.08689240576941423,0.2828322370998973,0.3923393112159768,False,971
mean_depth,Base (mean snow depth),Central Oregon (Mt Bachelor),Spring,OR,transitional,23,10,-0.3474783090630982,0.12074117526934998,-0.12074117526934998,-0.3509917643494088,0.08670639072495061,0.13071321683365875,0.06086645812183926,True,True,0.11477704459108179,-0.47576611866660856,0.5747574638078283,8,9,0.23738646410658204,0.12074117526934998,-0.11664528883723206,0.19681972189466213,0.2140029041495556,0.6401441271883299,False,971
storm_days,Storm days per 30 (>= 2 in of new snow),S Washington Cascades (Crystal/White Pass),Early season,WA,maritime,45,19,-0.23870733731018975,0.05698119288572071,-0.05698119288572071,-0.23962025052888383,0.06145636505407022,0.061194749269184195,0.029452379181701696,True,False,0.11557688462307539,-0.27453389145361556,0.205622465524328,15,16,0.0618219905806493,0.05698119288572071,-0.004840797694928588,0.0002721352783519149,0.0007785153201378504,0.021123807633935968,False,971
new_snow_in_total,Total new snow in the window (in),Missoula ranges (Montana Snowbowl),Holidays,MT,transitional,46,7,-0.23750769975953895,0.0564099074450673,-0.0564099074450673,-0.23897505629932875,0.0649742425431996,0.06133072972732987,0.03105444653953473,True,False,0.11597680463907219,-0.31989480222477756,0.2715066793738208,15,16,0.0745521511759687,0.0564099074450673,-0.018142243730901397,0.0013127469234021133,0.003628346346239319,0.051033327540365006,False,971
days_with_base,Days per 30 with a skiable base,Mt Hood,Midwinter,OR,maritime,48,10,-0.23058888031996694,0.05317123172721604,-0.05317123172721604,-0.23399979714766414,0.06017086504846661,0.05837643806582875,0.02815994043108132,True,False,0.11717656468706258,-0.2810871435696686,0.2845155276362279,16,16,0.08967414027428255,0.05317123172721604,-0.03650290854706652,0.07313762644997199,0.2678406191780102,0.3254571195688737,False,971
big_storm_days,Powder days per 30 (>= 6 in of new snow),Missoula ranges (Montana Snowbowl),Early season,MT,transitional,46,7,-0.23516181271258474,0.055301078158268784,-0.055301078158268784,-0.23551334823624592,0.061607183168083265,0.059261982215353004,0.029018627966637966,True,False,0.1191761647670466,-0.21822108592804096,0.028453583542750936,15,16,0.04491048564093836,0.055301078158268784,0.010390592517330426,0.036504129982011586,0.0695761571428411,-0.17876945365651128,False,971
storm_days,Storm days per 30 (>= 2 in of new snow),Whitefish & Flathead Range,Spring,MT,transitional,52,9,-0.21480963908643,0.046143181044442316,-0.046143181044442316,-0.21450314261905523,0.05846914797762723,0.04943023945868042,0.025083631974919238,True,False,0.12157568486302739,-0.26778858482535856,0.04430890757664524,18,18,0.06328184277435789,0.046143181044442316,-0.017138661729915572,0.006927850524666353,0.0033740033784666907,-0.09590454564006802,False,971
days_with_base,Days per 30 with a skiable base,Gore & Tenmile (Vail/Summit/Copper),Early season,CO,continental,46,5,-0.23299893069369174,0.05428850170440377,-0.05428850170440377,-0.23536550599031833,0.03121208628776508,0.05637111574051347,0.014692496964266609,True,True,0.1217756448710258,-0.2184461925180559,0.3465306364419718,15,16,0.11395413558273204,0.05428850170440377,-0.059665633878328274,0.00044460405598702315,0.12317104801015852,-0.003300918055464157,False,971
mean_depth,Base (mean snow depth),N Sangre de Cristo (Taos),Midwinter,NM+CO,continental,25,11,0.31597665478326364,0.09984124636802177,0.09984124636802177,0.3165118942112049,0.09963568306872944,0.11010704851773725,0.06307175755822167,True,False,0.1219756048790242,0.5194161743803201,-0.16721009710913426,9,9,0.20697275645383117,0.09984124636802177,-0.1071315100858094,0.04957208277482975,0.16877244889865936,0.15946444798990672,False,971
storm_days,Storm days per 30 (>= 2 in of new snow),Bitterroots (Lost Trail),Holidays,MT+ID,transitional,59,12,-0.20456704102524093,0.041847674273822605,-0.041847674273822605,-0.20509096714865063,0.06377286369269043,0.04612928294953536,0.026158476585145897,True,False,0.1239752049590082,-0.19787987207103214,0.311595161834344,20,22,0.0661605706820908,0.041847674273822605,-0.024312896408268198,0.005998043324057792,0.06286033884258316,0.11078616822030042,False,971
storm_days,Storm days per 30 (>= 2 in of new snow),San Francisco Peaks (AZ Snowbowl),Midwinter,AZ,continental,46,5,0.23450437516816897,0.054992301973013344,0.054992301973013344,0.23689725414166615,0.06021233930196911,0.05974583482407662,0.02852827569216562,True,False,0.1245750849830034,0.34664749497870945,-0.15990308553606267,15,16,0.05479718485252161,0.054992301973013344,0.00019511712049173624,0.0009447250891533419,0.0031664661350895096,0.040295457660982886,False,971
big_storm_days,Powder days per 30 (>= 6 in of new snow),S Washington Cascades (Crystal/White Pass),Midwinter,WA,maritime,45,19,-0.22743305417131965,0.05172579412969442,-0.05172579412969442,-0.22784850506834267,0.06276299170412797,0.05585413438953101,0.0286009076668047,True,False,0.1251749650069986,-0.2591330332281207,0.14826455862413696,15,16,0.05653893827061196,0.05172579412969442,-0.00481314414091754,0.015129216752082737,0.17196934524546642,0.11602045254190148,False,971
storm_days,Storm days per 30 (>= 2 in of new snow),White Mtns AZ (Sunrise Park),Early season,AZ,continental,46,7,0.23178391979878787,0.05372378547729093,0.05372378547729093,0.2313293514324063,0.07154409176325284,0.058631825900366474,0.033100496692827684,True,False,0.125374925014997,0.2515310956540254,-0.1339421745036132,15,16,0.04539506151378969,0.05372378547729093,0.00832872396350124,0.13948762908266193,0.002821457034534994,0.48665822960530797,False,971
new_snow_in_total,Total new snow in the window (in),Blue Mtns (Anthony Lakes),Holidays,OR,transitional,48,18,-0.223652971427756,0.05002065162846464,-0.05002065162846464,-0.22424837588285276,0.059834958109575696,0.0538675562980719,0.026835784354181758,True,False,0.1261747650469906,-0.21618226800305482,0.20407118577426014,16,16,0.04073325524146154,0.05002065162846464,0.0092873963870031,0.00901183771389661,0.09304899079069347,0.10552005960108804,False,971
storm_days,Storm days per 30 (>= 2 in of new snow),Markagunt (Brian Head),Spring,UT,continental,46,8,0.22942435849582496,0.05263553627122081,0.05263553627122081,0.22921612851108225,0.07502850181960379,0.05816930965490326,0.03439548543015254,True,False,0.1271745650869826,0.23197624509918396,0.03642723736464494,15,16,0.054910167847597835,0.05263553627122081,-0.0022746315763770217,0.22291406836443822,0.12904731725692306,0.6641743089688489,False,971
big_storm_days,Powder days per 30 (>= 6 in of new snow),San Francisco Peaks (AZ Snowbowl),Midwinter,AZ,continental,46,5,0.23020463350997492,0.05299417328946186,0.05299417328946186,0.23370093531651628,0.08257453073197639,0.06143468029342064,0.0385954901307706,True,False,0.1277744451109778,0.26780963441733097,-0.1723964151837119,15,16,0.0433288618237776,0.05299417328946186,0.009665311465684265,0.16810203091194628,0.08074126167752942,0.42769783639183223,False,971
days_with_base,Days per 30 with a skiable base,Front Range (Winter Park/Loveland/A-Basin),Holidays,CO,continental,48,13,-0.22322095337457173,0.049827594025452726,-0.049827594025452726,-0.23193753491012611,0.04185309646158919,0.055546701783609057,0.019414608043313436,True,True,0.1285742851429714,-0.2585048704487396,0.3745688179283597,16,16,0.10912613179870057,0.049827594025452726,-0.05929853777324784,0.0013566290507351698,0.12629117488287203,0.01383751583717584,False,971
storm_days,Storm days per 30 (>= 2 in of new snow),Beartooth & Absaroka (Red Lodge),Spring,MT+WY,continental,53,11,-0.215778318257896,0.046560282630205854,-0.046560282630205854,-0.2139636259435727,0.06981980131462928,0.05065523788253541,0.02987779570387581,True,False,0.1287742451509698,-0.18249839133888882,0.17354832675199874,18,19,0.03971933198274069,0.046560282630205854,0.006840950647465163,0.0002450641117758498,0.049987665892557195,-0.014049403415588043,False,971
days_with_base,Days per 30 with a skiable base,Park Range (Steamboat),Early season,CO,continental,47,12,-0.21968684217745837,0.048262308625903506,-0.048262308625903506,-0.22142424512746853,0.042717830489876,0.05085350937203105,0.018917526739407903,True,True,0.1295740851829634,-0.28416348803018054,0.18006249373400812,16,16,0.06455239972396232,0.048262308625903506,-0.01629009109805881,0.00741205421783403,0.09924015558718624,0.03482859080341068,False,971
storm_days,Storm days per 30 (>= 2 in of new snow),S San Juans (Wolf Creek),Spring,CO,continental,46,10,0.22792454342554083,0.05194959749574125,0.05194959749574125,0.2277619412910191,0.07832527535569357,0.05801035066019884,0.035679033534332764,True,False,0.1297740451909618,0.1606082393712295,-0.05045111145697517,15,16,0.016921655267482016,0.05194959749574125,0.03502794222825923,0.05304456169054511,0.18495033054134583,0.3191923922601113,False,971
storm_days,Storm days per 30 (>= 2 in of new snow),S San Juans (Wolf Creek),Early season,CO,continental,46,10,0.22217167499297133,0.04936025316918248,0.04936025316918248,0.22212394982683856,0.0668346618723086,0.05380592111426171,0.029691158160836794,True,False,0.1297740451909618,0.18971497670927773,-0.24375681572645483,15,16,0.04875204142662004,0.04936025316918248,0.0006082117425624395,0.10432877953703333,0.010450453023610622,0.39786223802736737,False,971
days_with_base,Days per 30 with a skiable base,Tetons (Jackson/Targhee),Midwinter,WY+ID,intermountain,46,10,-0.228638228838946,0.052275439686610234,-0.052275439686610234,-0.23270734923923223,0.07650642530535716,0.06000594350295419,0.035607214865157964,True,False,0.1299740051989602,-0.18689243568965788,0.2011007845381196,15,16,0.048689420938766825,0.052275439686610234,0.0035860187478434086,0.013529723316900388,0.053085293420432875,-0.12431470814861632,False,971
days_with_base,Days per 30 with a skiable base,Sawtooth & Smoky (Sun Valley),Early season,ID,intermountain,46,13,-0.231325758696316,0.053511606636426214,-0.053511606636426214,-0.2422625469677737,0.0458103296547694,0.0607897279663914,0.022196254279195537,True,True,0.131373725254949,-0.26745133020281514,0.08027571349647497,15,16,0.06550348873811673,0.053511606636426214,-0.01199188210169052,0.003583146867908723,0.029567067872033337,0.01764784583154884,False,971
storm_days,Storm days per 30 (>= 2 in of new snow),Tushar Mtns (Eagle Point),Spring,UT,continental,47,7,0.22148034541123482,0.049053543403479886,0.049053543403479886,0.21962443188090783,0.07766695258135367,0.05426704660228576,0.034115120673202416,True,False,0.1315736852629474,0.16490464295830737,0.07847469141316654,16,16,0.06544619151284381,0.049053543403479886,-0.016392648109363923,0.20330448903241766,0.3834537667208614,0.5617557341959069,False,971
new_snow_in_total,Total new snow in the window (in),Bridger Range (Bridger Bowl),Early season,MT,continental,50,6,-0.20624941670523284,0.04253882189124878,-0.04253882189124878,-0.2056761514755315,0.061203148300865276,0.04604850464772349,0.02517605600141637,True,False,0.13277344531093782,-0.25750777674963854,0.19322748721765082,18,16,0.06352863357783534,0.04253882189124878,-0.020989811686586556,0.0018156511793312447,0.07832534005202879,-0.05136949020010067,False,971
new_snow_in_total,Total new snow in the window (in),Sawtooth & Smoky (Sun Valley),Early season,ID,intermountain,46,19,-0.2256402685756447,0.05091353080288907,-0.05091353080288907,-0.22590417407836685,0.06639231993049713,0.05544063601178256,0.029996604398091296,True,False,0.1331733653269346,-0.29195502847530475,0.25383335222368725,15,16,0.061023775134774194,0.05091353080288907,-0.010110244331885121,0.004472796608328595,0.052324690169588746,0.07462919779647338,False,971
new_snow_in_total,Total new snow in the window (in),S Washington Cascades (Crystal/White Pass),Early season,WA,maritime,45,19,-0.2272637963202167,0.05164883311787694,-0.05164883311787694,-0.228395562272707,0.06251954633798368,0.056073226540173264,0.028558373877796684,True,False,0.1341731653669266,-0.26205589490447145,0.18062200866805134,15,16,0.05052817875086846,0.05164883311787694,0.0011206543670084848,0.0017585814543726612,0.003952422790298177,-0.05934412688151109,False,971
mean_depth,Base (mean snow depth),Gore & Tenmile (Vail/Summit/Copper),Early season,CO,continental,28,24,0.28774277254804886,0.08279590315363819,0.08279590315363819,0.28716408375913516,0.08207195587917009,0.08919901694305604,0.04713623602472409,True,False,0.13557288542291543,0.45241190616510507,-0.12248945452196809,9,12,0.1974980248544146,0.08279590315363819,-0.1147021217007764,0.015185723490205812,0.08749903048514768,-0.13025311048744476,False,971
days_with_base,Days per 30 with a skiable base,White Mtns AZ (Sunrise Park),Midwinter,AZ,continental,46,6,0.22015650366239928,0.048468886104852026,0.048468886104852026,0.21800203467922674,0.07545412894216434,0.05321821269870354,0.032898307268681114,True,False,0.1357728454309138,0.2214472086890774,-0.10701789631736344,15,16,0.033395478032424264,0.048468886104852026,0.015073408072427762,0.06231078057813641,0.006399778659526436,0.3595652394618015,False,971
mean_swe,Base (mean SWE in window),N Sangre de Cristo (Taos),Midwinter,NM+CO,continental,47,7,0.22577898977294308,0.05097615222289074,0.05097615222289074,0.22676162302333006,0.06104956977323987,0.05514788364567254,0.02768739905331181,True,False,0.1365726854629074,0.387992366906384,-0.12982445662176792,16,16,0.09604612792278278,0.05097615222289074,-0.04506997569989204,0.011787307297307646,0.037787310928105854,-0.09202651815087846,False,971
new_snow_in_total,Total new snow in the window (in),Tetons (Jackson/Targhee),Early season,WY+ID,intermountain,46,10,-0.22460074315345133,0.050445493825082614,-0.050445493825082614,-0.22348477564705477,0.05877261545100832,0.05339966527296651,0.02626956955651844,True,False,0.13797240551889622,-0.28106832009479554,0.2027422616211828,15,16,0.05150569640759939,0.050445493825082614,-0.001060202582516774,0.052601997447745755,0.035339171997816145,-0.253622300010232,False,971
storm_days,Storm days per 30 (>= 2 in of new snow),Tushar Mtns (Eagle Point),Holidays,UT,continental,47,7,-0.2169540414153639,0.047069056086459435,-0.047069056086459435,-0.21546757964592986,0.06050549873407874,0.050087193255534734,0.02607394673500364,True,False,0.13897220555888823,-0.21773800089620018,0.26842913913830424,16,16,0.055178058974182154,0.047069056086459435,-0.008109002887722719,0.11976377771165835,0.00012036543205143435,-0.29562679724892077,False,971
big_storm_days,Powder days per 30 (>= 6 in of new snow),Coeur d'Alenes (Silver/Lookout),Early season,ID+MT,transitional,45,7,-0.21811208421535097,0.047572881280764354,-0.047572881280764354,-0.21721184457144233,0.07011676685022007,0.05209734641565654,0.030460384525844125,True,False,0.13957208558288342,-0.24958015999434868,-0.010933839967584666,15,16,0.08681173868450431,0.047572881280764354,-0.03923885740373996,0.0005531254750209054,0.15676780526870243,-0.019149601788885494,False,971
storm_days,Storm days per 30 (>= 2 in of new snow),Central Oregon (Mt Bachelor),Midwinter,OR,transitional,46,9,-0.22289728658049646,0.049683200364947964,-0.049683200364947964,-0.22223623253756114,0.07779146755902559,0.05544045547747588,0.03457616534777151,True,False,0.14097180563887224,-0.233393456162274,0.2839715986023852,15,16,0.057502704435590246,0.049683200364947964,-0.007819504070642282,0.07010827665555308,0.2681473549542181,0.3767835414770512,False,971
big_storm_days,Powder days per 30 (>= 6 in of new snow),S Sangre de Cristo (Santa Fe),Early season,NM,continental,46,5,0.2156990522208309,0.04652608112896474,0.04652608112896474,0.21594807313420278,0.065428555713944,0.050914466193187666,0.02825834106876008,True,False,0.14217156568686262,0.23414391485235192,-0.2821345681581813,15,16,0.09740597078936908,0.04652608112896474,-0.05087988966040434,0.006334071211246657,0.106899693125186,-0.09630199173873152,False,971
big_storm_days,Powder days per 30 (>= 6 in of new snow),Madison & Gallatin (Big Sky),Midwinter,MT,continental,60,8,-0.1922823621593397,0.036972506797575466,-0.036972506797575466,-0.19127474174851586,0.06557114728197073,0.04088560218683533,0.0250842085250257,True,False,0.14257148570285944,-0.1393808933418973,0.0375109121476027,20,22,0.030226255626973675,0.036972506797575466,0.006746251170601791,0.07227695855931024,0.0068377598841153665,-0.30395844979714826,False,971
mean_swe,Base (mean SWE in window),Central Cascades (Stevens/Snoqualmie),Early season,WA,maritime,45,19,-0.22056381945862769,0.04864839845417811,-0.04864839845417811,-0.22187498435898206,0.06680175018088683,0.05369098251152815,0.029643274553073785,True,False,0.14277144571085784,-0.21843273306394476,0.2492350219439358,15,16,0.05067438295011428,0.04864839845417811,-0.0020259844959361756,0.016877302370171238,0.05818005049794104,-0.21151500777037988,False,971
days_with_base,Days per 30 with a skiable base,Gore & Tenmile (Vail/Summit/Copper),Midwinter,CO,continental,48,18,-0.21369163952836748,0.045664116804321746,-0.045664116804321746,-0.21352466793815253,0.05399082288046626,0.04850779277340818,0.023056745054518334,True,True,0.14297140571885622,-0.1589796846756348,0.22496534057142925,16,16,0.039464118198597076,0.045664116804321746,0.00619999860572467,0.08039989305750853,0.009222848347176191,-0.18979115830401921,False,971
days_with_base,Days per 30 with a skiable base,S Sangre de Cristo (Santa Fe),Midwinter,NM,continental,46,4,0.21509095418274424,0.04626411857124338,0.04626411857124338,0.21589916768153936,0.08513054184676232,0.053859659760704795,0.03675922625798888,True,False,0.14317136572685463,0.3076271308482125,-0.019629080219980832,15,16,0.07847046738345642,0.04626411857124338,-0.03220634881221304,0.04117899599026207,0.00870830197131665,0.22785088079884924,False,971
new_snow_in_total,Total new snow in the window (in),Bitterroots (Lost Trail),Early season,MT+ID,transitional,59,12,-0.1950074401506111,0.038027901714094176,-0.038027901714094176,-0.19817744143552418,0.07220018934502309,0.0444871656353878,0.028616897591114143,True,False,0.14417116576684663,-0.15879856846343432,0.19295614847957943,20,22,0.030196863074054003,0.038027901714094176,0.007831038640040172,0.0011559195319951062,0.16985124829246903,0.06765141026097342,False,971
days_with_base,Days per 30 with a skiable base,North Cascades (Mt Baker),Holidays,WA,maritime,31,8,-0.27106002168472,0.07347353535572088,-0.07347353535572088,-0.270717728798403,0.09245474418679658,0.08183596840841167,0.05005827672577385,True,False,0.14437112577484504,-0.4998075778969895,0.12345841272064947,10,13,0.14323044968682985,0.07347353535572088,-0.06975691433110898,0.04498831915207806,0.0819707799637881,0.2875206201138981,False,971
big_storm_days,Powder days per 30 (>= 6 in of new snow),S San Juans (Wolf Creek),Holidays,CO,continental,46,10,-0.22098581725947025,0.04883473142983598,-0.04883473142983598,-0.21977751596162556,0.06036057287810698,0.051945555280435846,0.02653179353834204,True,False,0.14457108578284344,-0.2578974786344129,0.2561535733481833,15,16,0.06582734001961188,0.04883473142983598,-0.0169926085897759,0.07426405467406431,0.005146982997814071,-0.18254457142068914,False,971
days_with_base,Days per 30 with a skiable base,S Sangre de Cristo (Santa Fe),Holidays,NM,continental,30,3,0.269417383458096,0.07258572650940674,0.07258572650940674,0.2279917930208717,0.21073389271886567,0.09638903122531839,0.0960911961024844,False,False,0.14577084583083383,0.10876064513006267,0.020440626173016733,10,12,0.03465421804766755,0.07258572650940674,0.03793150846173919,0.34943627031658275,0.08843636291383694,0.8443074761792362,False,971
mean_depth,Base (mean snow depth),San Francisco Peaks (AZ Snowbowl),Early season,AZ,continental,24,8,0.30026341488462094,0.090158118318174,0.090158118318174,0.30025892292389816,0.08233167528163075,0.09693392555009932,0.04944164028516516,True,False,0.14777044591081784,0.3063983783026237,-0.3408417068580026,9,9,0.10535022946482286,0.090158118318174,-0.015192111146648868,0.006791221349093802,0.00036688386028009003,0.1436819515290266,False,971
mean_swe,Base (mean SWE in window),Wind River Range,Spring,WY,continental,48,23,-0.2115721142433999,0.044762759525422254,-0.044762759525422254,-0.21242359263816502,0.04511725773421634,0.04715934965476078,0.019167939955768543,True,True,0.14817036592681462,-0.30473848259385333,0.04601789601659662,16,16,0.07058875490969985,0.044762759525422254,-0.025825995384277593,0.012249623249404514,0.020356240768204012,0.0693201112801983,False,971
mean_swe,Base (mean SWE in window),Elk Mtns (Aspen/Crested Butte),Early season,CO,continental,46,11,0.22059357428747056,0.048661525016921794,0.048661525016921794,0.2209805678673805,0.055569204138009615,0.05192034782352174,0.024559428572711508,True,False,0.14837032593481303,0.29606726541487977,-0.1379441413374623,15,16,0.05718383135124394,0.048661525016921794,-0.008522306334322147,0.006564433453709552,0.19745888029873676,0.0914928419025976,False,971
new_snow_in_total,Total new snow in the window (in),Central Cascades (Stevens/Snoqualmie),Early season,WA,maritime,45,19,-0.22063433993018433,0.04867951195642813,-0.04867951195642813,-0.22126076510401108,0.06534151099995156,0.05322583923416916,0.028915025433802876,True,False,0.14877024595080984,-0.24013152101331856,0.20077088354437306,15,16,0.05003973616577906,0.04867951195642813,-0.0013602242093509256,0.0046577826634654216,0.0008889556426246874,-0.10121158160156334,False,971
storm_days,Storm days per 30 (>= 2 in of new snow),Bighorn Mtns (Meadowlark),Spring,WY,continental,48,13,-0.21140988452130677,0.04469413927331226,-0.04469413927331226,-0.21262041257013128,0.05776777354547676,0.04854455550189433,0.02456521568899437,True,False,0.14937012597480503,-0.30663232161228665,0.16079799946753326,16,16,0.10352393304322527,0.04469413927331226,-0.05882979376991301,0.24082632769800003,0.031114011263770933,0.35659380773674615,False,971
new_snow_in_total,Total new snow in the window (in),Missoula ranges (Montana Snowbowl),Spring,MT,transitional,46,7,-0.2148496866426266,0.046160387850434845,-0.046160387850434845,-0.216026764654829,0.05955072019587388,0.05021385132308014,0.025729098833559238,True,False,0.14997000599880023,-0.32248360317074193,0.010627937573398943,15,16,0.07409519835410872,0.046160387850434845,-0.02793481050367387,0.016693166601096033,3.96088138125128e-05,-0.1447473789458111,False,971
storm_days,Storm days per 30 (>= 2 in of new snow),E Cascades rain shadow (Mission Ridge),Spring,WA,transitional,45,6,-0.217561257514215,0.04733290077116658,-0.04733290077116658,-0.21711191705808233,0.07065316344084856,0.052129454032834886,0.030679287521721294,True,False,0.15016996600679863,-0.2937662305517123,0.3159210708632869,15,16,0.10509927473382463,0.04733290077116658,-0.05776637396265805,0.18857427774723004,2.3551141937956677e-05,0.47275478639821117,False,971
new_snow_in_total,Total new snow in the window (in),Central Oregon (Mt Bachelor),Holidays,OR,transitional,46,9,-0.2125810575664029,0.0451907060360503,-0.0451907060360503,-0.21351381557101248,0.06286729475501139,0.049540446189505816,0.026846071955539966,True,False,0.15096980603879223,-0.30364091502536533,0.21783786978298958,15,16,0.0562435149645496,0.0451907060360503,-0.011052808928499303,0.08319537504211025,0.11531586579045038,0.2806873898089149,False,971
mean_swe,Base (mean SWE in window),Sawtooth & Smoky (Sun Valley),Early season,ID,intermountain,46,19,-0.2132172986877057,0.0454616164596823,-0.0454616164596823,-0.21263914918373616,0.06243573185688568,0.04911362837808814,0.026552561801424127,True,False,0.15216956608678264,-0.19113843675024306,0.33911372893452507,15,16,0.08028709311741533,0.0454616164596823,-0.03482547665773303,0.03698046037273616,0.033203735897419165,0.21251141318687833,False,971
mean_swe,Base (mean SWE in window),Markagunt (Brian Head),Early season,UT,continental,46,8,0.21659949570916992,0.04691534154146672,0.04691534154146672,0.21333635608950036,0.07131162322749728,0.05059774843688662,0.030426723692363287,True,False,0.15236952609478105,0.36329282321199174,-0.15391821729869387,15,16,0.0844627248674703,0.04691534154146672,-0.03754738332600359,0.0009403138085878715,0.03833821410995407,-0.0552671755356588,False,971
mean_depth,Base (mean snow depth),Selkirks (Schweitzer),Holidays,ID,transitional,25,8,-0.2915870585302689,0.08502301270233446,-0.08502301270233446,-0.29250797537956796,0.0925194958341018,0.09412077277005032,0.054125380819142976,True,False,0.15316936612677465,-0.4159528489235724,0.1691940033007278,9,9,0.17510511692573172,0.08502301270233446,-0.09008210422339726,0.018832019045943473,0.04240606830428592,0.1493058031052371,False,971
mean_swe,Base (mean SWE in window),W Central Idaho (Brundage/Tamarack),Spring,ID,intermountain,46,11,-0.21075692952963165,0.04441848334475812,-0.04441848334475812,-0.21040230586938063,0.07960679866136575,0.05060637270826363,0.033498908002461754,True,False,0.15476904619076184,-0.236876596022802,0.2688043740053052,15,16,0.05033714850959481,0.04441848334475812,-0.0059186651648366895,0.12989997292292482,0.2204896552651711,0.5410987389809049,False,971
days_with_base,Days per 30 with a skiable base,Tetons (Jackson/Targhee),Spring,WY+ID,intermountain,39,5,-0.2323180928356548,0.05397169625879592,-0.05397169625879592,-0.2293471284183754,0.0940545457207356,0.06144636288448872,0.04314227995149102,True,False,0.15896820635872824,-0.204692961616127,0.17335627680879284,13,14,0.04054554711401959,0.05397169625879592,0.013426149144776335,0.00634279156616172,0.1471856208066632,-0.12599945776898314,False,971
new_snow_in_total,Total new snow in the window (in),S Sangre de Cristo (Santa Fe),Midwinter,NM,continental,46,6,0.210720240096242,0.04440301958621787,0.04440301958621787,0.21241546906788816,0.0692529636088184,0.049916304467935275,0.0294208014986171,True,False,0.15996800639872025,0.38200687828724206,-0.19500933193656989,15,16,0.07774007760720603,0.04440301958621787,-0.03333705802098816,0.03443756930241196,0.03329854633064193,-0.2087397539094655,False,971
mean_swe,Base (mean SWE in window),Bridger Range (Bridger Bowl),Midwinter,MT,continental,50,6,-0.20353180139439264,0.04142519417884649,-0.04142519417884649,-0.20370663945376646,0.05025440553099239,0.044021900232820245,0.02047431213693047,True,True,0.16056788642271547,-0.2806227962834758,0.05565383033220059,18,16,0.033515956550958625,0.04142519417884649,0.007909237627887866,0.025735904616325203,0.005771542164254627,-0.17030865560530326,False,971
mean_depth,Base (mean snow depth),Madison & Gallatin (Big Sky),Holidays,MT,continental,27,10,-0.2748501559928396,0.07554260824928825,-0.07554260824928825,-0.2754543460132365,0.1155499886008329,0.08922689660323242,0.06365749308375872,True,False,0.16116776644671066,-0.45385482166089564,0.20842667080113744,9,11,0.1522632380783555,0.07554260824928825,-0.07672062982906726,0.04661374608577276,0.014145649784244575,0.2752054258600312,False,971
storm_days,Storm days per 30 (>= 2 in of new snow),S Washington Cascades (Crystal/White Pass),Holidays,WA,maritime,45,19,-0.2137358642320335,0.04568301965901426,-0.04568301965901426,-0.21305630827098535,0.0734333652901587,0.05078544963189902,0.03129088342527186,True,False,0.16196760647870426,-0.24284365721719206,0.243540300044189,15,16,0.060715300905557545,0.04568301965901426,-0.015032281246543287,0.13811566133966457,0.04803223222386084,0.40763778348314844,False,971
storm_days,Storm days per 30 (>= 2 in of new snow),S Sierra (Mammoth/June),Midwinter,CA,maritime,48,5,0.20677493598623445,0.04275587415211135,0.04275587415211135,0.20449990063347495,0.07609681725288521,0.047610934955120136,0.031123583133477455,True,False,0.16376724655068986,0.23345775242061384,-0.07546417171371315,16,16,0.030758447020152957,0.04275587415211135,0.011997427131958394,0.16832439981860442,0.022469414298967268,0.6844817103789129,False,971
mean_depth,Base (mean snow depth),Madison & Gallatin (Big Sky),Spring,MT,continental,27,10,-0.2750638488794366,0.07566012096036952,-0.07566012096036952,-0.2755857928913991,0.06871785952540943,0.08066967346133504,0.03787533160621948,True,False,0.16456708658268346,-0.37358118505569504,0.2664425757304398,9,11,0.11121443936177366,0.07566012096036952,-0.03555431840140415,0.004895710317420649,0.00021259560768660215,0.07684803899572476,False,971
days_with_base,Days per 30 with a skiable base,Mt Hood,Early season,OR,maritime,48,9,-0.202467106428646,0.04099292918558866,-0.04099292918558866,-0.20283926553481796,0.055229263632492254,0.04419403920409172,0.02240532654248712,True,False,0.16516696660667868,-0.18491422027703458,0.06793994523836941,16,16,0.02341831641114167,0.04099292918558866,0.01757461277444699,0.02126205294273529,0.005471351986288059,-0.14322945061533413,False,971
days_with_base,Days per 30 with a skiable base,Bitterroots (Lost Trail),Holidays,MT+ID,transitional,59,11,-0.18317412478516817,0.033552759990812364,-0.033552759990812364,-0.18681998338753475,0.05226279697865144,0.0376331061409505,0.019527469726675527,True,False,0.16576684663067387,-0.10542379337797061,0.10840109825512943,20,22,0.01572036362841367,0.033552759990812364,0.017832396362398695,0.005673001239367177,0.12710285457871975,0.08082177244040661,False,971
big_storm_days,Powder days per 30 (>= 6 in of new snow),Markagunt (Brian Head),Early season,UT,continental,46,8,0.2056187904089793,0.042279086969251756,0.042279086969251756,0.20230248787178712,0.0808527578082053,0.047463465044306874,0.03271342811178999,True,False,0.16576684663067387,0.2928809812721431,-0.07672184878259619,15,16,0.06409327710854262,0.042279086969251756,-0.021814190139290868,0.021335298302411092,0.00040474950576278656,0.252638949555421,False,971
mean_swe,Base (mean SWE in window),Blue Mtns (Anthony Lakes),Midwinter,OR,transitional,48,18,-0.20494510309806024,0.04200249528387454,-0.04200249528387454,-0.2054442188819894,0.06853537475548613,0.0469044246649057,0.028160393064850527,True,False,0.16616676664667065,-0.23543368188433775,0.24335168087125983,16,16,0.05447290122772608,0.04200249528387454,-0.012470405943851536,0.24831081804319524,0.30574120568695407,0.5154005826808346,False,971
mean_swe,Base (mean SWE in window),San Francisco Peaks (AZ Snowbowl),Midwinter,AZ,continental,46,5,0.21030315145497,0.04422741551189205,0.04422741551189205,0.21163556942112263,0.06795334916966546,0.04940727190757729,0.02876269149118904,True,False,0.16716656668666266,0.3717230386397683,-0.11013250465164054,15,16,0.07485206851322523,0.04422741551189205,-0.030624653001333185,0.002266136972738984,0.017926214518397137,0.0605865750841402,False,971
days_with_base,Days per 30 with a skiable base,Elk Mtns (Aspen/Crested Butte),Midwinter,CO,continental,46,11,-0.20799908868548614,0.04326362089399273,-0.04326362089399273,-0.20722404636174147,0.05805647119065694,0.046312359237644755,0.024061393755223603,True,False,0.16776644671065788,-0.2171582869483867,0.18167464466131622,15,16,0.043297591568556504,0.04326362089399273,-3.397067456377412e-05,0.038866496940040185,0.005016427479903497,-0.10777763852128534,False,971
days_with_base,Days per 30 with a skiable base,Central Cascades (Stevens/Snoqualmie),Spring,WA,maritime,45,18,-0.20580559940924015,0.04235594474819663,-0.04235594474819663,-0.20911403414565358,0.03790613207826181,0.0451655541258042,0.015853408395486587,True,True,0.17056588682263546,-0.3410433262741893,0.2503739692292438,15,16,0.12728385088505068,0.04235594474819663,-0.08492790613685405,0.13982136765896647,0.03647557620971426,0.64668280318496,False,971
storm_days,Storm days per 30 (>= 2 in of new snow),Central Oregon (Mt Bachelor),Holidays,OR,transitional,46,9,-0.20163671542527656,0.040657365007493965,-0.040657365007493965,-0.2019251770456967,0.07061440875480249,0.045760171848726286,0.028517653979581375,True,False,0.17076584683063387,-0.2737186391485095,0.17396078007927812,15,16,0.04699077064183177,0.040657365007493965,-0.006333405634337805,0.08300721945270655,0.15435431327720778,0.27624474035604435,False,971
days_with_base,Days per 30 with a skiable base,Wasatch (Alta/Snowbird/Park City),Holidays,UT,intermountain,48,21,-0.20307537390798794,0.04123960748786911,-0.04123960748786911,-0.2023038984538969,0.06427418629860183,0.045058038353992004,0.026005836916318394,True,False,0.17096580683863227,-0.21489765283645862,0.26189018588621404,16,16,0.061095016478640685,0.04123960748786911,-0.019855408990771574,0.0020250807912381786,0.042712471859603064,0.03813004566226951,False,971
big_storm_days,Powder days per 30 (>= 6 in of new snow),Selkirks (Schweitzer),Midwinter,ID,transitional,43,7,-0.2113880353998876,0.04468490151022413,-0.04468490151022413,-0.20875338799648135,0.06749923947926273,0.048134124330288346,0.02818138985696389,True,False,0.17136572685462909,-0.23420203031783007,0.20963243494077327,14,16,0.055468397577168926,0.04468490151022413,-0.010783496066944794,0.0067551706969520425,0.0735979204566027,0.06001578061606269,False,971
days_with_base,Days per 30 with a skiable base,Markagunt (Brian Head),Midwinter,UT,continental,46,8,0.20595705857950622,0.04241830997872215,0.04241830997872215,0.20698747998393474,0.0657528039276252,0.04716724809444451,0.027220014373713814,True,False,0.17156568686262746,0.31207545366888445,-0.05318595501634134,15,16,0.08245437268842903,0.04241830997872215,-0.04003606270970688,0.012629697988718602,0.00020077820298351222,0.14556836219572028,False,971
new_snow_in_total,Total new snow in the window (in),Tushar Mtns (Eagle Point),Holidays,UT,continental,47,7,-0.2022257420724798,0.04089525075676513,-0.04089525075676513,-0.2015960470367405,0.06546810228422965,0.04492703859753805,0.026396221254995397,True,False,0.17516496700659867,-0.17084295392935417,0.2639360022802863,16,16,0.04857940703676711,0.04089525075676513,-0.0076841562800019775,0.11724278320333857,0.004720428714168373,-0.2809649943320531,False,971
big_storm_days,Powder days per 30 (>= 6 in of new snow),Central Oregon (Mt Bachelor),Early season,OR,transitional,46,9,-0.2021304951266613,0.04085673706014925,-0.04085673706014925,-0.20136433697910067,0.07012928429846438,0.04546571272324765,0.02824307367115827,True,False,0.17536492701459708,-0.22073717550326707,0.16721289024367525,15,16,0.041138677350357256,0.04085673706014925,-0.0002819402902080048,0.00597310989481503,0.009010276530009067,-0.07577674221491656,False,971
mean_swe,Base (mean SWE in window),Snowy Range & Sierra Madre,Holidays,WY,continental,48,15,-0.19637481083922786,0.03856306633214253,-0.03856306633214253,-0.19582702381313444,0.05629211147806659,0.041517025070168995,0.02204703330981393,True,False,0.17636472705458908,-0.28589046354522685,0.22701915247895485,16,16,0.054280466659133886,0.03856306633214253,-0.015717400326991357,0.002335879526325108,0.09650935638602315,0.04415470936951873,False,971
storm_days,Storm days per 30 (>= 2 in of new snow),San Juans (Telluride/Purgatory),Early season,CO,continental,46,18,0.20317872051655358,0.04128159247074379,0.04128159247074379,0.20450081980021706,0.05731603835186999,0.04510571355131388,0.02344235366131619,True,False,0.1767646470705859,0.2442560757453183,-0.22159022451626212,15,16,0.054683844962439276,0.04128159247074379,-0.013402252491695486,0.002040924688251328,0.03319078804894237,-0.04964864739978102,False,971
mean_depth,Base (mean snow depth),W Central Idaho (Brundage/Tamarack),Midwinter,ID,intermountain,25,9,-0.2754006782346581,0.07584553357210967,-0.07584553357210967,-0.2715988539845891,0.11647980100037843,0.08733348152682992,0.06327156092811155,True,False,0.1767646470705859,-0.295843289252223,0.31062487292973295,9,9,0.08918468940700575,0.07584553357210967,-0.013339155834896074,0.06544110922189425,0.3610952273535996,0.3352211002322657,False,971
storm_days,Storm days per 30 (>= 2 in of new snow),Selkirks (Schweitzer),Midwinter,ID,transitional,43,7,-0.2086689851222056,0.04354274535193126,-0.04354274535193126,-0.20646127659268745,0.07614184766769252,0.048423839698532284,0.03144068614319548,True,False,0.1775644871025795,-0.2877305600695494,0.2208628645132416,14,16,0.053321561923238,0.04354274535193126,-0.00977881657130674,0.044136817184697016,0.0894484555341778,0.2617039923814297,False,971
big_storm_days,Powder days per 30 (>= 6 in of new snow),Tetons (Jackson/Targhee),Holidays,WY+ID,intermountain,46,10,-0.20165747427328357,0.04066573693028002,-0.04066573693028002,-0.2027728890626901,0.05124598593802129,0.0437429956135899,0.020782593243037138,True,False,0.17776444711057787,-0.2731334094908103,0.07691419913932979,15,16,0.06212936740310948,0.04066573693028002,-0.02146363047282946,0.0008973807160508045,7.671114625895836e-05,0.02620934199913722,False,971
mean_swe,Base (mean SWE in window),Klamath & Siskiyou (Mt Shasta),Early season,CA+OR,maritime,46,6,-0.2032883579059052,0.0413261564600794,-0.0413261564600794,-0.20553219407454332,0.07196336225501646,0.04742220830814246,0.029581575474509413,True,False,0.17876424715056988,-0.09564962735480385,0.31502238258457993,15,16,0.05974620604151759,0.0413261564600794,-0.01842004958143819,0.008900401332414952,0.0040045671021646636,-0.1351274881875734,False,971
mean_swe,Base (mean SWE in window),Coeur d'Alenes (Silver/Lookout),Holidays,ID+MT,transitional,44,7,-0.2061884359239218,0.04251367110875321,-0.04251367110875321,-0.20572087884758458,0.05786265299432532,0.04566916660536428,0.02380711165289085,True,False,0.17896420715856828,-0.34500008699588997,0.12838326847591186,15,16,0.07018318206113172,0.04251367110875321,-0.02766951095237851,0.030219568279369967,0.017669476840960777,0.20087744983187616,False,971
storm_days,Storm days per 30 (>= 2 in of new snow),North Cascades (Mt Baker),Holidays,WA,maritime,31,8,-0.24628954745105075,0.06065854118364338,-0.06065854118364338,-0.24376751684308373,0.0972087350968768,0.06887214044697788,0.047392663940045564,True,False,0.1791641671665667,-0.2332761966851705,0.13797262182001682,10,13,0.03162076761839616,0.06065854118364338,0.02903777356524722,0.007855727267942472,0.09820710295166443,-0.11036727105392602,False,971
big_storm_days,Powder days per 30 (>= 6 in of new snow),White Mtns AZ (Sunrise Park),Early season,AZ,continental,46,7,0.20070098594289953,0.040280885758451956,0.040280885758451956,0.20115774578467177,0.08267524881607102,0.047299635455969886,0.0332615333680554,True,False,0.1799640071985603,0.24828570468716651,-0.0547947680115848,15,16,0.06661544733108837,0.040280885758451956,-0.026334561572636417,0.07376536634319932,0.02915269476846364,0.3487405168850635,False,971
storm_days,Storm days per 30 (>= 2 in of new snow),Whitefish & Flathead Range,Early season,MT,transitional,52,9,-0.1859493635506991,0.03457716580491006,-0.03457716580491006,-0.18560980845679123,0.06886719373443383,0.039193691368222774,0.02556485327600999,True,False,0.1801639672065587,-0.2542044948533699,0.00957434733969121,18,18,0.07681259006652652,0.03457716580491006,-0.04223542426161646,0.009912518430818222,0.03498587637889353,-0.14292651122579877,False,971
mean_swe,Base (mean SWE in window),Park Range (Steamboat),Holidays,CO,continental,47,15,-0.19872829683251975,0.03949293596195408,-0.03949293596195408,-0.19874599280696126,0.05868023835022979,0.042943340029664476,0.023324924458131086,True,False,0.1809638072385523,-0.3133791562973943,0.2873002390751473,16,16,0.06703214367830912,0.03949293596195408,-0.02753920771635504,0.0010407904119046827,0.09643694873982778,0.028083221777676824,False,971
mean_swe,Base (mean SWE in window),S Washington Cascades (Crystal/White Pass),Early season,WA,maritime,45,19,-0.201588266931264,0.04063782936435054,-0.04063782936435054,-0.20283500143174366,0.06404657022115846,0.04524400096290923,0.025981772325013894,True,False,0.1817636472705459,-0.19164304344847002,0.2380222411845746,15,16,0.040245622982378104,0.04063782936435054,0.0003922063819724389,0.00014484673116329158,0.012621143204036395,-0.018524177216503956,False,971
big_storm_days,Powder days per 30 (>= 6 in of new snow),White Mtns AZ (Sunrise Park),Midwinter,AZ,continental,46,7,0.2052281693933415,0.04211860151254207,0.04211860151254207,0.2080648324742984,0.07961733771834814,0.04962989497791536,0.03313113606883549,True,False,0.18316336732653468,0.23488394105684476,-0.3032088142384694,15,16,0.07681718630667012,0.04211860151254207,-0.034698584794128046,0.0007322014649388494,0.0991787621151834,-0.02993450499857314,False,971
days_with_base,Days per 30 with a skiable base,Front Range (Winter Park/Loveland/A-Basin),Midwinter,CO,continental,48,19,-0.1929765101924785,0.03723993348606776,-0.03723993348606776,-0.1928918753224161,0.052053190244456295,0.03991681018002408,0.02008127496553534,True,False,0.1837632473505299,-0.11601846832746335,0.21233597076882751,16,16,0.03306897636653672,0.03723993348606776,0.004170957119531041,0.07740579061688035,0.01858660566192019,-0.21481083818547556,False,971
big_storm_days,Powder days per 30 (>= 6 in of new snow),Blue Mtns (Anthony Lakes),Holidays,OR,transitional,48,17,-0.19480996848410018,0.037950923820776104,-0.037950923820776104,-0.19598536162786837,0.06266317722627494,0.04233693575249788,0.0245621308988854,True,False,0.1839632073585283,-0.12971323908148874,0.1351254304393152,16,16,0.0338833518596412,0.037950923820776104,0.004067571961134907,0.011936078572444286,0.010286957317568105,0.08006984998920672,False,971
days_with_base,Days per 30 with a skiable base,Park Range (Steamboat),Holidays,CO,continental,47,13,-0.1966759358887483,0.03868142375771503,-0.03868142375771503,-0.19835081447057581,0.05550604425022367,0.04242396654944858,0.022019338170143374,True,False,0.1855628874225155,-0.24140496735317354,0.19929092362345316,16,16,0.057471078930626085,0.03868142375771503,-0.018789655172911056,0.003212242658002015,0.1027201838439363,-0.03592498327985757,False,971
storm_days,Storm days per 30 (>= 2 in of new snow),W Central Idaho (Brundage/Tamarack),Holidays,ID,intermountain,46,10,-0.19585136596757324,0.03835775755136431,-0.03835775755136431,-0.1957174456606155,0.0652646967587532,0.04256479917892799,0.025546879482875654,True,False,0.1871625674865027,-0.23344644540477294,0.12864801743482296,15,16,0.032653668493593746,0.03835775755136431,0.005704089057770562,0.02268004795800994,0.09056462168465167,0.17269603389369537,False,971
days_with_base,Days per 30 with a skiable base,Sawtooth & Smoky (Sun Valley),Midwinter,ID,intermountain,46,19,-0.19686609244206071,0.038756258353405994,-0.038756258353405994,-0.19894950457313157,0.06799896842444854,0.044204765076683646,0.027056722159056107,True,False,0.1873625274945011,-0.21395442547245896,0.13733715511476272,15,16,0.04440542036945616,0.038756258353405994,-0.005649162016050167,0.07899018314361499,0.055018119992974866,0.30833317758339046,False,971
mean_swe,Base (mean SWE in window),San Juans (Telluride/Purgatory),Early season,CO,continental,46,18,0.19807314297024992,0.039232969966113064,0.039232969966113064,0.19941001608492676,0.06506238770910341,0.043997468809400433,0.025948183559192105,True,False,0.1883623275344931,0.32267740186319893,-0.2720911611448548,15,16,0.07938087829701923,0.039232969966113064,-0.04014790833090617,0.0027971905160645337,0.0022033015143791477,-0.053730438786909356,False,971
mean_swe,Base (mean SWE in window),Elk Mtns (Aspen/Crested Butte),Midwinter,CO,continental,46,11,-0.20122717439180293,0.04049237571370907,-0.04049237571370907,-0.20143345460096607,0.05372263454835672,0.04346155809529575,0.02164307173468141,True,False,0.1883623275344931,-0.1875175865347216,0.22266248218019863,15,16,0.03449789818759663,0.04049237571370907,0.005994477526112436,0.09394570777999339,0.0004986033733180771,-0.18948337037562907,False,971
new_snow_in_total,Total new snow in the window (in),Wind River Range,Early season,WY,continental,48,23,-0.19191611398177685,0.03683179480586637,-0.03683179480586637,-0.19080427392927904,0.06314841942783798,0.0403939938259135,0.02409797663742041,True,False,0.1885622875424915,-0.33221369712279974,0.11257006224534369,16,16,0.068198316790963,0.03683179480586637,-0.03136652198509663,0.011097463388372853,0.1453991128685209,-0.11199145966614787,False,971
storm_days,Storm days per 30 (>= 2 in of new snow),S Sangre de Cristo (Santa Fe),Midwinter,NM,continental,46,6,0.2003162344331408,0.040126593777473026,0.040126593777473026,0.20208229081000234,0.0643175590730894,0.0449740006641387,0.025994879353595117,True,False,0.1913617276544691,0.2958213354499006,-0.20972841198566455,15,16,0.05444176641841503,0.040126593777473026,-0.014315172640942002,0.02501606426477055,0.0013664057279291792,-0.16544369426413857,False,971
mean_swe,Base (mean SWE in window),Tushar Mtns (Eagle Point),Spring,UT,continental,47,7,0.1943593244301216,0.037775546992933264,0.037775546992933264,0.19450949039514834,0.060490045354233635,0.041492987440737546,0.02353177579166279,True,False,0.1917616476704659,0.2801056618488493,0.03721842233306538,16,16,0.07667333451091118,0.037775546992933264,-0.03889778751797792,0.03346866043546091,0.051940221527248066,0.2545959945955921,False,971
new_snow_in_total,Total new snow in the window (in),Selkirks (Schweitzer),Early season,ID,transitional,45,7,-0.20107574665173492,0.040431455891552684,-0.040431455891552684,-0.19802813200848293,0.07863021944056683,0.045397852476040834,0.0311419909504651,True,False,0.19196160767846432,-0.18451899007505773,0.12083357634826832,15,16,0.021737136017793035,0.040431455891552684,0.01869431987375965,0.0012214465117229574,0.14644740164619888,-0.04116048654270214,False,971
new_snow_in_total,Total new snow in the window (in),S Washington Cascades (Crystal/White Pass),Midwinter,WA,maritime,45,19,-0.20022587726626148,0.04009040192704401,-0.04009040192704401,-0.20066373508434904,0.06503351303579281,0.044495292395778444,0.026099735262837778,True,False,0.19276144771045792,-0.24521674064753674,0.20739835719705024,15,16,0.04744840353442359,0.04009040192704401,-0.00735800160737958,0.07432632258675004,0.2103520394692667,0.33432042867155665,False,971
storm_days,Storm days per 30 (>= 2 in of new snow),Blue Mtns (Anthony Lakes),Spring,OR,transitional,48,18,-0.18706649603784833,0.03499387393987833,-0.03499387393987833,-0.18612619197118094,0.07079260814668174,0.039654552705902534,0.02635271714809975,True,False,0.1943611277744451,-0.13147256817448288,0.3472945128443691,16,16,0.11460889045034695,0.03499387393987833,-0.07961501651046862,0.023833120029230843,0.01345956946460066,0.15171257898396862,False,971
big_storm_days,Powder days per 30 (>= 6 in of new snow),Markagunt (Brian Head),Holidays,UT,continental,46,8,-0.1978936011682328,0.039161877383331586,-0.039161877383331586,-0.19531676947200607,0.06509558000171038,0.042386074972739836,0.025428516785681192,True,False,0.1951609678064387,-0.14438090948868165,0.3515684327725108,15,16,0.08178963557673902,0.039161877383331586,-0.04262775819340743,0.021113286714524348,0.011703104822014336,-0.13367693084969018,False,971
new_snow_in_total,Total new snow in the window (in),Tushar Mtns (Eagle Point),Early season,UT,continental,47,7,0.19293640598137668,0.0372244567530106,0.0372244567530106,0.1932039553465317,0.06587384339302031,0.04166713160491278,0.02545417419481904,True,False,0.19556088782243553,0.17374903797181432,-0.1999386928180399,16,16,0.030327301945315632,0.0372244567530106,0.006897154807694969,0.06671099550942293,0.004929934169308508,0.3516966431899486,False,971
new_snow_in_total,Total new snow in the window (in),Whitefish & Flathead Range,Holidays,MT,transitional,52,9,-0.1833303951529777,0.03361003378694695,-0.03361003378694695,-0.18272234923431507,0.07128787220120111,0.03846941763268178,0.026051774961038183,True,False,0.19796040791841632,-0.18467187977314795,0.22817398678147377,18,18,0.04457579032740988,0.03361003378694695,-0.010965756540462931,0.006917083342869475,0.013895102172282051,0.115535833197109,False,971
storm_days,Storm days per 30 (>= 2 in of new snow),San Juans (Telluride/Purgatory),Spring,CO,continental,46,18,0.1911728242051398,0.03654704871456929,0.03654704871456929,0.19068994129930383,0.07989296687785076,0.0427455398692773,0.030469570328329174,True,False,0.19816036792641473,0.19707825346137842,0.05685964623860651,15,16,0.056892147926453696,0.03654704871456929,-0.020345099211884404,0.02349623437623105,0.12821353406641964,0.22799555316429784,False,971
new_snow_in_total,Total new snow in the window (in),San Juans (Telluride/Purgatory),Early season,CO,continental,46,18,0.19525709928366877,0.038125334820672485,0.038125334820672485,0.19655702391059332,0.07598893625421582,0.044408982081636836,0.029872318320520903,True,False,0.19916016796640673,0.3228323722382367,-0.18104061323340703,15,16,0.06252944056448895,0.038125334820672485,-0.024404105743816462,0.008699529795871755,0.0026479371705474142,0.10029265982346867,False,971
days_with_base,Days per 30 with a skiable base,Blue Mtns (Anthony Lakes),Early season,OR,transitional,48,10,-0.18757851792046173,0.03518570038523698,-0.03518570038523698,-0.18560897046786812,0.05355120497047754,0.03731842147193203,0.019879168043768235,True,False,0.2011597680463907,-0.12048119264738565,0.1525645611831382,16,16,0.04034756601527878,0.03518570038523698,-0.005161865630041798,0.0007170987980963091,0.04233595544587846,-0.017809371130626746,False,971
big_storm_days,Powder days per 30 (>= 6 in of new snow),Tushar Mtns (Eagle Point),Holidays,UT,continental,47,7,-0.19011228553530754,0.036142681111458304,-0.036142681111458304,-0.18878819650961762,0.06565432590304514,0.03995147365113726,0.024789523560581127,True,False,0.20155968806238753,-0.25030783529279843,0.18439345651344724,16,16,0.05582940860872598,0.036142681111458304,-0.01968672749726768,0.0001700735947544035,0.0001890281165336876,-0.008298448579065172,False,971
big_storm_days,Powder days per 30 (>= 6 in of new snow),S San Juans (Wolf Creek),Early season,CO,continental,46,10,0.1916925937119659,0.036746050484020826,0.036746050484020826,0.19232411830418877,0.09470415100113364,0.04595744269832912,0.036427784682079564,True,False,0.20295940811837632,0.18735223160437983,-0.11869592700862647,15,16,0.023307534357530302,0.036746050484020826,0.013438516126490524,0.23865712283831378,0.03325175353889122,0.5950144975713312,False,971
new_snow_in_total,Total new snow in the window (in),Ruby Mtns & NE Nevada,Holidays,NV,continental,46,6,-0.19082003828598323,0.03641228701146411,-0.03641228701146411,-0.19218008440611795,0.06722078784859407,0.04145181916132831,0.025836993365177113,True,False,0.20295940811837632,-0.2905871412435398,0.16688223053937276,15,16,0.046660791545691915,0.03641228701146411,-0.010248504534227806,0.0009612612620973682,0.0013195064101249746,-0.027666889470573518,False,971
mean_depth,Base (mean snow depth),Bitterroots (Lost Trail),Holidays,MT+ID,transitional,25,11,-0.26254681482169473,0.06893082997301726,-0.06893082997301726,-0.2667422022036963,0.1566675025828745,0.09569610880203261,0.08357966930541846,False,False,0.20355928814237154,-0.4127355993859201,0.24023917632143543,9,9,0.12424163236646013,0.06893082997301726,-0.05531080239344287,0.03191313570664219,0.13878370237343587,0.3304286766351328,False,971
new_snow_in_total,Total new snow in the window (in),Wind River Range,Midwinter,WY,continental,48,23,-0.18720155453673237,0.03504442202096918,-0.03504442202096918,-0.1882643384037603,0.05333130767636808,0.038287689493077016,0.02008076671179764,True,False,0.20915816836632672,-0.20908679639409583,-0.008305939600217777,16,16,0.0396518192688613,0.03504442202096918,-0.004607397247892116,0.013496077610317323,0.2617924322928827,-0.10832668235247338,False,971
new_snow_in_total,Total new snow in the window (in),Selkirks (Schweitzer),Midwinter,ID,transitional,43,7,-0.19272672478499514,0.03714359044635126,-0.03714359044635126,-0.1918425079207619,0.0730826245677413,0.04214461785903702,0.028040707965013956,True,False,0.20955808838232354,-0.27890176305228354,0.2223509652682056,14,16,0.05165146535914433,0.03714359044635126,-0.014507874912793074,0.052302152855373256,0.08194148712543643,0.26661909512825627,False,971
big_storm_days,Powder days per 30 (>= 6 in of new snow),San Juans (Telluride/Purgatory),Early season,CO,continental,46,18,0.18891593463903456,0.035689230360539975,0.035689230360539975,0.192060218957317,0.0893999184166536,0.044879473118836874,0.03434033581173753,True,False,0.21035792841431714,0.2622641830114791,-0.18261637628302094,15,16,0.062025251089406375,0.035689230360539975,-0.0263360207288664,0.0628358165119841,0.0846373734633212,0.2543916183158826,False,971
new_snow_in_total,Total new snow in the window (in),Markagunt (Brian Head),Midwinter,UT,continental,46,8,0.18987482140138315,0.03605244780220715,0.03605244780220715,0.19253347622001427,0.051581537191005104,0.03972979444434984,0.019862345328312325,True,False,0.21115776844631073,0.21524910915023787,-0.14408756484812832,15,16,0.028986827303190688,0.03605244780220715,0.007065620499016462,0.003221285989388301,0.001049676191247353,0.0837725624441505,False,971
days_with_base,Days per 30 with a skiable base,Blue Mtns (Anthony Lakes),Midwinter,OR,transitional,48,18,-0.18460363740990454,0.03407850294496751,-0.03407850294496751,-0.18508528493424378,0.07170017506029144,0.03939747780286665,0.026541294661738404,True,False,0.21255748850229955,-0.18832100192852358,0.20275890464250865,16,16,0.04846426663154879,0.03407850294496751,-0.01438576368658128,0.2671543479984446,0.2761763939865636,0.492488671865611,False,971
big_storm_days,Powder days per 30 (>= 6 in of new snow),Markagunt (Brian Head),Spring,UT,continental,46,8,0.1931414578376614,0.037303622735657134,0.037303622735657134,0.19395059167765788,0.06945715434171239,0.042441128301362034,0.026942512361643044,True,False,0.21395720855828834,0.20940450141176764,-0.05044121939548228,15,16,0.033226920384576974,0.037303622735657134,0.0040767023510801595,0.08011244116736478,0.05258451836090911,0.31542383122430706,False,971
new_snow_in_total,Total new snow in the window (in),Bridger Range (Bridger Bowl),Midwinter,MT,continental,50,6,-0.18132536310104502,0.03287888730372582,-0.03287888730372582,-0.18031343541702882,0.061699377356996,0.03631974815813201,0.022250453388663178,True,False,0.21455708858228353,-0.08069002499351782,0.04722562036029589,18,16,0.012004635699034427,0.03287888730372582,0.02087425160469139,0.14137740556024014,0.018146604292404098,-0.5602376625235582,False,971
mean_swe,Base (mean SWE in window),E Cascades rain shadow (Mission Ridge),Early season,WA,transitional,45,6,-0.18655946027294631,0.03480443221733304,-0.03480443221733304,-0.18793232256448678,0.05904957853561415,0.03880541058971597,0.022194648881304065,True,False,0.21575684863027395,-0.25564972447980866,0.1410305611186832,15,16,0.04339453789973624,0.03480443221733304,-0.008590105682403204,0.0006551769114651121,0.05670863410797164,0.03516403261449898,False,971
storm_days,Storm days per 30 (>= 2 in of new snow),Central Cascades (Stevens/Snoqualmie),Holidays,WA,maritime,45,19,-0.18530411292623064,0.03433761426737724,-0.03433761426737724,-0.18347953078342102,0.08036371218102431,0.04012306445201886,0.029490192405976473,True,False,0.21775644871025795,-0.21412657930109358,0.21793492805854803,15,16,0.04971926049741804,0.03433761426737724,-0.015381646230040798,0.10088483131364001,0.04130526885187979,0.35861782114254387,False,971
storm_days,Storm days per 30 (>= 2 in of new snow),Ruby Mtns & NE Nevada,Holidays,NV,continental,46,6,-0.1877380936770869,0.03524559181750666,-0.03524559181750666,-0.1887332969347847,0.0711605258633842,0.040684077813026985,0.02686072131561903,True,False,0.21875624875024996,-0.2368485690036121,0.1826052251650126,15,16,0.03599112980619812,0.03524559181750666,-0.0007455379886914595,0.0002833939011445491,0.0028976000301641136,-0.015237282806721195,False,971
mean_depth,Base (mean snow depth),Snowy Range & Sierra Madre,Midwinter,WY,continental,24,21,-0.26003780526333875,0.06761966016617409,-0.06761966016617409,-0.26176061690737246,0.08111877094310638,0.07509887556304837,0.04246739904967073,True,False,0.21875624875024996,-0.21309753074587112,0.31805254682095874,9,9,0.11135391811563677,0.06761966016617409,-0.04373425794946269,0.007955312216256045,0.1149148755547944,0.08855328070970529,False,971
new_snow_in_total,Total new snow in the window (in),San Juans (Telluride/Purgatory),Spring,CO,continental,46,18,0.1866295591477246,0.034830592347674036,0.034830592347674036,0.18665511847720784,0.08182499953559275,0.04153546380274025,0.03054610996542708,True,False,0.21915616876624675,0.21742196069945338,0.052704166185246565,15,16,0.05673528119431115,0.034830592347674036,-0.021904688846637113,0.026701574181055628,0.07799598246896158,0.2703634401512164,False,971
days_with_base,Days per 30 with a skiable base,Jemez (Pajarito),Midwinter,NM,continental,46,6,0.18931271964685367,0.035839305820088214,0.035839305820088214,0.19152563113621104,0.07291415299312673,0.04199854108882906,0.027929858341541696,True,False,0.21915616876624675,0.24526965133568748,-0.03099789738330125,15,16,0.053929601312013076,0.035839305820088214,-0.01809029549192486,0.0433341796792724,0.012912979911294135,0.17822081074801285,False,971
mean_depth,Base (mean snow depth),Bridger Range (Bridger Bowl),Spring,MT,continental,24,6,-0.2598256762866916,0.06750938205783666,-0.06750938205783666,-0.2597845984946321,0.07445988125295673,0.07303231153122162,0.0386870607105147,True,False,0.21955608878224356,-0.1941672158787797,0.3458440126447273,9,9,0.0904411831414823,0.06750938205783666,-0.022931801083645648,0.02061081028434498,0.007445647599741531,-0.15179912346533486,False,971
mean_depth,Base (mean snow depth),Tetons (Jackson/Targhee),Early season,WY+ID,intermountain,24,9,-0.26051423249208744,0.06786766533094139,-0.06786766533094139,-0.25923171365519665,0.08947689552091348,0.07520719619667034,0.04639049791686678,True,False,0.21975604879024196,-0.22398625450223408,0.34326911936168547,9,9,0.1047712706705114,0.06786766533094139,-0.03690360533957,0.27730060321486566,0.02535401401831104,-0.319999521712053,False,971
mean_swe,Base (mean SWE in window),Gore & Tenmile (Vail/Summit/Copper),Midwinter,CO,continental,48,20,-0.1798477781898517,0.032345223319826095,-0.032345223319826095,-0.17964919910827726,0.05385192334223366,0.03517386438790326,0.01934890979774524,True,False,0.22115576884623075,-0.1038308798612051,0.2838267546570209,16,16,0.044575094390166825,0.032345223319826095,-0.01222987107034073,0.09077884608373164,0.007614263298713051,-0.22087688770400024,False,971
new_snow_in_total,Total new snow in the window (in),San Juans (Telluride/Purgatory),Holidays,CO,continental,46,18,-0.18587287680357206,0.034548726331235874,-0.034548726331235874,-0.18502540344866428,0.06488629576751644,0.03844463129977061,0.02401122610534817,True,False,0.22135572885422916,-0.17999034894197882,0.30091726183794576,15,16,0.05030165182728463,0.034548726331235874,-0.01575292549604876,0.10225812738158035,0.0012814634267685958,-0.30248980589547103,False,971
big_storm_days,Powder days per 30 (>= 6 in of new snow),Tushar Mtns (Eagle Point),Midwinter,UT,continental,47,7,0.17718241075754143,0.03139360668185413,0.03139360668185413,0.17713034371485975,0.06329553984642154,0.0353814840289943,0.0224231214572285,True,False,0.22235552889422117,0.2664292804767597,-0.03067270777241926,16,16,0.0629164904263404,0.03139360668185413,-0.031522883744486266,0.012170310611774166,0.012890676716900262,0.15142809287706321,False,971
days_with_base,Days per 30 with a skiable base,W Central Idaho (Brundage/Tamarack),Early season,ID,intermountain,46,8,-0.18757189815454922,0.035183216977300584,-0.035183216977300584,-0.1806694442582512,0.08729224449913636,0.04026138403828235,0.03154208260342871,True,False,0.22355528894221155,-0.11796248648350077,0.2022804032302496,15,16,0.045574937745784805,0.035183216977300584,-0.01039172076848422,0.1675060195471809,0.06614629763005667,0.3035413161138809,False,971
days_with_base,Days per 30 with a skiable base,Whitefish & Flathead Range,Early season,MT,transitional,52,7,-0.16959264116260875,0.028761663936509377,-0.028761663936509377,-0.17160818595746927,0.04263554213240219,0.03126715894053719,0.014633216085309582,True,False,0.22775444911017798,-0.21848051868337764,-0.03811359673402577,18,18,0.08207972366403538,0.028761663936509377,-0.053318059727526,0.01293479232664853,0.0038214825344046904,-0.07137022291922636,False,971
mean_depth,Base (mean snow depth),N Sangre de Cristo (Taos),Spring,NM+CO,continental,25,11,0.2567721002093857,0.0659319114459388,0.0659319114459388,0.2593464217269237,0.11768049159620524,0.08110926456488388,0.06104002880508228,True,False,0.22915416916616677,0.5968489601404708,-0.048718239697556315,9,9,0.2899657776465865,0.0659319114459388,-0.2240338662006477,0.0897698514331595,0.0680346065892542,-0.3788985224797928,False,971
days_with_base,Days per 30 with a skiable base,Elk Mtns (Aspen/Crested Butte),Holidays,CO,continental,46,10,-0.18156622395273106,0.03296629368045329,-0.03296629368045329,-0.19099845758300885,0.03951668506572904,0.038041979197672444,0.015095251792695535,True,True,0.22935412917416517,-0.206243386996056,0.3213078066789352,15,16,0.06092942754478747,0.03296629368045329,-0.027963133864334182,0.10511066468734337,0.10087902698081411,-0.09531950862579085,False,971
mean_depth,Base (mean snow depth),Blue Mtns (Anthony Lakes),Early season,OR,transitional,28,18,-0.2380455289336822,0.056665673845316525,-0.056665673845316525,-0.24004306412680343,0.09047171423856346,0.06580580371264895,0.043434215005258646,True,False,0.22975404919016196,-0.321796220809166,0.26832148958033536,9,12,0.09308403887472272,0.056665673845316525,-0.036418365029406194,0.20116700438869398,0.0010298766878683472,0.2916731655090228,False,971
days_with_base,Days per 30 with a skiable base,San Francisco Peaks (AZ Snowbowl),Spring,AZ,continental,46,5,0.1778431805594006,0.03162819687148356,0.03162819687148356,0.17710367829506948,0.09267749344211625,0.039954830656356966,0.032827049967531934,False,False,0.22995400919816036,0.1816022672651603,0.02054558804668144,15,16,0.051221681162991306,0.03162819687148356,-0.019593484291507743,0.08501287294296181,0.001234745581071764,0.3954930312682403,False,971
storm_days,Storm days per 30 (>= 2 in of new snow),Missoula ranges (Montana Snowbowl),Early season,MT,transitional,46,7,-0.1773804179292887,0.03146381266476912,-0.03146381266476912,-0.1766808667069926,0.07446917110329059,0.03676178610514526,0.026314555386961418,True,False,0.23035392921415718,-0.18356200155847796,0.012422125119562526,15,16,0.023765832151416255,0.03146381266476912,0.007697980513352867,0.014573485348990538,0.015578465977341244,-0.15129362803942317,False,971
new_snow_in_total,Total new snow in the window (in),North Cascades (Mt Baker),Holidays,WA,maritime,31,8,-0.2232019025973245,0.04981908932306554,-0.04981908932306554,-0.21802212297279094,0.09831771030564157,0.05720001826530684,0.04287087185331964,True,False,0.23155368926214756,-0.15515258182509378,0.12879257582793377,10,13,0.024883306761127377,0.04981908932306554,0.02493578256193816,0.05122097786280579,0.0685227543395773,-0.3006827440514191,False,971
days_with_base,Days per 30 with a skiable base,S Washington Cascades (Crystal/White Pass),Early season,WA,maritime,45,16,-0.1789931832116008,0.03203855963622169,-0.03203855963622169,-0.1829814498795751,0.07204467337333277,0.038672645961501655,0.026365677579905697,True,False,0.23195360927814437,-0.10727546740210374,0.0912433396256996,15,16,0.01230731674622132,0.03203855963622169,0.019731242890000368,0.04234007367582178,0.004292847707027771,-0.27690336878189936,False,971
mean_swe,Base (mean SWE in window),Whitefish & Flathead Range,Holidays,MT,transitional,52,9,-0.16797530762227142,0.028215703970796716,-0.028215703970796716,-0.16845255384323438,0.052987621374677225,0.031183950915253927,0.017851800285285463,True,False,0.23335332933413316,-0.26370097216191,0.017021542180621546,18,18,0.06442200902823125,0.028215703970796716,-0.03620630505743454,8.332221600943803e-06,0.033984586658707384,0.003622493496402631,False,971
new_snow_in_total,Total new snow in the window (in),Elk Mtns (Aspen/Crested Butte),Midwinter,CO,continental,46,11,-0.18131371076291208,0.03287466171061694,-0.03287466171061694,-0.17985270002404372,0.060385988564688596,0.03599346132087335,0.021721166173960544,True,False,0.23515296940611877,-0.08049569089975185,0.1337437559187193,15,16,0.020650124894026733,0.03287466171061694,0.012224536816590206,0.02700451145276229,0.31766591603992606,-0.17654855664444633,False,971
mean_swe,Base (mean SWE in window),Park Range (Steamboat),Spring,CO,continental,47,15,-0.17793910197413276,0.03166232401136082,-0.03166232401136082,-0.17838380432417383,0.05538619910858838,0.03488841269686133,0.01976000180809232,True,False,0.235752849430114,-0.12167489632622407,0.29045605455710327,16,16,0.04961555583809951,0.03166232401136082,-0.01795323182673869,0.0005966462455615934,0.0064697853580825285,-0.024765415255230527,False,971
mean_swe,Base (mean SWE in window),S San Juans (Wolf Creek),Early season,CO,continental,46,10,0.18494673697597014,0.03420529551805868,0.03420529551805868,0.1848633382766323,0.06990027048151089,0.03906050165216896,0.025843994695303282,True,False,0.23595280943811237,0.32909173270369946,-0.19241322950832956,15,16,0.060450659278403984,0.03420529551805868,-0.0262453637603453,0.0013154638025965695,6.319148794733686e-06,0.03794769001302233,False,971
mean_swe,Base (mean SWE in window),White Mtns AZ (Sunrise Park),Early season,AZ,continental,46,7,0.17993166633692748,0.0323754045507834,0.0323754045507834,0.1809589207239778,0.06352534332204735,0.03678160023377086,0.022990955132355675,True,False,0.23715256948610278,0.29143728158860865,-0.08680480844455143,15,16,0.05914590021091615,0.0323754045507834,-0.026770495660132745,0.012348484400408904,0.020028161616368893,0.14968103193035212,False,971
mean_depth,Base (mean snow depth),Selkirks (Schweitzer),Early season,ID,transitional,25,8,-0.24788364416067712,0.0614463010423772,-0.0614463010423772,-0.2483121323165106,0.08750766655484024,0.06931650676144537,0.04345843055254916,True,False,0.23735252949410118,-0.36735933073729515,0.17455119361995897,9,9,0.12696385578960911,0.0614463010423772,-0.06551755474723192,0.012190717160853022,0.08591811898891227,-0.11197186188081522,False,971
storm_days,Storm days per 30 (>= 2 in of new snow),Wind River Range,Early season,WY,continental,48,23,-0.1751852485637654,0.03068987131434827,-0.03068987131434827,-0.17430462301849517,0.06273214613031758,0.034317423763735234,0.021869006164772314,True,False,0.23775244951009797,-0.2915235326192102,0.09617954794952319,16,16,0.06529655375532772,0.03068987131434827,-0.034606682440979454,0.009084626304164307,0.14979694019519305,-0.09647920723677574,False,971
days_with_base,Days per 30 with a skiable base,Sawtooth & Smoky (Sun Valley),Spring,ID,intermountain,46,16,-0.17607150572119987,0.031001175126930517,-0.031001175126930517,-0.17682210234557857,0.06879046142061872,0.035998183460371896,0.024327348019432433,True,False,0.23775244951009797,-0.16613411421767738,0.2005220380855282,15,16,0.04770698943219476,0.031001175126930517,-0.01670581430526424,0.2092027611652036,0.09062562243295937,0.501497234692332,False,971
mean_depth,Base (mean snow depth),Central Oregon (Mt Bachelor),Midwinter,OR,transitional,23,10,-0.2611331532037846,0.06819052370215124,-0.06819052370215124,-0.25890135342989273,0.1032530289129857,0.07769109878753609,0.053464697862615686,True,False,0.23795240951809637,-0.4316897437529579,0.28563439323181744,8,9,0.1150083161251686,0.06819052370215124,-0.046817792423017354,0.20176592018718154,0.4605725869235482,0.6134446009456429,False,971
big_storm_days,Powder days per 30 (>= 6 in of new snow),Bighorn Mtns (Meadowlark),Holidays,WY,continental,48,13,-0.17324894545691227,0.030015197101932165,-0.030015197101932165,-0.18304424838680283,0.0790398207694686,0.039752490134759295,0.028935569170749974,True,False,0.23875224955008997,-0.17286722003171756,-0.001996382578427488,16,16,0.059299586120566405,0.030015197101932165,-0.02928438901863424,0.07436638918154827,0.17077687060889782,-0.1464422905825999,False,971
storm_days,Storm days per 30 (>= 2 in of new snow),Bighorn Mtns (Meadowlark),Midwinter,WY,continental,48,13,-0.1744219101173686,0.03042300272899141,-0.03042300272899141,-0.17568737368139078,0.07200297101664212,0.03605048110628805,0.025300025750342306,True,False,0.23895220955808838,-0.13238429494584916,0.02822608990882871,16,16,0.01787815187344921,0.03042300272899141,0.0125448508555422,0.1275931800768428,0.009688850815959342,-0.36505083158329904,False,971
big_storm_days,Powder days per 30 (>= 6 in of new snow),White Mtns AZ (Sunrise Park),Holidays,AZ,continental,46,7,0.17639555212420985,0.031115390809204835,0.031115390809204835,0.17641894494611585,0.069948033344316,0.0360163715046382,0.024680316487319918,True,False,0.23895220955808838,0.1916488817032909,-0.003416605168564596,15,16,0.04278328050321778,0.031115390809204835,-0.011667889694012945,3.8221485391066207e-05,0.0268664433540246,-0.00714946554922823,False,971
mean_swe,Base (mean SWE in window),W Central Idaho (Brundage/Tamarack),Early season,ID,intermountain,46,10,-0.1796360348585315,0.03226910501969554,-0.03226910501969554,-0.1784237721920114,0.06857141485540252,0.0365370814184985,0.02446954100608849,True,False,0.23995200959808038,-0.1384388116504548,0.2908242130024755,15,16,0.05482768760118406,0.03226910501969554,-0.022558582581488518,0.038580591069743854,0.004357364223983193,0.23116928913026075,False,971
big_storm_days,Powder days per 30 (>= 6 in of new snow),S Sangre de Cristo (Santa Fe),Spring,NM,continental,46,5,0.18071169937374473,0.03265671829054669,0.03265671829054669,0.18054080595992503,0.07087872896516893,0.03761877683637718,0.025593005705573362,True,False,0.2403519296140772,0.07276245942255306,-0.09055625869267127,15,16,0.008063445973471972,0.03265671829054669,0.02459327231707472,0.09746457789385032,0.0023040824827694935,0.3059087002517256,False,971
new_snow_in_total,Total new snow in the window (in),Front Range (Winter Park/Loveland/A-Basin),Spring,CO,continental,48,20,0.1733297229787624,0.030043192867894513,0.030043192867894513,0.17158994508554196,0.06712044479052845,0.03394826336333768,0.023034386871447855,True,False,0.2403519296140772,0.14515766579933018,-0.0810588456902666,16,16,0.015418721736033425,0.030043192867894513,0.014624471131861088,0.06787760454757209,0.05713161771241267,0.37072705824047253,False,971
big_storm_days,Powder days per 30 (>= 6 in of new snow),Blue Mtns (Anthony Lakes),Spring,OR,transitional,48,18,-0.17349989133227586,0.030102212292311532,-0.030102212292311532,-0.1748123628146249,0.07177794332300427,0.035711435340512465,0.02509534374053721,True,False,0.2411517696460708,-0.11981116476410489,0.13899197706158697,16,16,0.0616195678314605,0.030102212292311532,-0.031517355539148965,0.06838614078670031,0.036060495334479206,0.14629590932646463,False,971
mean_swe,Base (mean SWE in window),Selkirks (Schweitzer),Holidays,ID,transitional,45,7,-0.1744976045402356,0.030449413990280453,-0.030449413990280453,-0.1734396131757239,0.06464820228773774,0.034260689477581,0.022425118394582364,True,False,0.24335132973405318,-0.18812220758860437,0.08644093823254838,15,16,0.019852282485380623,0.030449413990280453,0.01059713150489983,0.002953430857213843,0.11058739671911519,0.056203846742956816,False,971
big_storm_days,Powder days per 30 (>= 6 in of new snow),Ruby Mtns & NE Nevada,Holidays,NV,continental,46,6,-0.17753583105778287,0.03151897130937762,-0.03151897130937762,-0.176728983701567,0.060645824822639374,0.034911049748606995,0.02143574997329664,True,False,0.2443511297740452,-0.2551244205063589,0.09780887451334909,15,16,0.05647098442009546,0.03151897130937762,-0.02495201311071784,0.003139658507932642,0.015482540788087858,-0.05124404818548588,False,971
new_snow_in_total,Total new snow in the window (in),Klamath & Siskiyou (Mt Shasta),Early season,CA+OR,maritime,46,6,-0.178761740650905,0.03195575992054142,-0.03195575992054142,-0.18075204858391736,0.06522115330951098,0.03692510190630556,0.0235777141433997,True,False,0.2443511297740452,-0.14295770413387376,0.3092475527262716,15,16,0.053177322406612215,0.03195575992054142,-0.021221562486070794,0.0005281475557199329,0.00811124382867054,0.02909694369299082,False,971
big_storm_days,Powder days per 30 (>= 6 in of new snow),Sawtooth & Smoky (Sun Valley),Early season,ID,intermountain,46,19,-0.17020226746157296,0.02896881184906082,-0.02896881184906082,-0.17080914404919686,0.0709441260291115,0.03420883270885374,0.024235810884701767,True,False,0.24495100979804038,-0.26620325689979835,0.10385410724993431,15,16,0.07005135621741576,0.02896881184906082,-0.04108254436835494,0.010339116696909486,0.16066666903282717,0.08593081089233395,False,971
big_storm_days,Powder days per 30 (>= 6 in of new snow),Chugach (Alyeska),Holidays,AK,maritime,43,6,0.1833939857723111,0.03363335401745465,0.03363335401745465,0.1837330298278127,0.07724341032281948,0.03972437068800737,0.028384331625689135,True,False,0.24575084983003398,0.23609621505861764,-0.03044158188434261,15,15,0.03494093943941512,0.03363335401745465,-0.0013075854219604666,0.028396202767868986,0.0072658666662026245,0.15118361391080745,False,971
new_snow_in_total,Total new snow in the window (in),Whitefish & Flathead Range,Spring,MT,transitional,52,9,-0.1631760641365632,0.026626427907099782,-0.026626427907099782,-0.162148502929764,0.059334431889723864,0.029812711810039964,0.019241978606213545,True,False,0.2473505298940212,-0.22598989228011387,-0.003122502348479106,18,18,0.04378015989922568,0.026626427907099782,-0.017153731992125897,0.003336691662226759,0.0043383975811642495,-0.07167516351590124,False,971
new_snow_in_total,Total new snow in the window (in),Tushar Mtns (Eagle Point),Midwinter,UT,continental,47,7,0.17272600743095526,0.029834273643038412,0.029834273643038412,0.17268462652495659,0.06004486312730048,0.033425365826039985,0.02073764952776004,True,False,0.24875024995001,0.2218887754712698,-0.01763884927015609,16,16,0.035327420132476584,0.029834273643038412,-0.005493146489438171,0.035932870295655395,0.0021061815776894054,0.2838404678393352,False,971
days_with_base,Days per 30 with a skiable base,Coeur d'Alenes (Silver/Lookout),Holidays,ID+MT,transitional,44,7,-0.17739519308193563,0.03146905452857722,-0.03146905452857722,-0.17733144275421311,0.06036113293237626,0.035089906958170755,0.021407853578354258,True,False,0.2499500099980004,-0.2120483592459287,0.06133797751588047,15,16,0.047989913247140525,0.03146905452857722,-0.016520858718563305,0.00337293129080128,0.018244844532970844,0.053627948343020454,False,971
storm_days,Storm days per 30 (>= 2 in of new snow),N Sierra / Tahoe (Palisades/Heavenly/Rose),Midwinter,CA+NV,maritime,48,21,0.16751444276822836,0.028061088535950053,0.028061088535950053,0.1659911903904675,0.07978311712999657,0.033918421066223184,0.02648658917094046,True,False,0.2501499700059988,0.17941735816448923,-0.006289716698373318,16,16,0.01704471144878994,0.028061088535950053,0.011016377087160113,0.22026156645467027,0.03902838012341405,0.7327107350958242,False,971
big_storm_days,Powder days per 30 (>= 6 in of new snow),Beartooth & Absaroka (Red Lodge),Early season,MT+WY,continental,53,11,-0.16320913524770067,0.02663722182830225,-0.02663722182830225,-0.16206806985959665,0.06568610885155012,0.03058072416407279,0.02129124175631619,True,False,0.2513497300539892,-0.04467624834040695,0.18708301705833522,18,19,0.029858349507585147,0.02663722182830225,-0.003221127679282898,0.009607938996913538,0.034281926234732855,-0.12281805513124598,False,971
mean_swe,Base (mean SWE in window),Tetons (Jackson/Targhee),Early season,WY+ID,intermountain,46,10,-0.16843390170307815,0.028369979242922193,-0.028369979242922193,-0.16810472095421605,0.06407028754855133,0.03236419895364889,0.02154103561961121,True,False,0.2523495300939812,-0.14358699166520142,0.2585858563557147,15,16,0.046285570426478295,0.028369979242922193,-0.017915591183556102,0.011027814253388044,0.019837110040775766,-0.10264625441313523,False,971
storm_days,Storm days per 30 (>= 2 in of new snow),Wind River Range,Midwinter,WY,continental,48,23,-0.16903809438762538,0.028573877354199747,-0.028573877354199747,-0.16882167894417666,0.053110301750138214,0.03132146343352139,0.017932340621380355,True,False,0.2523495300939812,-0.16403748467710935,-0.03549695691100711,16,16,0.036629227793715136,0.028573877354199747,-0.008055350439515389,0.03840186145716643,0.19588969454364766,-0.1672416792693449,False,971
big_storm_days,Powder days per 30 (>= 6 in of new snow),Bridger Range (Bridger Bowl),Spring,MT,continental,50,6,0.1639980731120271,0.026895367984457786,0.026895367984457786,0.16463322484940976,0.05878883318453474,0.030560225631515364,0.0193571903846079,True,False,0.2531493701259748,0.13763442345194946,-0.17245698822736968,18,16,0.03150012785582079,0.026895367984457786,-0.004604759871363006,0.027141304142222416,0.07994839189163717,-0.20536296518579317,False,971
mean_depth,Base (mean snow depth),Sawtooth & Smoky (Sun Valley),Spring,ID,intermountain,29,16,-0.2181187050427874,0.047575769489542494,-0.047575769489542494,-0.21915717228131112,0.06881211629904879,0.0527649735118941,0.030161337653584506,True,False,0.2531493701259748,-0.3372120740105232,0.283446951961754,10,12,0.09210657710973147,0.047575769489542494,-0.044530807620188975,0.20563975098909554,0.019521235962396213,0.46552072610233325,False,971
storm_days,Storm days per 30 (>= 2 in of new snow),N Sangre de Cristo (Taos),Midwinter,NM+CO,continental,47,7,0.16782452360947991,0.028165070724748883,0.028165070724748883,0.16954737378805143,0.06516007531759466,0.032992147373819836,0.02209543929185961,True,False,0.25374925014997,0.30845390018426855,-0.16885920965496862,16,16,0.061995499567271795,0.028165070724748883,-0.03383042884252291,0.06327732840816644,0.09000606161863293,-0.25345896410658897,False,971
days_with_base,Days per 30 with a skiable base,Klamath & Siskiyou (Mt Shasta),Early season,CA+OR,maritime,46,5,-0.1708772167292331,0.029199023197129297,-0.029199023197129297,-0.18822752513447058,0.11055811903102594,0.04765269890192625,0.041620162257464455,False,False,0.25374925014997,-0.018843145397484933,0.20012316278596876,15,16,0.03203954977014001,0.029199023197129297,-0.0028405265730107113,0.03689784955406933,0.012378715809929242,-0.3563228473918182,False,971
mean_swe,Base (mean SWE in window),Sawtooth & Smoky (Sun Valley),Midwinter,ID,intermountain,46,19,-0.1700277741486929,0.028909443981958927,-0.028909443981958927,-0.17139027309360952,0.060723958129837566,0.03306202480205632,0.02081499153439554,True,False,0.2543491301739652,-0.259003991250023,0.09876469209317328,15,16,0.04009495382550554,0.028909443981958927,-0.011185509843546614,0.0942152233548358,0.03320360693628324,0.35582291689270595,False,971
big_storm_days,Powder days per 30 (>= 6 in of new snow),San Francisco Peaks (AZ Snowbowl),Early season,AZ,continental,46,5,0.17188524804751878,0.029544538496357062,0.029544538496357062,0.1715719233960476,0.0680235202477587,0.03406412420471647,0.0233418524101559,True,False,0.2553489302139572,0.07898255197215569,-0.19595669993504988,15,16,0.029371004532074863,0.029544538496357062,0.00017353396428219925,0.07251655074130575,0.001863471952788626,0.42549178324569104,False,971
new_snow_in_total,Total new snow in the window (in),W Central Idaho (Brundage/Tamarack),Early season,ID,intermountain,46,10,-0.17170834518879358,0.02948375580747389,-0.02948375580747389,-0.17170801028438953,0.08157047489627871,0.03613738317062846,0.028012607884785524,True,False,0.2569486102779444,-0.15728629627336002,0.2610158953848063,15,16,0.042238507675042336,0.02948375580747389,-0.012754751867568446,0.08664781180933027,0.039682345523818593,0.36617628470397995,False,971
mean_swe,Base (mean SWE in window),Wind River Range,Holidays,WY,continental,48,23,-0.16711410868967325,0.027927125323143922,-0.027927125323143922,-0.16737249855936553,0.05803642371025201,0.03138177975108072,0.019427402487669762,True,False,0.2571485702859428,-0.30915263862097364,0.03245780177353459,16,16,0.07753268290797521,0.027927125323143922,-0.04960555758483129,0.0005075810872135446,0.16899438399193273,0.017538929694953506,False,971
storm_days,Storm days per 30 (>= 2 in of new snow),Bridger Range (Bridger Bowl),Midwinter,MT,continental,50,6,-0.16465819920906943,0.027112322566773595,-0.027112322566773595,-0.1645303820011372,0.06565130820965175,0.03138034087107882,0.021603269637216795,True,False,0.25774845030993804,-0.020527785269634738,0.042238156913086446,18,16,0.012954709258144237,0.027112322566773595,0.014157613308629358,0.16125346683941982,0.05191445622820823,-0.59220127103575,False,971
new_snow_in_total,Total new snow in the window (in),Coeur d'Alenes (Silver/Lookout),Early season,ID+MT,transitional,45,7,-0.17388843384839464,0.03023718742624752,-0.03023718742624752,-0.172731868972841,0.06934926536704508,0.03464561916579956,0.023957656437486423,True,False,0.2585482903419316,-0.2832366882787118,0.03395763367378475,15,16,0.05854824753780474,0.03023718742624752,-0.028311060111557224,0.0022301735686778745,0.039027844713628135,0.06414364468300021,False,971
mean_swe,Base (mean SWE in window),Tushar Mtns (Eagle Point),Early season,UT,continental,47,7,0.16718152323460145,0.027949661711041584,0.027949661711041584,0.16665737566029576,0.061382340960779005,0.03154247264380227,0.020459639712817813,True,False,0.2599480103979204,0.2089322987202027,-0.15368444597425437,16,16,0.033042503426984005,0.027949661711041584,-0.005092841715942421,0.0014743591194693777,0.05741237815389962,0.05656442230360989,False,971
storm_days,Storm days per 30 (>= 2 in of new snow),E Cascades rain shadow (Mission Ridge),Holidays,WA,transitional,45,6,-0.168869988103276,0.028517072882000578,-0.028517072882000578,-0.16918562228413142,0.07483925963844854,0.0342246895708999,0.02532345342642919,True,False,0.2601479704059188,-0.18137290979852946,0.2175817431362897,15,16,0.03876909957401253,0.028517072882000578,-0.010252026692011956,0.0593878719461717,0.028178271264225733,0.3219211035161134,False,971
mean_depth,Base (mean snow depth),E Cascades rain shadow (Mission Ridge),Spring,WA,transitional,25,6,-0.23496354408879677,0.055207867050767946,-0.055207867050767946,-0.23722895982522013,0.07778896876896695,0.06232870304189522,0.03690759229387713,True,False,0.2601479704059188,-0.37911763592232034,0.5884007447078109,9,9,0.24223939210989465,0.055207867050767946,-0.1870315250591267,0.294617629487214,0.007944406573844,0.8777520881059303,False,971
big_storm_days,Powder days per 30 (>= 6 in of new snow),Coeur d'Alenes (Silver/Lookout),Holidays,ID+MT,transitional,44,7,-0.1732984372526524,0.0300323483542115,-0.0300323483542115,-0.17355696679618618,0.07135493408412302,0.03521354734164202,0.024768291851164387,True,False,0.26034793041391724,-0.207162260182188,0.17588434421417753,15,16,0.04217658917317346,0.0300323483542115,-0.012144240818961961,0.0038532757389459493,0.0032994842866418033,0.0641652035344211,False,971
new_snow_in_total,Total new snow in the window (in),Whitefish & Flathead Range,Early season,MT,transitional,52,9,-0.1602191638933335,0.025670180478678858,-0.025670180478678858,-0.16027381753590939,0.06377609301456791,0.029755086627736793,0.020443275789940082,True,False,0.26094781043791243,-0.22529676560585102,-0.004422289543712232,18,18,0.062483422239388076,0.025670180478678858,-0.036813241760709214,0.0053730641728855135,0.04986096049740572,-0.10322553606781995,False,971
storm_days,Storm days per 30 (>= 2 in of new snow),Missoula ranges (Montana Snowbowl),Spring,MT,transitional,46,7,-0.1672105152679518,0.027959356416173944,-0.027959356416173944,-0.1692506616384008,0.06688965526038207,0.03312001244588919,0.022642236819168403,True,False,0.26134773045390924,-0.2816565853517848,0.0089232858391326,15,16,0.07303997594871525,0.027959356416173944,-0.045080619532541305,0.0010764081292331496,8.832107329350015e-05,0.04007436941462728,False,971
days_with_base,Days per 30 with a skiable base,Uinta Mtns,Holidays,UT,continental,48,18,-0.16496657269680876,0.027213970107331488,-0.027213970107331488,-0.1635917430912444,0.0666448570442785,0.031203795378084032,0.021805096663880637,True,False,0.2625474905018996,-0.13128293175928613,0.15545777846023695,16,16,0.032320881673705504,0.027213970107331488,-0.005106911566374016,3.854922275519658e-05,0.038936932719363555,-0.004946372630541393,False,971
mean_swe,Base (mean SWE in window),Blue Mtns (Anthony Lakes),Holidays,OR,transitional,48,18,-0.16558031674421353,0.02741684129311408,-0.02741684129311408,-0.1667035335974715,0.07030858181385877,0.03273336479055938,0.023441378061194357,True,False,0.262747450509898,-0.21768077158187277,0.19763618238200825,16,16,0.040086072661817296,0.02741684129311408,-0.012669231368703217,0.24178398907408535,0.043741109986084104,0.5129732548866771,False,971
mean_swe,Base (mean SWE in window),Front Range (Winter Park/Loveland/A-Basin),Midwinter,CO,continental,48,20,-0.16681580788009587,0.027827513758689054,-0.027827513758689054,-0.16590647527860128,0.05208665989726737,0.03023797867862274,0.017283028305181802,True,False,0.26354729054189163,-0.07027211187266988,0.28818116334655086,16,16,0.04962978458319367,0.027827513758689054,-0.021802270824504616,0.0742944710458425,0.012508627789754333,-0.21834710065558963,False,971
mean_depth,Base (mean snow depth),Wind River Range,Spring,WY,continental,28,21,-0.21417920673252538,0.045872732596573845,-0.045872732596573845,-0.21610823269041007,0.06525365009554006,0.0509608070873636,0.02820370199749114,True,False,0.26374725054989,-0.24148819139723546,0.11845973128768467,9,12,0.040631161164108365,0.045872732596573845,0.0052415714324654805,0.006531756714687443,0.10552993801377902,0.056712613952461875,False,971
days_with_base,Days per 30 with a skiable base,S Washington Cascades (Crystal/White Pass),Spring,WA,maritime,45,15,-0.16822517933501674,0.02829971096229854,-0.02829971096229854,-0.1700392911061751,0.03411721216026174,0.03007734468547887,0.011602533140499768,True,True,0.26494701059788045,-0.33025701332822993,0.19821358987781856,15,16,0.104569910906546,0.02829971096229854,-0.07627019994424745,0.12146217353970831,0.06977621658147432,0.6709161903557493,False,971
mean_swe,Base (mean SWE in window),Markagunt (Brian Head),Midwinter,UT,continental,46,8,0.16677693359593798,0.027814545579663907,0.027814545579663907,0.1665857578887834,0.06223730140008945,0.03162429641694594,0.020735696045373085,True,False,0.26494701059788045,0.3087891381455942,-0.058426436405020946,15,16,0.06417750274396805,0.027814545579663907,-0.03636295716430414,0.00015700946141954634,0.001379393166707236,-0.02034358593345567,False,971
mean_depth,Base (mean snow depth),Park Range (Steamboat),Midwinter,CO,continental,24,18,-0.23513077531953847,0.05528648150236728,-0.05528648150236728,-0.23513950122676297,0.09290588063470144,0.06392208769368025,0.043691684866953746,True,False,0.2659468106378724,-0.20019249755782734,0.3326542622485888,9,9,0.07867011414457548,0.05528648150236728,-0.023383632642208198,0.03990486337337371,0.12615003503366207,0.1901144179160565,False,971
storm_days,Storm days per 30 (>= 2 in of new snow),White Mtns AZ (Sunrise Park),Holidays,AZ,continental,46,7,0.16597503149480602,0.027547711079701852,0.027547711079701852,0.16773242891966833,0.06607443233123443,0.03249999831918647,0.02216565004881243,True,False,0.26614677064587083,0.2838896915202756,0.029235931585170877,15,16,0.08468725144215672,0.027547711079701852,-0.05713954036245487,0.08144578044033719,0.05799535312397482,-0.31722143611326886,False,971
big_storm_days,Powder days per 30 (>= 6 in of new snow),Bridger Range (Bridger Bowl),Holidays,MT,continental,50,6,-0.15901216561623543,0.02528486881396509,-0.02528486881396509,-0.1607958664158572,0.06286436241424254,0.02980723871817542,0.020216659242157153,True,False,0.26654669066186765,-0.20155700507237564,-0.08537103424698023,18,16,0.03251446956838111,0.02528486881396509,-0.007229600754416022,0.04006558268316685,0.02417671955848732,-0.19254690841622657,False,971
mean_depth,Base (mean snow depth),W Central Idaho (Brundage/Tamarack),Early season,ID,intermountain,25,8,-0.22929336651882729,0.052575447929537264,-0.052575447929537264,-0.23190861255246528,0.08899897631966168,0.06170242236195716,0.0412792582337649,True,False,0.26974605078984204,-0.35572392260192004,0.3647391107542499,9,9,0.1161513474770669,0.052575447929537264,-0.06357589954752964,0.10451148487862166,0.07920490328110207,0.25282359373799745,False,971
mean_depth,Base (mean snow depth),White Mtns AZ (Sunrise Park),Midwinter,AZ,continental,25,8,0.23535242092867736,0.05539076203698933,0.05539076203698933,0.23005662895565715,0.12328561240541805,0.06812539475261987,0.05672534477744844,False,False,0.2699460107978404,0.3559254049483711,-0.049467522831788756,9,9,0.15693814860362654,0.05539076203698933,-0.1015473865666372,0.08834507101284492,0.09862174729349057,0.45843505241991467,False,971
mean_swe,Base (mean SWE in window),Blue Mtns (Anthony Lakes),Early season,OR,transitional,48,18,-0.16239826611249666,0.026373196836345283,-0.026373196836345283,-0.16170171780777254,0.06515838461908627,0.03039306062815328,0.02107244544497159,True,False,0.27014597080583885,-0.14533956917501514,0.22056667092343413,16,16,0.04142529655798455,0.026373196836345283,-0.015052099721639265,0.05253064511190677,0.002105568735875823,0.2717022063880612,False,971
mean_depth,Base (mean snow depth),S Washington Cascades (Crystal/White Pass),Early season,WA,maritime,29,22,-0.21130794112480386,0.044651045982403575,-0.044651045982403575,-0.21343016759059383,0.08157815007075582,0.05220743100671573,0.03482247648266406,True,False,0.27194561087782443,-0.4565789579764076,0.13331397883805027,10,12,0.12058673874705472,0.044651045982403575,-0.07593569276465115,0.008147506091801334,0.05421983487738909,0.11605633694088262,False,971
big_storm_days,Powder days per 30 (>= 6 in of new snow),Missoula ranges (Montana Snowbowl),Holidays,MT,transitional,46,7,-0.16250797254722488,0.026408841141409595,-0.026408841141409595,-0.1630542270507605,0.05833755412424529,0.029989951180320207,0.019024369591521442,True,False,0.27234553089382124,-0.11570096919039789,0.15826075800631725,15,16,0.02663594262495006,0.026408841141409595,-0.000227101483540465,0.0397967184971673,0.004703652724046905,-0.21326550296451655,False,971
new_snow_in_total,Total new snow in the window (in),S Washington Cascades (Crystal/White Pass),Holidays,WA,maritime,45,19,-0.16805528820724963,0.02824257989442174,-0.02824257989442174,-0.16921470070652928,0.07378331989793108,0.03407759323036071,0.024970444787325026,True,False,0.27274545090981805,-0.19236031553647884,0.2111524840567815,15,16,0.038434104879451425,0.02824257989442174,-0.010191524985029687,0.17055216084894395,0.042799472252150327,0.4513000882223652,False,971
mean_depth,Base (mean snow depth),Wind River Range,Holidays,WY,continental,28,21,-0.21424157961077214,0.04589945443411882,-0.04589945443411882,-0.2135978063363985,0.10975341435298167,0.05766983483385888,0.04688617708745335,False,False,0.27454509098180363,-0.35827675441634377,-0.021756709579925138,9,12,0.12783439943178432,0.04589945443411882,-0.0819349449976655,0.13794500607435267,0.023908492941788383,-0.3215926640565362,False,971
storm_days,Storm days per 30 (>= 2 in of new snow),Chugach (Alyeska),Early season,AK,maritime,43,7,0.16877952599604917,0.028486528395451037,0.028486528395451037,0.16621379923347926,0.08825026405201893,0.035415136160878415,0.029336823342887612,False,False,0.2751449710057988,0.27519006729430695,0.18118535225628812,15,15,0.16247072733483814,0.028486528395451037,-0.1339841989393871,0.20572217925536604,0.06188798294528163,0.5821233357088095,False,971
storm_days,Storm days per 30 (>= 2 in of new snow),Tetons (Jackson/Targhee),Spring,WY+ID,intermountain,46,10,-0.16314388884925834,0.02661592846885916,-0.02661592846885916,-0.16412692003322918,0.07233984593321076,0.032170699189234674,0.0237458322173924,True,False,0.27534493101379726,-0.20144051394294063,0.2866623821867677,15,16,0.059545285590413055,0.02661592846885916,-0.0329293571215539,0.18517746675460264,0.03245249140392585,0.47571050641215984,False,971
mean_swe,Base (mean SWE in window),Sawtooth & Smoky (Sun Valley),Holidays,ID,intermountain,46,19,-0.16180296622807305,0.02618019988020295,-0.02618019988020295,-0.1623536719996635,0.07326969323356189,0.03172716275831458,0.02379120748551534,True,False,0.27634473105378926,-0.2483884431173313,0.15905093410046545,15,16,0.04003820727296703,0.02618019988020295,-0.01385800739276408,0.05890788028605372,0.03431668708726512,0.3076373901898312,False,971
storm_days,Storm days per 30 (>= 2 in of new snow),Klamath & Siskiyou (Mt Shasta),Early season,CA+OR,maritime,46,6,-0.1647741442072555,0.027150518599233432,-0.027150518599233432,-0.16475659306124985,0.06178417058749319,0.03096201869233474,0.020358698902220914,True,False,0.27654469106178764,-0.12387533168888745,0.2929050262863485,15,16,0.048992012430080445,0.027150518599233432,-0.021841493830847013,0.00026855533698459465,0.009272294235535465,0.017371959438492398,False,971
new_snow_in_total,Total new snow in the window (in),S San Juans (Wolf Creek),Holidays,CO,continental,46,10,-0.16356366478699091,0.026753072438551132,-0.026753072438551132,-0.16175864234235376,0.06089017594882318,0.02987347189952017,0.01969902438693736,True,False,0.277744451109778,-0.1587524985675177,0.2465958101636152,15,16,0.04260099993947564,0.026753072438551132,-0.015847927500924505,0.1698792894101911,0.002252972076802455,-0.35005550333758234,False,971
mean_depth,Base (mean snow depth),Beartooth & Absaroka (Red Lodge),Early season,MT+WY,continental,25,13,-0.22562390470494426,0.050906146374305766,-0.050906146374305766,-0.22481381366497644,0.0818620214499526,0.05724264137046324,0.03680742647297589,True,False,0.27914417116576684,-0.14568326717410893,0.37929541942273587,9,9,0.15066897934479628,0.050906146374305766,-0.09976283297049052,0.00962174874689858,0.002432670848872732,-0.08672938848267685,False,971
mean_swe,Base (mean SWE in window),W Central Idaho (Brundage/Tamarack),Midwinter,ID,intermountain,46,10,-0.16286788126182458,0.02652594674671579,-0.02652594674671579,-0.16380978373946847,0.07804442144150077,0.032924576966910014,0.025568879596808355,True,False,0.27974405118976203,-0.1585940802961374,0.18826144367692418,15,16,0.024316798266729722,0.02652594674671579,0.0022091484799860693,0.14356757219176872,0.2960137028863727,0.4915534255965253,False,971
storm_days,Storm days per 30 (>= 2 in of new snow),E Cascades rain shadow (Mission Ridge),Early season,WA,transitional,45,6,-0.16278090130150086,0.026497621828528963,-0.026497621828528963,-0.16309013821382798,0.06341000726711091,0.03061922220422057,0.02068309369866591,True,False,0.28094381123775247,-0.18566475527911386,0.13625848307320138,15,16,0.03094329658596129,0.026497621828528963,-0.004445674757432325,0.00044525442244459825,0.014878663136111941,0.026817166649957463,False,971
days_with_base,Days per 30 with a skiable base,Bighorn Mtns (Meadowlark),Holidays,WY,continental,48,4,-0.15814091704287936,0.02500854964316285,-0.02500854964316285,-0.16031636794154439,0.039912874747205104,0.027294375400554724,0.012797374227155418,True,True,0.28114377124575085,-0.2253978276799568,0.024249318564557962,16,16,0.06931356348241391,0.02500854964316285,-0.04430501383925106,0.002599505334581331,0.11660061322196597,0.00888634865526884,False,971
big_storm_days,Powder days per 30 (>= 6 in of new snow),Gore & Tenmile (Vail/Summit/Copper),Early season,CO,continental,48,20,-0.15596190403505952,0.024324115510241117,-0.024324115510241117,-0.15604906969653137,0.06846643027209562,0.029038964227356637,0.02136824549880591,True,False,0.28314337132573486,0.0013172870163958225,0.10829096145262088,16,16,0.010223532667458346,0.024324115510241117,0.014100582842782771,0.11221322688147324,2.0763039370482464e-05,-0.3270209327986028,False,971
storm_days,Storm days per 30 (>= 2 in of new snow),Tushar Mtns (Eagle Point),Midwinter,UT,continental,47,7,0.1569410286702711,0.024630486480082855,0.024630486480082855,0.15697405067260814,0.058977144781423414,0.028119156191135527,0.018515762626889812,True,False,0.28374325134973005,0.14890230179995068,-0.020258384996360672,16,16,0.015751003793414542,0.024630486480082855,0.008879482686668314,0.05450742647574248,0.014741094068833184,0.3406311506454928,False,971
mean_depth,Base (mean snow depth),S San Juans (Wolf Creek),Early season,CO,continental,26,14,0.2175955737321713,0.0473478337078328,0.0473478337078328,0.21547039481880742,0.08239214377044092,0.05321595639846176,0.035506135496369697,True,False,0.28834233153369326,0.1838528294896151,-0.20862493311316377,9,10,0.044786383429698096,0.0473478337078328,0.0025614502781347026,0.039251057666385536,0.019143191391524376,0.16424011557328025,False,971
mean_swe,Base (mean SWE in window),Madison & Gallatin (Big Sky),Early season,MT,continental,60,9,-0.1390384758227312,0.019331697759108212,-0.019331697759108212,-0.13920816526894947,0.0654472946341971,0.023662261652482555,0.01822159561568588,True,False,0.28954209158168365,-0.12407446709747831,0.2681523796023062,20,22,0.059398030569871585,0.019331697759108212,-0.04006633281076337,0.044549407573905166,0.019130805291628965,0.28779963001692266,False,971
days_with_base,Days per 30 with a skiable base,Beartooth & Absaroka (Red Lodge),Spring,MT+WY,continental,48,6,-0.1530743873273717,0.023431768055650212,-0.023431768055650212,-0.1540800194687605,0.06575928039054901,0.028064935356976455,0.020264382405654945,True,False,0.29054189162167565,-0.08374822368379697,0.08659243302096759,16,16,0.010311802225486222,0.023431768055650212,0.01311996583016399,0.07479715896816963,0.0071466048467501994,-0.2296449977994668,False,971
days_with_base,Days per 30 with a skiable base,Uinta Mtns,Midwinter,UT,continental,48,19,-0.1554192002622666,0.024155127810162533,-0.024155127810162533,-0.15549440176781998,0.053981489220536624,0.02709251015959913,0.01678763874576673,True,False,0.2927414517096581,-0.11144496164166154,0.12114644371791917,16,16,0.015757087333105324,0.024155127810162533,0.008398040477057209,0.019834461603351332,0.0009353024895122561,-0.15538304265395828,False,971
big_storm_days,Powder days per 30 (>= 6 in of new snow),Bridger Range (Bridger Bowl),Early season,MT,continental,50,6,-0.15078644416512998,0.022736551743963863,-0.022736551743963863,-0.14869974567883001,0.05528458043973367,0.02516799919934611,0.016441606102698434,True,False,0.29474105178964205,-0.06836784778795726,0.09446396244849832,18,16,0.013254320687875576,0.022736551743963863,0.009482231056088287,0.08309193412563838,0.002738890737928945,-0.25329963845372666,False,971
new_snow_in_total,Total new snow in the window (in),Jemez (Pajarito),Holidays,NM,continental,46,7,0.1595533000573936,0.025457255559204677,0.025457255559204677,0.16045026485070854,0.06328268127081108,0.02974898523948558,0.02030744594072922,True,False,0.29474105178964205,0.30690697466597705,0.036100278701059474,15,16,0.08053629672709006,0.025457255559204677,-0.05507904116788538,0.09643539250288036,0.06697149206813971,-0.3228730004162515,False,971
mean_swe,Base (mean SWE in window),Uinta Mtns,Early season,UT,continental,48,21,0.15562987172866763,0.02422065697428154,0.02422065697428154,0.15475515277618837,0.07237697600182211,0.029187583965949736,0.022401419957281,True,False,0.2955408918216357,0.19728322872101792,-0.07915747458496591,16,16,0.03699448212040135,0.02422065697428154,-0.01277382514611981,2.5619123879733626e-08,0.1902085009733058,-0.00020091906150067037,False,971
big_storm_days,Powder days per 30 (>= 6 in of new snow),S Washington Cascades (Crystal/White Pass),Spring,WA,maritime,45,19,-0.15802640645715826,0.024972345137762992,-0.024972345137762992,-0.15702797817421188,0.06075179471645506,0.028348566490751057,0.019079462989559412,True,False,0.29614077184563087,-0.24954793596609404,-0.019284260443427154,15,16,0.11248063705745048,0.024972345137762992,-0.0875082919196875,0.006998716816489172,0.0009145030043290085,0.07019515324151836,False,971
big_storm_days,Powder days per 30 (>= 6 in of new snow),W Central Idaho (Brundage/Tamarack),Midwinter,ID,intermountain,46,10,-0.1551148906798754,0.0240606293106297,-0.0240606293106297,-0.15729609245714238,0.07322767597085753,0.030104353230378786,0.023036854579867337,True,False,0.2965406918616277,-0.13227526594209812,0.0994328454093092,15,16,0.014374838969635984,0.0240606293106297,0.009685790340993716,6.121218027115648e-05,0.08180192728093394,0.011337291112820365,False,971
days_with_base,Days per 30 with a skiable base,Central Cascades (Stevens/Snoqualmie),Holidays,WA,maritime,45,18,-0.15833861527210435,0.025071117086287478,-0.025071117086287478,-0.15939554305329243,0.06430000756214029,0.029541430117745297,0.02049826924739632,True,False,0.2979404119176165,-0.1880448987476,0.1691899121760266,15,16,0.044027911990153656,0.025071117086287478,-0.01895679490386618,0.038355407463581084,0.0005213403305045922,0.24268871153481358,False,971
big_storm_days,Powder days per 30 (>= 6 in of new snow),Madison & Gallatin (Big Sky),Spring,MT,continental,60,9,-0.1342659847180999,0.018027354652321033,-0.018027354652321033,-0.13081091851367785,0.0806804353678986,0.023620829053545726,0.02110776371311647,False,False,0.29834033193361326,-0.09912350378549831,0.21183567436878745,20,22,0.036652228908094386,0.018027354652321033,-0.018624874255773353,0.011956565672991276,0.00039850454586544046,0.10590920519720026,False,971
big_storm_days,Powder days per 30 (>= 6 in of new snow),Ruby Mtns & NE Nevada,Early season,NV,continental,46,6,0.15955819778281516,0.02545881847969996,0.02545881847969996,0.16038088898050218,0.07057376143785078,0.03070268535366284,0.022637365196200784,True,False,0.2997400519896021,0.09307389347360087,0.04917697558137199,15,16,0.01868843143472554,0.02545881847969996,0.006770387044974423,0.21309827246069077,0.28172021045054263,0.3386317541090311,False,971
mean_swe,Base (mean SWE in window),Selkirks (Schweitzer),Early season,ID,transitional,45,7,-0.1569227435367727,0.024624747439107742,-0.024624747439107742,-0.15505371724403164,0.0553676742557228,0.027107234583679942,0.017169927417012988,True,False,0.3007398520295941,-0.1869062741996285,0.08507528292027663,15,16,0.020031272473658435,0.024624747439107742,0.0045934749654493075,0.006397154419792458,0.00015294497347012628,-0.08464431580667345,False,971
mean_depth,Base (mean snow depth),Whitefish & Flathead Range,Early season,MT,transitional,25,10,-0.21083813045908623,0.044452717255482666,-0.044452717255482666,-0.2095445612364782,0.10583142170183853,0.055109212963220536,0.0443527976510889,False,False,0.30093981203759246,-0.360538899407391,-0.014173574740594393,9,9,0.14809747143705065,0.044452717255482666,-0.10364475418156799,0.1001714758239662,0.02692419795048676,-0.26957559643634466,False,971
days_with_base,Days per 30 with a skiable base,S San Juans (Wolf Creek),Spring,CO,continental,46,10,0.1525488956764614,0.023271165572107906,0.023271165572107906,0.15841130347202434,0.04447403279426223,0.027072080660690903,0.014090379011193274,True,False,0.30553889222155567,0.24199714979587836,0.07357855644360925,15,16,0.12167525591408168,0.023271165572107906,-0.09840409034197378,0.0652135996038595,0.010424103219450927,0.10411217012331345,False,971
days_with_base,Days per 30 with a skiable base,Tushar Mtns (Eagle Point),Holidays,UT,continental,47,7,-0.15472440364079015,0.023939641081998156,-0.023939641081998156,-0.15214024022609005,0.056629908610484586,0.026353599245284222,0.0172313757999613,True,False,0.30553889222155567,-0.1301510640196364,0.2727850608102612,16,16,0.07077979530390865,0.023939641081998156,-0.0468401542219105,0.00038788920707964877,0.04459219521149595,0.013491092491206981,False,971
mean_swe,Base (mean SWE in window),San Francisco Peaks (AZ Snowbowl),Early season,AZ,continental,46,5,0.1544716131734933,0.023861479276421352,0.023861479276421352,0.15406648147541646,0.06600937149205703,0.028093717838991235,0.020339663220369775,True,False,0.3059388122375525,0.22393609141522894,-0.1537259641260066,15,16,0.027915560995031896,0.023861479276421352,-0.004054081718610544,0.008100421975939917,0.0157511944171281,0.15027508840889045,False,971
mean_depth,Base (mean snow depth),S Washington Cascades (Crystal/White Pass),Holidays,WA,maritime,29,21,-0.1982419711219859,0.0392998791143303,-0.0392998791143303,-0.2031738967956298,0.11557796017811632,0.05463789721805547,0.04696484910615603,False,False,0.3061387722455509,-0.47373667439935047,0.08779432930972769,10,12,0.1454838710986609,0.0392998791143303,-0.1061839919843306,0.12408970115784974,0.06944194748812411,0.4948752343799947,False,971
mean_swe,Base (mean SWE in window),Wasatch (Alta/Snowbird/Park City),Midwinter,UT,intermountain,48,21,-0.14721772692428764,0.021673059120754127,-0.021673059120754127,-0.14609339622875026,0.05603908589718315,0.02448365956984249,0.0163738807605483,True,False,0.3067386522695461,-0.16604219387566635,0.17089881157813017,16,16,0.023904355381133557,0.021673059120754127,-0.0022312962603794305,0.0005089122810576104,0.0001359099269396389,-0.025697711847985305,False,971
mean_swe,Base (mean SWE in window),Central Cascades (Stevens/Snoqualmie),Holidays,WA,maritime,45,19,-0.15475031868203956,0.023947661132192804,-0.023947661132192804,-0.1552168344417526,0.06220583948947687,0.027961832160708997,0.019310786978696735,True,False,0.3083383323335333,-0.2067927775739857,0.13185646880467236,15,16,0.02850042021203525,0.023947661132192804,-0.004552759079842445,0.009124851689000815,0.00022633411853620225,0.13970040438587997,False,971
new_snow_in_total,Total new snow in the window (in),S San Juans (Wolf Creek),Early season,CO,continental,46,10,0.14827766885757906,0.021986267081837874,0.021986267081837874,0.14887231387251523,0.09054716836189089,0.030361755536113304,0.026959932937277803,False,False,0.3105378924215157,0.18673027459905273,-0.13655881538153955,15,16,0.020509346805094752,0.021986267081837874,0.001476920276743121,0.1626391657246928,0.0302094703977526,0.4567769908206097,False,971
mean_depth,Base (mean snow depth),Klamath & Siskiyou (Mt Shasta),Spring,CA+OR,maritime,28,7,-0.2007425852553645,0.040297585535007285,-0.040297585535007285,-0.20207228190320944,0.087800652128064,0.04854216162768346,0.03548415625621555,True,False,0.3119376124775045,-0.23052272070604157,0.35795595655792134,9,12,0.09955747477593135,0.040297585535007285,-0.05925988924092407,0.25149189008553724,0.1075294577930762,0.6047512084293419,False,971
mean_depth,Base (mean snow depth),Sawtooth & Smoky (Sun Valley),Midwinter,ID,intermountain,29,16,-0.1946167561333855,0.03787568176788164,-0.03787568176788164,-0.19625926427145624,0.08336443200090014,0.045467327335206004,0.03272208418180901,True,False,0.3123375324935013,-0.32629776499987645,0.12831052380326355,10,12,0.08766909595143346,0.03787568176788164,-0.04979341418355182,0.32437820855180827,0.1348656642959953,0.4354443656650986,False,971
mean_swe,Base (mean SWE in window),San Francisco Peaks (AZ Snowbowl),Holidays,AZ,continental,46,5,0.15060845011510862,0.022682905246075163,0.022682905246075163,0.15063856535673964,0.07538021454292725,0.02837415411727446,0.022710334750059603,False,False,0.3135372925414917,0.1691944066099693,-0.06676506671449745,15,16,0.03150098481983732,0.022682905246075163,-0.008818079573762155,0.02693309586790761,0.0018749777795566461,0.2092432262847931,False,971
big_storm_days,Powder days per 30 (>= 6 in of new snow),Gore & Tenmile (Vail/Summit/Copper),Midwinter,CO,continental,48,20,-0.1485191305894912,0.022057932151058342,-0.022057932151058342,-0.14824008740051653,0.06563919148546617,0.02628362697137847,0.01946071896540949,True,False,0.3135372925414917,0.03504306428696387,0.09158404549498558,16,16,0.003844275060384428,0.022057932151058342,0.018213657090673914,0.09514191492498605,0.08056799870292114,-0.3945498525399073,False,971
big_storm_days,Powder days per 30 (>= 6 in of new snow),Front Range (Winter Park/Loveland/A-Basin),Midwinter,CO,continental,48,20,-0.14791299333983657,0.021878253598750536,-0.021878253598750536,-0.14486337504351413,0.05719066330398915,0.02425616939814808,0.016569665014386243,True,False,0.31593681263747253,-0.0005098650010700173,0.046567888519491674,16,16,0.0007650874466496038,0.021878253598750536,0.02111316615210093,0.1593086882707199,0.031923291260752884,-0.352725444990951,False,971
new_snow_in_total,Total new snow in the window (in),Tetons (Jackson/Targhee),Midwinter,WY+ID,intermountain,46,10,-0.15150523089619478,0.02295383498890929,-0.02295383498890929,-0.1510184460145359,0.0651587880302507,0.027052238694216437,0.019680357825038006,True,False,0.3163367326534693,-0.1827976391811489,0.015643287511177856,15,16,0.019264095540120874,0.02295383498890929,0.003689739448788417,0.006760639312096064,0.1870742457508838,0.10437177787669047,False,971
big_storm_days,Powder days per 30 (>= 6 in of new snow),Madison & Gallatin (Big Sky),Holidays,MT,continental,60,8,-0.13165562497124658,0.017333203586569527,-0.017333203586569527,-0.13199181329412538,0.040240582424619045,0.01904114325054381,0.01062285488447436,True,False,0.3167366526694661,-0.15825350459605214,0.055394562467695835,20,22,0.038073275943922735,0.017333203586569527,-0.020740072357353208,0.05854465738081568,0.09283328505089153,-0.19403368856805162,False,971
big_storm_days,Powder days per 30 (>= 6 in of new snow),Sawtooth & Smoky (Sun Valley),Spring,ID,intermountain,46,19,0.1457782108608349,0.02125128676178604,0.02125128676178604,0.14462603653305334,0.07965879122472092,0.027262213462643754,0.02304147049969071,False,False,0.3191361727654469,0.013176848565655819,0.09676613283076752,15,16,0.008765110961556521,0.02125128676178604,0.01248617580022952,0.24906706299100484,0.22938131985957366,0.6047496192103486,False,971
big_storm_days,Powder days per 30 (>= 6 in of new snow),Front Range (Winter Park/Loveland/A-Basin),Early season,CO,continental,48,20,-0.14395564948451134,0.02072322901850749,-0.02072322901850749,-0.14238336755524034,0.061885476120775246,0.02410283551106571,0.017622924985670783,True,False,0.3215356928614277,-0.01314618920559009,0.13115482491025143,16,16,0.0212872799015823,0.02072322901850749,-0.0005640508830748112,0.1067096860693413,0.007102954982789677,-0.24961630893923284,False,971
days_with_base,Days per 30 with a skiable base,Wind River Range,Holidays,WY,continental,48,18,-0.14781723655204965,0.0218499354218846,-0.0218499354218846,-0.15702702471922234,0.03767379504080607,0.026076801324947926,0.011831607890279141,True,True,0.32273545290941813,-0.21326033922326376,-0.027611042759118257,16,16,0.05195379875035455,0.0218499354218846,-0.03010386332846995,0.00026150641156802424,0.12083951991921907,-0.0049480543659663825,False,971
big_storm_days,Powder days per 30 (>= 6 in of new snow),Wind River Range,Early season,WY,continental,48,23,-0.14350564556447712,0.02059387030887733,-0.02059387030887733,-0.1414973619467718,0.05975559676423215,0.02359223478254525,0.016910518607387803,True,False,0.3255348930213957,-0.17168387730330104,-0.05773199659293391,16,16,0.06888611189215632,0.02059387030887733,-0.048292241583278994,0.06401453427735607,0.04545891703521387,-0.20592221037495514,False,971
big_storm_days,Powder days per 30 (>= 6 in of new snow),S Washington Cascades (Crystal/White Pass),Holidays,WA,maritime,45,18,-0.151352546922497,0.022907593459926656,-0.022907593459926656,-0.15377551818082258,0.08849883415322553,0.031478953638260615,0.02721790816062187,False,False,0.3259348130373925,-0.13034733588725306,0.18995996285862787,15,16,0.036601935819323916,0.022907593459926656,-0.01369434235939726,0.12691882982459954,0.03398184968430416,0.383079309704681,False,971
mean_depth,Base (mean snow depth),Snowy Range & Sierra Madre,Holidays,WY,continental,24,21,-0.21048099771458814,0.04430225039892846,-0.04430225039892846,-0.2056640468625606,0.11481374567630699,0.055479896368109224,0.04722611914247623,False,False,0.3261347730453909,-0.14918070737274347,0.26190662825851385,9,9,0.08251675553677129,0.04430225039892846,-0.03821450513784283,0.00015974527912014235,0.02763427450406423,-0.014040914684557216,False,971
new_snow_in_total,Total new snow in the window (in),Tetons (Jackson/Targhee),Spring,WY+ID,intermountain,46,10,-0.1495648841248065,0.022369654563266797,-0.022369654563266797,-0.14814196978426672,0.06796425444315288,0.02656518309357622,0.020136717056255537,True,False,0.3265346930613877,-0.1923429559214109,0.2500415491297264,15,16,0.044134178748529096,0.022369654563266797,-0.0217645241852623,0.1150233763863436,0.040993217966812524,0.38540068115056025,False,971
days_with_base,Days per 30 with a skiable base,Selkirks (Schweitzer),Early season,ID,transitional,45,6,-0.15378082322543632,0.023648541591892894,-0.023648541591892894,-0.1534754662561799,0.05982847634711264,0.02713416532456883,0.018364406605539885,True,False,0.32693461307738453,-0.14821161706384084,0.0353578574884119,15,16,0.018483176938134838,0.023648541591892894,0.005165364653758057,0.01358307901993506,0.007060859628902078,-0.1331144131596956,False,971
days_with_base,Days per 30 with a skiable base,Central Cascades (Stevens/Snoqualmie),Midwinter,WA,maritime,45,18,-0.14737446990972883,0.02171923438117357,-0.02171923438117357,-0.14783824036799717,0.05398836357770457,0.024770888716904128,0.015963089343351024,True,False,0.33033393321335736,-0.2197229561160531,0.21984398612015119,15,16,0.07519290722832483,0.02171923438117357,-0.053473672847151266,0.16377021699658598,0.07377936369913171,0.5965407934895643,False,971
new_snow_in_total,Total new snow in the window (in),S San Juans (Wolf Creek),Spring,CO,continental,46,10,0.14612823158726448,0.021353460066821203,0.021353460066821203,0.14506985577500497,0.08097783163182756,0.027602672270373357,0.02349488471160372,False,False,0.3307338532293541,0.13026241572491734,0.04949486866006805,15,16,0.020858727368128438,0.021353460066821203,0.0004947326986927646,0.03556703454719011,0.08248323162911653,0.2946987357025437,False,971
big_storm_days,Powder days per 30 (>= 6 in of new snow),Markagunt (Brian Head),Midwinter,UT,continental,46,8,0.14734804420436912,0.021711446130852716,0.021711446130852716,0.15100314841859172,0.058277352394805734,0.02619820063447561,0.017600127386230843,True,False,0.33093381323735255,0.14327849497720624,-0.14578013625798802,15,16,0.017562663832397796,0.021711446130852716,0.004148782298454921,0.0008720475981045901,0.014986810092004567,0.039953523751667774,False,971
big_storm_days,Powder days per 30 (>= 6 in of new snow),S Sierra (Mammoth/June),Midwinter,CA,maritime,48,5,0.1436578003298362,0.020637563595607082,0.020637563595607082,0.14155410517897882,0.08298357787641966,0.026923838890193206,0.023493332221693378,False,False,0.3317336532693461,0.13194625676158403,-0.07941359429356626,16,16,0.009268333080391544,0.020637563595607082,0.011369230515215538,0.12813508791444603,0.034207124402864005,0.6082058285463738,False,971
days_with_base,Days per 30 with a skiable base,Park Range (Steamboat),Midwinter,CO,continental,47,15,-0.1416550567356117,0.020066155098769373,-0.020066155098769373,-0.1453895722672617,0.05997385224384352,0.02473499067702369,0.017439145449904728,True,False,0.33193361327734455,-0.09528660896385918,0.19719552231480253,16,16,0.03291321099859745,0.020066155098769373,-0.01284705589982808,0.014451670376818172,0.006728425642792749,-0.09910625524423934,False,971
days_with_base,Days per 30 with a skiable base,Central Cascades (Stevens/Snoqualmie),Early season,WA,maritime,45,17,-0.14669590748352404,0.021519689272414644,-0.021519689272414644,-0.14779782795244104,0.06947451218377626,0.026670905790633036,0.020536363997635063,True,False,0.3327334533093381,-0.08323306136199317,0.07410196003522204,15,16,0.008918211438000201,0.021519689272414644,0.012601477834414444,0.0773252721857844,0.04124526977218178,-0.37949623214103595,False,971
days_with_base,Days per 30 with a skiable base,Bridger Range (Bridger Bowl),Midwinter,MT,continental,50,6,-0.14123292257968634,0.019946738420399675,-0.019946738420399675,-0.14056570695934736,0.05730656919641422,0.023042760846044525,0.016110676825017448,True,False,0.3327334533093381,-0.1704087789486437,-0.001559274858361298,18,16,0.011878553360390676,0.019946738420399675,0.008068185060009,0.002093194493679498,0.00037010762583418417,-0.04280380081658772,False,971
mean_swe,Base (mean SWE in window),Beartooth & Absaroka (Red Lodge),Early season,MT+WY,continental,53,11,-0.1314909341588724,0.017289865765972915,-0.017289865765972915,-0.13092050328273003,0.06375538347308787,0.02120492710160381,0.016693773782560227,True,False,0.33513297340531895,-0.12666676608527214,0.2299482260724868,18,19,0.04602704409610825,0.017289865765972915,-0.028737178330135334,0.03172982832216896,0.00027055445246472953,0.24009953079799756,False,971
big_storm_days,Powder days per 30 (>= 6 in of new snow),Wind River Range,Holidays,WY,continental,48,23,-0.14329735393591816,0.0205341316450358,-0.0205341316450358,-0.14365799264770418,0.05654998290433861,0.023835519418048817,0.016247714056598545,True,False,0.33613277344531095,-0.05804307452670773,0.04534217253550901,16,16,0.010759184288545276,0.0205341316450358,0.009774947356490524,0.04533651803773648,0.008306539150275226,-0.18424944242908997,False,971
mean_depth,Base (mean snow depth),San Juans (Telluride/Purgatory),Early season,CO,continental,26,20,0.19485925278752186,0.03797012839691135,0.03797012839691135,0.19557604357794203,0.08165419904171822,0.04491739704274562,0.031939210380210074,True,False,0.33933213357328534,0.22965097784622449,-0.22241176865543535,9,10,0.06224686720449968,0.03797012839691135,-0.02427673880758833,0.0015208621519686026,6.02998921390942e-05,0.03220196256571136,False,971
mean_swe,Base (mean SWE in window),S Washington Cascades (Crystal/White Pass),Holidays,WA,maritime,45,19,-0.14237576232354104,0.02027085769720945,-0.02027085769720945,-0.14252310777265165,0.05735781923487302,0.023602755676555245,0.016349629304832157,True,False,0.3395320935812837,-0.19245806074367602,0.1086810420234968,15,16,0.026897747749080825,0.02027085769720945,-0.006626890051871375,0.028540934798681552,0.019262982341931755,0.2295017893090932,False,971
storm_days,Storm days per 30 (>= 2 in of new snow),North Cascades (Mt Baker),Early season,WA,maritime,31,8,-0.17720221300984862,0.031400624295587765,-0.031400624295587765,-0.17779377995456824,0.0989327784070626,0.04139832283387439,0.0351792652687987,False,False,0.3395320935812837,-0.4008290692435154,0.04503674013088833,10,13,0.10636146861335338,0.031400624295587765,-0.07496084431776562,0.026248077657982514,0.010575369506073925,0.2761985729887192,False,971
new_snow_in_total,Total new snow in the window (in),Front Range (Winter Park/Loveland/A-Basin),Midwinter,CO,continental,48,20,-0.13779446590077238,0.01898731483287912,-0.01898731483287912,-0.1359879337224864,0.06419599200777569,0.022613843507973755,0.017459760612805336,True,False,0.34013197360527897,0.027543715782147128,0.03814730681409123,16,16,0.0005283693138103951,0.01898731483287912,0.018458945519068726,0.12248901108297945,0.23402026260637881,-0.39532109103981855,False,971
mean_swe,Base (mean SWE in window),Missoula ranges (Montana Snowbowl),Early season,MT,transitional,46,7,-0.1434177277819962,0.020568644642150767,-0.020568644642150767,-0.14336990960901727,0.06449026298757314,0.024713925001504128,0.018491926350380227,True,False,0.34013197360527897,-0.1609774947999368,0.0924072792240406,15,16,0.01754092690523279,0.020568644642150767,0.0030277177369179772,0.05026211397351214,0.03486363349200642,-0.2344874868264606,False,971
big_storm_days,Powder days per 30 (>= 6 in of new snow),Park Range (Steamboat),Early season,CO,continental,47,15,-0.1385946286316371,0.0192084710855414,-0.0192084710855414,-0.1362007832655353,0.06252911401733026,0.022460543461937613,0.01703302861212069,True,False,0.34353129374125174,-0.1294006629816242,0.14096436622154518,16,16,0.02239492230213691,0.0192084710855414,-0.0031864512165955088,0.052439696758283555,0.10133710513942681,-0.1697404738850595,False,971
big_storm_days,Powder days per 30 (>= 6 in of new snow),Jemez (Pajarito),Early season,NM,continental,46,6,0.14264918760385462,0.02034879072403971,0.02034879072403971,0.14130029348380896,0.08360449143087482,0.026955483926025765,0.023626678351494408,False,False,0.34453109378124375,0.14614050453686891,-0.08994328613290103,15,16,0.022087119755544005,0.02034879072403971,-0.001738329031504296,0.046365707124036516,0.1623012830247311,0.2571185902975605,False,971
storm_days,Storm days per 30 (>= 2 in of new snow),Klamath & Siskiyou (Mt Shasta),Spring,CA+OR,maritime,46,6,-0.14272684150631645,0.020370951286369177,-0.020370951286369177,-0.14236395229782078,0.06735619909540734,0.024804352470436344,0.01917818942996218,True,False,0.3463307338532294,-0.14961110106260087,0.39054466725921927,15,16,0.11840173495272688,0.020370951286369177,-0.0980307836663577,0.09472210382777058,0.012175750785813925,0.3665895930131731,False,971
days_with_base,Days per 30 with a skiable base,Ruby Mtns & NE Nevada,Holidays,NV,continental,46,6,-0.14302668878043068,0.020456633703494174,-0.020456633703494174,-0.14205220745249927,0.06558156004618193,0.024479770660218857,0.018632010745477545,True,False,0.34773045390921814,-0.19339647166574075,0.2906201547324052,15,16,0.06239745808039876,0.020456633703494174,-0.041940824376904585,0.302384635816883,0.045733985708042116,0.3314908025673863,False,971
storm_days,Storm days per 30 (>= 2 in of new snow),Coeur d'Alenes (Silver/Lookout),Early season,ID+MT,transitional,45,7,-0.1418332708378501,0.02011667671656294,-0.02011667671656294,-0.1417899644547805,0.07870488028628897,0.026298852200967,0.022319124356421336,False,False,0.34773045390921814,-0.21126651517902348,0.03982923176920161,15,16,0.0351165787336577,0.02011667671656294,-0.014999902017094759,0.0011313556381083835,0.007624762900754992,0.04780923552704578,False,971
new_snow_in_total,Total new snow in the window (in),Chugach (Alyeska),Early season,AK,maritime,43,7,0.14485372480979844,0.020982601591272815,0.020982601591272815,0.14178371631233333,0.08927466693318573,0.028072588367367462,0.0253153881006657,False,False,0.34973005398920215,0.26544685600932577,0.1700099207091449,15,15,0.14136660779360888,0.020982601591272815,-0.12038400620233607,0.14448773917703464,0.0922321409682041,0.5040931118139662,False,971
storm_days,Storm days per 30 (>= 2 in of new snow),Front Range (Winter Park/Loveland/A-Basin),Midwinter,CO,continental,48,20,-0.13622036672600862,0.018555988310968278,-0.018555988310968278,-0.13567105325884182,0.06222137487148685,0.02227813418326159,0.01688327892805571,True,False,0.34973005398920215,0.03566808462829738,0.03894933866837562,16,16,0.0005965865047992125,0.018555988310968278,0.017959401806169065,0.1033357474832628,0.3113708795745217,-0.3578677910242207,False,971
mean_depth,Base (mean snow depth),Ruby Mtns & NE Nevada,Holidays,NV,continental,26,6,0.1889486871347215,0.035701606369934864,0.035701606369934864,0.1814385956351799,0.13608700079614497,0.05143963577175628,0.0493828686173123,False,False,0.3505298940211958,0.10600687159964783,-0.02139456159980384,9,10,0.0039422892524125785,0.035701606369934864,0.031759317117522286,0.3741578852186048,0.0019350630988717657,0.7331024598417311,False,971
big_storm_days,Powder days per 30 (>= 6 in of new snow),Central Cascades (Stevens/Snoqualmie),Holidays,WA,maritime,45,18,-0.14197577528491395,0.020157120767752383,-0.020157120767752383,-0.1430799479384283,0.08565691653941443,0.02780897885310356,0.024511574318051427,False,False,0.3557288542291542,-0.11844651255357869,0.16708385085585886,15,16,0.03964467254687831,0.020157120767752383,-0.01948755177912593,0.03467590991833298,0.009498017750837438,0.19950290973599902,False,971
storm_days,Storm days per 30 (>= 2 in of new snow),Bridger Range (Bridger Bowl),Early season,MT,continental,50,6,-0.1334871734283246,0.01781882546988361,-0.01781882546988361,-0.1340847836476037,0.06515581104233134,0.02222400891840868,0.017472805653990293,True,False,0.356128774245151,-0.1813179983958905,0.12115239487112128,18,16,0.03137079949701649,0.01781882546988361,-0.013551974027132877,1.8227236954704454e-05,0.1419079139360507,-0.004775365883866706,False,971
days_with_base,Days per 30 with a skiable base,W Central Idaho (Brundage/Tamarack),Midwinter,ID,intermountain,46,10,-0.14000827250400635,0.019602316369556103,-0.019602316369556103,-0.14189728735857038,0.08002373071451255,0.026538637637189513,0.022710300625404082,False,False,0.3567286542691462,-0.04192437313678242,0.12190859162549947,15,16,0.016765457463063238,0.019602316369556103,0.0028368589064928645,0.009419468659127527,0.22399374015792314,0.10065338930825254,False,971
new_snow_in_total,Total new snow in the window (in),Markagunt (Brian Head),Holidays,UT,continental,46,8,-0.13772297509704332,0.018967617869580813,-0.018967617869580813,-0.1336216778142017,0.07210856349487271,0.023054397711176414,0.019270534477913576,False,False,0.35792841431713657,-0.04594994186521496,0.26066206452463475,15,16,0.042221081562078266,0.018967617869580813,-0.023253463692497454,0.0690203908337801,0.039182125304191934,-0.21948034027642746,False,971
days_with_base,Days per 30 with a skiable base,S Washington Cascades (Crystal/White Pass),Holidays,WA,maritime,45,17,-0.13706978569901546,0.018788126151574023,-0.018788126151574023,-0.1394793404667144,0.061387125206472694,0.02322286555814479,0.01712447147389286,True,False,0.35912817436512695,-0.1611284587524594,0.17322620712579906,15,16,0.037074753089506585,0.018788126151574023,-0.018286626937932562,0.09620880787249836,0.0010276567487975724,0.35066037892754404,False,971
days_with_base,Days per 30 with a skiable base,San Juans (Telluride/Purgatory),Holidays,CO,continental,46,17,-0.1409745630055149,0.01987382741459589,-0.01987382741459589,-0.14122639300214046,0.04917226480637455,0.02236280570658325,0.013888843188700746,True,False,0.3599280143971206,-0.09766266913250823,0.14353958756403645,15,16,0.018074010501657245,0.01987382741459589,0.001799816912938644,0.00017439206397567943,0.01698251782108881,-0.007291839499001459,False,971
mean_swe,Base (mean SWE in window),Chugach (Alyeska),Holidays,AK,maritime,43,7,0.1404603336365243,0.01972910532528372,0.01972910532528372,0.1383515848382077,0.08312237842491732,0.02605049082225894,0.02300022558121711,False,False,0.36112777444511096,0.2376282411744383,0.15721866526199235,15,15,0.09104905423001552,0.01972910532528372,-0.07131994890473181,0.1288054959062612,0.03208231236658267,0.5001212568867597,False,971
big_storm_days,Powder days per 30 (>= 6 in of new snow),S Sierra (Mammoth/June),Holidays,CA,maritime,48,5,-0.13705194745421992,0.01878323630099426,-0.01878323630099426,-0.13511210557337414,0.06866743699765042,0.022970497976296887,0.01855560399415912,False,False,0.36272745450909816,-0.1841168677551863,0.10172583138503741,16,16,0.01947515904158237,0.01878323630099426,-0.0006919227405881093,0.0003184302959758288,0.004744087064801353,-0.018061077534394995,False,971
mean_depth,Base (mean snow depth),Bridger Range (Bridger Bowl),Midwinter,MT,continental,24,6,-0.1982887679989297,0.039318435514533366,-0.039318435514533366,-0.1944862609381178,0.09775797674805754,0.047381527711563405,0.038025166749210346,False,False,0.3635272945410918,-0.14954352019461956,0.18077946319294544,9,9,0.03152830620047109,0.039318435514533366,0.007790129314062276,0.044711704324126224,0.0076058978153831875,-0.2857280568089322,False,971
new_snow_in_total,Total new snow in the window (in),W Central Idaho (Brundage/Tamarack),Holidays,ID,intermountain,46,10,-0.1398792614342098,0.019566207779380018,-0.019566207779380018,-0.14008642231135218,0.0679376978977978,0.02423973651164695,0.01903429807714393,True,False,0.3645270945810838,-0.16999608307605774,0.08091070375672019,15,16,0.016027358442394335,0.019566207779380018,0.0035388493369856826,0.025824766422387447,0.10738872033473647,0.20512954801739333,False,971
mean_depth,Base (mean snow depth),North Cascades (Mt Baker),Holidays,WA,maritime,25,7,-0.18891414563302023,0.035688554420253975,-0.035688554420253975,-0.19103191739840955,0.10603149612888564,0.047735871636242655,0.04051080002024613,False,False,0.3655268946210758,-0.45321873895684894,0.10479927808757886,9,9,0.1434801387901078,0.035688554420253975,-0.10779158436985381,0.07740071231684904,0.04416864207062844,0.45303888949940896,False,971
new_snow_in_total,Total new snow in the window (in),Central Cascades (Stevens/Snoqualmie),Holidays,WA,maritime,45,19,-0.13890179139506903,0.019293707652759274,-0.019293707652759274,-0.13762289600528196,0.0809732655843094,0.02549673124426776,0.022287550617434978,False,False,0.367126574685063,-0.1780939081103532,0.19688244123205892,15,16,0.03753315476465968,0.019293707652759274,-0.018239447111900408,0.15386161871931198,0.03381992504880489,0.46287486155213003,False,971
mean_depth,Base (mean snow depth),Ruby Mtns & NE Nevada,Early season,NV,continental,26,6,0.1825463502305555,0.033323169982496625,0.033323169982496625,0.18515232083800687,0.11159237660990497,0.046734240429147096,0.04132317503430564,False,False,0.36732653469306137,0.14003070277196833,-0.009199202030982966,9,10,0.01460163243390633,0.033323169982496625,0.018721537548590295,0.0932331976254614,0.0802580568574701,0.34013962358285904,False,971
big_storm_days,Powder days per 30 (>= 6 in of new snow),W Central Idaho (Brundage/Tamarack),Early season,ID,intermountain,46,10,-0.13334652615607273,0.017781296037892188,-0.017781296037892188,-0.13510500025959335,0.08118807594320449,0.024844864770504255,0.021937830042765054,False,False,0.3675264947010598,-0.1453139607576865,0.10267679393894175,15,16,0.024113586939180198,0.017781296037892188,-0.00633229090128801,0.10906175240267715,0.028553115898725473,0.33178623726371104,False,971
big_storm_days,Powder days per 30 (>= 6 in of new snow),Snowy Range & Sierra Madre,Early season,WY,continental,48,15,-0.13381809310837625,0.017907282043162057,-0.017907282043162057,-0.13148554421641967,0.06107616763882706,0.02101874659133416,0.01606126628128891,True,False,0.3679264147170566,-0.10611433411858227,0.07140449036671238,16,16,0.012272858627135674,0.017907282043162057,0.005634423416026383,0.016272168371091515,0.032224729842191664,-0.10539897549540399,False,971
mean_depth,Base (mean snow depth),Central Cascades (Stevens/Snoqualmie),Early season,WA,maritime,28,21,-0.17740377233037136,0.031472098437046236,-0.031472098437046236,-0.17734622709111197,0.08673230613176114,0.03897417719038579,0.03076329451875831,True,False,0.373125374925015,-0.4160145247837265,0.19667389385151987,9,12,0.09475831734924567,0.031472098437046236,-0.06328621891219943,0.010878281310066169,0.13141910343088073,0.16718609980444962,False,971
big_storm_days,Powder days per 30 (>= 6 in of new snow),Jemez (Pajarito),Spring,NM,continental,46,6,0.13404414689505523,0.017967833316823143,0.017967833316823143,0.13303067042715594,0.07221277510826483,0.022911844163135416,0.01921302777211582,False,False,0.3759248150369926,0.044126612924044115,-0.03129149267628187,15,16,0.0026974891359918818,0.017967833316823143,0.015270344180831261,0.08142485824512298,0.01533190161584781,0.24880419676074028,False,971
days_with_base,Days per 30 with a skiable base,North Cascades (Mt Baker),Midwinter,WA,maritime,31,6,-0.16733758810032673,0.02800186839123461,-0.02800186839123461,-0.1662131319186373,0.06963141731820534,0.03247533949994439,0.023147311904785098,True,False,0.3765246950609878,-0.3727452015489835,0.1766865469954556,10,13,0.09302387594309691,0.02800186839123461,-0.0650220075518623,0.13757784982497417,0.0406685154937885,0.6383363908754318,False,971
big_storm_days,Powder days per 30 (>= 6 in of new snow),Klamath & Siskiyou (Mt Shasta),Early season,CA+OR,maritime,46,6,-0.13335846020375325,0.01778447890791604,-0.01778447890791604,-0.13341165065674632,0.07010379037886819,0.02271320995644201,0.018705324783478673,False,False,0.379124175164967,-0.054894198146200814,0.2078904634981291,15,16,0.035704684843709145,0.01778447890791604,-0.017920205935793104,0.028989729456301225,0.04512384370044197,-0.20963088646118436,False,971
mean_swe,Base (mean SWE in window),Snowy Range & Sierra Madre,Spring,WY,continental,48,15,-0.13079721763146018,0.01710791214013156,-0.01710791214013156,-0.1308435205070702,0.05735022915307057,0.02040907564259381,0.015007811768549931,True,False,0.3799240151969606,-0.09409736502844335,0.212001423095499,16,16,0.024907176439855183,0.01710791214013156,-0.007799264299723625,0.008023469463231236,0.0009399133859590918,0.09452369133113499,False,971
mean_swe,Base (mean SWE in window),Front Range (Winter Park/Loveland/A-Basin),Early season,CO,continental,48,20,0.12920173830649626,0.016693089181420342,0.016693089181420342,0.12796458320415927,0.0649401416219985,0.02059215654849942,0.016620076311756226,False,False,0.38132373525294944,0.2914916010625623,0.08204751797005441,16,16,0.1197470635294936,0.016693089181420342,-0.10305397434807326,4.378182402821895e-06,0.11155737393704868,0.0022678692596160995,False,971
mean_swe,Base (mean SWE in window),Klamath & Siskiyou (Mt Shasta),Spring,CA+OR,maritime,46,6,-0.13319975288839403,0.017742174169529234,-0.017742174169529234,-0.13350063495560632,0.08166089308110613,0.024490920992353907,0.021803562154739095,False,False,0.3817236552689462,-0.13142504731149854,0.38955935879025,15,16,0.097703864878253,0.017742174169529234,-0.07996169070872376,0.29507650477288905,0.1932469448345368,0.7712381851870749,False,971
mean_depth,Base (mean snow depth),Bitterroots (Lost Trail),Early season,MT+ID,transitional,25,11,-0.18270965590406374,0.03338281836058137,-0.03338281836058137,-0.18446801803285662,0.09048188042395942,0.04221542036202601,0.03338202629938745,True,False,0.38192361527694463,-0.2781444957180358,0.30337563528889533,9,9,0.0963283062176824,0.03338281836058137,-0.06294548785710102,0.07113420349654352,0.016893524118633815,0.25546080093651397,False,971
storm_days,Storm days per 30 (>= 2 in of new snow),W Central Idaho (Brundage/Tamarack),Early season,ID,intermountain,46,10,-0.13021843573837327,0.01695684100614885,-0.01695684100614885,-0.1306653369774027,0.08045662727014471,0.0235466991591052,0.021025784628637495,False,False,0.38192361527694463,-0.1136612115532754,0.26140479373489406,15,16,0.044467236352400685,0.01695684100614885,-0.027510395346251836,0.1365496667674246,0.015096215724639536,0.4449750798928165,False,971
new_snow_in_total,Total new snow in the window (in),S Sierra (Mammoth/June),Midwinter,CA,maritime,48,5,0.12622871191949145,0.015933687712853962,0.015933687712853962,0.1267589172983834,0.07064927604173707,0.021059143319879965,0.01791085147793042,False,False,0.3825234953009398,0.1265219689610515,-0.0944464528965702,16,16,0.008838336433460214,0.015933687712853962,0.0070953512793937475,0.0807452342761501,0.008613041571826614,0.4564100692997763,False,971
storm_days,Storm days per 30 (>= 2 in of new snow),San Francisco Peaks (AZ Snowbowl),Holidays,AZ,continental,46,5,0.13342437401446408,0.0178020635811516,0.0178020635811516,0.13602250509982555,0.07343815547265681,0.02389528457285818,0.019978483754602486,False,False,0.38292341531693663,0.21509951647728456,-0.03528947983288683,15,16,0.044277659782372414,0.0178020635811516,-0.026475596201220815,0.01709655876938621,0.0027785839989760523,-0.1094762565069735,False,971
mean_depth,Base (mean snow depth),Blue Mtns (Anthony Lakes),Midwinter,OR,transitional,28,18,-0.17315330679411145,0.02998206765373568,-0.02998206765373568,-0.1735997968985389,0.09100053909720603,0.03841798759919608,0.03159535020986503,False,False,0.3835232953409318,-0.2554012414522246,0.13516842351850292,9,12,0.0457035621703481,0.02998206765373568,-0.01572149451661242,0.14776056805925666,0.3266936050032957,0.4726027004679481,False,971
mean_swe,Base (mean SWE in window),Bighorn Mtns (Meadowlark),Early season,WY,continental,48,13,0.1301489257333394,0.016938742869542292,0.016938742869542292,0.13223976440559612,0.0900035761186959,0.025587999004201452,0.023804103403194967,False,False,0.38452309538092383,0.15520499978891478,-0.09845931199287275,16,16,0.02513451053971727,0.016938742869542292,-0.008195767670174978,0.03204474381563685,0.2566655289384966,-0.23215173911750134,False,971
mean_swe,Base (mean SWE in window),Sawtooth & Smoky (Sun Valley),Spring,ID,intermountain,46,19,-0.13272233102805217,0.01761521715351986,-0.01761521715351986,-0.13502162332262901,0.0731042124695793,0.023575064645475305,0.019741298878729947,False,False,0.38452309538092383,-0.2482874084739775,0.13450593650449366,15,16,0.03580417440245354,0.01761521715351986,-0.018188957248933678,0.1692613859431688,0.023866685865766676,0.6069095111301822,False,971
big_storm_days,Powder days per 30 (>= 6 in of new snow),N Sierra / Tahoe (Palisades/Heavenly/Rose),Holidays,CA+NV,maritime,48,21,-0.12771662729949207,0.016311536888757364,-0.016311536888757364,-0.12599318496632103,0.06645953140739162,0.020291151972847657,0.01674689606677303,False,False,0.38752249550089984,-0.17582888214827236,0.023078368280403383,16,16,0.023519269343269755,0.016311536888757364,-0.007207732454512391,0.0006667197451262623,0.017185743084578223,-0.024949580591866256,False,971
days_with_base,Days per 30 with a skiable base,Bridger Range (Bridger Bowl),Holidays,MT,continental,46,5,-0.13071274702294503,0.017085822234284422,-0.017085822234284422,-0.1314969222280891,0.057041306175414766,0.02054515116565752,0.015001512403874267,True,False,0.3903219356128774,-0.14543801137009826,0.02702861788767824,15,16,0.013866473231683774,0.017085822234284422,0.0032193490026006487,0.048818323387213786,0.14925294312411103,-0.19776640753381652,False,971
days_with_base,Days per 30 with a skiable base,Blue Mtns (Anthony Lakes),Holidays,OR,transitional,48,16,-0.12244279702449087,0.01499223854318067,-0.01499223854318067,-0.12267226363667554,0.0650123184444187,0.01927508581526453,0.015950416535690466,False,False,0.39212157568486306,-0.17843016674110457,0.07877449328387227,16,16,0.02755191763770004,0.01499223854318067,-0.01255967909451937,0.18645424491070312,0.011861649264365785,0.33827873301313527,False,971
new_snow_in_total,Total new snow in the window (in),Madison & Gallatin (Big Sky),Spring,MT,continental,60,9,-0.11340707758274879,0.012861165245859603,-0.012861165245859603,-0.11237114744026853,0.06978090244371053,0.017496649122901217,0.015682720154034383,False,False,0.3925214957008598,-0.1424987721355211,0.25994522780155105,20,22,0.04042914338210857,0.012861165245859603,-0.027567978136248963,0.03845066803950001,0.0005328978100951594,0.2747963455596982,False,971
big_storm_days,Powder days per 30 (>= 6 in of new snow),Klamath & Siskiyou (Mt Shasta),Midwinter,CA+OR,maritime,46,5,-0.12924878484740873,0.016705248384531753,-0.016705248384531753,-0.12598464308819485,0.06824708503921843,0.020529794910410154,0.017196169300951233,False,False,0.39272145570885825,-0.10783830518991086,0.1070135387749295,15,16,0.013829994212890995,0.016705248384531753,0.002875254171640758,0.08071502757820717,0.1263168654309086,0.25988650106493516,False,971
new_snow_in_total,Total new snow in the window (in),Snowy Range & Sierra Madre,Spring,WY,continental,48,15,0.12528473243747543,0.015696264181929806,0.015696264181929806,0.12407108401297892,0.08791407419974394,0.023122518330553756,0.021815188971919384,False,False,0.39272145570885825,0.13837228354994419,0.10603698512844872,16,16,0.04019715468038931,0.015696264181929806,-0.024500890498459507,0.12361885123226107,0.00047537287172006386,0.5142973513987784,False,971
mean_depth,Base (mean snow depth),Central Oregon (Mt Bachelor),Holidays,OR,transitional,22,10,-0.19053285413469032,0.036302768504711175,-0.036302768504711175,-0.19589520576905867,0.11223738866369866,0.05097216305734799,0.04397353269451412,False,False,0.3935212957408518,-0.3912845335365639,0.20839735239672283,7,9,0.10904597976868158,0.036302768504711175,-0.0727432112639704,0.3444192364657739,0.12014590900380288,0.6490883887779049,False,971
new_snow_in_total,Total new snow in the window (in),S Sangre de Cristo (Santa Fe),Holidays,NM,continental,46,6,0.12862017708747284,0.016543149954012872,0.016543149954012872,0.12922972186599155,0.06409543291619048,0.020808545534275406,0.01656606993727923,True,False,0.39372125574885025,0.2390169987662115,0.06458164992049864,15,16,0.05639972018391748,0.016543149954012872,-0.0398565702299046,0.06253797786917994,0.0928793779927483,-0.3010364616377239,False,971
mean_swe,Base (mean SWE in window),Wasatch (Alta/Snowbird/Park City),Holidays,UT,intermountain,48,21,-0.12834702994373454,0.01647296009537789,-0.01647296009537789,-0.1260046276187476,0.06565564453103089,0.020187829840124332,0.016545830080402817,False,False,0.39752049590081984,-0.1901318177729514,0.15419314146137197,16,16,0.025522732249858793,0.01647296009537789,-0.009049772154480901,0.0004450983116937835,0.02674264408751145,0.022166685280400195,False,971
mean_depth,Base (mean snow depth),Central Oregon (Mt Bachelor),Early season,OR,transitional,23,10,-0.184157103159502,0.03391383864409946,-0.03391383864409946,-0.18388829350077085,0.10815417517554424,0.045512230094527956,0.03977657341602853,False,False,0.39752049590081984,-0.2763732422342554,0.2628384913505197,8,9,0.060459563536697014,0.03391383864409946,-0.02654572489259755,0.00014051758955225648,0.06408886343011885,-0.014036429735807768,False,971
storm_days,Storm days per 30 (>= 2 in of new snow),San Juans (Telluride/Purgatory),Holidays,CO,continental,46,18,-0.1296040065804108,0.016797198521695166,-0.016797198521695166,-0.1286643593791066,0.06530879835042791,0.020819756516412755,0.016805829403154122,False,False,0.39792041591681665,-0.13150790359046569,0.242288972996338,15,16,0.03418235781707846,0.016797198521695166,-0.01738515929538329,0.09483786917669006,0.00708691852078552,-0.24008869501247565,False,971
mean_depth,Base (mean snow depth),Elk Mtns (Aspen/Crested Butte),Early season,CO,continental,23,14,0.18724063835821264,0.03505905665279097,0.03505905665279097,0.18924942380366466,0.07034970340433445,0.040764425179096904,0.026627281668058004,True,False,0.4023195360927814,0.3320415640462637,-0.07447193040636949,8,9,0.08829687368214945,0.03505905665279097,-0.053237817029358474,0.0578733292986655,0.0024900209960111524,-0.1622720369724544,False,971
storm_days,Storm days per 30 (>= 2 in of new snow),Tetons (Jackson/Targhee),Midwinter,WY+ID,intermountain,46,10,-0.12564707270527256,0.015787186879404048,-0.015787186879404048,-0.12585299096700747,0.07036187125492581,0.02078976826183642,0.01771050389493584,False,False,0.4023195360927814,-0.09842916753747169,0.03258355478689835,15,16,0.004860976358896374,0.015787186879404048,0.010926210520507674,0.008122041408425859,0.2218411042260128,0.1120458936973592,False,971
mean_swe,Base (mean SWE in window),Gore & Tenmile (Vail/Summit/Copper),Early season,CO,continental,48,20,0.12496858963284845,0.015617148394823276,0.015617148394823276,0.1254577410320228,0.06190169513580224,0.0195714646455439,0.015532093675581407,True,False,0.4029194161167766,0.2732657368177253,0.05436883172103432,16,16,0.10023404792885038,0.015617148394823276,-0.0846168995340271,4.382151909380421e-06,0.11070439331598259,-0.002284143484737473,False,971
storm_days,Storm days per 30 (>= 2 in of new snow),Ruby Mtns & NE Nevada,Midwinter,NV,continental,46,6,0.1265080504689959,0.016004286833466014,0.016004286833466014,0.12214606587869448,0.08560685974369163,0.022248195844818464,0.02091308225984223,False,False,0.40451909618076387,0.019782882174237435,-0.02308625547081586,15,16,0.0006679377647000884,0.016004286833466014,0.015336349068765926,0.24461218862965392,0.014661639326530359,0.7935991649987437,False,971
big_storm_days,Powder days per 30 (>= 6 in of new snow),Bitterroots (Lost Trail),Spring,MT+ID,transitional,59,12,-0.10965278439768317,0.012023733126164789,-0.012023733126164789,-0.10880095865498056,0.06488186109805491,0.01604730450379008,0.014118417373575328,False,False,0.40471905618876225,-0.09284602270367297,0.024886210778933212,20,22,0.02661329465006501,0.012023733126164789,-0.014589561523900223,0.03299740624319945,0.005532227490966735,-0.15656032962273095,False,971
big_storm_days,Powder days per 30 (>= 6 in of new snow),Beartooth & Absaroka (Red Lodge),Spring,MT+WY,continental,53,11,-0.11649748666590864,0.013571664399473563,-0.013571664399473563,-0.11158016394547356,0.08405100905340014,0.01951470510899351,0.01875685073992174,False,False,0.40771845630873826,-0.09524895387086181,0.009762954974110338,18,19,0.023793948813725874,0.013571664399473563,-0.010222284414252311,0.027038937705021786,0.09238114147511484,0.11253962074840124,False,971
big_storm_days,Powder days per 30 (>= 6 in of new snow),Gore & Tenmile (Vail/Summit/Copper),Holidays,CO,continental,48,20,-0.12469046564307903,0.015547712222287874,-0.015547712222287874,-0.12467281107508212,0.048535377935845204,0.01789899273273845,0.012102084007706676,True,False,0.4091181763647271,-0.15293416264511073,0.1144043874085919,16,16,0.021141148126190168,0.015547712222287874,-0.005593435903902294,0.17868771557773044,0.17606288430249678,-0.3468125229824599,False,971
mean_swe,Base (mean SWE in window),Elk Mtns (Aspen/Crested Butte),Spring,CO,continental,46,11,-0.1272342172068282,0.016188546028234337,-0.016188546028234337,-0.12709223499945674,0.062146701926110326,0.020014648757449943,0.015796726491268807,True,False,0.41291741651669667,-0.05396840283926037,0.2090509700479427,15,16,0.03258183208885013,0.016188546028234337,-0.01639328606061579,0.006416923427373631,0.016316519586487874,-0.08169667886804727,False,971
mean_depth,Base (mean snow depth),Chugach (Alyeska),Spring,AK,maritime,21,7,-0.1893881984070693,0.03586788969587545,-0.03586788969587545,-0.1896155040339948,0.10679125779032385,0.0473584121105053,0.04049855634467306,False,False,0.4143171365726855,-0.25775309087399034,0.4698450865865987,8,8,0.22255275597126511,0.03586788969587545,-0.18668486627538966,0.19898445960216937,0.0025899448836030504,0.5849789278919297,False,971
big_storm_days,Powder days per 30 (>= 6 in of new snow),S Washington Cascades (Crystal/White Pass),Early season,WA,maritime,45,19,-0.12197935516792005,0.014878963087181583,-0.014878963087181583,-0.12284060961430607,0.06718282132923473,0.01960334685217022,0.016505557455384397,False,False,0.41811637672465507,-0.10563691284268159,0.05878531471501629,15,16,0.011404023733433521,0.014878963087181583,0.003474939353748062,0.02485328718501691,0.0002722125355607265,-0.18812441047111522,False,971
mean_depth,Base (mean snow depth),S Sierra (Mammoth/June),Early season,CA,maritime,26,6,0.16660622395479235,0.027757633860474425,0.027757633860474425,0.16592339266635467,0.08481733157150322,0.03472455196882364,0.028146358822501858,False,False,0.4189162167566487,0.16263159218004997,-0.14904067491314305,9,10,0.021612123468768285,0.027757633860474425,0.00614551039170614,0.0015194101096348614,0.11234268735394731,-0.06795212270972183,False,971
days_with_base,Days per 30 with a skiable base,Missoula ranges (Montana Snowbowl),Early season,MT,transitional,37,5,-0.1400714004837765,0.019619997233486505,-0.019619997233486505,-0.14097235834888636,0.0509308011942378,0.022467152328733805,0.01435967031389996,True,False,0.4189162167566487,-0.20587751398329798,-0.09179168614386508,12,13,0.09978904164977298,0.019619997233486505,-0.08016904441628647,0.029181421159079235,0.00557277989090719,-0.08433114584144696,False,971
days_with_base,Days per 30 with a skiable base,S Washington Cascades (Crystal/White Pass),Midwinter,WA,maritime,45,17,-0.12522342310707915,0.015680905694654565,-0.015680905694654565,-0.12401836192660148,0.04590143626198397,0.017487495945870495,0.011385241870579117,True,False,0.41991601679664065,-0.2106061988420716,0.20287678164115847,15,16,0.06079111174402774,0.015680905694654565,-0.04511020604937317,0.13269070663853796,0.11685900090848622,0.6191809485910134,False,971
storm_days,Storm days per 30 (>= 2 in of new snow),Sawtooth & Smoky (Sun Valley),Holidays,ID,intermountain,46,19,-0.12475777857845606,0.01556450331583107,-0.01556450331583107,-0.12404106787969378,0.06785448897338071,0.019990418194573444,0.016833486545378102,False,False,0.42131573685262946,-0.21181890701837164,-0.0036359768382363405,15,16,0.03575295303383019,0.01556450331583107,-0.020188449717999123,0.010263080780435453,0.018968861809977547,0.11077976692835222,False,971
new_snow_in_total,Total new snow in the window (in),S Sierra (Mammoth/June),Holidays,CA,maritime,48,5,-0.11800562619269538,0.013925327813130153,-0.013925327813130153,-0.11734383625139783,0.0706445433122389,0.018760227405989666,0.016579403444972288,False,False,0.4233153369326135,-0.15838235346807236,0.06346104258223396,16,16,0.01407451895816958,0.013925327813130153,-0.00014919114503942656,0.0008524801286309567,0.0038383795601923966,-0.031055859867468245,False,971
days_with_base,Days per 30 with a skiable base,Tushar Mtns (Eagle Point),Spring,UT,continental,47,7,0.11901949175786423,0.014165639418300312,0.014165639418300312,0.11829405182936982,0.05395518622051471,0.016904644818300056,0.012765155190465735,True,False,0.42351529694061185,0.1636785388036658,0.12679213341958206,16,16,0.08144032907437404,0.014165639418300312,-0.06727468965607372,0.10172275833086004,0.000505572095201308,0.3370831118948565,False,971
days_with_base,Days per 30 with a skiable base,San Juans (Telluride/Purgatory),Spring,CO,continental,46,18,0.12123596476786909,0.014698159153195995,0.014698159153195995,0.12101733409546354,0.04359999238858026,0.0165461544878573,0.01055270969089697,True,False,0.42451509698060386,0.240836052789926,0.08663507225718377,15,16,0.1076245300840889,0.014698159153195995,-0.0929263709308929,0.032341532510927744,0.01879372297812467,0.1258891043382633,False,971
mean_swe,Base (mean SWE in window),Wasatch (Alta/Snowbird/Park City),Spring,UT,intermountain,48,21,-0.1183626866371087,0.014009725587954389,-0.014009725587954389,-0.11661704311126132,0.0642326834875006,0.017725372372019214,0.01498125123882772,False,False,0.42451509698060386,-0.10394029190887757,0.21838779925548088,16,16,0.024078660190946954,0.014009725587954389,-0.010068934602992565,0.006733089201630834,4.916161938670337e-06,0.11623623692189593,False,971
mean_swe,Base (mean SWE in window),Chugach (Alyeska),Midwinter,AK,maritime,43,7,0.12410546469087935,0.015402166366139102,0.015402166366139102,0.12487990518058055,0.07700643244122826,0.021524981355236242,0.019233111963110734,False,False,0.4247150569886023,0.15105494634727132,0.10501016647249431,15,15,0.03821040069008408,0.015402166366139102,-0.02280823432394498,0.16777763766995724,0.000522472064819128,0.538627805596322,False,971
new_snow_in_total,Total new snow in the window (in),Gore & Tenmile (Vail/Summit/Copper),Midwinter,CO,continental,48,20,-0.11605131457044027,0.013467907613527282,-0.013467907613527282,-0.11592268432995831,0.06755314538751178,0.018001496194009467,0.015661883896504615,False,False,0.42651469706058787,0.05437071997390569,0.059735959468727035,16,16,0.0025950865097023046,0.013467907613527282,0.010872821103824978,0.06787845527998024,0.254284080279954,-0.32265758313065745,False,971
big_storm_days,Powder days per 30 (>= 6 in of new snow),Tetons (Jackson/Targhee),Midwinter,WY+ID,intermountain,46,10,-0.12411409152639993,0.01540430771542358,-0.01540430771542358,-0.1247494020263771,0.05486037053349553,0.018572073561011086,0.013687596837998093,True,False,0.4273145370925815,-0.1895197805781023,-0.07425285319979906,15,16,0.05474813247785326,0.01540430771542358,-0.03934382476242968,0.00015367038638934235,0.03888589869737116,0.012018141525660041,False,971
days_with_base,Days per 30 with a skiable base,Central Oregon (Mt Bachelor),Midwinter,OR,transitional,46,9,-0.12156196870367761,0.014777312235113894,-0.014777312235113894,-0.12340640663525403,0.055391191690770426,0.018297325315549343,0.013671255851605038,True,False,0.42811437712457506,-0.1191986884874263,0.28414238210125786,15,16,0.06221979109033493,0.014777312235113894,-0.047442478855221036,0.12784824539653378,0.1888116290885318,0.4693598937070077,False,971
new_snow_in_total,Total new snow in the window (in),N Sangre de Cristo (Taos),Midwinter,NM+CO,continental,47,7,0.11911814171131298,0.014189131684756441,0.014189131684756441,0.12129450263452868,0.07492667946244945,0.02032636366462633,0.01817638863890912,False,False,0.4285142971405719,0.32713493612478445,-0.09365769359093797,16,16,0.06196163680203126,0.014189131684756441,-0.04777250511727482,0.08409060284978594,0.19595035285973314,-0.3193671154272374,False,971
days_with_base,Days per 30 with a skiable base,Snowy Range & Sierra Madre,Early season,WY,continental,48,11,-0.11666424617472604,0.013610546335517079,-0.013610546335517079,-0.11791738159202424,0.049773598807824324,0.016381920019801308,0.011738344887661087,True,False,0.4297140571885623,-0.18562454026254238,0.024426870349706344,16,16,0.017428867314612573,0.013610546335517079,-0.003818320979095494,0.006798950995425454,0.0915907570018963,0.058607660592647375,False,971
days_with_base,Days per 30 with a skiable base,Snowy Range & Sierra Madre,Midwinter,WY,continental,48,15,-0.11527755060982689,0.0132889136746012,-0.0132889136746012,-0.11801671893290377,0.05259565491645585,0.016694248863778915,0.012414333246734736,True,False,0.4311137772445511,-0.026496026127964437,0.2134210260023669,16,16,0.04089046248189654,0.0132889136746012,-0.02760154880729534,0.036910797337113124,0.00031590270054730773,-0.1367792916170891,False,971
days_with_base,Days per 30 with a skiable base,Wasatch (Alta/Snowbird/Park City),Early season,UT,intermountain,48,15,-0.11635077927500197,0.013537503837900228,-0.013537503837900228,-0.11575556838210696,0.05229156815953911,0.016133759712048366,0.012106080387798273,True,False,0.4319136172765447,-0.06742384348932048,0.07354581663521904,16,16,0.008176604397889031,0.013537503837900228,0.0053608994400111964,0.029849954302949056,0.07941063914432445,-0.18602911601935562,False,971
mean_depth,Base (mean snow depth),E Cascades rain shadow (Mission Ridge),Early season,WA,transitional,25,6,-0.16378295770981696,0.02682485723617569,-0.02682485723617569,-0.16531522284888625,0.07783339902663507,0.03338716090961632,0.025734091410348926,True,False,0.4319136172765447,-0.4038408284458999,0.15099638877377883,9,9,0.12018674840838595,0.02682485723617569,-0.09336189117221025,0.08502554397206145,0.03952035535596762,0.38863151490524,False,971
days_with_base,Days per 30 with a skiable base,Central Oregon (Mt Bachelor),Spring,OR,transitional,46,9,-0.11821810161549695,0.013975519549571963,-0.013975519549571963,-0.11895259983404258,0.05626648217440249,0.01731563802356022,0.013386088676321978,True,False,0.4323135372925415,-0.18605544363131532,0.2704152793753204,15,16,0.06046990996631285,0.013975519549571963,-0.04649439041674089,0.09653647840717199,0.08295061176301839,0.5252922946540168,False,971
days_with_base,Days per 30 with a skiable base,Sawtooth & Smoky (Sun Valley),Holidays,ID,intermountain,46,19,-0.12021360846221486,0.014451311659506697,-0.014451311659506697,-0.12182345935024687,0.06109253181652742,0.018573252691814666,0.014885007132708784,False,False,0.4325134973005399,-0.19544011165223857,0.046331016539304125,15,16,0.04110398787401748,0.014451311659506697,-0.02665267621451078,0.17493902988970886,0.10858306656872055,0.2949009626574273,False,971
storm_days,Storm days per 30 (>= 2 in of new snow),Jemez (Pajarito),Holidays,NM,continental,46,7,0.11925124222298128,0.014220858771724153,0.014220858771724153,0.12078301722376832,0.0629636781760311,0.01855296201913193,0.01520988605121474,False,False,0.4329134173165367,0.29542886500068116,0.03960708848973474,15,16,0.07788620122148204,0.014220858771724153,-0.06366534244975788,0.1400766039461722,0.02116521863100518,-0.4208424127569973,False,971
storm_days,Storm days per 30 (>= 2 in of new snow),S Washington Cascades (Crystal/White Pass),Midwinter,WA,maritime,45,19,-0.11747328636192528,0.0137999730086709,-0.0137999730086709,-0.11664566947745553,0.07444968822597979,0.019148968284789396,0.017368467451014502,False,False,0.4349130173965207,-0.1442130821069849,0.1985421318690908,15,16,0.027780383727692093,0.0137999730086709,-0.013980410719021194,0.18411236311937257,0.1758580648296118,0.5419098452282559,False,971
storm_days,Storm days per 30 (>= 2 in of new snow),Selkirks (Schweitzer),Holidays,ID,transitional,45,7,-0.11632041108962819,0.013530438036060098,-0.013530438036060098,-0.115798861468575,0.09028954165104193,0.02156157764897346,0.020910852251420274,False,False,0.4357128574285143,-0.04051096449560867,0.17548538473527658,15,16,0.021031254678103628,0.013530438036060098,-0.00750081664204353,0.0031565832736510217,0.05770331614954118,0.09016204389970056,False,971
big_storm_days,Powder days per 30 (>= 6 in of new snow),Wasatch (Alta/Snowbird/Park City),Early season,UT,intermountain,48,21,-0.11426906753402362,0.01305741979509525,-0.01305741979509525,-0.11330992451093402,0.06145996371951932,0.016616466133078198,0.013928047699006955,False,False,0.4367126574685063,-0.18116267001251807,0.01848109159798937,16,16,0.03877190071073544,0.01305741979509525,-0.02571448091564019,0.015528366221556797,0.13907935542778932,-0.12974476047729278,False,971
days_with_base,Days per 30 with a skiable base,Ruby Mtns & NE Nevada,Early season,NV,continental,46,5,-0.12206537876395115,0.014899956692786858,-0.014899956692786858,-0.12585090018661976,0.029669914449189688,0.016718752901204767,0.007467970883781038,True,True,0.4391121775644871,-0.16131645158586924,0.2981247152753844,15,16,0.06281878090231219,0.014899956692786858,-0.047918824209525326,0.0017390014571158595,0.14583966007076582,-0.009736375058399239,False,971
mean_swe,Base (mean SWE in window),Bridger Range (Bridger Bowl),Holidays,MT,continental,50,6,-0.11253291999065931,0.01266365808162413,-0.01266365808162413,-0.11123647488082412,0.06059661309039756,0.016045502861939558,0.013481107259786053,False,False,0.4401119776044791,-0.23923497772578084,0.021334691475210155,18,16,0.036516515457167165,0.01266365808162413,-0.023852857375543032,0.001088280552535417,0.12351693143688709,0.04111502429658572,False,971
storm_days,Storm days per 30 (>= 2 in of new snow),Madison & Gallatin (Big Sky),Spring,MT,continental,60,9,-0.09979258425378512,0.009958559872048802,-0.009958559872048802,-0.09936738524489894,0.0746062604068817,0.015439971342307603,0.01482685803906373,False,False,0.4401119776044791,-0.09962888340004135,0.2886571851025242,20,22,0.054768329388369064,0.009958559872048802,-0.044809769516320264,0.07334552781167847,7.13518026043216e-06,0.35107267044348855,False,971
big_storm_days,Powder days per 30 (>= 6 in of new snow),S San Juans (Wolf Creek),Midwinter,CO,continental,46,10,-0.11720531470031942,0.013737085794000911,-0.013737085794000911,-0.1146801312188468,0.08391548893875111,0.02019334178020158,0.019246878565579332,False,False,0.44311137772445514,-0.006586202906806171,0.050913081114334735,15,16,0.013033149846253256,0.013737085794000911,0.0007039359477476557,0.07627820685382103,0.13034521914388286,-0.36488533311661037,False,971
days_with_base,Days per 30 with a skiable base,W Central Idaho (Brundage/Tamarack),Spring,ID,intermountain,46,7,-0.11421018633161795,0.01304396666190289,-0.01304396666190289,-0.1216096552278911,0.07687379363212685,0.02069848839204137,0.018697191079325992,False,False,0.4497100579884023,-0.15990025805851701,0.11987471603617861,15,16,0.021018762367606136,0.01304396666190289,-0.007974795705703246,0.06432995676596788,0.07255774744474859,0.359075627626867,False,971
big_storm_days,Powder days per 30 (>= 6 in of new snow),Central Cascades (Stevens/Snoqualmie),Early season,WA,maritime,45,19,-0.11744799199341259,0.013794030823284708,-0.013794030823284708,-0.1188399565455054,0.06649535195752286,0.018544567103692452,0.01580460947422021,False,False,0.45150969806038793,-0.10366210973114746,0.08957443260901521,15,16,0.01537562621194366,0.013794030823284708,-0.0015815953886589521,0.006355591045537495,0.0010360724863919435,-0.09522445067266838,False,971
storm_days,Storm days per 30 (>= 2 in of new snow),S Sangre de Cristo (Santa Fe),Holidays,NM,continental,46,6,0.11260631830973862,0.012680182923274176,0.012680182923274176,0.11259852228156401,0.06644970857725549,0.01709399098999405,0.014964277983679075,False,False,0.4543091381723655,0.24780852335481116,0.07972705812694397,15,16,0.06281830414348444,0.012680182923274176,-0.05013812122021026,0.0534997914099568,0.023095259671144175,-0.2700036441413222,False,971
big_storm_days,Powder days per 30 (>= 6 in of new snow),Whitefish & Flathead Range,Holidays,MT,transitional,52,9,-0.10659012730534657,0.011361455238969989,-0.011361455238969989,-0.10560087406868604,0.06912365008326982,0.015929623604904814,0.014599035735222591,False,False,0.4549090181963607,-0.08713232897599082,0.12912708427027642,18,18,0.021458007435319337,0.011361455238969989,-0.010096552196349348,0.00022978358948596046,0.010344092640480872,0.015731484810290977,False,971
mean_depth,Base (mean snow depth),Markagunt (Brian Head),Early season,UT,continental,25,10,0.15493997497428794,0.02400639584503297,0.02400639584503297,0.15453837551410723,0.08059934064856465,0.030378363219522586,0.024911382342674662,False,False,0.45870825834833034,0.23119220784682223,-0.19225445220022286,9,9,0.044617132896384026,0.02400639584503297,-0.020610737051351056,0.007552660951304269,0.0001960642033171935,-0.1658240901353999,False,971
big_storm_days,Powder days per 30 (>= 6 in of new snow),Tetons (Jackson/Targhee),Spring,WY+ID,intermountain,46,10,0.11141005977600917,0.012412201419293936,0.012412201419293936,0.11148203615986751,0.07388932874380849,0.01788787728856061,0.01647466563769119,False,False,0.45990801839632073,0.07262225870255055,-0.13925818183765737,15,16,0.019080841717088792,0.012412201419293936,-0.0066686402977948565,0.06110680629336492,0.11717217261635707,0.2642507766594323,False,971
days_with_base,Days per 30 with a skiable base,Bitterroots (Lost Trail),Early season,MT+ID,transitional,59,7,-0.09859828342759963,0.009721621494869269,-0.009721621494869269,-0.10519975467845007,0.08441848499424859,0.01819346899313025,0.01776160782344274,False,False,0.46170765846830636,0.07141150627246454,0.08214306187083109,20,22,0.018924957942394016,0.009721621494869269,-0.009203336447524748,0.008399136236573587,0.16555527594380273,-0.17067304787803697,False,971
storm_days,Storm days per 30 (>= 2 in of new snow),S San Juans (Wolf Creek),Midwinter,CO,continental,46,10,-0.11186161842495136,0.012513021676649418,-0.012513021676649418,-0.1115716817459384,0.06309003512814919,0.016428592700088063,0.01407812264131587,False,False,0.46170765846830636,-0.07066334007991151,0.043698123303276576,15,16,0.004436823709911275,0.012513021676649418,0.008076197966738143,0.08864429681832933,0.03196136825045453,-0.39097853910625024,False,971
new_snow_in_total,Total new snow in the window (in),E Cascades rain shadow (Mission Ridge),Early season,WA,transitional,45,6,-0.10856565446173377,0.011786501328704575,-0.011786501328704575,-0.11125345992411728,0.0715335859251781,0.017494386260402006,0.015916717869910404,False,False,0.46290741851629674,-0.12164222494676329,0.08773378130764423,15,16,0.013154573706017136,0.011786501328704575,-0.001368072377312561,0.007568795744994556,0.0005745435234107885,0.13301451617660226,False,971
mean_depth,Base (mean snow depth),Elk Mtns (Aspen/Crested Butte),Midwinter,CO,continental,23,14,-0.16064953634483492,0.025808273527810437,-0.025808273527810437,-0.15905255912522676,0.09830826832735734,0.03496223218580744,0.03127236332127132,False,False,0.46330733853229356,-0.018918199905957667,0.21693690219686845,8,9,0.03373519306586337,0.025808273527810437,-0.00792691953805293,0.0017789373155749756,0.3526578577842715,-0.033702951687641924,False,971
new_snow_in_total,Total new snow in the window (in),Wind River Range,Spring,WY,continental,48,23,0.10850975985224426,0.01177436798319172,0.01177436798319172,0.10791865263374743,0.08577194359752008,0.01900326189477961,0.018512785173644294,False,False,0.46450709858028394,0.05966084747632149,0.018268433062388276,16,16,0.00343473504655889,0.01177436798319172,0.00833963293663283,0.23825838622104245,0.03680047485843385,0.5099628989237756,False,971
days_with_base,Days per 30 with a skiable base,Wind River Range,Early season,WY,continental,46,10,-0.11168538394522111,0.012473624986991453,-0.012473624986991453,-0.11121202437638253,0.04776426935708079,0.014649539793108868,0.010623922176119538,True,False,0.46890621875624877,-0.07658097863247773,0.008742348469582974,15,16,0.010187868220963736,0.012473624986991453,0.002285756766027717,0.07972661715008865,0.06263385016904524,-0.1487864748425883,False,971
mean_depth,Base (mean snow depth),Sawtooth & Smoky (Sun Valley),Early season,ID,intermountain,29,16,-0.13600798000708578,0.018498170625607845,-0.018498170625607845,-0.13686294505576557,0.08511150922449057,0.02597543473180805,0.023297223621209475,False,False,0.47010597880423916,-0.2813778204848839,0.20683407998228823,10,12,0.0726775605519312,0.018498170625607845,-0.05417938992632335,0.09888185046930038,0.17948803846424805,0.17828295200980515,False,971
mean_depth,Base (mean snow depth),White Mtns AZ (Sunrise Park),Early season,AZ,continental,25,8,0.15089939578383083,0.02277062764792522,0.02277062764792522,0.15126044852704626,0.08829106657847817,0.030675035726168476,0.026709892663183823,False,False,0.47250549890022,0.2324425198760678,-0.21482356217373078,9,9,0.06121024074514947,0.02277062764792522,-0.038439613097224254,0.005134176714665883,0.033165523061902145,-0.11258147046744957,False,971
mean_swe,Base (mean SWE in window),Markagunt (Brian Head),Holidays,UT,continental,46,8,0.10607157426428306,0.011251178866903315,0.011251178866903315,0.1074930820856852,0.09220036116995642,0.020055669296150262,0.019821801983143896,False,False,0.47490501899620075,0.24241756677913964,0.018460504798304245,15,16,0.04882031062705061,0.011251178866903315,-0.0375691317601473,0.001485257196606695,0.0007260890972659323,0.06214528677495963,False,971
storm_days,Storm days per 30 (>= 2 in of new snow),Gore & Tenmile (Vail/Summit/Copper),Early season,CO,continental,48,20,-0.10310185474766877,0.010629992452409389,-0.010629992452409389,-0.10135993580175116,0.06456278697268017,0.014442190047414798,0.013088159885465996,False,False,0.47550489902019594,-0.07440633458035868,0.1934103559914991,16,16,0.030985467404283207,0.010629992452409389,-0.020355474951873818,0.0044005285608967205,0.04913523120696113,-0.05722037824747405,False,971
days_with_base,Days per 30 with a skiable base,Selkirks (Schweitzer),Holidays,ID,transitional,45,6,-0.11366011001224206,0.012918620607994969,-0.012918620607994969,-0.11134697373906158,0.07944926411274726,0.01871033412890434,0.017692870249499674,False,False,0.47570485902819437,-0.08769185266954252,0.030327675610606387,15,16,0.009417552993184253,0.012918620607994969,0.0035010676148107163,0.0006798626329018604,0.0944587066873208,0.030133870102943747,False,971
big_storm_days,Powder days per 30 (>= 6 in of new snow),Chugach (Alyeska),Spring,AK,maritime,43,7,0.11196345278546865,0.012535814759643868,0.012535814759643868,0.10955717318437426,0.0858771101022834,0.01937765223567068,0.018816906848098877,False,False,0.47590481903619275,0.26000343119750696,0.007465725382140002,15,15,0.107212169377355,0.012535814759643868,-0.09467635461771114,0.030867496206884948,0.0006300442190641239,-0.26667429980544866,False,971
new_snow_in_total,Total new snow in the window (in),Sawtooth & Smoky (Sun Valley),Holidays,ID,intermountain,46,19,-0.10836771754031141,0.011743562204896717,-0.011743562204896717,-0.10775047881481924,0.07330607684895755,0.01698394658780808,0.015797529761022226,False,False,0.4783043391321736,-0.21210739058920705,0.012920309358177728,15,16,0.030728237034623573,0.011743562204896717,-0.018984674829726857,0.0406517542174117,0.013142370598924036,0.23975855344976255,False,971
new_snow_in_total,Total new snow in the window (in),S San Juans (Wolf Creek),Midwinter,CO,continental,46,10,-0.10521055837348467,0.011069261593260426,-0.011069261593260426,-0.10448153438487512,0.0695066135196418,0.015747560350386693,0.014524315260857361,False,False,0.47890421915616876,-0.026078730680534554,0.050956588837980564,15,16,0.009583174829521979,0.011069261593260426,0.0014860867637384468,0.09102362468332492,0.07502478880792018,-0.41211752228909704,False,971
big_storm_days,Powder days per 30 (>= 6 in of new snow),N Sierra / Tahoe (Palisades/Heavenly/Rose),Midwinter,CA+NV,maritime,48,21,0.10513109365554313,0.01105254685321058,0.01105254685321058,0.10262741648984529,0.08669047176276154,0.018047624509830322,0.017793638302596202,False,False,0.48050389922015596,0.1418170305131328,-0.019355006819408806,16,16,0.010458548973341308,0.01105254685321058,0.0005939978798692718,0.10138329727563042,0.1119469233003544,0.5379865465777746,False,971
storm_days,Storm days per 30 (>= 2 in of new snow),W Central Idaho (Brundage/Tamarack),Spring,ID,intermountain,46,11,-0.10699607370675969,0.011448159788662352,-0.011448159788662352,-0.10671911239347792,0.06851930546872309,0.016083864171967957,0.014624638922879412,False,False,0.4829034193161368,-0.1656662660354862,0.2151560023458183,15,16,0.031786613963717625,0.011448159788662352,-0.020338454175055275,0.031916153572328285,0.03982320967230467,0.21714667623894685,False,971
mean_depth,Base (mean snow depth),Uinta Mtns,Early season,UT,continental,30,27,0.1281724759815179,0.016428183599232784,0.016428183599232784,0.12769255458547918,0.09386288255514318,0.025115629218126184,0.023971182508446084,False,False,0.4843031393721256,0.11314738705444324,-0.19522379254000385,10,12,0.028269311730735658,0.016428183599232784,-0.011841128131502874,0.23491144488557134,0.2518601696951392,-0.5435359463184744,False,971
days_with_base,Days per 30 with a skiable base,W Central Idaho (Brundage/Tamarack),Holidays,ID,intermountain,46,9,-0.10783510686302375,0.011628410272159752,-0.011628410272159752,-0.10904927755094158,0.09726538442883488,0.02135229994247133,0.021213439805358093,False,False,0.484503099380124,-0.11318992206542955,0.15975236275780308,15,16,0.02135081001885142,0.011628410272159752,-0.009722399746691666,0.12682230790697707,0.10341514777338542,0.515414660202693,False,971
new_snow_in_total,Total new snow in the window (in),Klamath & Siskiyou (Mt Shasta),Spring,CA+OR,maritime,46,6,-0.10490036441897853,0.011004086455234496,-0.011004086455234496,-0.10479753030334764,0.07089553795747046,0.016008699659960202,0.014859354574940286,False,False,0.4877024595080984,-0.08722566948842281,0.44019352534316974,15,16,0.1471926451274126,0.011004086455234496,-0.1361885586721781,0.14206894594930178,0.006088952075254177,0.47688365969290203,False,971
storm_days,Storm days per 30 (>= 2 in of new snow),Gore & Tenmile (Vail/Summit/Copper),Midwinter,CO,continental,48,20,-0.10017787626388416,0.010035606892742086,-0.010035606892742086,-0.099618737755079,0.06624964279219556,0.01431290808200871,0.013199411583366778,False,False,0.4911017796440712,0.09460811082077758,0.04086541898084618,16,16,0.008814018263150758,0.010035606892742086,0.0012215886295913279,0.07488323466574381,0.3667790593753656,-0.2851789278982999,False,971
mean_depth,Base (mean snow depth),Front Range (Winter Park/Loveland/A-Basin),Holidays,CO,continental,28,23,0.13377799728842554,0.01789655255850199,0.01789655255850199,0.13149878668188208,0.1071926258782305,0.028782189941477423,0.02819140048846445,False,False,0.49250149970005996,0.17379224888316921,-0.05020463613859131,9,12,0.08187945077963177,0.01789655255850199,-0.06398289822112978,0.004628750349131402,0.03257497749473684,-0.07720514471301858,False,971
big_storm_days,Powder days per 30 (>= 6 in of new snow),Selkirks (Schweitzer),Spring,ID,transitional,44,7,-0.10659413175432446,0.011362308924458282,-0.011362308924458282,-0.10509907497148147,0.05896521884407454,0.014522712593190684,0.012394379912006403,False,False,0.4929014197160568,-0.1491287653936253,-0.0391670572926221,14,16,0.04011063540526061,0.011362308924458282,-0.028748326480802326,0.01828504616263973,0.0017699995654910012,-0.10961075942841804,False,971
mean_swe,Base (mean SWE in window),Gore & Tenmile (Vail/Summit/Copper),Holidays,CO,continental,48,20,-0.10069223867644089,0.01013892692967334,-0.01013892692967334,-0.09991825021694449,0.06398845604534162,0.014078179233482545,0.012787229124268796,False,False,0.4947010597880424,-0.05858686033899959,0.2405064952442097,16,16,0.041952940706124986,0.01013892692967334,-0.03181401377645165,0.01627205183618771,0.08753872562493496,-0.11285954025257536,False,971
mean_depth,Base (mean snow depth),Park Range (Steamboat),Holidays,CO,continental,24,18,-0.14722423770664747,0.02167497616830344,-0.02167497616830344,-0.14593943986001903,0.11765360302504886,0.0351406904114319,0.03434060184597734,False,False,0.4967006598680264,-0.20136264751926086,0.19275580344049292,9,9,0.04051442603302913,0.02167497616830344,-0.018839449864725688,0.008689616090524217,4.638885596709766e-05,0.09073802618000956,False,971
days_with_base,Days per 30 with a skiable base,North Cascades (Mt Baker),Spring,WA,maritime,31,6,-0.130565465736502,0.017047340842989676,-0.017047340842989676,-0.12410284323588992,0.0707687770073042,0.02040973549834142,0.01756521287786625,False,False,0.4979004199160168,-0.333390310121556,0.1786906719310456,10,13,0.09217913324023519,0.017047340842989676,-0.07513179239724552,0.181536808233531,0.013674513355502087,0.7660710394098427,False,971
storm_days,Storm days per 30 (>= 2 in of new snow),Front Range (Winter Park/Loveland/A-Basin),Early season,CO,continental,48,20,-0.09788267720352994,0.00958101849653044,-0.00958101849653044,-0.09759409098634193,0.07045671851212808,0.01448875577894764,0.013752318794143419,False,False,0.4981003799240152,-0.09506281661578232,0.1896066877255267,16,16,0.025982592367403523,0.00958101849653044,-0.016401573870873085,0.0005262323267845838,0.059968095495199075,0.020647151315169168,False,971
mean_swe,Base (mean SWE in window),North Cascades (Mt Baker),Holidays,WA,maritime,31,8,-0.12566113481910327,0.015790720804024848,-0.015790720804024848,-0.12762049114692675,0.08578107207937676,0.02364538208767004,0.021894845099759974,False,False,0.499500099980004,-0.37078050970060666,-0.11763645048268814,10,13,0.14606454146154668,0.015790720804024848,-0.13027382065752183,0.006488977501983848,0.03870926964153263,0.1347042102348887,False,971
big_storm_days,Powder days per 30 (>= 6 in of new snow),Jemez (Pajarito),Midwinter,NM,continental,46,6,0.10234318870941596,0.010474128275211126,0.010474128275211126,0.10497304599456529,0.08610534858037137,0.018433471439524382,0.018077481433810803,False,False,0.5030993801239753,0.28386739092557267,-0.03343526131159877,15,16,0.09554836718268656,0.010474128275211126,-0.08507423890747542,0.08376460336766083,0.10454767832988428,-0.31481107741594266,False,971
mean_depth,Base (mean snow depth),Sawtooth & Smoky (Sun Valley),Holidays,ID,intermountain,29,16,-0.12592085925642205,0.01585606279587565,-0.01585606279587565,-0.12982879476686066,0.12698126938592524,0.03297975872547654,0.03297165032468147,False,False,0.504499100179964,-0.33770587709668265,-0.006132522394781792,10,12,0.07609323670755141,0.01585606279587565,-0.06023717391167577,0.005501252011301931,0.021791869960522136,0.08793953468132991,False,971
new_snow_in_total,Total new snow in the window (in),E Cascades rain shadow (Mission Ridge),Holidays,WA,transitional,45,6,-0.10018936928778222,0.010037909718283599,-0.010037909718283599,-0.10314053045423921,0.08491584080782183,0.017848669042481183,0.017516529729772953,False,False,0.5046990601879624,-0.0755083839205644,0.1744766823419714,15,16,0.018728157721682792,0.010037909718283599,-0.008690248003399193,0.07603921453859942,0.060946645319908344,0.4135749323181098,False,971
days_with_base,Days per 30 with a skiable base,Klamath & Siskiyou (Mt Shasta),Spring,CA+OR,maritime,46,5,-0.09709626363344975,0.009427684411576378,-0.009427684411576378,-0.09889769370868298,0.06319262526900041,0.013774061709284783,0.012499209797002366,False,False,0.50749850029994,-0.11128744777357842,0.31943017112810446,15,16,0.09072132263626442,0.009427684411576378,-0.08129363822468805,0.18300108660325456,0.11790453082053763,0.5717579908250002,False,971
mean_depth,Base (mean snow depth),Bridger Range (Bridger Bowl),Holidays,MT,continental,24,6,-0.1456313578509172,0.0212084923895019,-0.0212084923895019,-0.14501521209787255,0.11372279215459577,0.03396228519522835,0.03298306964932196,False,False,0.5088982203559288,-0.25538358658473076,0.0748663722806118,9,9,0.0502496128155665,0.0212084923895019,-0.029041120426064604,0.004742716340275707,0.0020975606189172795,0.10333394224286407,False,971
mean_depth,Base (mean snow depth),Tushar Mtns (Eagle Point),Early season,UT,continental,26,10,0.13408725297701118,0.017979391410920996,0.017979391410920996,0.13334134485546076,0.07526462499913654,0.02344467802412356,0.020071772634853595,False,False,0.5126974605078984,0.2980733699328235,-0.09201195081964637,9,10,0.03468891616352032,0.017979391410920996,-0.016709524752599327,0.06099263096607295,0.02233870565762915,-0.3629102307893834,False,971
days_with_base,Days per 30 with a skiable base,N Sierra / Tahoe (Palisades/Heavenly/Rose),Early season,CA+NV,maritime,48,15,-0.09879630238379773,0.009760709364710797,-0.009760709364710797,-0.09802031443817638,0.07236379447453495,0.014844500793311705,0.014186243776666973,False,False,0.5128974205158968,-0.08840906601223476,0.22897257080187147,16,16,0.05675093309731849,0.009760709364710797,-0.046990223732607694,0.00968217842017345,0.0846843918598263,0.10776007473221584,False,971
mean_swe,Base (mean SWE in window),W Central Idaho (Brundage/Tamarack),Holidays,ID,intermountain,46,10,-0.0992040746820759,0.009841448433526892,-0.009841448433526892,-0.10189432116568772,0.08794919364228404,0.018117513348144293,0.017923046766500302,False,False,0.5132973405318936,-0.10245511002991463,0.16054736131611758,15,16,0.015160135167314293,0.009841448433526892,-0.0053186867337874,0.1755610515063589,0.10343962399599207,0.5772242700984106,False,971
big_storm_days,Powder days per 30 (>= 6 in of new snow),Front Range (Winter Park/Loveland/A-Basin),Holidays,CO,continental,48,20,-0.09556690760270722,0.00913303382874438,-0.00913303382874438,-0.09404536709077131,0.05978092266275631,0.012418289785648382,0.011244237633687855,False,False,0.5154969006198761,-0.08835581002955231,0.15350052421798888,16,16,0.019977205638094242,0.00913303382874438,-0.010844171809349863,0.061416237124024664,0.16712118181851598,-0.2497548963227941,False,971
days_with_base,Days per 30 with a skiable base,Bridger Range (Bridger Bowl),Early season,MT,continental,32,3,-0.12342122371857202,0.015232798464189803,-0.015232798464189803,-0.1255097700168494,0.05017471505918918,0.018270204400953255,0.012594833895479569,True,False,0.5170965806838632,-0.19764369507624527,0.0199879931062459,11,13,0.06966231922281796,0.015232798464189803,-0.054429520758628155,0.00020879435038215192,0.11162570555823036,-0.006791822838282248,False,971
storm_days,Storm days per 30 (>= 2 in of new snow),Park Range (Steamboat),Early season,CO,continental,47,15,-0.09611504648092362,0.009238102160030107,-0.009238102160030107,-0.09558843925568203,0.05660177907748203,0.012340911114073295,0.010820951442222851,False,False,0.5182963407318536,-0.17201876908628,0.21909284437530208,16,16,0.033801105743461624,0.009238102160030107,-0.02456300358343152,0.004680795856252054,0.20695507886146874,0.05794458859144703,False,971
new_snow_in_total,Total new snow in the window (in),W Central Idaho (Brundage/Tamarack),Spring,ID,intermountain,46,11,-0.09889116265020126,0.00977946205030856,-0.00977946205030856,-0.09779796514272553,0.06745048515195474,0.014114009933291826,0.013193040391501591,False,False,0.518496300739852,-0.18321275523780045,0.22003428115993467,15,16,0.03437979274846936,0.00977946205030856,-0.024600330698160804,0.05311363415693138,0.051140662892578966,0.28083422589866053,False,971
storm_days,Storm days per 30 (>= 2 in of new snow),Wind River Range,Spring,WY,continental,48,23,0.09363674095951471,0.00876783925751926,0.00876783925751926,0.0969206979174546,0.09083985382366251,0.017645500727510862,0.017608524062617856,False,False,0.5198960207958409,0.08982510932545772,0.039907299369795896,16,16,0.01029174948583056,0.00876783925751926,-0.0015239102283112985,0.22716244138333744,0.0688864290113792,0.4643864201685009,False,971
mean_depth,Base (mean snow depth),Bighorn Mtns (Meadowlark),Early season,WY,continental,23,15,-0.14338240538772024,0.020558514174768543,-0.020558514174768543,-0.1369761044756822,0.12866108757952843,0.03531612865448009,0.03524698914849677,False,False,0.5220955808838232,-0.024117269750588102,0.13319747088265652,8,9,0.02754556808145292,0.020558514174768543,-0.006987053906684377,0.3282939344481877,0.2481031850123467,-0.7441512287949508,False,971
mean_depth,Base (mean snow depth),Central Cascades (Stevens/Snoqualmie),Holidays,WA,maritime,28,21,-0.12477537545478458,0.015568894319882457,-0.015568894319882457,-0.1293579849552512,0.1334647942181875,0.034546339567386126,0.03452947368506399,False,False,0.525494901019796,-0.3819796889505007,0.1328088634107176,9,12,0.09063761718196028,0.015568894319882457,-0.07506872286207783,0.22525038477101886,0.02676495241377137,0.797531204240469,False,971
mean_depth,Base (mean snow depth),Front Range (Winter Park/Loveland/A-Basin),Spring,CO,continental,28,22,0.12192731504322507,0.01486627015364986,0.01486627015364986,0.1206196888148427,0.08033584397542948,0.021002957157034038,0.019380169001988117,False,False,0.5262947410517896,0.2976372749332234,-0.008151289743074589,9,12,0.12449621531438315,0.01486627015364986,-0.1096299451607333,0.013119571879701943,0.08055762554298866,0.11911529748998304,False,971
storm_days,Storm days per 30 (>= 2 in of new snow),Selkirks (Schweitzer),Early season,ID,transitional,45,7,-0.09385600123511563,0.008808948967846026,-0.008808948967846026,-0.09298560451488844,0.08764598372063198,0.016328141109356528,0.01629962955913007,False,False,0.5272945410917816,-0.034945587084857975,0.06986923482854393,15,16,0.002804464361876313,0.008808948967846026,0.006004484605969713,0.001447676064042661,0.02936667343758258,-0.052591216287825523,False,971
new_snow_in_total,Total new snow in the window (in),Front Range (Winter Park/Loveland/A-Basin),Early season,CO,continental,48,20,-0.09414400073577803,0.008863092874538174,-0.008863092874538174,-0.09304334585491277,0.07045407089024756,0.013620840312884942,0.013110564969455691,False,False,0.529494101179764,-0.07485276922760026,0.20546352835718779,16,16,0.02694011385513273,0.008863092874538174,-0.018077020980594556,0.0015219468615582693,0.062114029218350374,-0.03450087921734991,False,971
new_snow_in_total,Total new snow in the window (in),Gore & Tenmile (Vail/Summit/Copper),Spring,CO,continental,48,20,0.0913983268461398,0.008353654150273799,0.008353654150273799,0.09016983085730497,0.067608696321638,0.012701534215146457,0.012192529423609991,False,False,0.530493901219756,0.08327433691301711,0.01208464368712403,16,16,0.006378782867149435,0.008353654150273799,0.001974871283124364,0.056329042562941016,0.06513776305602934,0.32285895022448413,False,971
days_with_base,Days per 30 with a skiable base,Markagunt (Brian Head),Holidays,UT,continental,46,5,0.09650674145274525,0.009313551145827019,0.009313551145827019,0.09575100619286006,0.10383896725787173,0.01995078630812648,0.019885371193937337,False,False,0.5320935812837433,0.23237231738598474,0.04409574200827604,15,16,0.06601503343643467,0.009313551145827019,-0.05670148229060765,0.0021720520315685753,0.004477312034890552,-0.08069607642001621,False,971
big_storm_days,Powder days per 30 (>= 6 in of new snow),San Francisco Peaks (AZ Snowbowl),Spring,AZ,continental,46,5,0.0946085980486974,0.008950786824739989,0.008950786824739989,0.09546867053155383,0.08506747437964064,0.016350742250393194,0.016242557369002618,False,False,0.5326934613077384,0.0732243812267824,0.037654644649357416,15,16,0.00747223867808533,0.008950786824739989,0.0014785481466546586,0.06437740504746686,0.0006689105065542532,0.3156806286422273,False,971
big_storm_days,Powder days per 30 (>= 6 in of new snow),Tetons (Jackson/Targhee),Early season,WY+ID,intermountain,46,10,-0.09406518365816,0.00884825877664337,-0.00884825877664337,-0.0924482215415956,0.06944095925889278,0.013368720488999147,0.012839386371254067,False,False,0.5344931013797241,-0.05325354420570264,0.012709713539151193,15,16,0.003538924720262848,0.00884825877664337,0.005309334056380522,0.15879943954975803,0.019630328529204526,-0.3867371001814148,False,971
big_storm_days,Powder days per 30 (>= 6 in of new snow),San Juans (Telluride/Purgatory),Spring,CO,continental,46,18,0.09220135279165861,0.008501089456611894,0.008501089456611894,0.09274810274376565,0.07528552335714978,0.014270120589728054,0.013965178910894192,False,False,0.5348930213957208,0.13813576915134979,0.09619089640137601,15,16,0.04306564027553783,0.008501089456611894,-0.03456455081892594,0.007291731033658867,0.027277928348264792,0.12147268186167043,False,971
big_storm_days,Powder days per 30 (>= 6 in of new snow),E Cascades rain shadow (Mission Ridge),Holidays,WA,transitional,45,6,-0.09595444684663824,0.009207255869644325,-0.009207255869644325,-0.09438417353046795,0.09194300556222747,0.017361888484845277,0.017355929183796113,False,False,0.5356928614277144,-0.00885354303398008,0.06626237552849232,15,16,0.006402228306827018,0.009207255869644325,0.0028050275628173065,8.356838931061675e-05,0.00637961141422002,0.008937652279491717,False,971
days_with_base,Days per 30 with a skiable base,Chugach (Alyeska),Early season,AK,maritime,43,5,-0.09619762750182684,0.009253983536980231,-0.009253983536980231,-0.0978629616960959,0.11235721833926805,0.022201303784869487,0.021991220309231348,False,False,0.5358928214357128,-0.016017890697731643,0.24387821803840962,15,15,0.07223069999665388,0.009253983536980231,-0.06297671645967365,0.09288417064208565,0.1621947996414964,0.36440755083539295,False,971
mean_depth,Base (mean snow depth),Chugach (Alyeska),Midwinter,AK,maritime,21,7,-0.14105335495919757,0.01989604894524539,-0.01989604894524539,-0.14229107143922812,0.10128940272204201,0.03050629211511153,0.028825155277517653,False,False,0.5372925414917017,-0.19634540246100968,0.37551324674636016,7,9,0.158585927025373,0.01989604894524539,-0.13868987808012762,0.18127330416474544,0.005022093032260614,0.5979478131578874,False,971
mean_depth,Base (mean snow depth),Elk Mtns (Aspen/Crested Butte),Holidays,CO,continental,24,14,-0.13423000896580714,0.018017695306960665,-0.018017695306960665,-0.1337892743908495,0.09473102139372869,0.0268735363563291,0.025347989229142005,False,False,0.5396920615876825,-0.018731215149293014,0.2576688326757654,9,9,0.054274997116474544,0.018017695306960665,-0.03625730180951388,0.007106846634039896,0.057623446322953846,-0.056331381681869644,False,971
mean_depth,Base (mean snow depth),Markagunt (Brian Head),Midwinter,UT,continental,25,10,0.1290059088680188,0.01664252452286357,0.01664252452286357,0.12934348440389684,0.08767533298801555,0.02441670097230051,0.022680466129883704,False,False,0.5396920615876825,0.26943841523788425,0.0650470655570564,9,9,0.09211171345357283,0.01664252452286357,-0.07546918893070925,0.008999771034592301,0.06131127829338191,0.1604915461008186,False,971
new_snow_in_total,Total new snow in the window (in),Park Range (Steamboat),Midwinter,CO,continental,47,15,-0.09033632721153438,0.008160652014069408,-0.008160652014069408,-0.09052736963035045,0.06665603231123785,0.01263823129566688,0.012068390550264022,False,False,0.5412917416516697,0.08065243253939451,0.10730345044152012,16,16,0.024557643400761053,0.008160652014069408,-0.016396991386691644,0.02312667644167749,0.1925016135458904,-0.21689899830386591,False,971
mean_swe,Base (mean SWE in window),Whitefish & Flathead Range,Early season,MT,transitional,52,9,-0.08833631129861107,0.007803303893845121,-0.007803303893845121,-0.08679846197887371,0.05796922814076302,0.010894404413133817,0.010063279689441349,False,False,0.5414917016596681,-0.1875662930939609,-0.03185905946951762,18,18,0.04074753741402892,0.007803303893845121,-0.0329442335201838,0.00037849822794589177,0.00045975496313302894,0.02311495276632111,False,971
mean_swe,Base (mean SWE in window),Uinta Mtns,Midwinter,UT,continental,48,21,-0.09152645719067286,0.008377092365876072,-0.008377092365876072,-0.09253235009371422,0.05421525936955353,0.011501530162373656,0.010033330720810094,False,False,0.5420915816836632,-0.045757719329538635,0.07451396513244873,16,16,0.00363554311029346,0.008377092365876072,0.004741549255582612,0.021800924881818028,0.0029365542854532093,-0.1743637415127748,False,971
big_storm_days,Powder days per 30 (>= 6 in of new snow),S Sierra (Mammoth/June),Spring,CA,maritime,48,5,-0.08985211868721289,0.008073403232580992,-0.008073403232580992,-0.08980435082499268,0.06401809520164926,0.012163137940345792,0.01149820696127338,False,False,0.5436912617476505,-0.10462352692794574,0.25318032947205815,16,16,0.03946423975997593,0.008073403232580992,-0.03139083652739494,0.0009566583398080146,0.0740623133879708,-0.03535536895036251,False,971
mean_swe,Base (mean SWE in window),Chugach (Alyeska),Early season,AK,maritime,43,7,-0.09450434974504777,0.008931072120734311,-0.008931072120734311,-0.09578845189360624,0.0864982145493461,0.016657368636398426,0.01657106012648574,False,False,0.5446910617876425,-0.1026426970607922,0.2606098990143544,15,15,0.05323014951594829,0.008931072120734311,-0.04429907739521398,0.09266663247783535,0.023915869845885777,0.4383438988950145,False,971
new_snow_in_total,Total new snow in the window (in),N Sierra / Tahoe (Palisades/Heavenly/Rose),Holidays,CA+NV,maritime,48,21,-0.08878405973712669,0.007882609263405681,-0.007882609263405681,-0.09035196348912225,0.06996443881807944,0.013058500005468461,0.012642848843256083,False,False,0.5488902219556089,-0.14678586331703952,-0.017739272581781346,16,16,0.019476889567263234,0.007882609263405681,-0.011594280303857552,0.00039891545700646925,0.010249044040761471,-0.021559201293522286,False,971
storm_days,Storm days per 30 (>= 2 in of new snow),Elk Mtns (Aspen/Crested Butte),Midwinter,CO,continental,46,11,-0.09134332020172484,0.008343602145474832,-0.008343602145474832,-0.09057310089855115,0.06504376433926302,0.012434177885800712,0.011782430860643307,False,False,0.5502899420115976,-0.00012659636726764696,0.09664047827279096,15,16,0.022305065155465043,0.008343602145474832,-0.01396146300999021,0.002370588890439311,0.2597336078354535,0.044926119425959234,False,971
big_storm_days,Powder days per 30 (>= 6 in of new snow),Coeur d'Alenes (Silver/Lookout),Spring,ID+MT,transitional,44,7,-0.09587959889638067,0.009192897484530843,-0.009192897484530843,-0.09588148126680834,0.05260025172185244,0.01196004493111956,0.010086780100196396,False,False,0.5508898220355929,-0.2580412505186333,-0.1576640127956262,15,16,0.16713866540886924,0.009192897484530843,-0.1579457679243384,0.029195735369464175,0.04006881968860605,-0.10723340504610036,False,971
mean_depth,Base (mean snow depth),San Francisco Peaks (AZ Snowbowl),Midwinter,AZ,continental,24,8,0.1292996952903411,0.016718411202175057,0.016718411202175057,0.13157679435853084,0.11583582435867844,0.030730391018521715,0.03048261288198546,False,False,0.5532893421315737,0.24027846846825598,0.03740124232686294,9,9,0.05751671817341841,0.016718411202175057,-0.040798306971243356,0.04291104779625191,0.07539516997097367,0.3185264277206962,False,971
storm_days,Storm days per 30 (>= 2 in of new snow),S San Juans (Wolf Creek),Holidays,CO,continental,46,10,-0.08886087382552665,0.007896254897036168,-0.007896254897036168,-0.08718983904673086,0.06363276339674115,0.011651196610500474,0.011096260797321135,False,False,0.5550889822035593,-0.09016499440070386,0.15886532966238137,15,16,0.018720950404120695,0.007896254897036168,-0.010824695507084528,0.1311390681881965,0.0003109821704595072,-0.27036317206980087,False,971
days_with_base,Days per 30 with a skiable base,Wasatch (Alta/Snowbird/Park City),Midwinter,UT,intermountain,48,21,-0.08825104988212641,0.007788247805297564,-0.007788247805297564,-0.08831417583478558,0.06543654887448071,0.012081335581979729,0.01155794976664486,False,False,0.5558888222355529,-0.10313956024231555,0.11320563237853128,16,16,0.012779334696438327,0.007788247805297564,-0.004991086891140763,0.010875043010582683,0.010575658954815574,0.12515977673545856,False,971
new_snow_in_total,Total new snow in the window (in),San Francisco Peaks (AZ Snowbowl),Holidays,AZ,continental,46,5,0.08587437260624267,0.007374407870515802,0.007374407870515802,0.0880816369435598,0.06606521650658229,0.012122987598718672,0.01163826482986091,False,False,0.5562887422515497,0.21346956468433403,0.003327432640509026,15,16,0.04702148350102342,0.007374407870515802,-0.039647075630507615,0.09371641318533777,0.0019183658321525758,-0.3073617447903067,False,971
storm_days,Storm days per 30 (>= 2 in of new snow),Front Range (Winter Park/Loveland/A-Basin),Spring,CO,continental,48,20,0.08500628212248136,0.007226068000286894,0.007226068000286894,0.08354658303656622,0.06748656625587066,0.011534468162093872,0.01127654402309765,False,False,0.5580883823235353,0.050579410465092456,-0.007336879000774309,16,16,0.001542987502697435,0.007226068000286894,0.005683080497589459,0.043477965384188466,0.03584352293103065,0.2260337515131869,False,971
big_storm_days,Powder days per 30 (>= 6 in of new snow),Tushar Mtns (Eagle Point),Early season,UT,continental,47,7,0.08811554629171126,0.007764349498286709,0.007764349498286709,0.09063195995680957,0.07494493910342843,0.01383089606282933,0.013584813439574916,False,False,0.5590881823635273,0.008568838624777253,-0.1376313457031787,16,16,0.016124191494509832,0.007764349498286709,-0.008359841996223123,0.08407211520104182,0.003925320699921805,0.29621788557119094,False,971
new_snow_in_total,Total new snow in the window (in),Blue Mtns (Anthony Lakes),Midwinter,OR,transitional,48,18,-0.08654567865051202,0.007490154493077692,-0.007490154493077692,-0.08622387702120343,0.0776364071031628,0.013461968676455641,0.013388224036862389,False,False,0.5594881023795241,-0.09185115335568805,0.08022586805819291,16,16,0.008162598114925257,0.007490154493077692,-0.0006724436218475648,0.06643861337112793,0.34962667309261397,0.35421402406566754,False,971
big_storm_days,Powder days per 30 (>= 6 in of new snow),E Cascades rain shadow (Mission Ridge),Spring,WA,transitional,45,6,-0.09245399940688588,0.008547742006328456,-0.008547742006328456,-0.09258238251645315,0.0790714285360821,0.014823788363159587,0.014641242485699884,False,False,0.5598880223955209,-0.12928112269928396,0.06281799988039277,15,16,0.01984457788560967,0.008547742006328456,-0.011296835879281215,0.009058288615115519,0.018135805649916147,0.0875926534655089,False,971
mean_swe,Base (mean SWE in window),E Cascades rain shadow (Mission Ridge),Spring,WA,transitional,45,6,-0.08628147845195484,0.007444493523855148,-0.007444493523855148,-0.08759388709903337,0.07831020869452633,0.013805177842898472,0.013718991158180162,False,False,0.5610877824435113,-0.13860564341092652,0.25312733030056034,15,16,0.042890256684408046,0.007444493523855148,-0.035445763160552896,0.2958635047498756,0.06395257979085005,0.8433820106703585,False,971
new_snow_in_total,Total new snow in the window (in),Park Range (Steamboat),Early season,CO,continental,47,15,-0.08625990922061345,0.007440771938748474,-0.007440771938748474,-0.08493074662094093,0.06012628921559691,0.010828402376428074,0.010213141269254548,False,False,0.5622875424915017,-0.17730888330439565,0.19968244827881604,16,16,0.026330823471164333,0.007440771938748474,-0.01889005153241586,7.942562533958096e-05,0.20647645283449204,0.007672133186331778,False,971
mean_swe,Base (mean SWE in window),Klamath & Siskiyou (Mt Shasta),Holidays,CA+OR,maritime,46,6,-0.08697941621645211,0.007565418845354812,-0.007565418845354812,-0.08746485184855735,0.07833587312364416,0.013786609326933761,0.013703271074373843,False,False,0.5632873425314937,-0.10024270657496398,0.19223984059656685,15,16,0.02014620903810105,0.007565418845354812,-0.012580790192746237,0.08819960736609342,0.007823878854555523,0.3912747469475938,False,971
mean_depth,Base (mean snow depth),Blue Mtns (Anthony Lakes),Holidays,OR,transitional,28,18,-0.11441061078045417,0.013089787859156576,-0.013089787859156576,-0.1202517099808576,0.1334570425487555,0.03227125595918063,0.03209687515095184,False,False,0.5658868226354729,-0.25823873184509755,0.07822131922948221,9,12,0.0589738056257576,0.013089787859156576,-0.045884017766601025,0.30319973659258687,0.1620373216250278,0.6430558653353898,False,971
mean_depth,Base (mean snow depth),Tushar Mtns (Eagle Point),Midwinter,UT,continental,26,10,0.1177810481740005,0.013872375308966225,0.013872375308966225,0.11722119644861673,0.08558643596613276,0.021065846918230137,0.020065088847446007,False,False,0.5672865426914617,0.1790162597393132,0.07060596334999247,9,10,0.07405848194144626,0.013872375308966225,-0.06018610663248004,0.04539660420555146,0.03586161000608751,0.2684669526800536,False,971
big_storm_days,Powder days per 30 (>= 6 in of new snow),Wind River Range,Midwinter,WY,continental,48,23,-0.08245679419051809,0.006799122908177457,-0.006799122908177457,-0.08152362328923775,0.04894126998761587,0.009041349062206256,0.007979739315534546,False,False,0.5690861827634474,-0.1345790272201843,-0.1362430285701638,16,16,0.057495321500331875,0.006799122908177457,-0.05069619859215442,0.005407957184183917,0.038601729366908644,-0.060142229399674736,False,971
new_snow_in_total,Total new snow in the window (in),N Sierra / Tahoe (Palisades/Heavenly/Rose),Midwinter,CA+NV,maritime,48,21,0.08370501206266263,0.007006529044410497,0.007006529044410497,0.0825703232129124,0.07747453425740941,0.012820161733887322,0.012794194668808299,False,False,0.5692861427714457,0.1071883791269407,-0.023425811748372466,16,16,0.004751001807911548,0.007006529044410497,0.002255527236498949,0.09259465574476419,0.0670537107771395,0.4762784913202951,False,971
new_snow_in_total,Total new snow in the window (in),Elk Mtns (Aspen/Crested Butte),Spring,CO,continental,46,11,0.08590658218319293,0.007379940862397681,0.007379940862397681,0.08352509277843562,0.06809569733492134,0.01161346511917549,0.01137539887542315,False,False,0.5700859828034394,0.10639491631159723,0.03573897105886173,15,16,0.013402716869913567,0.007379940862397681,-0.006022776007515886,0.021921715234685443,0.006606886813660172,0.22505273718322755,False,971
mean_swe,Base (mean SWE in window),Front Range (Winter Park/Loveland/A-Basin),Holidays,CO,continental,48,20,-0.08617847450874348,0.00742672946865415,-0.00742672946865415,-0.0856776681523039,0.06659993807754397,0.011776214571949002,0.011412254787143602,False,False,0.5718856228754249,-0.02063283312892275,0.25029090441124335,16,16,0.050730522830813474,0.00742672946865415,-0.043303793362159324,0.008339108428411447,0.09443417352314296,-0.0856157881651043,False,971
days_with_base,Days per 30 with a skiable base,S San Juans (Wolf Creek),Holidays,CO,continental,46,9,-0.08597965772931047,0.007392501543249379,-0.007392501543249379,-0.08551523210493647,0.06948508727272332,0.012141032275259134,0.011884066731917404,False,False,0.5766846630673865,-0.010217342401735264,0.17587002728279005,15,16,0.033598281655295326,0.007392501543249379,-0.026205780112045947,0.011465650714168133,5.906608161288529e-05,0.08898341012988321,False,971
storm_days,Storm days per 30 (>= 2 in of new snow),Wasatch (Alta/Snowbird/Park City),Early season,UT,intermountain,48,21,-0.08144722696622328,0.0066336507804874885,-0.0066336507804874885,-0.08100212660434443,0.056871595331231414,0.009795722869945588,0.0092134403304229,False,False,0.5772845430913818,-0.116605734879371,0.11979614504570116,16,16,0.011745120872102888,0.0066336507804874885,-0.005111470091615399,0.0010932966630026197,0.07602081763618528,0.04076628353336874,False,971
days_with_base,Days per 30 with a skiable base,San Francisco Peaks (AZ Snowbowl),Midwinter,AZ,continental,46,5,0.08353691505335618,0.006978416176631647,0.006978416176631647,0.08487423446863568,0.0861781394508353,0.01463030739584456,0.014628607227641956,False,False,0.5808838232353529,0.13208090662966798,0.07087563163346454,15,16,0.03677286655722878,0.006978416176631647,-0.02979445038059713,0.01165337501804813,0.0005213469040124472,0.1361043125206045,False,971
big_storm_days,Powder days per 30 (>= 6 in of new snow),Sawtooth & Smoky (Sun Valley),Holidays,ID,intermountain,46,19,-0.08477551485460161,0.007186887918862778,-0.007186887918862778,-0.08772640658379818,0.0812715455350567,0.014300986525762664,0.014259321294604103,False,False,0.5820835832833433,-0.18183200182147283,0.04956837188399767,15,16,0.02267983436592058,0.007186887918862778,-0.015492946447057804,0.09742486948565755,0.00018948457401452362,0.36371248419625696,False,971
mean_depth,Base (mean snow depth),Ruby Mtns & NE Nevada,Midwinter,NV,continental,26,6,0.10970288829997961,0.012034723701357802,0.012034723701357802,0.11009561791105782,0.09224124808602827,0.020629492931685846,0.020310714409836922,False,False,0.5862827434513097,0.017595505116391703,0.0015699634674265273,9,10,0.0005764412869461166,0.012034723701357802,0.011458282414411686,0.24190572242811142,0.007258496724441482,0.5989150576975715,False,971
big_storm_days,Powder days per 30 (>= 6 in of new snow),N Sangre de Cristo (Taos),Holidays,NM+CO,continental,47,7,-0.08302691620780203,0.00689346881497738,-0.00689346881497738,-0.08226768149097738,0.04879862862863058,0.009149277573935907,0.008029100074433342,False,False,0.5862827434513097,-0.17526564572389602,0.027571689082253423,16,16,0.03385907160911272,0.00689346881497738,-0.026965602794135343,0.0903837264033508,0.08148099350439258,-0.24513315654500806,False,971
storm_days,Storm days per 30 (>= 2 in of new snow),Park Range (Steamboat),Midwinter,CO,continental,47,15,-0.0812976057428179,0.006609300699514658,-0.006609300699514658,-0.0808193771527328,0.06945852862246762,0.011356258921753824,0.011227190042426194,False,False,0.5900819836032793,0.059356208836009436,0.15265306284892477,16,16,0.04731475916014072,0.006609300699514658,-0.04070545846062606,0.0007851652299009906,0.26665212935524774,0.032064044065040646,False,971
big_storm_days,Powder days per 30 (>= 6 in of new snow),Whitefish & Flathead Range,Early season,MT,transitional,52,9,-0.07730300971109147,0.005975755310393102,-0.005975755310393102,-0.07710817865686403,0.058061373712804835,0.009316794333196847,0.008954013554619809,False,False,0.5940811837632474,-0.0970383686006166,-0.05936214727384492,18,18,0.05469923993748793,0.005975755310393102,-0.04872348462709483,0.011428814595576927,0.0264621902239739,-0.08860145461586011,False,971
mean_depth,Base (mean snow depth),Elk Mtns (Aspen/Crested Butte),Spring,CO,continental,24,14,-0.11875487215982418,0.014102719661696184,-0.014102719661696184,-0.11594658977802055,0.10898855966009735,0.02532211781793518,0.025273703634813252,False,False,0.5954809038192361,0.06650337726917016,0.24210457396346305,9,9,0.08717458312008042,0.014102719661696184,-0.07307186345838423,0.001843949854160442,0.2525161028577688,-0.0487328738529696,False,971
days_with_base,Days per 30 with a skiable base,Chugach (Alyeska),Holidays,AK,maritime,43,5,0.08276374176683331,0.006849836951247068,0.006849836951247068,0.0822096027102533,0.06891642606000933,0.011507892558662419,0.011331184013207828,False,False,0.5962807438512298,0.10217935368599375,0.10262237319038572,15,15,0.03944808114145715,0.006849836951247068,-0.03259824419021008,0.09061897811305598,0.01519299270627896,0.291129057654301,False,971
new_snow_in_total,Total new snow in the window (in),Ruby Mtns & NE Nevada,Midwinter,NV,continental,46,6,0.08157786731486914,0.006654948435642395,0.006654948435642395,0.0776822716594185,0.08719057450975637,0.013636731613509073,0.01354632379041533,False,False,0.5962807438512298,-0.022775624927794762,0.04173686701091921,15,16,0.0025627438578964545,0.006654948435642395,0.004092204577745941,0.22598510613679762,0.004509005952031004,0.7783665096951068,False,971
big_storm_days,Powder days per 30 (>= 6 in of new snow),Elk Mtns (Aspen/Crested Butte),Spring,CO,continental,46,11,0.08049761225300073,0.006479865578434453,0.006479865578434453,0.07596357423259928,0.07475026783094274,0.011358067150989293,0.011356595038564994,False,False,0.6018796240751849,0.09739320685286336,-0.009209357016589176,15,16,0.008035896678660448,0.006479865578434453,-0.0015560311002259953,0.007036771967815215,0.008017269158514717,0.1313083505993431,False,971
mean_swe,Base (mean SWE in window),Klamath & Siskiyou (Mt Shasta),Midwinter,CA+OR,maritime,46,6,-0.07704128081711255,0.005935358949941194,-0.005935358949941194,-0.08028841621522413,0.079225022390673,0.012722833951151704,0.012721703144725609,False,False,0.6030793841231754,-0.06862325089154732,0.2168488312750514,15,16,0.02851865258901287,0.005935358949941194,-0.02258329363907168,0.23195736473728062,0.29235968635392473,0.6163536061304367,False,971
days_with_base,Days per 30 with a skiable base,N Sangre de Cristo (Taos),Holidays,NM+CO,continental,46,3,-0.08356780041838739,0.006983577266767428,-0.006983577266767428,-0.07842620018243474,0.061355754627122186,0.009915197500918951,0.009623797389462061,False,False,0.6032793441311738,-0.13224911693798294,0.29718104397791517,15,16,0.07467277153070173,0.006983577266767428,-0.0676891942639343,0.1236993249004358,0.14633987874084275,0.18185552388492524,False,971
mean_depth,Base (mean snow depth),Snowy Range & Sierra Madre,Early season,WY,continental,24,21,0.11424443779385923,0.013051791566834971,0.013051791566834971,0.1163550545230818,0.10781815273802481,0.025163252772909386,0.025090374080821674,False,False,0.6042791441711658,0.19949524108120256,-0.003860345699475329,9,9,0.07116059963621368,0.013051791566834971,-0.05810880806937871,0.061087351867313726,0.07406034005791755,-0.2916415735976321,False,971
new_snow_in_total,Total new snow in the window (in),Selkirks (Schweitzer),Holidays,ID,transitional,45,7,-0.07810357190666424,0.006100167944579471,-0.006100167944579471,-0.0775281715778483,0.09887926281138575,0.015787726002327376,0.015331856905464538,False,False,0.6046790641871626,-0.00469380519036046,0.14925067508283044,15,16,0.015329671203987205,0.006100167944579471,-0.009229503259407735,0.012859018483854593,0.08204713076477725,0.1935854085002688,False,971
new_snow_in_total,Total new snow in the window (in),Wasatch (Alta/Snowbird/Park City),Spring,UT,intermountain,48,21,-0.07553021139185721,0.005704812832898637,-0.005704812832898637,-0.07502814665575706,0.07303863384907995,0.010963864825137757,0.010959906663929824,False,False,0.6048790241951609,-0.07419385274508494,0.34560972931499423,16,16,0.07334410601159558,0.005704812832898637,-0.06763929317869694,0.06086442427419802,0.08636456090669972,0.3157314646945099,False,971
new_snow_in_total,Total new snow in the window (in),Gore & Tenmile (Vail/Summit/Copper),Early season,CO,continental,48,20,-0.07795864722406161,0.006077550677005689,-0.006077550677005689,-0.07833294283621381,0.06871122045947954,0.01085728175041274,0.010764704208917791,False,False,0.6058788242351529,-0.039815032808983325,0.16675326226329934,16,16,0.020229886654687057,0.006077550677005689,-0.014152335977681368,0.020529954862461185,0.05770941628386954,-0.12680294025997574,False,971
mean_swe,Base (mean SWE in window),S San Juans (Wolf Creek),Holidays,CO,continental,46,10,0.07703503045477907,0.005934395917168738,0.005934395917168738,0.07696598824295961,0.07497474010849378,0.011544975000551582,0.011541009931418569,False,False,0.6076784643071386,0.18213964931763726,-0.006392980536552906,15,16,0.022282354581726227,0.005934395917168738,-0.016347958664557488,0.059063060142856914,0.01927671215808548,0.2226829719222703,False,971
mean_swe,Base (mean SWE in window),Gore & Tenmile (Vail/Summit/Copper),Spring,CO,continental,48,20,-0.07919915339326614,0.006272505898210099,-0.006272505898210099,-0.07937953772158271,0.060748113047693376,0.009991444247747507,0.009644314262368694,False,False,0.607878424315137,0.06478192507071177,0.2056046685756317,16,16,0.039777588598892466,0.006272505898210099,-0.033505082700682365,0.024353145105718878,0.006542166128501122,-0.144733894960975,False,971
mean_depth,Base (mean snow depth),Wasatch (Alta/Snowbird/Park City),Early season,UT,intermountain,30,23,0.09917260889023825,0.009835206354096163,0.009835206354096163,0.10022012344589858,0.08941577893043075,0.018039254665246814,0.01792252080483789,False,False,0.6080783843231353,0.03000872701183451,-0.1857446256681843,10,12,0.04108310291786843,0.009835206354096163,-0.03124789656377227,0.2146382999747133,0.2112729987591588,-0.48215241456231284,False,971
mean_depth,Base (mean snow depth),Klamath & Siskiyou (Mt Shasta),Holidays,CA+OR,maritime,28,7,0.09853851075358604,0.009709838101534592,0.009709838101534592,0.0877684013250232,0.14648660547543388,0.02916161785486575,0.025713790356216442,False,False,0.608878224355129,-0.13671336951526902,-0.09726746817555336,9,12,0.04040691707459532,0.009709838101534592,-0.030697078973060725,0.45769927672580557,0.024749291695915186,0.932806568340509,False,971
mean_swe,Base (mean SWE in window),Chugach (Alyeska),Spring,AK,maritime,43,7,0.07808221182924603,0.006096831804147249,0.006096831804147249,0.07876715680831656,0.07577215952545045,0.01194568515081624,0.011936715142091867,False,False,0.609878024395121,0.10113057420932124,0.17277419314109582,15,15,0.06433281463569829,0.006096831804147249,-0.05823598283155104,0.140100592923532,0.006630821423159655,0.4773288168362055,False,971
mean_swe,Base (mean SWE in window),Elk Mtns (Aspen/Crested Butte),Holidays,CO,continental,46,11,-0.07745499177042646,0.005999275750156831,-0.005999275750156831,-0.07740668792292349,0.058083963068978325,0.009365542100995307,0.008992174405214036,False,False,0.6106778644271146,-0.07691229954106468,0.15358878238405782,15,16,0.012048611309479873,0.005999275750156831,-0.006049335559323042,0.01684674898313022,0.06362857811430334,-0.08318469395203106,False,971
big_storm_days,Powder days per 30 (>= 6 in of new snow),Gore & Tenmile (Vail/Summit/Copper),Spring,CO,continental,48,20,0.07407585738882184,0.005487232647889072,0.005487232647889072,0.07098965196356037,0.08336912888087254,0.011989942336262967,0.011836690887516703,False,False,0.6106778644271146,0.06325280432190933,-0.015480505520532761,16,16,0.0031467977677378522,0.005487232647889072,0.00234043488015122,0.03358395469311746,0.13261372196517368,0.24644940392733994,False,971
days_with_base,Days per 30 with a skiable base,S San Juans (Wolf Creek),Midwinter,CO,continental,46,10,0.07772874188631128,0.006041757315228801,0.006041757315228801,0.07776692183146104,0.06742569711019437,0.010593918761936246,0.010486977833200508,False,False,0.6140771845630874,0.16602773658515596,-8.911998083704908e-05,15,16,0.030375098777225107,0.006041757315228801,-0.024333341461996304,0.002786998077742261,0.01837875945275967,-0.03539271574773141,False,971
mean_depth,Base (mean snow depth),Park Range (Steamboat),Spring,CO,continental,24,18,-0.10725003000157035,0.01150256893533774,-0.01150256893533774,-0.10735603879527314,0.09508502168333598,0.020566480414332663,0.02041590255337121,False,False,0.6140771845630874,-0.017929246944612103,0.2826159500890235,9,9,0.08678990994948688,0.01150256893533774,-0.07528734101414913,0.08856176746633167,0.11054591060512906,0.291895987799609,False,971
mean_depth,Base (mean snow depth),Madison & Gallatin (Big Sky),Early season,MT,continental,27,10,-0.09955308558305562,0.009910816849107195,-0.009910816849107195,-0.10046604817217276,0.09643716901160636,0.019393554402306466,0.019377322535016023,False,False,0.6176764647070586,-0.1794122868546665,0.1864910180651832,9,11,0.052580084627475654,0.009910816849107195,-0.04266926777836846,0.000661679667039192,0.12403864555541624,0.027969209336771987,False,971
storm_days,Storm days per 30 (>= 2 in of new snow),E Cascades rain shadow (Mission Ridge),Midwinter,WA,transitional,45,6,0.07522102384929223,0.005658202428935791,0.005658202428935791,0.07554443311761294,0.07554463459419497,0.011413953191031934,0.011413953190991342,False,False,0.6176764647070586,0.10228037691334183,0.042174762362194224,15,16,0.02303545025416598,0.005658202428935791,-0.017377247825230188,0.29303234819341495,0.15793650613850904,0.6243410720892443,False,971
storm_days,Storm days per 30 (>= 2 in of new snow),Snowy Range & Sierra Madre,Early season,WY,continental,48,15,-0.0724233514166356,0.0052451418304174935,-0.0052451418304174935,-0.07309543052845857,0.058236606023834375,0.008734444245316015,0.008513659579656795,False,False,0.6196760647870426,-0.1723550885540292,0.17807374886401214,16,16,0.03365727126674334,0.0052451418304174935,-0.028412129436325845,0.05422368909650347,0.22289231989254532,0.18737135249986958,False,971
big_storm_days,Powder days per 30 (>= 6 in of new snow),Wasatch (Alta/Snowbird/Park City),Spring,UT,intermountain,48,21,-0.06979108761476012,0.004870795910451123,-0.004870795910451123,-0.06707836149284997,0.07246361304873103,0.00975048179664168,0.00972148086232156,False,False,0.623875224955009,-0.06102070090906926,0.23023228136029972,16,16,0.04131104812057884,0.004870795910451123,-0.03644025221012772,0.03558230840200903,0.07518023575988787,0.18045826421740857,False,971
days_with_base,Days per 30 with a skiable base,E Cascades rain shadow (Mission Ridge),Midwinter,WA,transitional,45,6,0.07957373509615327,0.006331979317152775,0.006331979317152775,0.07805761484083407,0.07413948625669771,0.011589654657047067,0.011574302925445241,False,False,0.624875024995001,0.054431669714915434,-0.019452346745479514,15,16,0.0016872648757072506,0.006331979317152775,0.0046447144414455245,0.16071003429340686,0.018642031612912335,0.5432162462984972,False,971
new_snow_in_total,Total new snow in the window (in),Snowy Range & Sierra Madre,Midwinter,WY,continental,48,15,-0.0702270405877103,0.00493183722970791,-0.00493183722970791,-0.0716398435291289,0.06594172540741972,0.009480578330585614,0.009448109780456664,False,False,0.6300739852029594,0.08187695015492555,0.05329766771168522,16,16,0.002535872138174744,0.00493183722970791,0.0023959650915331664,0.01380744249633073,0.1951576628119449,-0.17464186088652928,False,971
mean_depth,Base (mean snow depth),Gore & Tenmile (Vail/Summit/Copper),Holidays,CO,continental,28,24,0.09702072843124915,0.009413021745330197,0.009413021745330197,0.09544672297629415,0.09973619583439261,0.019057385686429753,0.01903898610902939,False,False,0.6328734253149371,0.1555903522173247,-0.0013009703317170367,9,12,0.06925522004891516,0.009413021745330197,-0.05984219830358496,0.005428142292475172,0.017052092394582823,-0.07651090059165407,False,971
mean_depth,Base (mean snow depth),Markagunt (Brian Head),Spring,UT,continental,25,10,0.10036480507800444,0.010073094098345826,0.010073094098345826,0.10417812760209821,0.08970127468895352,0.01889940095150215,0.018689821681233326,False,False,0.6336732653469306,0.3041956604551344,0.17876146660661035,9,9,0.17777560976204831,0.010073094098345826,-0.16770251566370248,0.002380753854011464,0.0006194259075783084,-0.07928082788723653,False,971
mean_swe,Base (mean SWE in window),Coeur d'Alenes (Silver/Lookout),Early season,ID+MT,transitional,45,7,-0.07119000429986903,0.005068016712215372,-0.005068016712215372,-0.06933526263596211,0.06422457874999626,0.008932175160412316,0.008906056070630044,False,False,0.6336732653469306,-0.14409367580203356,-0.005951347529011166,15,16,0.013813787068985395,0.005068016712215372,-0.008745770356770023,8.008830052009142e-06,0.009023967881540008,0.0035871259649535854,False,971
big_storm_days,Powder days per 30 (>= 6 in of new snow),Ruby Mtns & NE Nevada,Spring,NV,continental,46,6,0.06842813630762128,0.0046824098385343975,0.0046824098385343975,0.0676495109972684,0.0738185862067007,0.010025640007725642,0.009987582518786009,False,False,0.6390721855628875,0.0719651938561951,0.22346242753963066,15,16,0.08079141070025586,0.0046824098385343975,-0.07610900086172147,0.20499859324600303,0.15965837735754476,0.5297696575905708,False,971
mean_depth,Base (mean snow depth),Klamath & Siskiyou (Mt Shasta),Early season,CA+OR,maritime,28,7,-0.09199740730744602,0.00846352295129212,-0.00846352295129212,-0.0902115106265132,0.08745999390202552,0.015787367182859845,0.01577979633857471,False,False,0.6394721055788842,-0.1518491815397601,0.10222543675602079,9,12,0.023512658277646925,0.00846352295129212,-0.015049135326354804,0.05500152985683876,0.00374518164048776,0.15319628276143435,False,971
mean_swe,Base (mean SWE in window),North Cascades (Mt Baker),Early season,WA,maritime,31,8,-0.08775065958487835,0.007700178257581202,-0.007700178257581202,-0.08896689787006265,0.09047471223238325,0.016100782470154718,0.016098508966003497,False,False,0.640871825634873,-0.34631156351671716,-0.04430082691585102,10,13,0.09148302051839596,0.007700178257581202,-0.08378284226081475,0.006994537777661562,0.08486079692581452,0.14522722393370507,False,971
storm_days,Storm days per 30 (>= 2 in of new snow),Wasatch (Alta/Snowbird/Park City),Spring,UT,intermountain,48,21,-0.0713027128159434,0.005084076854912899,-0.005084076854912899,-0.06987529045731869,0.0752517520064573,0.010545382396536003,0.010516476057746636,False,False,0.6424715056988602,-0.06956861293691799,0.308073986328702,16,16,0.06334680001482529,0.005084076854912899,-0.05826272315991239,0.052054065292118507,0.06836654560168325,0.26995230493184086,False,971
new_snow_in_total,Total new snow in the window (in),North Cascades (Mt Baker),Early season,WA,maritime,31,8,-0.087052992904327,0.007578223573600807,-0.007578223573600807,-0.08914991991139794,0.09690842358488864,0.01733895078191687,0.0172787564026653,False,False,0.6436712657468506,-0.3132932146741757,-0.10184593450098976,10,13,0.10417670638438903,0.007578223573600807,-0.09659848281078823,0.011070560219669205,0.018498654898459758,0.19524263007092432,False,971
big_storm_days,Powder days per 30 (>= 6 in of new snow),Sawtooth & Smoky (Sun Valley),Midwinter,ID,intermountain,46,19,-0.07192732680193076,0.0051735403408717465,-0.0051735403408717465,-0.07191423267819462,0.054727771206912516,0.008166785802969678,0.007871411345065813,False,False,0.646870625874825,-0.13554374282768927,-0.09431995343162897,15,16,0.033848424962349855,0.0051735403408717465,-0.02867488462147811,0.013355610031381861,0.24745461669407537,0.13275801281504865,False,971
mean_depth,Base (mean snow depth),Tushar Mtns (Eagle Point),Spring,UT,continental,26,10,0.0954508859332469,0.00911087162544171,0.00911087162544171,0.09880681055991632,0.08801353973806621,0.017509168990247348,0.01739267429521355,False,False,0.6470705858828234,0.2603784011365482,0.19781092412203444,9,10,0.17926706715263663,0.00911087162544171,-0.1701561955271949,0.006981958442399826,0.0018372097060101664,0.11886868652213771,False,971
big_storm_days,Powder days per 30 (>= 6 in of new snow),Bitterroots (Lost Trail),Early season,MT+ID,transitional,59,12,-0.061542914640652466,0.0037875303424666357,-0.0037875303424666357,-0.06340567447182709,0.08176335137940108,0.010705525184018714,0.010368520882575838,False,False,0.647870425914817,-0.04679219182008813,0.011864592075770841,20,22,0.0023875614938774214,0.0037875303424666357,0.0013999688485892142,0.006947671893914314,0.07229243044174441,0.13220302549092225,False,971
big_storm_days,Powder days per 30 (>= 6 in of new snow),Bridger Range (Bridger Bowl),Midwinter,MT,continental,50,6,-0.0657308010981561,0.0043205382130053595,-0.0043205382130053595,-0.06395308683601279,0.06551634081748274,0.008382388229967147,0.008379944466956566,False,False,0.6492701459708058,-0.0009752664286109855,-0.03228569662567976,18,16,0.0030528053486530426,0.0043205382130053595,0.0012677328643523169,0.1912477320097091,0.04965173599478502,-0.4351636756977735,False,971
mean_swe,Base (mean SWE in window),Uinta Mtns,Spring,UT,continental,48,21,-0.06591815816624574,0.00434520357603019,-0.00434520357603019,-0.06585611673426424,0.0602258301488729,0.007964178728437927,0.007932478601404289,False,False,0.6580683863227355,-0.0006436012127698232,0.11958423270302306,16,16,0.011241743675666105,0.00434520357603019,-0.006896540099635915,0.0003143850693451325,0.002950064294257588,0.02364440192323393,False,971
days_with_base,Days per 30 with a skiable base,S Sierra (Mammoth/June),Spring,CA,maritime,48,5,-0.06614536147631181,0.004375208844831955,-0.004375208844831955,-0.06718951190064126,0.06647193775175755,0.008932949017919946,0.0089324341052608,False,False,0.6604679064187162,-0.08859965074112472,0.188176566644765,16,16,0.03020849367173961,0.004375208844831955,-0.02583328482690766,0.1977759796091175,0.11814650356060157,0.6483913995341496,False,971
days_with_base,Days per 30 with a skiable base,Uinta Mtns,Spring,UT,continental,48,20,-0.06234700355628514,0.003887148852447432,-0.003887148852447432,-0.061119139554015364,0.07333067124090023,0.009112936564464198,0.008963815058324404,False,False,0.6672665466906619,-0.01901979179338211,0.12000402949022615,16,16,0.0201434558739082,0.003887148852447432,-0.01625630702146077,0.019282835788597654,0.05508023258446901,0.14936059955959444,False,971
days_with_base,Days per 30 with a skiable base,Wasatch (Alta/Snowbird/Park City),Spring,UT,intermountain,48,20,-0.0636548371777811,0.004051938296129823,-0.004051938296129823,-0.0696725855392006,0.07058124916383035,0.009835981909243927,0.009835156239661202,False,False,0.6676664667066586,-0.08343458597709359,0.16343187155068215,16,16,0.026171125660429673,0.004051938296129823,-0.02211918736429985,0.0637757381127647,0.027954098534113882,0.2949391841307782,False,971
new_snow_in_total,Total new snow in the window (in),Snowy Range & Sierra Madre,Early season,WY,continental,48,15,-0.063764327474242,0.004065889458242373,-0.004065889458242373,-0.06382505053348038,0.05733447049555313,0.007360878582606777,0.007318750953378037,False,False,0.6686662667466506,-0.1582073665049913,0.14696689853540537,16,16,0.020961429015315836,0.004065889458242373,-0.01689553955707346,0.03595816959429883,0.21185618383244512,0.15932746699708536,False,971
days_with_base,Days per 30 with a skiable base,N Sierra / Tahoe (Palisades/Heavenly/Rose),Spring,CA+NV,maritime,48,21,-0.0636061785998702,0.004045745956078585,-0.004045745956078585,-0.06286002149654227,0.06420811770409238,0.008074064681648337,0.008072247318263526,False,False,0.669866026794641,-0.06726205737579158,0.22159674319006875,16,16,0.05081378836481043,0.004045745956078585,-0.04676804240873184,0.12913243724444257,0.06591994908097651,0.5050070095649436,False,971
new_snow_in_total,Total new snow in the window (in),Chugach (Alyeska),Midwinter,AK,maritime,43,7,-0.06824504339135097,0.004657385947487377,-0.004657385947487377,-0.06729669970954207,0.07477665296073514,0.0101203936198065,0.010064443919166464,False,False,0.6726654669066187,-0.190979046298035,0.12121649736117292,15,15,0.028327038019250295,0.004657385947487377,-0.023669652071762918,0.3120902769840059,0.05968297176315706,0.516413960582811,False,971
big_storm_days,Powder days per 30 (>= 6 in of new snow),Uinta Mtns,Midwinter,UT,continental,48,21,-0.06361763310878725,0.004047203242364263,-0.004047203242364263,-0.06606333906030931,0.061260449837609504,0.00811720748210366,0.008094139737218134,False,False,0.673865226954609,0.05499790937969567,-0.06933963247235489,16,16,0.005786174604588745,0.004047203242364263,-0.001738971362224482,0.07981656492201508,0.24771788220773047,-0.4015626532113074,False,971
days_with_base,Days per 30 with a skiable base,S Sierra (Mammoth/June),Early season,CA,maritime,48,4,-0.06481512729315993,0.0042010007260285245,-0.0042010007260285245,-0.056354213716725186,0.06392127930393018,0.00726172735148139,0.007204466869880328,False,False,0.6740651869626075,-0.06018598400213966,0.2412942663756477,16,16,0.03402564632428129,0.0042010007260285245,-0.029824645598252764,0.014637345268674457,0.11865710065682486,0.08397859806740142,False,971
big_storm_days,Powder days per 30 (>= 6 in of new snow),North Cascades (Mt Baker),Early season,WA,maritime,31,8,0.07975589441511906,0.00636100269395562,0.00636100269395562,0.077995704601522,0.08571405682914374,0.013430229474397561,0.013370656513287928,False,False,0.6740651869626075,-0.07353652346089086,-0.29484229174752824,10,13,0.10350605131330559,0.00636100269395562,-0.09714504861934997,0.0005478502572493603,0.013924268303269309,0.041778080562939204,False,971
new_snow_in_total,Total new snow in the window (in),Bighorn Mtns (Meadowlark),Spring,WY,continental,48,13,-0.06282397114579333,0.003946851350527473,-0.003946851350527473,-0.06318070669376509,0.06512063025703248,0.008232498183396707,0.008228734879965387,False,False,0.6752649470105979,-0.15867675488328276,0.049560479902035735,16,16,0.020505874576115635,0.003946851350527473,-0.016559023225588162,0.0783180889125309,0.025676277751887598,0.30069159352651337,False,971
big_storm_days,Powder days per 30 (>= 6 in of new snow),San Juans (Telluride/Purgatory),Midwinter,CO,continental,46,18,-0.06211777766526347,0.003858618302071105,-0.003858618302071105,-0.060014298576442526,0.07528633678171749,0.00926974853963258,0.009036513388689202,False,False,0.6760647870425914,0.0025312096017518974,-0.01029565275521821,15,16,0.0031061677739175897,0.003858618302071105,0.0007524505281535153,0.029147536552498098,0.07718365193022136,-0.20167460705211815,False,971
big_storm_days,Powder days per 30 (>= 6 in of new snow),E Cascades rain shadow (Mission Ridge),Early season,WA,transitional,45,6,0.06196414784893052,0.003839555618644121,0.003839555618644121,0.05858444915143384,0.07257321814329797,0.00869900967405165,0.00850332401614391,False,False,0.6776644671065787,0.14676564224034802,-0.06302357115587717,15,16,0.014554676346425377,0.003839555618644121,-0.010715120727781257,0.00141803734127596,0.03423761766807252,0.05578924837642768,False,971
storm_days,Storm days per 30 (>= 2 in of new snow),W Central Idaho (Brundage/Tamarack),Midwinter,ID,intermountain,46,10,-0.0614869277808389,0.003780642287926098,-0.003780642287926098,-0.05981836182400453,0.08249351263940054,0.010383416038894458,0.009869253574393505,False,False,0.6794641071785643,-0.0412791964042679,-0.01462282965788543,15,16,0.0028483904848376485,0.003780642287926098,0.0009322518030884497,0.04137531405357137,0.29272547531140053,0.2896068999006905,False,971
storm_days,Storm days per 30 (>= 2 in of new snow),N Sierra / Tahoe (Palisades/Heavenly/Rose),Holidays,CA+NV,maritime,48,21,-0.06066754786115079,0.003680551363485022,-0.003680551363485022,-0.060101851812702556,0.06761058742425875,0.008183424123169393,0.008127043012685142,False,False,0.6796640671865627,-0.05565364095948392,-0.06679584625530796,16,16,0.010383034632940324,0.003680551363485022,-0.006702483269455302,0.01973527868973881,0.0075707627888243825,-0.15726943349917274,False,971
new_snow_in_total,Total new snow in the window (in),W Central Idaho (Brundage/Tamarack),Midwinter,ID,intermountain,46,10,-0.06232484978232694,0.0038843869003896184,-0.0038843869003896184,-0.06268471827240776,0.0786596522504428,0.010116714797051722,0.009861516281449144,False,False,0.6796640671865627,-0.055205406709060004,0.02732485051322557,15,16,0.001938437040628016,0.0038843869003896184,0.0019459498597616024,0.0336174923070886,0.19097448606032316,0.2901801867713546,False,971
mean_swe,Base (mean SWE in window),Tushar Mtns (Eagle Point),Midwinter,UT,continental,47,7,0.060853927471020586,0.003703200488648234,0.003703200488648234,0.0608088600373683,0.05644353053684197,0.00688358959850766,0.0068645334968594944,False,False,0.6820635872825435,0.11320014667141479,0.05137038589172184,16,16,0.022817556733615962,0.003703200488648234,-0.01911435624496773,0.007022814401513505,0.0030752860786938023,0.09331552979022588,False,971
days_with_base,Days per 30 with a skiable base,Whitefish & Flathead Range,Holidays,MT,transitional,52,9,-0.05689660570536722,0.0032372237407920254,-0.0032372237407920254,-0.055652137594041584,0.04868611757449265,0.005467498463263458,0.005418973028350702,False,False,0.6840631873625275,-0.10665689781930486,-0.0887078841039142,18,18,0.04672809168799619,0.0032372237407920254,-0.043490867947204165,0.0070509005370011715,0.0348884939055139,0.07086036094089486,False,971
mean_depth,Base (mean snow depth),N Sierra / Tahoe (Palisades/Heavenly/Rose),Spring,CA+NV,maritime,28,25,-0.07999767331014615,0.00639962773503687,-0.00639962773503687,-0.0789696540712771,0.07677385012326471,0.012130430326886684,0.012125608771908577,False,False,0.6842631473705258,-0.06493009398206478,0.2225985019276868,9,12,0.04789063148054551,0.00639962773503687,-0.04149100374550864,0.024432818746380522,0.0031672342135744542,0.20602967220169813,False,971
mean_depth,Base (mean snow depth),W Central Idaho (Brundage/Tamarack),Holidays,ID,intermountain,25,9,-0.08629320430613664,0.00744651710942064,-0.00744651710942064,-0.0957077650810616,0.17086000656871825,0.038353118141474116,0.03270525874085506,False,False,0.6848630273945211,-0.18366134888851782,0.16531409091762136,9,9,0.039906808162446294,0.00744651710942064,-0.032460291053025656,0.2153305079092288,0.11119985920979379,0.6694918174255284,False,971
days_with_base,Days per 30 with a skiable base,Chugach (Alyeska),Midwinter,AK,maritime,43,6,0.06536742647631935,0.004272900444137016,0.004272900444137016,0.06440714226388435,0.06323977781659278,0.008147549472892257,0.008146186733139457,False,False,0.6862627474505099,0.05462902422619634,0.10306000727685917,15,15,0.02872587507517088,0.004272900444137016,-0.024452974631033866,0.15473865406563989,0.0011528059890520419,0.34460734063804715,False,971
storm_days,Storm days per 30 (>= 2 in of new snow),Snowy Range & Sierra Madre,Midwinter,WY,continental,48,15,-0.05888317081153695,0.0034672278048206366,-0.0034672278048206366,-0.06098654430961565,0.06880142371909331,0.008452994492602929,0.008391922152418251,False,False,0.6898620275944811,0.11059438857817347,0.06641826951237205,16,16,0.006101884416666925,0.0034672278048206366,-0.0026346566118462885,0.008033945029951353,0.22675505342692137,-0.1325229692971283,False,971
mean_depth,Base (mean snow depth),Tushar Mtns (Eagle Point),Holidays,UT,continental,26,10,0.08031130769055474,0.006449906142966956,0.006449906142966956,0.07831043873947557,0.10828017862072652,0.017857121897705597,0.016958936589155753,False,False,0.6908618276344731,0.14250403476909135,-0.020344675854946547,9,10,0.012711084364521619,0.006449906142966956,-0.006261178221554663,0.003072413466380281,0.03789263607347875,0.05079661108896311,False,971
new_snow_in_total,Total new snow in the window (in),San Juans (Telluride/Purgatory),Midwinter,CO,continental,46,18,-0.06064761679120603,0.003678133422452976,-0.003678133422452976,-0.06058888768321758,0.06253274202759765,0.007581357136179632,0.007577578566467467,False,False,0.6920615876824635,-0.02462706783102324,0.008769695142016691,15,16,0.003989391395844755,0.003678133422452976,-0.00031125797339177875,0.03210749854225436,0.06103164008176194,-0.2393594609250023,False,971
big_storm_days,Powder days per 30 (>= 6 in of new snow),Uinta Mtns,Spring,UT,continental,48,21,-0.05980025429985782,0.003576070414327664,-0.003576070414327664,-0.059131325363981864,0.06803116049549182,0.008124752437664452,0.008045545372296393,False,False,0.6936612677464508,-0.11535793083189141,0.10132588121003248,16,16,0.024286545112458646,0.003576070414327664,-0.020710474698130983,0.05055540143870691,0.20742552280987478,0.17550185680605102,False,971
days_with_base,Days per 30 with a skiable base,Ruby Mtns & NE Nevada,Spring,NV,continental,46,6,-0.061001627210809636,0.0037211985223665907,-0.0037211985223665907,-0.06216861248890318,0.06832459244587627,0.008533186311690501,0.008495290222459847,False,False,0.6936612677464508,-0.08952843887329562,0.17347158418612924,15,16,0.024481722462903366,0.0037211985223665907,-0.020760523940536776,0.21414003101886142,0.10518048485579909,0.6335678810009033,False,971
mean_swe,Base (mean SWE in window),Uinta Mtns,Holidays,UT,continental,48,21,-0.05807980756317391,0.003373264046575313,-0.003373264046575313,-0.05827841194364612,0.07286784776424837,0.008706096536466992,0.00849324489890352,False,False,0.6938612277544491,-0.09339700615882399,0.07536710192562715,16,16,0.0072101848058611084,0.003373264046575313,-0.0038369207592857954,0.000597388197673001,0.09549004652832029,0.0251029730509223,False,971
storm_days,Storm days per 30 (>= 2 in of new snow),Elk Mtns (Aspen/Crested Butte),Spring,CO,continental,46,11,0.05804143466374285,0.0033688081378255297,0.0033688081378255297,0.058385295943287986,0.06495480052193689,0.007627968893229933,0.007584810502821044,False,False,0.6948610277944411,0.07749828628121357,0.07651909157148977,15,16,0.01907812815148202,0.0033688081378255297,-0.01570932001365649,0.059514797252720485,0.01132538762050999,0.28817360148135246,False,971
mean_depth,Base (mean snow depth),Snowy Range & Sierra Madre,Spring,WY,continental,24,21,-0.08214568551320876,0.006747913648434996,-0.006747913648434996,-0.08062242311203165,0.09410965722573399,0.0153566026916006,0.015174697207562784,False,False,0.6952609478104379,0.03621415145245058,0.2893693690939039,9,9,0.12314447709586274,0.006747913648434996,-0.11639656344742774,0.11103728296978357,0.14496004820927982,0.3275370691928321,False,971
storm_days,Storm days per 30 (>= 2 in of new snow),Gore & Tenmile (Vail/Summit/Copper),Spring,CO,continental,48,20,0.05714273763207371,0.003265292464088013,0.003265292464088013,0.05634619978121671,0.06540496105060455,0.007452703159815883,0.007370642004080123,False,False,0.6958608278344331,0.045471514318930456,0.03483417931489373,16,16,0.004986891044012287,0.003265292464088013,-0.001721598579924274,0.05707692008187839,0.03754515624492749,0.25087883251253235,False,971
big_storm_days,Powder days per 30 (>= 6 in of new snow),N Sierra / Tahoe (Palisades/Heavenly/Rose),Early season,CA+NV,maritime,48,21,-0.05737943418327782,0.0032923994671931116,-0.0032923994671931116,-0.056911683402048184,0.06522628715872429,0.007493408244167329,0.007424275608536796,False,False,0.6966606678664267,-0.08829330753086476,0.17181565117155087,16,16,0.029113783324153264,0.0032923994671931116,-0.025821383856960152,0.01430672737989829,0.07376318484436385,0.14208850811079426,False,971
mean_depth,Base (mean snow depth),Uinta Mtns,Spring,UT,continental,30,27,-0.07462553545317917,0.005568970541673701,-0.005568970541673701,-0.07220065718717623,0.0727145154471753,0.01050033565497764,0.01050007160466627,False,False,0.6974605078984203,0.008771059482005428,0.167631106225403,10,12,0.033485255806167236,0.005568970541673701,-0.027916285264493534,0.0038861740603273447,0.01919175309610344,0.07367228474130376,False,971
mean_swe,Base (mean SWE in window),S Sierra (Mammoth/June),Spring,CA,maritime,48,5,0.056072800872815284,0.0031441589977223945,0.0031441589977223945,0.055695930724185834,0.07184924135337782,0.008264350182289245,0.008003420738006079,False,False,0.7034593081383723,0.03242373150768908,0.05608430184942655,16,16,0.0038836814012825904,0.0031441589977223945,-0.000739522403560196,0.06453531394889526,0.01931100778966353,0.40664045600644216,False,971
days_with_base,Days per 30 with a skiable base,N Sierra / Tahoe (Palisades/Heavenly/Rose),Holidays,CA+NV,maritime,48,20,-0.05380916807880398,0.0028954265693329775,-0.0028954265693329775,-0.05384180187649276,0.08383474325792686,0.009927203806430014,0.009027627273719871,False,False,0.7064587082583483,-0.10475888340529893,0.1253439564749152,16,16,0.01735914961692886,0.0028954265693329775,-0.014463723047595882,0.05470191773067396,0.036535209385495045,0.26054214375636264,False,971
big_storm_days,Powder days per 30 (>= 6 in of new snow),Park Range (Steamboat),Spring,CO,continental,47,15,-0.05794730477043533,0.003357890130157717,-0.003357890130157717,-0.05741104770472655,0.06540985050144922,0.0075744769411763245,0.007510496094995466,False,False,0.707258548290342,-0.046393873990867265,0.08385745271902648,16,16,0.007036447385629696,0.003357890130157717,-0.003678557255471979,6.424389177908978e-06,0.003526053920670706,0.00254799804562247,False,971
mean_depth,Base (mean snow depth),Uinta Mtns,Holidays,UT,continental,30,27,-0.07118406146004592,0.005067170605947595,-0.005067170605947595,-0.06746141225860909,0.0977160397797164,0.01409946657415713,0.013184124087716187,False,False,0.7106578684263147,-0.1608143902590825,-0.09414229766031844,10,12,0.03989359344328358,0.005067170605947595,-0.03482642283733599,0.18670994473495567,0.07884711114228883,-0.43740672654818374,False,971
new_snow_in_total,Total new snow in the window (in),Wasatch (Alta/Snowbird/Park City),Early season,UT,intermountain,48,21,-0.0572042941372298,0.0032723312677387035,-0.0032723312677387035,-0.056130817241001614,0.06025681686873943,0.006781552623295525,0.006764528750367433,False,False,0.7108578284343131,-0.13745271177391777,0.08536958114682791,16,16,0.013046951486613612,0.0032723312677387035,-0.009774620218874909,0.008025807555460993,0.12431874072830583,0.11382569792904672,False,971
mean_depth,Base (mean snow depth),Bridger Range (Bridger Bowl),Early season,MT,continental,24,6,-0.07996453274489834,0.006394326497109919,-0.006394326497109919,-0.07740480832458298,0.11721067692477408,0.019729847136929195,0.018145339961913518,False,False,0.7114577084583084,-0.03971681972996471,0.15403975375446685,9,9,0.03084182808419489,0.006394326497109919,-0.02444750158708497,0.012852203409962001,0.03759217502176169,-0.1553086956492029,False,971
days_with_base,Days per 30 with a skiable base,Elk Mtns (Aspen/Crested Butte),Early season,CO,continental,41,3,0.05829486568949524,0.0033982913657562893,0.0033982913657562893,0.06532757400833715,0.0719672638371332,0.009446978990018309,0.00940289350899569,False,False,0.7124575084983004,-0.03887272388753043,-0.18430171176441804,14,14,0.056464442313556185,0.0033982913657562893,-0.053066150947799894,0.004938938433879074,0.29187605313757453,0.04418930851708713,False,971
mean_swe,Base (mean SWE in window),Front Range (Winter Park/Loveland/A-Basin),Spring,CO,continental,48,20,-0.0547718930891255,0.0029999602725665937,-0.0029999602725665937,-0.05480812719756092,0.05904252036525098,0.006489950017985094,0.006472019932486513,False,False,0.7156568686262748,0.09128003274083911,0.1792225565757637,16,16,0.03969149808351402,0.0029999602725665937,-0.03669153781094743,0.02488336428424835,0.002167064492584769,-0.13954568795396685,False,971
mean_depth,Base (mean snow depth),Wind River Range,Early season,WY,continental,28,21,0.06996755172224178,0.0048954582940045795,0.0048954582940045795,0.06726395058914257,0.11027393481610684,0.016684779748685593,0.014834921005481878,False,False,0.7194561087782444,-0.0013022269121772062,-0.08773397059475607,9,12,0.0027948379791957745,0.0048954582940045795,0.002100620314808805,0.3301017810044163,0.08724895484037333,-0.28042051283893704,False,971
mean_swe,Base (mean SWE in window),S Sierra (Mammoth/June),Early season,CA,maritime,48,5,0.05324714501055486,0.0028352584517750573,0.0028352584517750573,0.0520189395419726,0.07154489259893639,0.007824641728064742,0.00744337888528199,False,False,0.7204559088182364,0.08438122180089078,0.04390716688472449,16,16,0.008651033196722113,0.0028352584517750573,-0.005815774744947056,0.012386902650617747,0.11677888188487467,0.18225498980112045,False,971
storm_days,Storm days per 30 (>= 2 in of new snow),Chugach (Alyeska),Spring,AK,maritime,43,7,-0.055562116665602256,0.003087148808361996,-0.003087148808361996,-0.05584641785870555,0.08840984863860406,0.010935123723950025,0.009874746699792783,False,False,0.7246550689862028,0.057459302227811745,0.19735550714880903,15,15,0.06208321818182805,0.003087148808361996,-0.058996069373466055,0.03008597979177138,0.0003944095579240261,-0.2046880843427149,False,971
mean_swe,Base (mean SWE in window),Bighorn Mtns (Meadowlark),Holidays,WY,continental,48,13,-0.05222289201462253,0.0027272304503709256,-0.0027272304503709256,-0.051117969410637336,0.09017500876403947,0.01074457900226145,0.009219126679208246,False,False,0.7250549890021996,-0.15451024426833224,0.012537297463833523,16,16,0.019596899099399434,0.0027272304503709256,-0.01686966864902851,0.007210997860632281,0.2518920419857378,-0.10755785897937539,False,971
mean_depth,Base (mean snow depth),Klamath & Siskiyou (Mt Shasta),Midwinter,CA+OR,maritime,28,7,-0.06969604644215835,0.004857538889667493,-0.004857538889667493,-0.07173145465289403,0.1153555506477609,0.018452304651868322,0.016549242900498962,False,False,0.7258548290341932,-0.17034056346972581,0.07215268077317277,9,12,0.025595696592028427,0.004857538889667493,-0.020738157702360933,0.43167631411349533,0.3923385414472681,0.788304408604701,False,971
new_snow_in_total,Total new snow in the window (in),N Sierra / Tahoe (Palisades/Heavenly/Rose),Early season,CA+NV,maritime,48,21,-0.05072509532027019,0.002573035295250497,-0.002573035295250497,-0.0509130997151026,0.06950305490719966,0.00742281836403319,0.007077231929989014,False,False,0.7264547090581883,-0.10833306917957797,0.1452960234514738,16,16,0.016961771440269557,0.002573035295250497,-0.01438873614501906,0.02485423646992493,0.06303629332528923,0.21514680256378657,False,971
big_storm_days,Powder days per 30 (>= 6 in of new snow),Beartooth & Absaroka (Red Lodge),Holidays,MT+WY,continental,53,11,-0.04939689637602876,0.002440053371584123,-0.002440053371584123,-0.05008762825269196,0.06632844939890505,0.0069082337036429735,0.00664446943213969,False,False,0.7296540691861627,-0.05422335703757148,-0.03424915748217919,18,19,0.0026747061221427115,0.002440053371584123,-0.0002346527505585885,0.0009914247968228296,0.004498081131967551,-0.03571271920341446,False,971
mean_depth,Base (mean snow depth),Gore & Tenmile (Vail/Summit/Copper),Spring,CO,continental,28,24,0.06781477805448728,0.00459884412257937,0.00459884412257937,0.06593348001918707,0.08774053766565099,0.01204562573729806,0.01157007797410186,False,False,0.7300539892021596,0.259171037794978,0.05464274585768262,9,12,0.12931755737942596,0.00459884412257937,-0.1247187132568466,0.007179182497219055,0.09856403014233756,0.0943387579239115,False,971
mean_depth,Base (mean snow depth),Wasatch (Alta/Snowbird/Park City),Spring,UT,intermountain,30,23,-0.06343251670663337,0.004023684175737322,-0.004023684175737322,-0.06136641634290904,0.07819425164857773,0.009880178045652353,0.009597002004577644,False,False,0.7318536292741452,-0.055881272052836384,0.1629121417352701,10,12,0.027008354614879826,0.004023684175737322,-0.022984670439142506,0.017545327037106723,0.00043173903719537167,0.15978086398781902,False,971
storm_days,Storm days per 30 (>= 2 in of new snow),S Sierra (Mammoth/June),Holidays,CA,maritime,48,5,-0.04875490729587232,0.002377040985429104,-0.002377040985429104,-0.04834195979998923,0.07141399497938018,0.0074369037562187126,0.0069045849488996594,False,False,0.7346530693861227,-0.039120038737427726,-0.03895816331255526,16,16,0.004474774274887405,0.002377040985429104,-0.002097733289458301,0.01779970810803324,0.0011363539477071743,-0.1431506344382519,False,971
days_with_base,Days per 30 with a skiable base,Chugach (Alyeska),Spring,AK,maritime,37,5,0.05937354175076732,0.0035252174600301097,0.0035252174600301097,0.055315998923276835,0.0686955449689147,0.007778937635456145,0.007599925383068801,False,False,0.7348530293941212,0.02117548880632145,0.036642999172811316,12,13,0.015950619954551493,0.0035252174600301097,-0.012425402494521382,0.058890119467615604,0.00043050916426721304,0.20458799667541808,False,971
big_storm_days,Powder days per 30 (>= 6 in of new snow),E Cascades rain shadow (Mission Ridge),Midwinter,WA,transitional,45,6,-0.051025704653791526,0.0026036225354159623,-0.0026036225354159623,-0.05103333685160803,0.06677818738030863,0.007063727780009306,0.006815827461838182,False,False,0.7354529094181164,-0.05930889982276583,0.14385009339932808,15,16,0.027018787960831125,0.0026036225354159623,-0.024415165425415164,0.026472546921539063,0.00929245523371874,0.1365309168615669,False,971
mean_depth,Base (mean snow depth),North Cascades (Mt Baker),Early season,WA,maritime,25,7,-0.06583897284647934,0.004334770345479444,-0.004334770345479444,-0.07081467098223004,0.10338049512159919,0.015702244397908488,0.01464171149603217,False,False,0.7396520695860828,-0.3276028541942924,0.1479370777271222,9,9,0.07081791531910331,0.004334770345479444,-0.06648314497362387,0.05674297911825713,0.31455941514773306,0.45836772900084993,False,971
big_storm_days,Powder days per 30 (>= 6 in of new snow),S San Juans (Wolf Creek),Spring,CO,continental,46,10,0.05044027127983627,0.0025442209667834756,0.0025442209667834756,0.051706362899364526,0.0770784162116041,0.008614630209970055,0.007970889120690928,False,False,0.7420515896820636,0.07198746472742691,0.14242278423298071,15,16,0.034709179851441174,0.0025442209667834756,-0.0321649588846577,0.048066543141467674,0.01729765789346574,0.28524864707470987,False,971
mean_depth,Base (mean snow depth),Park Range (Steamboat),Early season,CO,continental,24,18,0.07008756106049813,0.004912266215409054,0.004912266215409054,0.07246675631229453,0.111151911755865,0.01760617825740908,0.01610963700571587,False,False,0.7424515096980604,0.12589810071274327,0.021787642022982865,9,9,0.011357466497286417,0.004912266215409054,-0.006445200281877363,0.12813114088085872,0.09353406783765798,-0.3334473229447703,False,971
big_storm_days,Powder days per 30 (>= 6 in of new snow),Selkirks (Schweitzer),Holidays,ID,transitional,45,7,-0.04990563865951935,0.0024905727700145126,-0.0024905727700145126,-0.052556173854937285,0.11809351185835669,0.016708228953310224,0.012413086280735784,False,False,0.7446510697860428,0.06625337954758476,0.1595053155078069,15,16,0.04682420398792453,0.0024905727700145126,-0.044333631217910015,0.00451845009130827,0.03676301698738792,0.09598099012541257,False,971
days_with_base,Days per 30 with a skiable base,E Cascades rain shadow (Mission Ridge),Early season,WA,transitional,43,4,-0.05010071959323072,0.002510082103759533,-0.002510082103759533,-0.04772878229822967,0.06059763873181939,0.005950110479543899,0.005784503013635556,False,False,0.747250549890022,0.01872839243715198,0.06421314168129476,14,16,0.0012331045220226322,0.002510082103759533,0.0012769775817369007,0.06235128762743734,0.10335043325338895,-0.310367828989233,False,971
storm_days,Storm days per 30 (>= 2 in of new snow),Blue Mtns (Anthony Lakes),Midwinter,OR,transitional,48,18,-0.04569807654447336,0.0020883141998645463,-0.0020883141998645463,-0.044797131117182115,0.08162714253993461,0.008669773355564809,0.0073133236141647295,False,False,0.7474505098980204,-0.010906296745104349,0.026833011476331367,16,16,0.0007045289257373577,0.0020883141998645463,0.0013837852741271886,0.037333336787237686,0.34914501027775785,0.2730952538612255,False,971
mean_swe,Base (mean SWE in window),Ruby Mtns & NE Nevada,Holidays,NV,continental,46,6,-0.047626055395732184,0.0022682411525573507,-0.0022682411525573507,-0.04793482128285436,0.07357283568510342,0.007710709242166415,0.007053401459676484,False,False,0.7494501099780044,-0.06920415324603661,0.17179761657469156,15,16,0.017118817473133263,0.0022682411525573507,-0.014850576320575912,0.059326523606956234,0.03810041041258949,0.24351581942771544,False,971
storm_days,Storm days per 30 (>= 2 in of new snow),Wasatch (Alta/Snowbird/Park City),Midwinter,UT,intermountain,48,21,0.0469612400638766,0.002205358068337049,0.002205358068337049,0.047421654281615384,0.07916222636836719,0.00851547137840166,0.007508007462007372,False,False,0.7510497900419916,0.07759580053491262,-0.0305157768838352,16,16,0.004179397537357965,0.002205358068337049,-0.001974039469020916,0.03482385328167785,0.15462815449359887,0.30868529689514396,False,971
days_with_base,Days per 30 with a skiable base,N Sierra / Tahoe (Palisades/Heavenly/Rose),Midwinter,CA+NV,maritime,48,21,-0.04770585482415045,0.0022758485845029187,-0.0022758485845029187,-0.04722113069851162,0.06709146171366949,0.006731099419322695,0.0063362693646707505,False,False,0.754249150169966,-0.0017097036811191818,0.08329246471360002,16,16,0.008730474022524248,0.0022758485845029187,-0.00645462543802133,0.044465930407593876,0.11076885359101919,0.260537662657857,False,971
mean_depth,Base (mean snow depth),S Sierra (Mammoth/June),Spring,CA,maritime,26,6,-0.06333404798372107,0.004011201634004283,-0.004011201634004283,-0.06043813725827003,0.07044175531910273,0.008614809327685824,0.008514736953378807,False,False,0.7554489102179565,-0.108593629210759,0.20260845224653554,9,10,0.03558955183236212,0.004011201634004283,-0.031578350198357835,0.012400478175424676,0.006223397236786351,0.1470258726416513,False,971
new_snow_in_total,Total new snow in the window (in),N Sierra / Tahoe (Palisades/Heavenly/Rose),Spring,CA+NV,maritime,48,21,0.04360207416961241,0.0019011408718923818,0.0019011408718923818,0.042373364844352966,0.07023087823714325,0.006727878306193089,0.005951837253763599,False,False,0.7618476304739052,0.06463983164214124,0.1927122672040385,16,16,0.036689331096024125,0.0019011408718923818,-0.034788190224131744,0.03515728476624872,0.05875289019514597,0.2713248076487882,False,971
new_snow_in_total,Total new snow in the window (in),S Sierra (Mammoth/June),Early season,CA,maritime,48,5,-0.04366711833323768,0.001906817223528982,-0.001906817223528982,-0.04277231991789499,0.06552251865589767,0.006122671802171215,0.0056051002595525964,False,False,0.7628474305138973,-0.13302319862858097,0.13442880652105194,16,16,0.012542716438711299,0.001906817223528982,-0.010635899215182317,0.07094710001657978,0.11570690323859853,0.3215222475941857,False,971
big_storm_days,Powder days per 30 (>= 6 in of new snow),Jemez (Pajarito),Holidays,NM,continental,46,6,0.0453247695292616,0.0020543347328806807,0.0020543347328806807,0.047017911271669946,0.06523526408419346,0.006466323660485089,0.00613445171698913,False,False,0.7650469906018796,0.118450331784447,0.1160014371354243,15,16,0.043896340079828344,0.0020543347328806807,-0.04184200534694767,0.12531118641579625,0.14205968044780412,-0.31651164676116567,False,971
days_with_base,Days per 30 with a skiable base,E Cascades rain shadow (Mission Ridge),Spring,WA,transitional,45,6,-0.04607254986749991,0.002122679851293266,-0.002122679851293266,-0.0461277100989928,0.06466750588464043,0.0063096519563167275,0.0059659279285432095,False,False,0.7668466306738653,-0.14420725890791627,0.21998804372760283,15,16,0.0455626241828726,0.002122679851293266,-0.043439944331579335,0.26803678673799025,0.007815553279482986,0.8254990258474607,False,971
mean_depth,Base (mean snow depth),N Sierra / Tahoe (Palisades/Heavenly/Rose),Holidays,CA+NV,maritime,28,25,0.057403542268266244,0.0032951666649446293,0.0032951666649446293,0.05889443513846274,0.09896050558799381,0.01326173615650995,0.011656446155243163,False,False,0.7674465106978604,-0.028280645524397057,-0.08543766412686456,9,12,0.007758039744227951,0.0032951666649446293,-0.004462873079283322,8.690620262874976e-05,0.010002967746349102,0.011333508440624649,False,971
big_storm_days,Powder days per 30 (>= 6 in of new snow),Park Range (Steamboat),Midwinter,CO,continental,47,15,-0.04077124077837547,0.0016622940746082668,-0.0016622940746082668,-0.041304076558410896,0.06591318993144296,0.006050575347281542,0.0054449668862747965,False,False,0.7736452709458108,0.1527907133061504,0.008121108857820497,16,16,0.010132437873207167,0.0016622940746082668,-0.0084701437985989,0.06998650868098774,0.0495238139648634,-0.3884454337560626,False,971
storm_days,Storm days per 30 (>= 2 in of new snow),Elk Mtns (Aspen/Crested Butte),Early season,CO,continental,46,11,0.042786875158527284,0.001830716685831399,0.001830716685831399,0.045195468760614275,0.05848989821209794,0.005463698589353239,0.005286956734912762,False,False,0.7742451509698061,0.05383661570310663,-0.008601087697333754,15,16,0.0021165888132678168,0.001830716685831399,-0.0002858721274364177,0.05511356420061096,0.1105702591083191,-0.19754627929119994,False,971
mean_depth,Base (mean snow depth),San Juans (Telluride/Purgatory),Holidays,CO,continental,26,20,0.05904358690074018,0.003486145154105257,0.003486145154105257,0.053541884593818034,0.11559892269443425,0.016229844333971517,0.012378768356150182,False,False,0.7760447910417917,0.10761192627706537,0.005095965927625634,9,10,0.021472520813037188,0.003486145154105257,-0.017986375658931932,0.09582147897254222,0.1349534387534674,0.30770814460228546,False,971
storm_days,Storm days per 30 (>= 2 in of new snow),Klamath & Siskiyou (Mt Shasta),Holidays,CA+OR,maritime,46,6,-0.041378233689910976,0.0017121582232968837,-0.0017121582232968837,-0.041397613668065165,0.08073690039984965,0.008232209503585618,0.006684630023020064,False,False,0.7812437512497501,-0.06604019162132313,0.05167368861147989,15,16,0.0036540640528610613,0.0017121582232968837,-0.0019419058295641776,0.14914111739192218,0.1092549529728487,0.34735687765315815,False,971
mean_swe,Base (mean SWE in window),Ruby Mtns & NE Nevada,Spring,NV,continental,46,6,-0.04321294585783153,0.0018673586897118791,-0.0018673586897118791,-0.04311643723689566,0.06445311194389536,0.00601323079925547,0.005557977111703149,False,False,0.7812437512497501,-0.11475080466090642,0.2773072641562282,15,16,0.051778253232117266,0.0018673586897118791,-0.04991089454240539,0.23753617485133163,0.027164624637112927,0.6599900895257435,False,971
new_snow_in_total,Total new snow in the window (in),S Sierra (Mammoth/June),Spring,CA,maritime,48,5,0.04116113069674962,0.0016942386802349038,0.0016942386802349038,0.040445729398192694,0.06700375526037387,0.006125360245543908,0.005420031507847624,False,False,0.7822435512897421,0.040835354906735816,0.16650425347025705,16,16,0.027105024662753996,0.0016942386802349038,-0.025410785982519092,0.010498085398146506,0.10371695973073032,0.15618354186970068,False,971
mean_swe,Base (mean SWE in window),S Sierra (Mammoth/June),Holidays,CA,maritime,48,5,-0.040018434178860696,0.0016014750741278059,-0.0016014750741278059,-0.04061277329618343,0.07367388975825713,0.007077239386919015,0.005984201965200214,False,False,0.7840431913617276,-0.09736524679458979,0.07912700070007334,16,16,0.005840609267602548,0.0016014750741278059,-0.004239134193474742,0.03311225289418615,0.04844817673142405,0.23818641056584328,False,971
days_with_base,Days per 30 with a skiable base,Uinta Mtns,Early season,UT,continental,48,9,0.04080536627355634,0.0016650779167190891,0.0016650779167190891,0.03394346823702283,0.07238128964535898,0.006391210126683129,0.004913744012063984,False,False,0.7842431513697261,0.11466558417838577,-0.02029884974986189,16,16,0.018951861907074874,0.0016650779167190891,-0.017286783990355784,0.005581244594774787,0.0519583047585244,-0.11359701834724455,False,971
mean_swe,Base (mean SWE in window),San Juans (Telluride/Purgatory),Spring,CO,continental,46,18,0.042371704716997124,0.0017953613606243963,0.0017953613606243963,0.0429915732309352,0.058362532533371654,0.005254460572579729,0.005018194182702571,False,False,0.7854429114177165,0.1426376298129054,0.05508213906960653,15,16,0.034442391106882186,0.0017953613606243963,-0.03264702974625779,0.0028020421171092995,0.0035623634960611794,-0.06830933584299903,False,971
mean_swe,Base (mean SWE in window),San Juans (Telluride/Purgatory),Midwinter,CO,continental,46,18,-0.04318158733121582,0.0018646494844434184,-0.0018646494844434184,-0.04191249276693142,0.0610993545173459,0.005489788172374395,0.005121652508544876,False,False,0.7860427914417116,0.04988504060550308,0.060582879012563845,15,16,0.009495264913347401,0.0018646494844434184,-0.007630615428903982,0.024182959729997868,0.02646025838056797,-0.14848876022431878,False,971
mean_depth,Base (mean snow depth),N Sierra / Tahoe (Palisades/Heavenly/Rose),Early season,CA+NV,maritime,28,25,0.05521037983034851,0.0030481860410113536,0.0030481860410113536,0.059229771622876556,0.10395094257379818,0.0143139643084792,0.012313981177257644,False,False,0.7868426314737053,0.05431060267245158,0.019734822240517147,9,12,0.0002746736939220895,0.0030481860410113536,0.002773512347089264,7.3990320315464e-07,0.014105034710450394,-0.0011335124478571823,False,971
mean_swe,Base (mean SWE in window),N Sierra / Tahoe (Palisades/Heavenly/Rose),Spring,CA+NV,maritime,48,21,0.04021389958804429,0.001617157720077309,0.001617157720077309,0.03920719182567227,0.07719401454396699,0.007496119772269249,0.0060531210720380976,False,False,0.789242151569686,0.042534520908694265,0.12613608204510846,16,16,0.016545131249587453,0.001617157720077309,-0.014927973529510143,0.09322930855707551,0.0005472981771287518,0.491924753569268,False,971
new_snow_in_total,Total new snow in the window (in),Chugach (Alyeska),Spring,AK,maritime,43,7,0.043169077570530345,0.001863569258290466,0.001863569258290466,0.04059711789347692,0.09087276442203943,0.009905985294960338,0.007378344661095379,False,False,0.79124175164967,0.17663567754076834,0.1297520217271774,15,15,0.07892765408040359,0.001863569258290466,-0.07706408482211312,0.009143006140994956,0.0005110490835983135,-0.14417473000153277,False,971
big_storm_days,Powder days per 30 (>= 6 in of new snow),N Sierra / Tahoe (Palisades/Heavenly/Rose),Spring,CA+NV,maritime,48,21,-0.037769451461034026,0.0014265314636674052,-0.0014265314636674052,-0.0367785324637445,0.07048948608313416,0.0063214280984510715,0.005184999704522431,False,False,0.7934413117376524,-0.035599505155066824,0.21540906647402347,16,16,0.03429974008440284,0.0014265314636674052,-0.032873208620735436,0.010274140199028411,0.04261161247753916,0.12342181892840576,False,971
days_with_base,Days per 30 with a skiable base,San Juans (Telluride/Purgatory),Midwinter,CO,continental,46,18,-0.04000482109390505,0.0016003857107553508,-0.0016003857107553508,-0.03849077134044692,0.0687656955454814,0.006210260362236411,0.005293689326615828,False,False,0.7940411917616477,0.052041496531528036,0.13141618556650383,15,16,0.02506106844579592,0.0016003857107553508,-0.02346068273504057,0.0003452652484130879,0.01601858287927579,-0.01663085791657499,False,971
mean_swe,Base (mean SWE in window),N Sierra / Tahoe (Palisades/Heavenly/Rose),Early season,CA+NV,maritime,48,21,-0.03873672073406399,0.0015005335332288633,-0.0015005335332288633,-0.03865030949818386,0.0736392301443084,0.00691658264055182,0.005692358072571021,False,False,0.7964407118576284,-0.026202747096851442,0.1521428563651205,16,16,0.0245076328646171,0.0015005335332288633,-0.02300709933138824,0.00927729139171021,0.030882825364477694,0.1465050428173272,False,971
mean_swe,Base (mean SWE in window),Wind River Range,Early season,WY,continental,48,23,-0.03824140041018122,0.0014624047053318082,-0.0014624047053318082,-0.0387480045269494,0.06666432852592953,0.005945540552633553,0.005166219407017519,False,False,0.7966406718656269,-0.07617533326612733,0.04984969749401323,16,16,0.006437881313130389,0.0014624047053318082,-0.004975476607798581,0.000123765210513609,0.172638687770119,0.010696862842779152,False,971
big_storm_days,Powder days per 30 (>= 6 in of new snow),Bighorn Mtns (Meadowlark),Midwinter,WY,continental,48,13,-0.037440915760392414,0.0014018221729768011,-0.0014018221729768011,-0.03715178471530947,0.07671178211886748,0.007264952623385299,0.005699959228815782,False,False,0.7978404319136173,-0.07031788201464884,0.04715117881591214,16,16,0.007425519989568641,0.0014018221729768011,-0.00602369781659184,0.017399159893979804,0.004549641981531322,0.09301144480961362,False,971
mean_depth,Base (mean snow depth),San Francisco Peaks (AZ Snowbowl),Spring,AZ,continental,24,8,0.056428749779358425,0.0031842038016614434,0.0031842038016614434,0.060132219066593835,0.12022526730260966,0.018069998667856774,0.01445882422156065,False,False,0.8000399920015997,0.19043211005261804,0.11564747409648131,9,9,0.0754569058903376,0.0031842038016614434,-0.07227270208867616,0.002411811999347006,0.0013353235373440083,-0.07527190925333563,False,971
storm_days,Storm days per 30 (>= 2 in of new snow),Sawtooth & Smoky (Sun Valley),Spring,ID,intermountain,46,19,-0.03914706882271967,0.0015324929974107504,-0.0015324929974107504,-0.04005718732573308,0.07561803191837971,0.007322665007657964,0.006058091339515599,False,False,0.8046390721855629,-0.09741163134373677,0.19307090540611577,15,16,0.0226245938704146,0.0015324929974107504,-0.02109210087300385,0.07883437079720136,0.06577503125089611,0.33977123110674307,False,971
big_storm_days,Powder days per 30 (>= 6 in of new snow),Snowy Range & Sierra Madre,Midwinter,WY,continental,48,15,0.03561748409565167,0.0012686051733039997,0.0012686051733039997,0.03405920267497894,0.06193877492296185,0.00499644112581262,0.004219170577082121,False,False,0.8046390721855629,0.15824707676821725,-0.037293641944713574,16,16,0.01474289068982626,0.0012686051733039997,-0.01347428551652226,0.002381663551593324,0.057198729663847724,-0.0643718992995509,False,971
days_with_base,Days per 30 with a skiable base,Snowy Range & Sierra Madre,Spring,WY,continental,46,13,0.03652103310667669,0.0013337858591789748,0.0013337858591789748,0.03249358672215456,0.04223099000057799,0.002839289694499098,0.002744472671892446,False,False,0.8054389122175565,0.10471392516962454,0.1752270492074563,15,16,0.08353347238614062,0.0013337858591789748,-0.08219968652696165,0.08650727650576209,0.07937415206126988,0.16037900677704836,False,971
storm_days,Storm days per 30 (>= 2 in of new snow),N Sierra / Tahoe (Palisades/Heavenly/Rose),Early season,CA+NV,maritime,48,21,-0.03626075417264602,0.001314842293169066,-0.001314842293169066,-0.03475650899256303,0.072922017001764,0.006525635480955672,0.005069029479355289,False,False,0.8064387122575485,-0.09319411149949064,0.09677739182857112,16,16,0.00906733539492055,0.001314842293169066,-0.007752493101751485,0.03787857297242063,0.04073126418953103,0.2602320287800523,False,971
new_snow_in_total,Total new snow in the window (in),Bighorn Mtns (Meadowlark),Early season,WY,continental,48,13,-0.03633177184552971,0.0013199976454356251,-0.0013199976454356251,-0.03534788930645373,0.08412590138169068,0.008326640561703253,0.00594734609969129,False,False,0.8064387122575485,-0.13266481716625816,0.1521156892316749,16,16,0.02330038099120979,0.0013199976454356251,-0.021980383345774165,0.009022184194659907,0.3412492564046805,-0.11958926667827231,False,971
mean_depth,Base (mean snow depth),S San Juans (Wolf Creek),Spring,CO,continental,26,14,0.05347570964997005,0.0028596515225679004,0.0028596515225679004,0.0531344249273019,0.1001870969711592,0.01286072151186354,0.010646767565396748,False,False,0.8074385122975405,0.2289594970629545,0.13271650679550923,9,10,0.15025406930078367,0.0028596515225679004,-0.14739441777821577,0.00035079268518890935,0.0962306899559954,-0.026271995053381497,False,971
big_storm_days,Powder days per 30 (>= 6 in of new snow),Chugach (Alyeska),Midwinter,AK,maritime,43,6,-0.037781160184328075,0.001427416064873857,-0.001427416064873857,-0.03534766957465185,0.07841801674841747,0.007398843095113851,0.005543788289445151,False,False,0.8084383123375325,-0.09487899492629352,0.11051113706869481,15,15,0.013313263131007558,0.001427416064873857,-0.0118858470661337,0.4002296503770556,0.007084867294155766,0.5122004540078148,False,971
mean_swe,Base (mean SWE in window),Tushar Mtns (Eagle Point),Holidays,UT,continental,47,7,0.03479749345966294,0.001210865551075285,0.001210865551075285,0.035032274709446906,0.06863072119073077,0.005937436162477975,0.004808580556522279,False,False,0.8092381523695261,0.03406361924491812,0.02150805625128288,16,16,0.0077410422104522425,0.001210865551075285,-0.006530176659376958,0.01847118944960914,0.004619423534926589,0.16201745108950577,False,971
new_snow_in_total,Total new snow in the window (in),N Sangre de Cristo (Taos),Holidays,NM+CO,continental,47,7,0.035769465468973596,0.0012794546599360945,0.0012794546599360945,0.03684940478842627,0.05222873582106229,0.004085719478727609,0.003849195655716207,False,False,0.8096380723855229,0.04839216824152451,-0.028006939289299565,16,16,0.0020312459924451964,0.0012794546599360945,-0.000751791332509102,0.16074427861534923,0.03158992372550234,-0.45399677444991915,False,971
mean_swe,Base (mean SWE in window),Ruby Mtns & NE Nevada,Midwinter,NV,continental,46,6,-0.03622650261887765,0.0013123594919955493,-0.0013123594919955493,-0.035839334986434004,0.06314341804499,0.005271549174674202,0.004526036223005677,False,False,0.8106378724255149,-0.09274579407989604,0.1712350717134311,15,16,0.018512790517578814,0.0013123594919955493,-0.017200431025583267,0.1539897203433177,0.01544626849314272,0.42683207937788575,False,971
storm_days,Storm days per 30 (>= 2 in of new snow),Markagunt (Brian Head),Holidays,UT,continental,46,8,-0.03763175851938157,0.0014161492492610471,-0.0014161492492610471,-0.03692553249390112,0.07149603701255387,0.006475178258458621,0.00528005847578443,False,False,0.8116376724655069,0.08618546424474069,0.17182763444374177,15,16,0.03857934372921057,0.0014161492492610471,-0.03716319447994952,0.08260703216539739,0.01468295119066165,-0.25372615319632597,False,971
mean_swe,Base (mean SWE in window),E Cascades rain shadow (Mission Ridge),Midwinter,WA,transitional,45,6,0.03644959727437521,0.0013285731414641407,0.0013285731414641407,0.03480761954642204,0.07653319886347919,0.007068900906765313,0.005327876937421286,False,False,0.8160367926414717,0.04038698436834068,0.03380035052400873,15,16,0.0016528447986505768,0.0013285731414641407,-0.000324271657186436,0.13026240609484024,0.04558150807370653,0.5832749571985099,False,971
days_with_base,Days per 30 with a skiable base,Front Range (Winter Park/Loveland/A-Basin),Spring,CO,continental,48,19,0.034811911180816224,0.0012118691600610375,0.0012118691600610375,0.032973408230177685,0.048046448040418056,0.0033957068196145417,0.0031685102904934503,False,False,0.8164367126574685,0.20371014051007608,0.1697987773538199,16,16,0.11724721235443192,0.0012118691600610375,-0.11603534319437088,0.006033839472518723,0.09226272863590493,-0.04407448753347473,False,971
storm_days,Storm days per 30 (>= 2 in of new snow),N Sangre de Cristo (Taos),Holidays,NM+CO,continental,47,7,0.03357873104404143,0.0011275311785280716,0.0011275311785280716,0.03545393853640977,0.06285767067700951,0.005208068520682903,0.004457103985449164,False,False,0.8168366326734653,0.07209184020220695,0.0034113570769210844,16,16,0.006822219513046179,0.0011275311785280716,-0.0056946883345181075,0.1845943772902561,0.027683141817744013,-0.4578079417736768,False,971
mean_swe,Base (mean SWE in window),N Sierra / Tahoe (Palisades/Heavenly/Rose),Holidays,CA+NV,maritime,48,21,-0.0337593416148371,0.0011396931462672722,-0.0011396931462672722,-0.03523551984812376,0.079225710665251,0.0075182550893815895,0.005583118201254324,False,False,0.8170365926814637,-0.0807167058946007,0.09562557053326845,16,16,0.007564342617134012,0.0011396931462672722,-0.00642464947086674,0.03366662367594654,0.019063366396584774,0.24595174264560238,False,971
big_storm_days,Powder days per 30 (>= 6 in of new snow),White Mtns AZ (Sunrise Park),Spring,AZ,continental,46,7,0.03517125879800372,0.0012370174454361543,0.0012370174454361543,0.028769935405242548,0.11592642871203386,0.014266646057148098,0.006670391731611339,False,False,0.8174365126974605,0.032153737166138056,0.14941417403748586,15,16,0.024360309817476167,0.0012370174454361543,-0.023123292372040014,0.13393477889499233,0.00457477924635245,0.5362059731727542,False,971
new_snow_in_total,Total new snow in the window (in),Klamath & Siskiyou (Mt Shasta),Midwinter,CA+OR,maritime,46,6,-0.033352522140985795,0.0011123907331649476,-0.0011123907331649476,-0.033500512210702715,0.08435697206193794,0.008238383053838021,0.00565200354523772,False,False,0.8244351129774046,-0.04223185307409228,0.1861907367377863,15,16,0.025732596433414745,0.0011123907331649476,-0.0246202057002498,0.27335077238383243,0.15931371344920567,0.7154353591090729,False,971
mean_depth,Base (mean snow depth),Chugach (Alyeska),Holidays,AK,maritime,20,7,0.05155327388548677,0.0026577400483120124,0.0026577400483120124,0.043300576501885256,0.13796728375966605,0.020909911313415828,0.011948125850385462,False,False,0.8254349130173965,0.16128455020907922,0.42837756126680254,7,8,0.27341676842125107,0.0026577400483120124,-0.2707590283729391,0.14147631465751181,0.0025176707313115543,0.5853194670502928,False,971
mean_depth,Base (mean snow depth),White Mtns AZ (Sunrise Park),Holidays,AZ,continental,25,8,0.04632981102765102,0.002146451389857854,0.002146451389857854,0.046597677117331815,0.09573607485519366,0.01133673954141035,0.008922157409166047,False,False,0.8298340331933614,0.12346962001120278,0.08120275167592458,9,9,0.06507410697307126,0.002146451389857854,-0.06292765558321341,0.07806706154929438,0.028123659395062162,0.3005989532814963,False,971
storm_days,Storm days per 30 (>= 2 in of new snow),Uinta Mtns,Early season,UT,continental,48,21,-0.032973207356670586,0.0010872324033859952,-0.0010872324033859952,-0.031725442167217406,0.05837161429514579,0.004413749036126725,0.0037037305470555373,False,False,0.8298340331933614,-0.10215654732562648,0.11117614240953896,16,16,0.01302415122856504,0.0010872324033859952,-0.011936918825179044,0.038703755682816,0.2108305294117341,0.16543079533491004,False,971
storm_days,Storm days per 30 (>= 2 in of new snow),San Juans (Telluride/Purgatory),Midwinter,CO,continental,46,18,-0.03134126470491429,0.0009822748733035061,-0.0009822748733035061,-0.03173031660608481,0.0593322105062113,0.0045271241954757515,0.0037652596486019117,False,False,0.8300339932013597,-0.02773529477470064,-0.001678323733764829,15,16,0.0015442987878192538,0.0009822748733035061,-0.0005620239145157477,0.012599132731894905,0.014612747561768412,-0.1435519576197265,False,971
days_with_base,Days per 30 with a skiable base,S San Juans (Wolf Creek),Early season,CO,continental,46,7,0.0345877923542839,0.0011963153799430597,0.0011963153799430597,0.03573858364429284,0.06946498696597735,0.006102630775083518,0.004965160494066587,False,False,0.8304339132173565,0.1318356128723358,-0.0815115810810724,15,16,0.012399407452663547,0.0011963153799430597,-0.011203092072720487,0.0006787191841522309,0.06187937442069945,0.030678219655653576,False,971
big_storm_days,Powder days per 30 (>= 6 in of new snow),Klamath & Siskiyou (Mt Shasta),Holidays,CA+OR,maritime,46,5,-0.03244313122164741,0.0010525567634650328,-0.0010525567634650328,-0.03332387429276962,0.09148066333784496,0.009479192362612443,0.006096980250579048,False,False,0.8324335132973405,-0.07690492290673451,0.09801481602489136,15,16,0.008916265710668614,0.0010525567634650328,-0.007863708947203582,0.23174235434651463,0.12498212413315374,0.5423946108195217,False,971
storm_days,Storm days per 30 (>= 2 in of new snow),Bridger Range (Bridger Bowl),Spring,MT,continental,50,6,-0.0313584865760909,0.0009833546803428733,-0.0009833546803428733,-0.030795532078202133,0.06368516936349672,0.0050041655928368374,0.003922437352078598,False,False,0.8330333933213357,-0.07919331246200294,0.03959804591622673,18,16,0.004706319070934772,0.0009833546803428733,-0.003722964390591899,1.1601460337746029e-05,0.044654990846462295,0.003729648138954282,False,971
storm_days,Storm days per 30 (>= 2 in of new snow),N Sierra / Tahoe (Palisades/Heavenly/Rose),Spring,CA+NV,maritime,48,21,0.032422334288005575,0.001051207760683182,0.001051207760683182,0.03284518605178295,0.07229522902173235,0.00630540638608097,0.0047491004957501155,False,False,0.8336332733453309,0.060041900615408136,0.2155182075796698,16,16,0.04302607748687726,0.001051207760683182,-0.041974869726194075,0.05088483075519421,0.04064234342357619,0.3115203470825716,False,971
new_snow_in_total,Total new snow in the window (in),Klamath & Siskiyou (Mt Shasta),Holidays,CA+OR,maritime,46,6,-0.0319944623114799,0.0010236456186007077,-0.0010236456186007077,-0.03163936952698593,0.08276072363470405,0.007850387080605026,0.005236994234798319,False,False,0.8350329934013198,-0.05090160047186982,0.06603037514755625,15,16,0.002949646754185631,0.0010236456186007077,-0.0019260011355849232,0.17298771977905814,0.13532649581444087,0.43322417859422047,False,971
mean_swe,Base (mean SWE in window),E Cascades rain shadow (Mission Ridge),Holidays,WA,transitional,45,6,-0.032797735780065285,0.0010756914722989746,-0.0010756914722989746,-0.03462578502952499,0.06694374640000822,0.0056804101709794904,0.004635959543835445,False,False,0.8352329534093181,-0.023804140864662798,-0.01668990762045059,15,16,0.005650835579520397,0.0010756914722989746,-0.0045751441072214225,0.010068555818580571,0.0007417041848918175,0.14965041133745507,False,971
storm_days,Storm days per 30 (>= 2 in of new snow),S Sierra (Mammoth/June),Spring,CA,maritime,48,5,0.03083140336583772,0.0009505754335069896,0.0009505754335069896,0.03179949059997589,0.07380124365003468,0.00645783116670974,0.0046936839074316165,False,False,0.8374325134973005,0.035920545656588546,0.19250142631529243,16,16,0.03431269564981343,0.0009505754335069896,-0.03336212021630644,0.03684016086540233,0.04458164851934875,0.2576768594448813,False,971
mean_swe,Base (mean SWE in window),San Juans (Telluride/Purgatory),Holidays,CO,continental,46,18,0.031109622437788247,0.000967808608221738,0.000967808608221738,0.031086936625886477,0.06825873586320742,0.005625652650425001,0.004243909991885307,False,False,0.8386322735452909,0.1501814660927611,0.021588794130938338,15,16,0.014882762725126009,0.000967808608221738,-0.013914954116904271,0.0025089114335737823,0.0013574664445620767,0.04161985738617553,False,971
new_snow_in_total,Total new snow in the window (in),Bridger Range (Bridger Bowl),Spring,MT,continental,50,6,0.02779003745043323,0.0007722861814964814,0.0007722861814964814,0.028168869780742376,0.05976492588759494,0.004365331591074137,0.0033670208295667617,False,False,0.8426314737052589,-0.02137296503077099,-0.005633551751052179,18,16,0.000362569932677248,0.0007722861814964814,0.0004097162488192334,0.00030417213568044676,0.06522885239460029,-0.02256332635947758,False,971
mean_depth,Base (mean snow depth),San Juans (Telluride/Purgatory),Midwinter,CO,continental,26,20,0.040025178020033046,0.0016020148755353364,0.0016020148755353364,0.04189463069069747,0.10110970666002336,0.011978332861585903,0.008471907639532865,False,False,0.8436312737452509,0.1160610670415296,-0.0003280355085994335,9,10,0.0263085975385291,0.0016020148755353364,-0.024706582662993762,0.02049577839824192,0.2178396634633816,0.17439779376988498,False,971
mean_depth,Base (mean snow depth),Uinta Mtns,Midwinter,UT,continental,30,27,-0.03689079104057442,0.0013609304635993258,-0.0013609304635993258,-0.03599983142411789,0.06546771383988553,0.005582009417986046,0.004713653323916538,False,False,0.8464307138572286,0.012862374201529376,-0.013801310839954931,10,12,0.003424760715060593,0.0013609304635993258,-0.002063830251461267,0.008200012103722492,0.03262358194441265,-0.10986421799861187,False,971
storm_days,Storm days per 30 (>= 2 in of new snow),Sawtooth & Smoky (Sun Valley),Midwinter,ID,intermountain,46,19,0.03005941270244672,0.0009035682920160152,0.0009035682920160152,0.029785799400740005,0.0708323358079206,0.005904413641947154,0.004219595490921152,False,False,0.847630473905219,0.02060367618697999,-0.1370254987097408,15,16,0.014337594980503021,0.0009035682920160152,-0.013434026688487005,0.044606826784700175,0.2040746603071159,0.3036270810946051,False,971
big_storm_days,Powder days per 30 (>= 6 in of new snow),San Francisco Peaks (AZ Snowbowl),Holidays,AZ,continental,46,5,-0.027999793357126865,0.0007839884280418057,-0.0007839884280418057,-0.027491565129456108,0.06219126013223375,0.004623538990102294,0.0034194701568165025,False,False,0.849630073985203,0.08711462689980413,0.060249785712781306,15,16,0.019394260420534826,0.0007839884280418057,-0.01861027199249302,0.0735391031603261,8.91076274690119e-07,-0.3949654415216944,False,971
big_storm_days,Powder days per 30 (>= 6 in of new snow),Uinta Mtns,Early season,UT,continental,48,21,-0.02729983602895481,0.0007452810472078192,-0.0007452810472078192,-0.028875576242945226,0.0656638939606983,0.005145545873443974,0.003792165552941629,False,False,0.8500299940011997,-0.031059093487840007,0.02057186181060821,16,16,0.00128413665910454,0.0007452810472078192,-0.0005388556118967208,0.004392942154153296,0.20700062130773028,-0.06763930886931817,False,971
mean_depth,Base (mean snow depth),San Juans (Telluride/Purgatory),Spring,CO,continental,26,20,0.03927664109811122,0.0015426545359498395,0.0015426545359498395,0.0398323663107848,0.09244759257749427,0.010133174779290917,0.007364812744193884,False,False,0.8514297140571886,0.2137386714885596,0.11144022092444913,9,10,0.1130843247657286,0.0015426545359498395,-0.11154167022977876,0.020933303782144044,0.0353709231425972,-0.21732504902628505,False,971
days_with_base,Days per 30 with a skiable base,Tushar Mtns (Eagle Point),Midwinter,UT,continental,47,7,0.026653452002875663,0.0007104065036695967,0.0007104065036695967,0.027278865572818698,0.05803488627126468,0.004112184531458539,0.0031662517222553013,False,False,0.8514297140571886,0.07409566338342802,0.06266531074555376,16,16,0.017368715483708108,0.0007104065036695967,-0.016658308980038512,0.0008071651472578645,0.00520714813479869,0.03394181589788864,False,971
mean_depth,Base (mean snow depth),S Sierra (Mammoth/June),Holidays,CA,maritime,26,6,-0.038387120346452724,0.0014735710084930447,-0.0014735710084930447,-0.03774806494518765,0.09617433624180548,0.010674419358657962,0.007260790181031975,False,False,0.8518296340731853,-0.09992338573580736,-0.002305572978952819,9,10,0.011270316922991741,0.0014735710084930447,-0.009796745914498696,1.0486170714722278e-05,7.675875658412588e-06,0.0039908711769089346,False,971
big_storm_days,Powder days per 30 (>= 6 in of new snow),Whitefish & Flathead Range,Spring,MT,transitional,52,9,0.026387422471756832,0.0006962960647029775,0.0006962960647029775,0.02682483304905902,0.07309395353747378,0.006062297711848265,0.003921466201076822,False,False,0.8522295540891822,-0.021046970646026918,-0.13016369753039275,18,18,0.042562042986553195,0.0006962960647029775,-0.041865746921850217,0.004820035968927967,0.012679234081355985,0.05234389327547789,False,971
storm_days,Storm days per 30 (>= 2 in of new snow),Snowy Range & Sierra Madre,Spring,WY,continental,48,15,0.028527042206503064,0.0008137921370516072,0.0008137921370516072,0.029148763167589714,0.08648122608647729,0.008328652859620636,0.005041641555275016,False,False,0.852629474105179,0.017353253893685548,0.15068856290436972,16,16,0.023882005240189574,0.0008137921370516072,-0.023068213103137968,0.1340977456255658,0.0001976624456262743,0.45514711049892054,False,971
big_storm_days,Powder days per 30 (>= 6 in of new snow),S Sangre de Cristo (Santa Fe),Holidays,NM,continental,46,4,0.029368251093591133,0.0008624941722962168,0.0008624941722962168,0.030446297467941294,0.06553300672104685,0.00522155199940714,0.003990474833195177,False,False,0.8534293141371726,0.01898569198017923,0.0670713272741412,15,16,0.0030600057247176515,0.0008624941722962168,-0.0021975115524214346,0.13302233477251094,0.2115720094156637,-0.3469466457707061,False,971
mean_swe,Base (mean SWE in window),Bridger Range (Bridger Bowl),Early season,MT,continental,50,6,0.026367776378029714,0.0006952596311217818,0.0006952596311217818,0.02634943898006667,0.07550836648094117,0.006395806343184376,0.003979206190148142,False,False,0.8538292341531694,-0.014439759010383116,-0.020600755053686096,18,16,0.00018632937735740818,0.0006952596311217818,0.0005089302537643737,0.004320933431286144,0.21249547389671583,-0.0887730157202403,False,971
storm_days,Storm days per 30 (>= 2 in of new snow),Ruby Mtns & NE Nevada,Early season,NV,continental,46,6,-0.028365470854155573,0.0008045999367779493,-0.0008045999367779493,-0.02459526433003727,0.07142156969854163,0.005705967645668044,0.0035132647712036234,False,False,0.8542291541691661,-0.056724428142956626,0.14648692508632277,15,16,0.015013700552398035,0.0008045999367779493,-0.014209100615620085,0.05253747650295556,0.04152758764577035,0.221236390185572,False,971
days_with_base,Days per 30 with a skiable base,Tushar Mtns (Eagle Point),Early season,UT,continental,41,3,0.029081967127869524,0.0008457608120264836,0.0008457608120264836,0.031817811234107284,0.05373865170908328,0.0039002157992394423,0.003419692552110097,False,False,0.855628874225155,0.10366135087032514,-0.16182759013585019,14,14,0.035241332054342656,0.0008457608120264836,-0.034395571242316174,0.03136483492793504,0.328071343919731,-0.26964869029216537,False,971
big_storm_days,Powder days per 30 (>= 6 in of new snow),Bighorn Mtns (Meadowlark),Early season,WY,continental,48,13,0.027493591669826505,0.0007558975829071534,0.0007558975829071534,0.024939665643744294,0.08217017394837926,0.007373924409128665,0.004098593328321774,False,False,0.857628474305139,-0.027231688924445517,0.009099861665077764,16,16,0.001224423010697251,0.0007558975829071534,-0.0004685254277900975,6.280585980392011e-05,0.2260234479795648,-0.006887525954007852,False,971
days_with_base,Days per 30 with a skiable base,Ruby Mtns & NE Nevada,Midwinter,NV,continental,46,6,-0.02491851695329215,0.0006209324871515082,-0.0006209324871515082,-0.02616355140567263,0.0787590627548802,0.006887521388184433,0.0041212335740998095,False,False,0.8642271545690862,-0.04920653260588678,0.10402592026768416,15,16,0.007445111231000223,0.0006209324871515082,-0.0068241787438487155,0.11021469592728357,0.023295869931147097,0.46650198141203064,False,971
mean_swe,Base (mean SWE in window),S San Juans (Wolf Creek),Spring,CO,continental,46,10,0.026794241430536013,0.0007179313738378526,0.0007179313738378526,0.027939870351157674,0.06738939403270199,0.00532196678333427,0.0037657018646335442,False,False,0.8654269146170765,0.1413024795517317,0.05375358172497652,15,16,0.037397734561299245,0.0007179313738378526,-0.03667980318746139,0.005449897444244101,0.04156001918293961,-0.08872028922279047,False,971
mean_depth,Base (mean snow depth),N Sierra / Tahoe (Palisades/Heavenly/Rose),Midwinter,CA+NV,maritime,28,25,-0.029121143036514793,0.0008480409717531541,-0.0008480409717531541,-0.027718012663904563,0.07270239055173078,0.006053925817972766,0.004030331564018019,False,False,0.8682263547290542,-0.06045206911221975,0.02856585080387238,9,12,0.0025168826233645802,0.0008480409717531541,-0.0016688416516114262,0.013355083764002816,0.049656768950483585,0.14987150086288253,False,971
big_storm_days,Powder days per 30 (>= 6 in of new snow),S Sierra (Mammoth/June),Early season,CA,maritime,48,5,-0.023577609403777032,0.0005559036651970751,-0.0005559036651970751,-0.022084137079945755,0.06972662349587964,0.00534951113470199,0.003079704622809545,False,False,0.8728254349130175,-0.09797409375285193,0.0905012200569045,16,16,0.007549221809638795,0.0005559036651970751,-0.00699331814444172,0.06545906787262945,0.10343316873976319,0.33248354490510923,False,971
days_with_base,Days per 30 with a skiable base,N Sangre de Cristo (Taos),Midwinter,NM+CO,continental,47,7,-0.02474592310198944,0.0006123607101695747,-0.0006123607101695747,-0.0234803503477052,0.0706565895442882,0.0055436804984809965,0.003318082953747782,False,False,0.8728254349130175,-0.013293831293270303,0.019867340666975597,16,16,0.0005845637630591538,0.0006123607101695747,2.779694711042087e-05,0.012957148116888504,0.06442514199267355,-0.07670051693627794,False,971
new_snow_in_total,Total new snow in the window (in),Elk Mtns (Aspen/Crested Butte),Early season,CO,continental,46,11,-0.024389225750381334,0.0005948343327030639,-0.0005948343327030639,-0.02363045006613688,0.058626781025613584,0.003995497623753433,0.002770754443128206,False,False,0.8734253149370126,0.010715507185916396,0.058585570188053715,15,16,0.0033765640946569198,0.0005948343327030639,-0.002781729761953856,0.05512426062166958,0.07723609575809934,-0.19687521760237564,False,971
storm_days,Storm days per 30 (>= 2 in of new snow),Ruby Mtns & NE Nevada,Spring,NV,continental,46,6,-0.024152822883532824,0.0005833588532433068,-0.0005833588532433068,-0.02502824511724123,0.07563538385421316,0.006347124344422878,0.0037860418532797537,False,False,0.8782243551289742,-0.08797355802291171,0.2845577704736598,15,16,0.057955163164895906,0.0005833588532433068,-0.0573718043116526,0.1726434822631675,0.0850834314130999,0.6885023814767463,False,971
mean_depth,Base (mean snow depth),S San Juans (Wolf Creek),Holidays,CO,continental,26,14,0.03159246475186912,0.000998083829098093,0.000998083829098093,0.029102209519379845,0.13169482138408067,0.018190464578294794,0.007665220569073642,False,False,0.8800239952009599,0.08963459335197414,0.06112057738582517,9,10,0.0233612722268578,0.000998083829098093,-0.022363188397759706,0.2025732928242803,0.20817665539885635,0.4303282969551833,False,971
days_with_base,Days per 30 with a skiable base,North Cascades (Mt Baker),Early season,WA,maritime,31,8,-0.028935508996298813,0.0008372636808748895,-0.0008372636808748895,-0.03152916695191871,0.09938461793779634,0.010871390651323712,0.006267028422826871,False,False,0.8824235152969406,-0.24916725224874856,-0.12260818102666994,10,13,0.07103304230345331,0.0008372636808748895,-0.07019577862257842,0.0006248267627939632,0.05221275147808989,0.040224293121768284,False,971
new_snow_in_total,Total new snow in the window (in),Ruby Mtns & NE Nevada,Spring,NV,continental,46,6,-0.022339600149250283,0.0004990577348283833,-0.0004990577348283833,-0.02321753470096997,0.07266956757943287,0.005819919969772505,0.00337441641395993,False,False,0.8830233953209358,-0.03916597629691309,0.3295054905895124,15,16,0.08534336310946422,0.0004990577348283833,-0.08484430537463583,0.17247349544475576,0.07165394031610109,0.6934546297316346,False,971
days_with_base,Days per 30 with a skiable base,Coeur d'Alenes (Silver/Lookout),Early season,ID+MT,transitional,45,6,-0.022473459103538564,0.0005050563640784203,-0.0005050563640784203,-0.016656015057802603,0.0620323152561315,0.004125430973641832,0.002066422353952969,False,False,0.8842231553689263,-0.07128738717208868,-0.06881974765621775,15,16,0.012030899950396745,0.0005050563640784203,-0.011525843586318325,0.0053149992008241,0.0026304433652331195,0.05414940276962442,False,971
big_storm_days,Powder days per 30 (>= 6 in of new snow),Missoula ranges (Montana Snowbowl),Spring,MT,transitional,46,7,0.021768900868012548,0.00047388504500135747,0.00047388504500135747,0.023837943248594298,0.07517898153323653,0.0062201268026979215,0.0035842245905528224,False,False,0.8862227554489103,0.03750845293712354,-0.1462299789239731,15,16,0.03042125678975416,0.00047388504500135747,-0.0299473717447528,0.11078532929173107,0.06174837430816498,-0.32131259844097587,False,971
new_snow_in_total,Total new snow in the window (in),Wasatch (Alta/Snowbird/Park City),Midwinter,UT,intermountain,48,21,0.021298585815884317,0.0004536297577565886,0.0004536297577565886,0.01931931556827876,0.07385329015959444,0.0058275444214239865,0.002853590036697723,False,False,0.886622675464907,0.07249444493493523,-0.034120368710222775,16,16,0.0028997039220238774,0.0004536297577565886,-0.002446074164267289,0.005203151703112971,0.12685699626035682,0.12476116038587162,False,971
days_with_base,Days per 30 with a skiable base,San Juans (Telluride/Purgatory),Early season,CO,continental,46,10,0.022007879922081773,0.00048434677866477,0.00048434677866477,0.024629979945458663,0.06354952729689808,0.00464517833177289,0.0031304471657319552,False,False,0.8868226354729054,0.08728508235648962,-0.16033665180860607,15,16,0.025983552694192946,0.00048434677866477,-0.025499205915528175,0.012638970075502808,0.02045143165470636,-0.11856790343739702,False,971
mean_depth,Base (mean snow depth),S Sierra (Mammoth/June),Midwinter,CA,maritime,26,6,-0.029129032825562416,0.0008485005533526927,-0.0008485005533526927,-0.026596410258504295,0.06994819705380845,0.005600119309717089,0.0037207418913715816,False,False,0.8934213157368527,-0.0913158348721791,0.020982585215580718,9,10,0.0035383420105591368,0.0008485005533526927,-0.002689841457206444,0.0036825470713288248,0.0072174380531468164,0.0839601853567184,False,971
mean_swe,Base (mean SWE in window),S Sierra (Mammoth/June),Midwinter,CA,maritime,48,5,0.019665086786203663,0.0003867156383089219,0.0003867156383089219,0.020293624729368184,0.06464160274042863,0.004590368009507814,0.002623624855838313,False,False,0.8942211557688462,-0.002571609795683598,0.008285137795147661,16,16,2.168620679343647e-05,0.0003867156383089219,0.00036502943151548546,0.0296685556847994,0.01210564370524257,0.24117413699827342,False,971
big_storm_days,Powder days per 30 (>= 6 in of new snow),Wasatch (Alta/Snowbird/Park City),Midwinter,UT,intermountain,48,21,-0.01978635231844374,0.000391499738069584,-0.000391499738069584,-0.021392741881238683,0.07575471897742338,0.0061964268525456934,0.0032412022987395837,False,False,0.8988202359528095,0.04685067755530466,-0.020842288473948922,16,16,0.0011462412282957635,0.000391499738069584,-0.0007547414902261795,0.001024487902308947,0.09622006540240231,-0.05102596306677002,False,971
mean_depth,Base (mean snow depth),S San Juans (Wolf Creek),Midwinter,CO,continental,26,14,0.025342591897946357,0.0006422469641058563,0.0006422469641058563,0.029326102996365917,0.11667408393680585,0.014472862179446279,0.0068431924050748215,False,False,0.8990201959608078,0.16595181180350688,0.08174148010379109,9,10,0.038833840213115534,0.0006422469641058563,-0.03819159324900968,0.018674612470963824,0.24809421783807453,0.1639299391421811,False,971
big_storm_days,Powder days per 30 (>= 6 in of new snow),Chugach (Alyeska),Early season,AK,maritime,43,6,-0.018560789947602088,0.00034450292347900675,-0.00034450292347900675,-0.019083684035435085,0.09357157837876043,0.009119827276656826,0.0035713808729544265,False,False,0.9070185962807439,0.10979711500174251,0.22947311159644201,15,15,0.1527852745688285,0.00034450292347900675,-0.1524407716453495,0.038008167059360505,0.15840624102324474,0.21570124682587183,False,971
big_storm_days,Powder days per 30 (>= 6 in of new snow),W Central Idaho (Brundage/Tamarack),Spring,ID,intermountain,46,11,-0.016181025703178784,0.0002618255928069325,-0.0002618255928069325,-0.016003196106117973,0.06282007829503101,0.004202464522604696,0.002010644064714133,False,False,0.9144171165766847,-0.18134885316269872,0.037195479157842215,15,16,0.03872806516717442,0.0002618255928069325,-0.03846623957436748,0.13683438266859535,0.1475397897943222,0.299869026072048,False,971
mean_swe,Base (mean SWE in window),N Sierra / Tahoe (Palisades/Heavenly/Rose),Midwinter,CA+NV,maritime,48,21,0.0159400867167684,0.0002540863645380964,0.0002540863645380964,0.01493512228973911,0.06609702613497825,0.0045918747416974605,0.0019743343366279646,False,False,0.914617076584683,0.0010255985440955073,0.015005017587237955,16,16,0.0005149507658215313,0.0002540863645380964,-0.0002608644012834349,0.04303287179318476,0.005176121886946605,0.2909782310854115,False,971
days_with_base,Days per 30 with a skiable base,Klamath & Siskiyou (Mt Shasta),Holidays,CA+OR,maritime,46,5,0.015612375631513813,0.00024374627285948634,0.00024374627285948634,0.01267749889010257,0.09412517299256544,0.009020267168988922,0.0023865435522879216,False,False,0.9154169166166767,0.0015159315059440127,0.018910579237042285,15,16,0.00020120975312665212,0.00024374627285948634,4.253651973283422e-05,0.056357385368479354,0.017566124103865332,0.37223317935146,False,971
mean_swe,Base (mean SWE in window),Park Range (Steamboat),Early season,CO,continental,47,15,-0.01627323257710001,0.000264818098508389,-0.000264818098508389,-0.015091486083558084,0.060897974743412533,0.0039363162800595385,0.0018380818767141638,False,False,0.9170165966806638,-0.019416204495347103,0.14089683350122273,16,16,0.015490305733877774,0.000264818098508389,-0.015225487635369385,0.0035690752141146675,0.18031132769536568,0.06176480882198617,False,971
days_with_base,Days per 30 with a skiable base,S Sierra (Mammoth/June),Midwinter,CA,maritime,48,5,0.014900532979777932,0.0002220258830814498,0.0002220258830814498,0.014274608772662982,0.06721586891202741,0.00472173748921144,0.001918960464067583,False,False,0.9216156768646271,0.015246000343407201,0.0082555838779804,16,16,0.00029436089546897026,0.0002220258830814498,-7.233501238752046e-05,0.030037304286285656,0.0022833883247108137,0.23006047575964403,False,971
big_storm_days,Powder days per 30 (>= 6 in of new snow),W Central Idaho (Brundage/Tamarack),Holidays,ID,intermountain,46,10,-0.014616073514559697,0.00021362960498301346,-0.00021362960498301346,-0.014744745790472408,0.08248028202197139,0.00702040445084959,0.0024323015822808793,False,False,0.9230153969206158,-0.008143037531437006,0.009199295109766463,15,16,8.096503477117434e-05,0.00021362960498301346,0.00013266457021183912,0.05914596125680809,0.10750874489974924,0.3200899879029759,False,971
storm_days,Storm days per 30 (>= 2 in of new snow),S Sierra (Mammoth/June),Early season,CA,maritime,48,5,-0.013741271956551764,0.00018882255498391595,-0.00018882255498391595,-0.013208041943934075,0.07350465754801364,0.0055773870532434796,0.001941705199937349,False,False,0.9242151569686062,-0.09010504771975061,0.05922914385888518,16,16,0.004802683189097157,0.00018882255498391595,-0.004613860634113241,0.06502676336216892,0.04056905211383124,0.3292561812818932,False,971
big_storm_days,Powder days per 30 (>= 6 in of new snow),N Sangre de Cristo (Taos),Midwinter,NM+CO,continental,47,7,-0.01512025725057071,0.0002286221793234361,-0.0002286221793234361,-0.010685092095300172,0.0885466660787888,0.007954683266753575,0.0018922585635673004,False,False,0.9252149570085982,0.1194031166086759,-0.0618172010625698,16,16,0.011189321616412617,0.0002286221793234361,-0.010960699437089182,0.055090485128290054,0.4136137299456954,-0.1925453704964319,False,971
new_snow_in_total,Total new snow in the window (in),Ruby Mtns & NE Nevada,Early season,NV,continental,46,6,0.013919813221799974,0.00019376120012979737,0.00019376120012979737,0.016416929552334862,0.07481584966857342,0.005866926937556903,0.002456493066814091,False,False,0.9260147970405919,-0.004485602488282359,0.14740195243198861,15,16,0.018335913921137204,0.00019376120012979737,-0.018142152721007405,0.11454554971017565,0.07680583088236018,0.3279243257848194,False,971
mean_depth,Base (mean snow depth),San Francisco Peaks (AZ Snowbowl),Holidays,AZ,continental,24,8,0.017575212775047474,0.00030888810408819195,0.00030888810408819195,0.016157179545416414,0.0999897031387559,0.010258995184639354,0.003231103172611532,False,False,0.9304139172165566,0.04084044526345316,-0.007681043723652735,9,9,0.005249077668188273,0.00030888810408819195,-0.004940189564100081,0.005649485436831037,0.007517845863191459,0.10403058442349777,False,971
big_storm_days,Powder days per 30 (>= 6 in of new snow),Ruby Mtns & NE Nevada,Midwinter,NV,continental,46,6,0.01189001090017389,0.00014137235920625392,0.00014137235920625392,0.011944830624135573,0.07405736623670811,0.005627172472557201,0.0017692053923341097,False,False,0.9346130773845231,-0.12283076957664416,-0.0035855430824761683,15,16,0.015410089993594167,0.00014137235920625392,-0.015268717634387913,0.21366586042335226,2.9638143836748003e-05,0.49825467505226534,False,971
storm_days,Storm days per 30 (>= 2 in of new snow),Chugach (Alyeska),Midwinter,AK,maritime,43,7,-0.011609136549283642,0.0001347720514199133,-0.0001347720514199133,-0.011042742315917545,0.07353983697142788,0.005530049779639947,0.0016241629392601284,False,False,0.9396120775844831,-0.1319366671987848,0.040657663192995,15,15,0.014529114848134794,0.0001347720514199133,-0.01439434279671488,0.16821900364812506,0.08747026438332252,0.36924428045594304,False,971
mean_depth,Base (mean snow depth),Gore & Tenmile (Vail/Summit/Copper),Midwinter,CO,continental,28,24,-0.01418846500465066,0.00020131253918819646,-0.00020131253918819646,-0.014616889239096995,0.07944585731543956,0.0065252976956132105,0.0023225025937697675,False,False,0.9408118376324736,0.06318658591586189,0.04118228947404994,9,12,0.04355116969925543,0.00020131253918819646,-0.043349857160067236,0.0010383831223947637,0.09460602905681907,0.028065004961044165,False,971
new_snow_in_total,Total new snow in the window (in),E Cascades rain shadow (Mission Ridge),Midwinter,WA,transitional,45,6,0.010763367904840367,0.0001158500886549477,0.0001158500886549477,0.010950108041867093,0.0736071855272823,0.005537922627376321,0.0016120132683629942,False,False,0.9446110777844431,0.03014797206568481,0.11965443137071731,15,16,0.026866876846094456,0.0001158500886549477,-0.026751026757439508,0.2810829586443278,0.11719430453571318,0.5921308404089708,False,971
storm_days,Storm days per 30 (>= 2 in of new snow),Bighorn Mtns (Meadowlark),Early season,WY,continental,48,13,-0.01012580000564902,0.0001025318257544017,-0.0001025318257544017,-0.010324116379221107,0.0846898987971767,0.007278966337287733,0.0017486967426530197,False,False,0.9446110777844431,-0.08667805180281435,0.06988544570625826,16,16,0.008914609436009857,0.0001025318257544017,-0.008812077610255455,0.021426491467380484,0.31390789020278564,-0.17132121702259692,False,971
storm_days,Storm days per 30 (>= 2 in of new snow),Uinta Mtns,Spring,UT,continental,48,21,0.010462312743107867,0.00010945998793459724,0.00010945998793459724,0.010104931865553625,0.08152878041524536,0.006749051684004777,0.0016476855423554742,False,False,0.94501099780044,-0.046039539508789126,0.1649574261588497,16,16,0.028993523607676153,0.00010945998793459724,-0.028884063619741555,0.1131113900605547,0.10414940443344693,0.3919016567398854,False,971
mean_depth,Base (mean snow depth),E Cascades rain shadow (Mission Ridge),Midwinter,WA,transitional,25,6,-0.013939353910967171,0.00019430558745519577,-0.00019430558745519577,-0.015583819629035196,0.11259067597177805,0.012919515750012222,0.0035091855725106723,False,False,0.9476104779044191,-0.14307660977542755,0.25060777682730434,9,9,0.04182646241972765,0.00019430558745519577,-0.041632156832272456,0.24901322801782486,0.005461202068868281,0.8684394326181292,False,971
days_with_base,Days per 30 with a skiable base,Klamath & Siskiyou (Mt Shasta),Midwinter,CA+OR,maritime,46,5,-0.009443321680376615,8.917632435907103e-05,-8.917632435907103e-05,-0.011198044963041056,0.06625553508523738,0.00451519214042541,0.0014838649218696647,False,False,0.9482103579284143,0.044944215027159506,0.13530630845818417,15,16,0.025126320870997754,8.917632435907103e-05,-0.025037144546638683,0.15244666232723733,0.2207986738004858,0.4072921938728189,False,971
days_with_base,Days per 30 with a skiable base,E Cascades rain shadow (Mission Ridge),Holidays,WA,transitional,45,6,-0.008703206314559227,7.57458001537836e-05,-7.57458001537836e-05,-0.007675362085140427,0.05523718019039652,0.0031100572585243454,0.0008479307170468787,False,False,0.9538092381523695,-0.03314375752119896,-0.11357377654072254,15,16,0.04815926893342504,7.57458001537836e-05,-0.04808352313327125,0.00042403129035237464,0.02718017724298557,0.01771684593840842,False,971
mean_swe,Base (mean SWE in window),Ruby Mtns & NE Nevada,Early season,NV,continental,46,6,-0.00834415940435975,6.962499616536527e-05,-6.962499616536527e-05,-0.007058313480778381,0.06916295761125643,0.004833334494729392,0.00097634767215607,False,False,0.9546090781843631,0.09774845777112073,0.15136421629913865,15,16,0.043170488241703664,6.962499616536527e-05,-0.0431008632455383,6.562690871522706e-05,0.030440877624644327,0.009132256401215365,False,971
new_snow_in_total,Total new snow in the window (in),Sawtooth & Smoky (Sun Valley),Spring,ID,intermountain,46,19,-0.009455904015361179,8.941412074772366e-05,-8.941412074772366e-05,-0.008640838454553585,0.07204588519602821,0.0052652736628769695,0.001245073710588387,False,False,0.9560087982403519,-0.08455371959416019,0.2259169880092145,15,16,0.02838218348897248,8.941412074772366e-05,-0.028292769368224755,0.1276062976502171,0.09262944175145196,0.4621407542018887,False,971
mean_depth,Base (mean snow depth),Front Range (Winter Park/Loveland/A-Basin),Midwinter,CO,continental,28,23,0.011017313209683138,0.00012138119036025857,0.00012138119036025857,0.01030210749057402,0.07558494577558869,0.005819217446646024,0.0015573684720986468,False,False,0.9576084783043392,0.06771493726054051,0.002055726459428364,9,12,0.03484328038473394,0.00012138119036025857,-0.034721899194373684,0.00028566748118311546,0.04831844171753971,-0.014570891306989724,False,971
new_snow_in_total,Total new snow in the window (in),Uinta Mtns,Midwinter,UT,continental,48,21,-0.007467359717737607,5.576146115409027e-05,-5.576146115409027e-05,-0.007954102906939448,0.07476301222861864,0.0056527757505507635,0.00118934538579841,False,False,0.9578084383123375,0.09425886182061104,-0.0638144194303412,16,16,0.005296121834960976,5.576146115409027e-05,-0.005240360373806886,0.0017782135654001408,0.3018336276209127,-0.06839108723639281,False,971
mean_depth,Base (mean snow depth),Ruby Mtns & NE Nevada,Spring,NV,continental,26,6,-0.010933517065666913,0.00011954179542522963,-0.00011954179542522963,-0.009240813216243803,0.08818328656935387,0.007861684659070292,0.0016297705599637997,False,False,0.9582083583283343,-0.05383295504403766,0.18390852114623657,9,10,0.037122853774201436,0.00011954179542522963,-0.03700331197877621,0.11083266704334142,0.0006317422278195542,0.4662204665090102,False,971
mean_swe,Base (mean SWE in window),Wasatch (Alta/Snowbird/Park City),Early season,UT,intermountain,48,21,0.008488888551283953,7.206122883611976e-05,7.206122883611976e-05,0.00941452737596057,0.07192791231710434,0.005262257896009761,0.0013543345992101407,False,False,0.9598080383923215,0.02112170217816865,0.033434195991155324,16,16,0.00014828859389381943,7.206122883611976e-05,-7.622736505769967e-05,0.0026733165770725306,0.10206446160295951,-0.0655653736709208,False,971
mean_depth,Base (mean snow depth),Wasatch (Alta/Snowbird/Park City),Holidays,UT,intermountain,30,23,0.009555884109833924,9.131492112057649e-05,9.131492112057649e-05,0.01241748358418473,0.09398410098021347,0.00898720513562246,0.0023340920621923215,False,False,0.9598080383923215,-0.11245371970997761,-0.12947425911246488,10,12,0.03867665692797062,9.131492112057649e-05,-0.03858534200685004,0.048625320263384925,0.024901826787344778,-0.18420962196821902,False,971
new_snow_in_total,Total new snow in the window (in),Park Range (Steamboat),Spring,CO,continental,47,15,0.007366579741621284,5.42664970896651e-05,5.42664970896651e-05,0.007188351349134086,0.06683434100449508,0.004518501532623729,0.0009608574506562996,False,False,0.9618076384723055,0.004065818378253927,0.13510089479454807,16,16,0.011347087741710893,5.42664970896651e-05,-0.011292821244621228,0.08902911287296475,0.0075899383450429205,0.33848197197841373,False,971
days_with_base,Days per 30 with a skiable base,Selkirks (Schweitzer),Midwinter,ID,transitional,39,5,-0.008278061353155534,6.852629976660724e-05,-6.852629976660724e-05,-0.026452568522574035,0.09957540830764533,0.010615000321075757,0.005268050622842552,False,False,0.9640071985602879,-0.023463570638483547,-0.0444121907649831,13,14,0.0033045283995886132,6.852629976660724e-05,-0.003236002099822006,0.01507054491471635,0.055505627006093565,0.09971458478257077,False,971
new_snow_in_total,Total new snow in the window (in),Uinta Mtns,Spring,UT,continental,48,21,0.0067341325039182555,4.534854058032835e-05,4.534854058032835e-05,0.007038487170497906,0.0787465232762725,0.006250555229749791,0.0011085127876027175,False,False,0.9644071185762847,-0.04834929443095445,0.18886968145990893,16,16,0.03206306578151763,4.534854058032835e-05,-0.0320177172409373,0.12959806560493622,0.1327948612861565,0.46169334664505773,False,971
days_with_base,Days per 30 with a skiable base,S Sierra (Mammoth/June),Holidays,CA,maritime,48,5,-0.006765025085477031,4.576556440713351e-05,-4.576556440713351e-05,-0.010226761802023353,0.09759951137139768,0.009630251276890909,0.001996253909578307,False,False,0.9668066386722656,-0.05408900650003706,0.10390233247608947,16,16,0.007912447781358467,4.576556440713351e-05,-0.007866682216951333,0.059847392595910445,0.08091904441344827,0.3139824357368522,False,971
days_with_base,Days per 30 with a skiable base,Park Range (Steamboat),Spring,CO,continental,46,12,0.006204139287898063,3.849134430364029e-05,3.849134430364029e-05,0.000995474326323349,0.05213756721899317,0.0027193168846493996,0.0001038032192069311,False,False,0.9702059588082383,0.0730244082999416,0.17426230080627975,15,16,0.07828270747899957,3.849134430364029e-05,-0.07824421613469593,0.0160861009518951,0.016042708301431275,0.08009926037721746,False,971
storm_days,Storm days per 30 (>= 2 in of new snow),Park Range (Steamboat),Spring,CO,continental,47,15,0.0044784950202959245,2.0056917646815393e-05,2.0056917646815393e-05,0.002426019499198762,0.06899168874064604,0.004765738685896678,0.00033475036433491795,False,False,0.977004599080184,0.017123300817520927,0.16409936592563013,16,16,0.021119950764483253,2.0056917646815393e-05,-0.021099893846836436,0.13390951499927145,0.002542698890750103,0.3699531472904112,False,971
new_snow_in_total,Total new snow in the window (in),Sawtooth & Smoky (Sun Valley),Midwinter,ID,intermountain,46,19,-0.00428197093509216,1.833527508897403e-05,-1.833527508897403e-05,-0.005588702552592486,0.06628533746343596,0.00442497955886294,0.0007408980693627178,False,False,0.9798040391921615,-0.038099587632121804,-0.12058769060035024,15,16,0.015155397459357456,1.833527508897403e-05,-0.015137062184268482,0.03963527348197373,0.2205770205185747,0.2800727808152007,False,971
mean_depth,Base (mean snow depth),E Cascades rain shadow (Mission Ridge),Holidays,WA,transitional,25,6,0.005927385258523202,3.513389600295817e-05,3.513389600295817e-05,0.0018002594065168723,0.12051668353267361,0.014527511943645354,0.00043392258634382543,False,False,0.982003599280144,-0.14483323604912673,-0.0027793046378632694,9,9,0.02656041711870394,3.513389600295817e-05,-0.02652528322270098,0.15703644012834245,0.11975419500650693,0.71565535505237,False,971
storm_days,Storm days per 30 (>= 2 in of new snow),Klamath & Siskiyou (Mt Shasta),Midwinter,CA+OR,maritime,46,6,0.0032123234283036395,1.0319021808028449e-05,1.0319021808028449e-05,0.0022236954637578398,0.0852360291854297,0.007270125492814961,0.00037907794289674177,False,False,0.9832033593281344,0.002113948949946091,0.15560262998517502,15,16,0.023619200167098398,1.0319021808028449e-05,-0.023608881145290368,0.2700720885493504,0.1118057891347872,0.6919147327270674,False,971
new_snow_in_total,Total new snow in the window (in),Uinta Mtns,Early season,UT,continental,48,21,-0.0025843594524411987,6.678913779422172e-06,-6.678913779422172e-06,-0.002297738754008164,0.061570390279172875,0.0037961925625113364,0.0002829453436877261,False,False,0.9836032793441312,-0.09138404408795531,0.06416580040188453,16,16,0.005746839522271396,6.678913779422172e-06,-0.005740160608491974,0.05079257493137065,0.20389105930950954,0.22909196705286183,False,971
days_with_base,Days per 30 with a skiable base,Elk Mtns (Aspen/Crested Butte),Spring,CO,continental,46,10,0.0025493231277283796,6.4990484095708076e-06,6.4990484095708076e-06,0.00113565898622128,0.05191851060853538,0.0026968214651415866,0.00011792344624761613,False,False,0.9880023995200959,0.13361312544483597,0.15623107760853697,15,16,0.07957343890497726,6.4990484095708076e-06,-0.07956693985656768,0.001051326106746591,0.026392252595457803,0.021703407364777032,False,971
big_storm_days,Powder days per 30 (>= 6 in of new snow),S Sangre de Cristo (Santa Fe),Midwinter,NM,continental,46,5,-0.0017459638750349279,3.0483898529269814e-06,-3.0483898529269814e-06,0.002912056873228453,0.09721025147982834,0.009458313068004385,0.000566163561940201,False,False,0.9898020395920816,0.20393073866763706,0.007740568366443962,15,16,0.026287117636832225,3.0483898529269814e-06,-0.0262840692469793,0.06020702631290586,0.22342243644963744,-0.26875857448102053,False,971
mean_swe,Base (mean SWE in window),Snowy Range & Sierra Madre,Early season,WY,continental,48,15,0.001658342644671336,2.7501003271355208e-06,2.7501003271355208e-06,0.0009083112630514848,0.061957225196033576,0.003839522783342604,0.00011255289094594906,False,False,0.9902019596080783,0.004176926272618668,0.022243675626975948,16,16,0.008166571740185757,2.7501003271355208e-06,-0.008163821639858623,0.00012155336296289931,0.1892661207780455,-0.012836931516336195,False,971
mean_depth,Base (mean snow depth),Markagunt (Brian Head),Holidays,UT,continental,25,10,0.001868410617939942,3.4909582372307162e-06,3.4909582372307162e-06,0.005259149683748501,0.11815829444225699,0.013989041200899171,0.0012428243136965163,False,False,0.9926014797040592,0.09586544394895585,0.10978596416295698,9,9,0.02379970262775577,3.4909582372307162e-06,-0.02379621166951854,0.001303526277106752,0.04502616466687728,0.04750704146747136,False,971
mean_depth,Base (mean snow depth),Wasatch (Alta/Snowbird/Park City),Midwinter,UT,intermountain,30,23,0.0012337716785842286,1.522192554876545e-06,1.522192554876545e-06,0.0015408820163323015,0.07239892915920794,0.005243979260788266,0.00022311641588627958,False,False,0.9934013197360528,-0.034537989330374254,-0.004537176820241462,10,12,0.0019578135207088954,1.522192554876545e-06,-0.001956291328154019,0.01584024256620657,0.007782603560974771,0.14160733101209808,False,971
mean_swe,Base (mean SWE in window),S San Juans (Wolf Creek),Midwinter,CO,continental,46,10,-0.000986076695305082,9.723472490237914e-07,-9.723472490237914e-07,-0.0003920610347939685,0.07428529226294284,0.0055184583584458385,5.8248737109163504e-05,False,False,0.994001199760048,0.10432264712930335,0.00960596318269144,15,16,0.014452865531866532,9.723472490237914e-07,-0.01445189318461751,0.011414115385539991,0.06463619254122968,-0.10488733959209921,False,971
storm_days,Storm days per 30 (>= 2 in of new snow),Uinta Mtns,Midwinter,UT,continental,48,21,-0.0005348857716787167,2.861027887443363e-07,-2.861027887443363e-07,-0.002544078449279217,0.07823900665307618,0.006127814497216185,0.00039809234143820877,False,False,0.9958008398320336,0.07801692966085136,-0.04376454058354023,16,16,0.003715473141583492,2.861027887443363e-07,-0.0037151870387947474,0.0014088508961837486,0.3020698110038329,0.05698106482403454,False,971
big_storm_days,Powder days per 30 (>= 6 in of new snow),Klamath & Siskiyou (Mt Shasta),Spring,CA+OR,maritime,46,5,-0.000384934538238771,1.4817459872909588e-07,-1.4817459872909588e-07,0.001790912923262264,0.09378409661717749,0.00879866414739879,0.00033591830125635986,False,False,0.9982003599280144,-0.02096707024521051,0.2528663801431085,15,16,0.08477629103240414,1.4817459872909588e-07,-0.08477614285780541,0.26282620915361776,0.012955877939786083,0.520543214995826,False,971
days_with_base,Days per 30 with a skiable base,Gore & Tenmile (Vail/Summit/Copper),Spring,CO,continental,48,20,-9.641317585550763e-05,9.29550047854504e-09,-9.29550047854504e-09,-0.002423514662614666,0.053127776957884607,0.002828434107806643,0.0002575118928991099,False,False,0.9992001599680064,0.17106203606022494,0.18935243007893615,16,16,0.11927995238033984,9.29550047854504e-09,-0.11927994308483936,0.004357015863632981,0.11958579227759505,-0.03826331470973218,False,971
