region,window,metric,metric_label,n_total,test,n,r,r2,p,min_detectable_r,fdr_significant,n_tests
Mt Hood,Spring,mean_swe,Base (mean SWE in window),48,within_nina,16,-0.6774146026813264,0.45889054392589923,0.0007998400319936012,0.6509928978614332,False,2158
Central Oregon (Mt Bachelor),Midwinter,mean_swe,Base (mean SWE in window),46,within_nina,16,-0.6979380471802982,0.48711751770184814,0.002999400119976005,0.6509928978614332,False,2158
Sawtooth & Smoky (Sun Valley),Spring,big_storm_days,Powder days per 30 (>= 6 in of new snow),46,nested,46,,0.17400692824986452,0.0048471387094563,0.40301026636269627,False,2158
Mt Hood,Midwinter,big_storm_days,Powder days per 30 (>= 6 in of new snow),48,within_nina,16,-0.6564728496821542,0.43095660236980826,0.0057988402319536095,0.6509928978614332,False,2158
Mt Hood,Midwinter,new_snow_in_total,Total new snow in the window (in),48,within_nina,16,-0.6714142118002279,0.4507970438073212,0.0065986802639472104,0.6509928978614332,False,2158
Central Oregon (Mt Bachelor),Spring,mean_swe,Base (mean SWE in window),46,within_nina,16,-0.6552582205596885,0.4293633356110494,0.006798640271945611,0.6509928978614332,False,2158
Sangre de Cristo (Taos/Santa Fe),Midwinter,big_storm_days,Powder days per 30 (>= 6 in of new snow),47,within_nina,16,-0.6407867094111943,0.4106076069580264,0.008598280343931213,0.6509928978614332,False,2158
Chugach (Alyeska),Midwinter,big_storm_days,Powder days per 30 (>= 6 in of new snow),43,within_nino,15,0.6328252174860726,0.400467755886295,0.010997800439912017,0.6688990105175066,False,2158
Mt Hood,Midwinter,mean_swe,Base (mean SWE in window),48,within_nina,16,-0.6290639792733937,0.39572149001927676,0.011797640471905619,0.6509928978614332,False,2158
Jemez & N New Mexico,Early season,storm_days,Storm days per 30 (>= 2 in of new snow),46,within_nino,15,0.624378528174385,0.3898485464452113,0.01219756048790242,0.6688990105175066,False,2158
Central Oregon (Mt Bachelor),Midwinter,new_snow_in_total,Total new snow in the window (in),46,within_nina,16,-0.5994216115970225,0.35930626844957164,0.013597280543891222,0.6509928978614332,False,2158
Central Oregon (Mt Bachelor),Midwinter,big_storm_days,Powder days per 30 (>= 6 in of new snow),46,within_nina,16,-0.5994002050810997,0.35928060585126437,0.014797040591881624,0.6509928978614332,False,2158
Blues & Wallowas (Anthony Lakes),Midwinter,storm_days,Storm days per 30 (>= 2 in of new snow),48,within_nina,16,-0.589278207034131,0.3472488052853602,0.016196760647870425,0.6509928978614332,False,2158
Mt Hood,Midwinter,storm_days,Storm days per 30 (>= 2 in of new snow),48,within_nina,16,-0.5951583869785846,0.35421350559095066,0.016396720655868825,0.6509928978614332,False,2158
Gore & Tenmile (Vail/Summit/Copper),Midwinter,storm_days,Storm days per 30 (>= 2 in of new snow),48,within_nina,16,-0.6013298029636648,0.3615975319323199,0.01779644071185763,0.6509928978614332,False,2158
S Utah (Brian Head/Eagle Point),Spring,storm_days,Storm days per 30 (>= 2 in of new snow),47,within_nina,16,0.6030829936605557,0.3637090972425779,0.01779644071185763,0.6509928978614332,False,2158
Blues & Wallowas (Anthony Lakes),Midwinter,new_snow_in_total,Total new snow in the window (in),48,within_nina,16,-0.5910604759212205,0.3493524861962196,0.01919616076784643,0.6509928978614332,False,2158
S Utah (Brian Head/Eagle Point),Spring,storm_days,Storm days per 30 (>= 2 in of new snow),47,nested,47,,0.12077069385505874,0.01933208250226104,0.39891242123069554,False,2158
Bighorn Mtns,Early season,new_snow_in_total,Total new snow in the window (in),48,within_nina,16,0.5781796117333249,0.33429166342409833,0.01979604079184163,0.6509928978614332,False,2158
Elk Mtns (Aspen/Crested Butte),Midwinter,new_snow_in_total,Total new snow in the window (in),46,within_nina,16,-0.5631464964865145,0.3171339765050359,0.020395920815836834,0.6509928978614332,False,2158
Ruby Mtns & NE Nevada,Holidays,days_with_base,Days per 30 with a skiable base,46,within_nino,15,0.5498951134688169,0.302384635816883,0.021195760847830435,0.6688990105175066,False,2158
Blues & Wallowas (Anthony Lakes),Midwinter,big_storm_days,Powder days per 30 (>= 6 in of new snow),48,within_nina,16,-0.5663226338780929,0.32072132564262046,0.02439512097580484,0.6509928978614332,False,2158
Blues & Wallowas (Anthony Lakes),Midwinter,mean_swe,Base (mean SWE in window),48,within_nina,16,-0.5583063545233201,0.3117059855011192,0.02459508098380324,0.6509928978614332,False,2158
Bighorn Mtns,Early season,storm_days,Storm days per 30 (>= 2 in of new snow),48,within_nina,16,0.5639643980528202,0.3180558422710798,0.02459508098380324,0.6509928978614332,False,2158
Beartooth & Absaroka (Red Lodge),Midwinter,storm_days,Storm days per 30 (>= 2 in of new snow),53,nested,53,,0.0981755288984693,0.025165277978309364,0.37669626558347646,False,2158
Selkirk & Cabinet (Schweitzer/Silver),Midwinter,mean_swe,Base (mean SWE in window),46,within_nina,16,-0.5488293759312806,0.3012136838851189,0.02519496100779844,0.6509928978614332,False,2158
W Central Idaho (Brundage/Tamarack),Midwinter,storm_days,Storm days per 30 (>= 2 in of new snow),46,within_nina,16,-0.5446209755000448,0.2966120069546204,0.02579484103179364,0.6509928978614332,False,2158
Uinta Mtns,Midwinter,storm_days,Storm days per 30 (>= 2 in of new snow),48,within_nina,16,-0.5496087799551904,0.3020698110038329,0.025994801039792043,0.6509928978614332,False,2158
Mt Hood,Midwinter,mean_depth,Base (mean snow depth),30,within_nina,12,-0.626318034175146,0.39227427993301933,0.026394721055788842,0.732389290340833,False,2158
W Central Idaho (Brundage/Tamarack),Midwinter,mean_swe,Base (mean SWE in window),46,within_nina,16,-0.5433516384518998,0.2952310030083641,0.027394521095780843,0.6509928978614332,False,2158
White Mtns AZ (Sunrise Park),Spring,storm_days,Storm days per 30 (>= 2 in of new snow),46,nested,46,,0.10945943645793438,0.028264461537248375,0.40301026636269627,False,2158
Uinta Mtns,Midwinter,new_snow_in_total,Total new snow in the window (in),48,within_nina,16,-0.5493938729371785,0.3018336276209126,0.028794241151769647,0.6509928978614332,False,2158
Ruby Mtns & NE Nevada,Early season,big_storm_days,Powder days per 30 (>= 6 in of new snow),46,within_nina,16,0.530773219417241,0.28172021045054263,0.02959408118376325,0.6509928978614332,False,2158
Front Range (Winter Park/Loveland/A-Basin),Midwinter,new_snow_in_total,Total new snow in the window (in),48,nested,48,,0.1025770925439372,0.03001000009194732,0.3949367405566347,False,2158
Chugach (Alyeska),Midwinter,new_snow_in_total,Total new snow in the window (in),43,within_nino,15,0.558843100337981,0.31230561079536673,0.03099380123975205,0.6688990105175066,False,2158
Front Range (Winter Park/Loveland/A-Basin),Midwinter,storm_days,Storm days per 30 (>= 2 in of new snow),48,nested,48,,0.10121251282647084,0.0311875817809093,0.3949367405566347,False,2158
Jemez & N New Mexico,Early season,new_snow_in_total,Total new snow in the window (in),46,within_nino,15,0.544720356194611,0.2967202664527839,0.03179364127174565,0.6688990105175066,False,2158
Jemez & N New Mexico,Holidays,days_with_base,Days per 30 with a skiable base,30,nested,30,,0.1643791141892292,0.03231857345414357,0.49235588997361723,False,2158
Bitterroot & Lolo (Montana Snowbowl),Early season,big_storm_days,Powder days per 30 (>= 6 in of new snow),59,nested,59,,0.07996699006358379,0.03305703786369618,0.3578147819208976,False,2158
Front Range (Winter Park/Loveland/A-Basin),Midwinter,storm_days,Storm days per 30 (>= 2 in of new snow),48,within_nina,16,-0.5447461460598058,0.29674836364701124,0.033193361327734455,0.6509928978614332,False,2158
Elk Mtns (Aspen/Crested Butte),Midwinter,big_storm_days,Powder days per 30 (>= 6 in of new snow),46,within_nina,16,-0.5321103218384945,0.28314139460706617,0.03419316136772645,0.6509928978614332,False,2158
Selkirk & Cabinet (Schweitzer/Silver),Spring,mean_swe,Base (mean SWE in window),46,within_nina,16,-0.5290239049675097,0.27986629202707275,0.03559288142371526,0.6509928978614332,False,2158
S Washington Cascades (Crystal/White Pass),Midwinter,mean_swe,Base (mean SWE in window),45,within_nina,16,-0.5326028658641875,0.2836658127267457,0.03579284143171366,0.6509928978614332,False,2158
S Utah (Brian Head/Eagle Point),Spring,new_snow_in_total,Total new snow in the window (in),47,nested,47,,0.0982024856419416,0.0360704094793286,0.39891242123069554,False,2158
E Cascades rain shadow (Mission Ridge),Midwinter,storm_days,Storm days per 30 (>= 2 in of new snow),45,within_nino,15,0.5413893319017549,0.29310240869702847,0.03659268146370726,0.6688990105175066,False,2158
E Cascades rain shadow (Mission Ridge),Midwinter,new_snow_in_total,Total new snow in the window (in),45,within_nino,15,0.5302543052835944,0.2811696282717873,0.03799240151969606,0.6688990105175066,False,2158
Park Range (Steamboat),Midwinter,storm_days,Storm days per 30 (>= 2 in of new snow),47,within_nina,16,-0.5219230277532642,0.27240364689913454,0.03839232153569286,0.6509928978614332,False,2158
Mt Hood,Midwinter,days_with_base,Days per 30 with a skiable base,48,within_nina,16,-0.5177267967651986,0.2680410360887533,0.038592281543691265,0.6509928978614332,False,2158
White Mtns AZ (Sunrise Park),Spring,new_snow_in_total,Total new snow in the window (in),46,nested,46,,0.09743372517781174,0.03913397255956563,0.40301026636269627,False,2158
Gore & Tenmile (Vail/Summit/Copper),Midwinter,storm_days,Storm days per 30 (>= 2 in of new snow),48,nested,48,,0.09315401312894918,0.039152824738996284,0.3949367405566347,False,2158
S Washington Cascades (Crystal/White Pass),Spring,mean_swe,Base (mean SWE in window),45,within_nina,16,-0.5267800099601587,0.2774971788936249,0.039192161567686463,0.6509928978614332,False,2158
Jemez & N New Mexico,Holidays,mean_swe,Base (mean SWE in window),46,within_nino,15,0.5242042495404357,0.2747900952362513,0.03939212157568486,0.6688990105175066,False,2158
Jemez & N New Mexico,Spring,storm_days,Storm days per 30 (>= 2 in of new snow),46,nested,46,,0.09708587614607353,0.039504338735115385,0.40301026636269627,False,2158
Central Oregon (Mt Bachelor),Midwinter,storm_days,Storm days per 30 (>= 2 in of new snow),46,within_nina,16,-0.5178592251916485,0.26817817711609454,0.04059188162367527,0.6509928978614332,False,2158
Sangre de Cristo (Taos/Santa Fe),Midwinter,big_storm_days,Powder days per 30 (>= 6 in of new snow),47,nested,47,,0.09367509564052634,0.04088240537019994,0.39891242123069554,False,2158
Bighorn Mtns,Early season,mean_swe,Base (mean SWE in window),48,within_nina,16,0.5013312612175577,0.25133303347398706,0.04099180163967207,0.6509928978614332,False,2158
Bighorn Mtns,Holidays,mean_swe,Base (mean SWE in window),48,within_nina,16,0.5180856220930152,0.2684127118195066,0.041391721655668866,0.6509928978614332,False,2158
Bitterroot & Lolo (Montana Snowbowl),Early season,big_storm_days,Powder days per 30 (>= 6 in of new snow),59,within_nina,22,-0.4354517734544546,0.18961824700462968,0.041391721655668866,0.5667539699566799,False,2158
Bridger/Gallatin/Madison (Big Sky),Midwinter,storm_days,Storm days per 30 (>= 2 in of new snow),60,nested,60,,0.07220529517884623,0.04139334344304468,0.35493516594241575,False,2158
S Utah (Brian Head/Eagle Point),Spring,new_snow_in_total,Total new snow in the window (in),47,within_nina,16,0.51839983761049,0.2687383916345824,0.041591681663667265,0.6509928978614332,False,2158
Whitefish & Flathead Range,Midwinter,days_with_base,Days per 30 with a skiable base,51,within_nina,17,-0.4757381905704052,0.22632682596720316,0.041791641671665665,0.6344057021110318,False,2158
E Cascades rain shadow (Mission Ridge),Spring,mean_swe,Base (mean SWE in window),45,within_nino,15,0.5439880922859237,0.29592304454887863,0.041991601679664065,0.6688990105175066,False,2158
Blues & Wallowas (Anthony Lakes),Midwinter,days_with_base,Days per 30 with a skiable base,48,within_nina,16,-0.5247052701107454,0.2753156204819903,0.042191561687662464,0.6509928978614332,False,2158
Elk Mtns (Aspen/Crested Butte),Holidays,storm_days,Storm days per 30 (>= 2 in of new snow),46,within_nino,15,-0.5372965434460009,0.2886875755990203,0.042191561687662464,0.6688990105175066,False,2158
White Mtns AZ (Sunrise Park),Spring,mean_swe,Base (mean SWE in window),46,nested,46,,0.09289257623685267,0.04425760010728175,0.40301026636269627,False,2158
Elk Mtns (Aspen/Crested Butte),Early season,days_with_base,Days per 30 with a skiable base,41,within_nina,14,0.5401180606273998,0.29172751941590347,0.04499100179964007,0.6882955938502429,False,2158
Blues & Wallowas (Anthony Lakes),Midwinter,days_with_base,Days per 30 with a skiable base,48,within_nino,16,0.5127180491656117,0.2628797979401906,0.04499100179964007,0.6509928978614332,False,2158
Bighorn Mtns,Early season,big_storm_days,Powder days per 30 (>= 6 in of new snow),48,within_nina,16,0.5125193423772592,0.2626760763108182,0.04619076184763048,0.6509928978614332,False,2158
Elk Mtns (Aspen/Crested Butte),Midwinter,storm_days,Storm days per 30 (>= 2 in of new snow),46,within_nina,16,-0.5104913101781927,0.26060137776744774,0.04619076184763048,0.6509928978614332,False,2158
Jemez & N New Mexico,Spring,new_snow_in_total,Total new snow in the window (in),46,nested,46,,0.09012894830078609,0.04770267248876303,0.40301026636269627,False,2158
Ruby Mtns & NE Nevada,Spring,big_storm_days,Powder days per 30 (>= 6 in of new snow),46,nested,46,,0.08985784088039742,0.048054944313731585,0.40301026636269627,False,2158
Sawtooth & Smoky (Sun Valley),Midwinter,big_storm_days,Powder days per 30 (>= 6 in of new snow),46,within_nina,16,-0.5006918193260853,0.25069229794006526,0.04919016196760648,0.6509928978614332,False,2158
Uinta Mtns,Midwinter,big_storm_days,Powder days per 30 (>= 6 in of new snow),48,within_nina,16,-0.49771265023880046,0.24771788220773053,0.05038992201559688,0.6509928978614332,False,2158
Beartooth & Absaroka (Red Lodge),Midwinter,new_snow_in_total,Total new snow in the window (in),53,nested,53,,0.07575632806983253,0.050605909200426735,0.37669626558347646,False,2158
Sawtooth & Smoky (Sun Valley),Spring,big_storm_days,Powder days per 30 (>= 6 in of new snow),46,within_nino,15,0.4959288365488771,0.24594541092072286,0.05078984203159368,0.6688990105175066,False,2158
E Cascades rain shadow (Mission Ridge),Spring,days_with_base,Days per 30 with a skiable base,45,within_nino,15,0.5177726019970144,0.26808846737875863,0.05078984203159368,0.6688990105175066,False,2158
Ruby Mtns & NE Nevada,Early season,big_storm_days,Powder days per 30 (>= 6 in of new snow),46,nested,46,,0.08763907034931323,0.051039080800849845,0.40301026636269627,False,2158
Gore & Tenmile (Vail/Summit/Copper),Midwinter,new_snow_in_total,Total new snow in the window (in),48,within_nina,16,-0.4979924474749663,0.24799647774210706,0.05118976204759048,0.6509928978614332,False,2158
Blues & Wallowas (Anthony Lakes),Midwinter,mean_swe,Base (mean SWE in window),48,within_nino,16,0.4921025819401008,0.24216495115211364,0.051789642071585686,0.6509928978614332,False,2158
Sangre de Cristo (Taos/Santa Fe),Spring,storm_days,Storm days per 30 (>= 2 in of new snow),47,nested,47,,0.08458825150180069,0.052593418663765545,0.39891242123069554,False,2158
Blues & Wallowas (Anthony Lakes),Holidays,mean_swe,Base (mean SWE in window),48,within_nino,16,0.48953274690786563,0.23964231029516042,0.052789442111577684,0.6509928978614332,False,2158
Front Range (Winter Park/Loveland/A-Basin),Midwinter,new_snow_in_total,Total new snow in the window (in),48,within_nina,16,-0.4825853192872548,0.23288859039158163,0.05358928214357129,0.6509928978614332,False,2158
E Cascades rain shadow (Mission Ridge),Spring,days_with_base,Days per 30 with a skiable base,45,nested,45,,0.08717279101692149,0.05458955323948156,0.40723664075787896,False,2158
Gore & Tenmile (Vail/Summit/Copper),Midwinter,big_storm_days,Powder days per 30 (>= 6 in of new snow),48,nested,48,,0.0813705014274148,0.05465786303077502,0.3949367405566347,False,2158
San Francisco Peaks (AZ Snowbowl),Spring,new_snow_in_total,Total new snow in the window (in),46,nested,46,,0.08426965102983149,0.05593568707413987,0.40301026636269627,False,2158
Uinta Mtns,Midwinter,big_storm_days,Powder days per 30 (>= 6 in of new snow),48,nested,48,,0.08037651087597689,0.056222973965566414,0.3949367405566347,False,2158
Blues & Wallowas (Anthony Lakes),Midwinter,mean_depth,Base (mean snow depth),28,within_nina,12,-0.5723715613923218,0.3276092042906844,0.05658868226354729,0.732389290340833,False,2158
Central Cascades (Stevens/Snoqualmie),Midwinter,mean_swe,Base (mean SWE in window),45,within_nina,16,-0.47858232000992,0.22904103702607748,0.057788442311537694,0.6509928978614332,False,2158
Front Range (Winter Park/Loveland/A-Basin),Midwinter,big_storm_days,Powder days per 30 (>= 6 in of new snow),48,nested,48,,0.07925548850442461,0.0580432071424094,0.3949367405566347,False,2158
Ruby Mtns & NE Nevada,Midwinter,storm_days,Storm days per 30 (>= 2 in of new snow),46,within_nino,15,0.4945828430401259,0.2446121886296538,0.05818836232753449,0.6688990105175066,False,2158
Ruby Mtns & NE Nevada,Spring,storm_days,Storm days per 30 (>= 2 in of new snow),46,nested,46,,0.08252025530713673,0.058664403699511536,0.40301026636269627,False,2158
Sangre de Cristo (Taos/Santa Fe),Spring,new_snow_in_total,Total new snow in the window (in),47,nested,47,,0.0802830665816882,0.05928285885824669,0.39891242123069554,False,2158
Elk Mtns (Aspen/Crested Butte),Holidays,new_snow_in_total,Total new snow in the window (in),46,within_nino,15,-0.5007179882022593,0.2507185037093179,0.0597880423915217,0.6688990105175066,False,2158
Yellowstone & Wind River,Midwinter,new_snow_in_total,Total new snow in the window (in),48,within_nina,16,-0.48733129362119015,0.23749178974250265,0.060187962407518496,0.6509928978614332,False,2158
Selkirk & Cabinet (Schweitzer/Silver),Early season,big_storm_days,Powder days per 30 (>= 6 in of new snow),46,within_nina,16,-0.4876237090285873,0.2377768816067964,0.060587882423515295,0.6509928978614332,False,2158
Snowy Range & Sierra Madre,Holidays,big_storm_days,Powder days per 30 (>= 6 in of new snow),46,within_nino,15,-0.49729324154735055,0.24730056808867154,0.060587882423515295,0.6688990105175066,False,2158
W Central Idaho (Brundage/Tamarack),Midwinter,days_with_base,Days per 30 with a skiable base,46,within_nina,16,-0.46203421332682265,0.21347561428453588,0.0613877224555089,0.6509928978614332,False,2158
Ruby Mtns & NE Nevada,Spring,mean_swe,Base (mean SWE in window),46,within_nino,15,0.4873768304416323,0.23753617485133163,0.0615876824635073,0.6688990105175066,False,2158
Sangre de Cristo (Taos/Santa Fe),Holidays,days_with_base,Days per 30 with a skiable base,47,nested,47,,0.07881495677621998,0.061758047735253174,0.39891242123069554,False,2158
Central Cascades (Stevens/Snoqualmie),Spring,mean_swe,Base (mean SWE in window),45,within_nina,16,-0.477137312097018,0.22766001459516713,0.0625874825034993,0.6509928978614332,False,2158
E Cascades rain shadow (Mission Ridge),Spring,mean_depth,Base (mean snow depth),25,nested,25,,0.15433004590053356,0.06369253297473787,0.5351255042517953,False,2158
Sawtooth & Smoky (Sun Valley),Spring,big_storm_days,Powder days per 30 (>= 6 in of new snow),46,within_nina,16,0.4702330374832803,0.22111910954075212,0.06418716256748651,0.6509928978614332,False,2158
Yellowstone & Wind River,Spring,big_storm_days,Powder days per 30 (>= 6 in of new snow),48,within_nino,16,0.47197523624458393,0.22276062362813082,0.0647870425914817,0.6509928978614332,False,2158
Sawtooth & Smoky (Sun Valley),Midwinter,new_snow_in_total,Total new snow in the window (in),46,within_nina,16,-0.4703039081560625,0.22118576602686607,0.0651869626074785,0.6509928978614332,False,2158
White Mtns AZ (Sunrise Park),Holidays,mean_swe,Base (mean SWE in window),46,within_nino,15,0.5030728585334179,0.2530823009929843,0.0651869626074785,0.6688990105175066,False,2158
Tetons (Jackson/Targhee),Midwinter,storm_days,Storm days per 30 (>= 2 in of new snow),46,within_nina,16,-0.477544729888501,0.22804896904428137,0.06678664267146571,0.6509928978614332,False,2158
W Central Idaho (Brundage/Tamarack),Spring,mean_swe,Base (mean SWE in window),46,within_nina,16,-0.4686358919591049,0.2196195992323058,0.06678664267146571,0.6509928978614332,False,2158
Mt Hood,Spring,days_with_base,Days per 30 with a skiable base,48,within_nina,16,-0.45690443371742645,0.20876166155064213,0.0673865226954609,0.6509928978614332,False,2158
Bighorn Mtns,Holidays,new_snow_in_total,Total new snow in the window (in),48,within_nina,16,-0.461769040582582,0.21323064684055826,0.06818636272745451,0.6509928978614332,False,2158
Blues & Wallowas (Anthony Lakes),Spring,mean_swe,Base (mean SWE in window),48,within_nina,16,-0.4763413475152672,0.22690107935266055,0.0683863227354529,0.6509928978614332,False,2158
Sangre de Cristo (Taos/Santa Fe),Holidays,days_with_base,Days per 30 with a skiable base,47,within_nino,16,0.45280007983284476,0.2050279122966306,0.0687862427514497,0.6509928978614332,False,2158
N Sierra / Tahoe (Palisades/Heavenly/Rose),Midwinter,storm_days,Storm days per 30 (>= 2 in of new snow),48,within_nino,16,0.4663856906200104,0.21751561241510406,0.06958608278344332,0.6509928978614332,False,2158
Gore & Tenmile (Vail/Summit/Copper),Midwinter,new_snow_in_total,Total new snow in the window (in),48,nested,48,,0.07275662233813401,0.06985560039025085,0.3949367405566347,False,2158
Snowy Range & Sierra Madre,Early season,new_snow_in_total,Total new snow in the window (in),46,within_nina,16,0.45561893168649853,0.20758861091114622,0.07038592281543692,0.6509928978614332,False,2158
Snowy Range & Sierra Madre,Early season,mean_swe,Base (mean SWE in window),46,within_nina,16,0.4586340951370643,0.21034523322219376,0.07078584283143372,0.6509928978614332,False,2158
White Mtns AZ (Sunrise Park),Spring,new_snow_in_total,Total new snow in the window (in),46,within_nino,15,0.47504958460594604,0.22567210783428188,0.07098580283943211,0.6688990105175066,False,2158
Central Cascades (Stevens/Snoqualmie),Midwinter,new_snow_in_total,Total new snow in the window (in),45,within_nina,16,-0.46153065902942836,0.21301054922413845,0.07158568286342731,0.6509928978614332,False,2158
Snowy Range & Sierra Madre,Spring,storm_days,Storm days per 30 (>= 2 in of new snow),46,within_nino,15,0.479622995619297,0.2300382179268282,0.07258548290341932,0.6688990105175066,False,2158
Bridger/Gallatin/Madison (Big Sky),Midwinter,new_snow_in_total,Total new snow in the window (in),60,nested,60,,0.05632800001099068,0.07283374232923134,0.35493516594241575,False,2158
Uinta Mtns,Early season,big_storm_days,Powder days per 30 (>= 6 in of new snow),48,within_nina,16,0.4549732094395562,0.20700062130773028,0.07298540291941612,0.6509928978614332,False,2158
S Washington Cascades (Crystal/White Pass),Midwinter,mean_depth,Base (mean snow depth),29,within_nina,12,-0.5369718767399589,0.28833879640963367,0.07298540291941612,0.732389290340833,False,2158
Snowy Range & Sierra Madre,Early season,storm_days,Storm days per 30 (>= 2 in of new snow),46,within_nina,16,0.4647178660162815,0.21596269499472656,0.07338532293541292,0.6509928978614332,False,2158
Central Cascades (Stevens/Snoqualmie),Midwinter,big_storm_days,Powder days per 30 (>= 6 in of new snow),45,within_nina,16,-0.45864755422907294,0.2103575790003104,0.07438512297540492,0.6509928978614332,False,2158
Ruby Mtns & NE Nevada,Midwinter,new_snow_in_total,Total new snow in the window (in),46,within_nino,15,0.4753789079637396,0.22598510613679762,0.07518496300739852,0.6688990105175066,False,2158
S Washington Cascades (Crystal/White Pass),Midwinter,new_snow_in_total,Total new snow in the window (in),45,within_nina,16,-0.45971240172003375,0.21133549229520168,0.07578484303139373,0.6509928978614332,False,2158
Uinta Mtns,Early season,new_snow_in_total,Total new snow in the window (in),48,within_nina,16,0.45154297614901445,0.20389105930950943,0.07578484303139373,0.6509928978614332,False,2158
Park Range (Steamboat),Early season,storm_days,Storm days per 30 (>= 2 in of new snow),47,within_nina,16,0.4536230654435812,0.20577388550243156,0.07658468306338732,0.6509928978614332,False,2158
Uinta Mtns,Early season,storm_days,Storm days per 30 (>= 2 in of new snow),48,within_nina,16,0.4591628571778581,0.2108305294117341,0.07658468306338732,0.6509928978614332,False,2158
Blues & Wallowas (Anthony Lakes),Spring,days_with_base,Days per 30 with a skiable base,48,within_nina,16,-0.4650955175307527,0.21631384042719867,0.07738452309538092,0.6509928978614332,False,2158
North Cascades (Mt Baker),Spring,days_with_base,Days per 30 with a skiable base,31,nested,31,,0.11073968117578241,0.07775059098841841,0.48496043336552974,False,2158
Central Cascades (Stevens/Snoqualmie),Spring,days_with_base,Days per 30 with a skiable base,45,nested,45,,0.07387388140321377,0.07787754430535287,0.40723664075787896,False,2158
Uinta Mtns,Spring,big_storm_days,Powder days per 30 (>= 6 in of new snow),48,within_nina,16,0.4554399222838012,0.2074255228098749,0.07798440311937613,0.6509928978614332,False,2158
Sawtooth & Smoky (Sun Valley),Midwinter,storm_days,Storm days per 30 (>= 2 in of new snow),46,within_nina,16,-0.4469453884885514,0.19976018029118214,0.07918416316736653,0.6509928978614332,False,2158
Uinta Mtns,Spring,storm_days,Storm days per 30 (>= 2 in of new snow),48,nested,48,,0.06826615940503708,0.07944530817037865,0.3949367405566347,False,2158
Park Range (Steamboat),Early season,new_snow_in_total,Total new snow in the window (in),47,within_nina,16,0.4541117024348534,0.20621743828828082,0.07998400319936012,0.6509928978614332,False,2158
Elk Mtns (Aspen/Crested Butte),Midwinter,big_storm_days,Powder days per 30 (>= 6 in of new snow),46,nested,46,,0.07109635097896672,0.08018813715562723,0.40301026636269627,False,2158
Ruby Mtns & NE Nevada,Spring,days_with_base,Days per 30 with a skiable base,46,within_nino,15,0.46275266721960817,0.21414003101886142,0.08038392321535692,0.6688990105175066,False,2158
Elk Mtns (Aspen/Crested Butte),Early season,mean_swe,Base (mean SWE in window),46,within_nina,16,0.4502339005003872,0.20271056515979255,0.08038392321535692,0.6509928978614332,False,2158
Park Range (Steamboat),Midwinter,new_snow_in_total,Total new snow in the window (in),47,within_nina,16,-0.4437190905378546,0.19688663130774078,0.08058388322335533,0.6509928978614332,False,2158
Tetons (Jackson/Targhee),Midwinter,new_snow_in_total,Total new snow in the window (in),46,within_nina,16,-0.4472877846019203,0.20006636225409385,0.08158368326334733,0.6509928978614332,False,2158
Ruby Mtns & NE Nevada,Early season,big_storm_days,Powder days per 30 (>= 6 in of new snow),46,within_nino,15,0.46162568435984014,0.21309827246069077,0.08178364327134573,0.6688990105175066,False,2158
Park Range (Steamboat),Midwinter,big_storm_days,Powder days per 30 (>= 6 in of new snow),47,nested,47,,0.06867062887763314,0.0820425531153377,0.39891242123069554,False,2158
Snowy Range & Sierra Madre,Midwinter,storm_days,Storm days per 30 (>= 2 in of new snow),46,within_nina,16,-0.45121966938590885,0.20359919004072888,0.08238352329534093,0.6509928978614332,False,2158
Ruby Mtns & NE Nevada,Midwinter,big_storm_days,Powder days per 30 (>= 6 in of new snow),46,within_nino,15,0.46224004632155374,0.21366586042335214,0.08298340331933614,0.6688990105175066,False,2158
Ruby Mtns & NE Nevada,Spring,new_snow_in_total,Total new snow in the window (in),46,nested,46,,0.06961805755780871,0.083517904266314,0.40301026636269627,False,2158
Uinta Mtns,Early season,mean_swe,Base (mean SWE in window),48,within_nina,16,0.43612899579517256,0.19020850097330563,0.08538292341531693,0.6509928978614332,False,2158
Bighorn Mtns,Spring,storm_days,Storm days per 30 (>= 2 in of new snow),48,within_nino,16,0.4434240731423097,0.19662490864211643,0.08598280343931214,0.6509928978614332,False,2158
Uinta Mtns,Spring,new_snow_in_total,Total new snow in the window (in),48,nested,48,,0.06533670849088401,0.08643038191530072,0.3949367405566347,False,2158
W Central Idaho (Brundage/Tamarack),Midwinter,new_snow_in_total,Total new snow in the window (in),46,within_nina,16,-0.4346475787505797,0.18891851771374138,0.08838232353529295,0.6509928978614332,False,2158
Selkirk & Cabinet (Schweitzer/Silver),Spring,days_with_base,Days per 30 with a skiable base,44,nested,44,,0.0702353588483999,0.08985376625929709,0.41159838137646865,False,2158
Gore & Tenmile (Vail/Summit/Copper),Holidays,big_storm_days,Powder days per 30 (>= 6 in of new snow),48,within_nina,16,0.4264671381773495,0.1818742199451785,0.09138172365526895,0.6509928978614332,False,2158
Bridger/Gallatin/Madison (Big Sky),Midwinter,big_storm_days,Powder days per 30 (>= 6 in of new snow),60,nested,60,,0.04993219280721105,0.09177037022924017,0.35493516594241575,False,2158
North Cascades (Mt Baker),Early season,big_storm_days,Powder days per 30 (>= 6 in of new snow),44,within_nina,16,-0.43334186039897493,0.18778516797404468,0.09178164367126575,0.6509928978614332,False,2158
Central Oregon (Mt Bachelor),Midwinter,days_with_base,Days per 30 with a skiable base,46,within_nina,16,-0.43443306024272227,0.18873208383185675,0.09298140371925614,0.6509928978614332,False,2158
White Mtns AZ (Sunrise Park),Spring,storm_days,Storm days per 30 (>= 2 in of new snow),46,within_nino,15,0.4400767628034518,0.1936675571595656,0.09318136372725455,0.6688990105175066,False,2158
Chugach (Alyeska),Early season,storm_days,Storm days per 30 (>= 2 in of new snow),43,within_nino,15,0.4536800235500912,0.2058255637684113,0.09358128374325135,0.6688990105175066,False,2158
Ruby Mtns & NE Nevada,Spring,big_storm_days,Powder days per 30 (>= 6 in of new snow),46,within_nino,15,0.4527677034042987,0.20499859324600303,0.09378124375124974,0.6688990105175066,False,2158
North Cascades (Mt Baker),Spring,storm_days,Storm days per 30 (>= 2 in of new snow),44,within_nina,16,-0.43425671610765637,0.18857889548460566,0.09558088382323535,0.6509928978614332,False,2158
Jemez & N New Mexico,Early season,storm_days,Storm days per 30 (>= 2 in of new snow),46,nested,46,,0.06467252372838499,0.09574557347374058,0.40301026636269627,False,2158
Sawtooth & Smoky (Sun Valley),Spring,new_snow_in_total,Total new snow in the window (in),46,nested,46,,0.06447223366223016,0.09627865098893595,0.40301026636269627,False,2158
Gore & Tenmile (Vail/Summit/Copper),Holidays,big_storm_days,Powder days per 30 (>= 6 in of new snow),48,within_nino,16,-0.40517668063753576,0.16416814253245166,0.09638072385522896,0.6509928978614332,False,2158
Blues & Wallowas (Anthony Lakes),Holidays,days_with_base,Days per 30 with a skiable base,48,within_nino,16,0.42526152098318565,0.18084736122893244,0.09678064387122576,0.6509928978614332,False,2158
Uinta Mtns,Early season,mean_depth,Base (mean snow depth),30,within_nina,12,0.5018567222775238,0.25186016969513964,0.09798040391921616,0.732389290340833,False,2158
Sawtooth & Smoky (Sun Valley),Spring,days_with_base,Days per 30 with a skiable base,46,within_nino,15,0.4423240917268739,0.19565060212200397,0.09878024395120975,0.6688990105175066,False,2158
Ruby Mtns & NE Nevada,Midwinter,storm_days,Storm days per 30 (>= 2 in of new snow),46,nested,46,,0.06308954068044342,0.1000449376615864,0.40301026636269627,False,2158
San Francisco Peaks (AZ Snowbowl),Spring,storm_days,Storm days per 30 (>= 2 in of new snow),46,within_nino,15,0.4413445861451401,0.194785043719625,0.10037992401519696,0.6688990105175066,False,2158
Park Range (Steamboat),Early season,mean_swe,Base (mean SWE in window),47,within_nina,16,0.4217335863804515,0.17785921788131775,0.10117976404719056,0.6509928978614332,False,2158
Sangre de Cristo (Taos/Santa Fe),Midwinter,new_snow_in_total,Total new snow in the window (in),47,within_nina,16,-0.4268986255155862,0.18224243646709673,0.10137972405518897,0.6509928978614332,False,2158
Bighorn Mtns,Holidays,big_storm_days,Powder days per 30 (>= 6 in of new snow),48,within_nina,16,-0.42069218193553426,0.17698191194168067,0.10137972405518897,0.6509928978614332,False,2158
S Washington Cascades (Crystal/White Pass),Spring,days_with_base,Days per 30 with a skiable base,45,nested,45,,0.06400460207080169,0.10166376183293513,0.40723664075787896,False,2158
Jemez & N New Mexico,Early season,big_storm_days,Powder days per 30 (>= 6 in of new snow),46,within_nina,16,-0.42578438784333944,0.1812923449311273,0.10177964407118577,0.6509928978614332,False,2158
Snowy Range & Sierra Madre,Spring,new_snow_in_total,Total new snow in the window (in),46,nested,46,,0.06209599905536752,0.10284686623889527,0.40301026636269627,False,2158
Blues & Wallowas (Anthony Lakes),Holidays,storm_days,Storm days per 30 (>= 2 in of new snow),48,within_nina,16,-0.4163851269753083,0.1733765739662436,0.10457908418316336,0.6509928978614332,False,2158
Snowy Range & Sierra Madre,Holidays,new_snow_in_total,Total new snow in the window (in),46,within_nino,15,-0.44507877635054643,0.19809511715769973,0.10497900419916016,0.6688990105175066,False,2158
Snowy Range & Sierra Madre,Midwinter,new_snow_in_total,Total new snow in the window (in),46,within_nina,16,-0.4258631392352347,0.18135941335928893,0.10597880423915217,0.6509928978614332,False,2158
San Juans (Telluride/Purgatory/Wolf Ck),Spring,storm_days,Storm days per 30 (>= 2 in of new snow),48,nested,48,,0.05826165868086405,0.10608920483890116,0.3949367405566347,False,2158
Snowy Range & Sierra Madre,Spring,new_snow_in_total,Total new snow in the window (in),46,within_nino,15,0.4323384683229874,0.18691655119186676,0.10657868426314737,0.6688990105175066,False,2158
Gore & Tenmile (Vail/Summit/Copper),Holidays,new_snow_in_total,Total new snow in the window (in),48,within_nino,16,-0.4163956365100078,0.17338532610457455,0.10677864427114576,0.6509928978614332,False,2158
W Central Idaho (Brundage/Tamarack),Spring,big_storm_days,Powder days per 30 (>= 6 in of new snow),46,nested,46,,0.060649268651028154,0.10707599946851076,0.40301026636269627,False,2158
Ruby Mtns & NE Nevada,Midwinter,new_snow_in_total,Total new snow in the window (in),46,nested,46,,0.060447063697462285,0.10768159444317504,0.40301026636269627,False,2158
Central Cascades (Stevens/Snoqualmie),Midwinter,days_with_base,Days per 30 with a skiable base,45,nested,45,,0.06169927314160485,0.10824908985640647,0.40723664075787896,False,2158
San Francisco Peaks (AZ Snowbowl),Spring,storm_days,Storm days per 30 (>= 2 in of new snow),46,nested,46,,0.05997165639964879,0.1091197639092556,0.40301026636269627,False,2158
Yellowstone & Wind River,Midwinter,storm_days,Storm days per 30 (>= 2 in of new snow),48,within_nina,16,-0.41745115460414445,0.1742654664803333,0.11037792441511697,0.6509928978614332,False,2158
S Washington Cascades (Crystal/White Pass),Midwinter,big_storm_days,Powder days per 30 (>= 6 in of new snow),45,within_nina,16,-0.41657456394234754,0.173534367323757,0.11057788442311538,0.6509928978614332,False,2158
Bighorn Mtns,Holidays,storm_days,Storm days per 30 (>= 2 in of new snow),48,within_nina,16,-0.4165022370756208,0.17347411348899663,0.11077784443111378,0.6509928978614332,False,2158
White Mtns AZ (Sunrise Park),Holidays,mean_swe,Base (mean SWE in window),46,nested,46,,0.05941140365263841,0.11084080060591683,0.40301026636269627,False,2158
E Cascades rain shadow (Mission Ridge),Spring,storm_days,Storm days per 30 (>= 2 in of new snow),45,within_nino,15,0.4342973272423847,0.18861416844987897,0.11097780443911218,0.6688990105175066,False,2158
Tetons (Jackson/Targhee),Spring,storm_days,Storm days per 30 (>= 2 in of new snow),46,within_nino,15,0.42881613074107444,0.18388327398374624,0.11137772445510898,0.6688990105175066,False,2158
San Francisco Peaks (AZ Snowbowl),Spring,mean_swe,Base (mean SWE in window),46,nested,46,,0.059074940204451615,0.11188821429140638,0.40301026636269627,False,2158
Whitefish & Flathead Range,Midwinter,mean_swe,Base (mean SWE in window),52,within_nina,18,-0.38212500932636556,0.14601952275267496,0.11257748450309939,0.6189900709973589,False,2158
S Washington Cascades (Crystal/White Pass),Midwinter,storm_days,Storm days per 30 (>= 2 in of new snow),45,within_nina,16,-0.41988514297291385,0.1763035332893843,0.11337732453509299,0.6509928978614332,False,2158
San Francisco Peaks (AZ Snowbowl),Spring,new_snow_in_total,Total new snow in the window (in),46,within_nino,15,0.42652714272296555,0.18192540347941702,0.11357728454309138,0.6688990105175066,False,2158
North Cascades (Mt Baker),Early season,mean_depth,Base (mean snow depth),27,nested,27,,0.10526115675746227,0.11358216782194253,0.5167321619197414,False,2158
Bighorn Mtns,Spring,days_with_base,Days per 30 with a skiable base,48,within_nino,16,-0.40149622347020425,0.16119921746083618,0.11397720455908818,0.6509928978614332,False,2158
Sangre de Cristo (Taos/Santa Fe),Holidays,days_with_base,Days per 30 with a skiable base,47,within_nina,16,0.38806089299819946,0.15059125667456,0.11397720455908818,0.6509928978614332,False,2158
S Utah (Brian Head/Eagle Point),Spring,storm_days,Storm days per 30 (>= 2 in of new snow),47,within_nino,16,0.41569345210298736,0.17280104612129865,0.11477704459108179,0.6509928978614332,False,2158
Central Cascades (Stevens/Snoqualmie),Holidays,new_snow_in_total,Total new snow in the window (in),45,within_nino,15,0.4193881511759658,0.17588642134679472,0.11477704459108179,0.6688990105175066,False,2158
W Central Idaho (Brundage/Tamarack),Holidays,mean_swe,Base (mean SWE in window),46,within_nino,15,0.4170755840393083,0.1739520428017301,0.11497700459908018,0.6688990105175066,False,2158
Jemez & N New Mexico,Holidays,mean_swe,Base (mean SWE in window),46,nested,46,,0.058073382929595914,0.11506884486329672,0.40301026636269627,False,2158
Ruby Mtns & NE Nevada,Spring,mean_swe,Base (mean SWE in window),46,nested,46,,0.05792632288169683,0.11554390756708943,0.40301026636269627,False,2158
Ruby Mtns & NE Nevada,Spring,storm_days,Storm days per 30 (>= 2 in of new snow),46,within_nino,15,0.4155038895884941,0.1726434822631675,0.11557688462307539,0.6688990105175066,False,2158
Sangre de Cristo (Taos/Santa Fe),Holidays,storm_days,Storm days per 30 (>= 2 in of new snow),47,within_nino,16,-0.40733617956983825,0.16592276318655153,0.11577684463107378,0.6509928978614332,False,2158
White Mtns AZ (Sunrise Park),Spring,days_with_base,Days per 30 with a skiable base,46,nested,46,,0.057761684893627985,0.11607823512594762,0.40301026636269627,False,2158
Front Range (Winter Park/Loveland/A-Basin),Holidays,storm_days,Storm days per 30 (>= 2 in of new snow),48,within_nino,16,-0.41211722025494973,0.16984060323066674,0.11617676464707058,0.6509928978614332,False,2158
Front Range (Winter Park/Loveland/A-Basin),Holidays,big_storm_days,Powder days per 30 (>= 6 in of new snow),48,within_nina,16,0.40202661483629387,0.1616253990367298,0.11637672465506899,0.6509928978614332,False,2158
S Washington Cascades (Crystal/White Pass),Midwinter,storm_days,Storm days per 30 (>= 2 in of new snow),45,within_nino,15,0.4246209033273148,0.1803029115425048,0.11697660467906419,0.6688990105175066,False,2158
Front Range (Winter Park/Loveland/A-Basin),Midwinter,big_storm_days,Powder days per 30 (>= 6 in of new snow),48,within_nino,16,-0.4113831263920018,0.16923607668005775,0.11717656468706258,0.6509928978614332,False,2158
Beartooth & Absaroka (Red Lodge),Midwinter,storm_days,Storm days per 30 (>= 2 in of new snow),53,within_nino,18,-0.3757722366750948,0.14120477385580346,0.11737652469506099,0.6189900709973589,False,2158
Ruby Mtns & NE Nevada,Spring,big_storm_days,Powder days per 30 (>= 6 in of new snow),46,within_nina,16,0.3995727435117975,0.1596583773575447,0.11757648470305938,0.6509928978614332,False,2158
Elk Mtns (Aspen/Crested Butte),Midwinter,new_snow_in_total,Total new snow in the window (in),46,nested,46,,0.05713175598696891,0.11814711044931703,0.40301026636269627,False,2158
Central Cascades (Stevens/Snoqualmie),Midwinter,storm_days,Storm days per 30 (>= 2 in of new snow),45,within_nina,16,-0.4119666317022382,0.16971650563608756,0.11817636472705459,0.6509928978614332,False,2158
Bighorn Mtns,Midwinter,mean_depth,Base (mean snow depth),23,nested,23,,0.1235483935704065,0.11817990994724437,0.5556053417105351,False,2158
Sawtooth & Smoky (Sun Valley),Holidays,days_with_base,Days per 30 with a skiable base,46,within_nino,15,0.41755902580541276,0.17435554003156536,0.1187762447510498,0.6688990105175066,False,2158
S Utah (Brian Head/Eagle Point),Early season,days_with_base,Days per 30 with a skiable base,47,within_nina,16,0.3962769102729525,0.15703538961547764,0.1187762447510498,0.6509928978614332,False,2158
S Utah (Brian Head/Eagle Point),Spring,big_storm_days,Powder days per 30 (>= 6 in of new snow),47,within_nina,16,0.4045407208794447,0.1636531948496608,0.1219756048790242,0.6509928978614332,False,2158
E Cascades rain shadow (Mission Ridge),Midwinter,storm_days,Storm days per 30 (>= 2 in of new snow),45,within_nina,16,-0.3974102478287289,0.15793490507929173,0.1231753649270146,0.6509928978614332,False,2158
Sawtooth & Smoky (Sun Valley),Early season,big_storm_days,Powder days per 30 (>= 6 in of new snow),46,within_nina,16,0.39853064785653725,0.1588266772809513,0.1231753649270146,0.6509928978614332,False,2158
Gore & Tenmile (Vail/Summit/Copper),Holidays,storm_days,Storm days per 30 (>= 2 in of new snow),48,within_nino,16,-0.3959799396502138,0.15680011260538695,0.12377524495100979,0.6509928978614332,False,2158
Mt Hood,Holidays,big_storm_days,Powder days per 30 (>= 6 in of new snow),48,within_nino,16,0.40471863413523146,0.16379717281628733,0.1241751649670066,0.6509928978614332,False,2158
Chugach (Alyeska),Midwinter,storm_days,Storm days per 30 (>= 2 in of new snow),43,within_nino,15,0.4103914013176841,0.16842110227549245,0.1245750849830034,0.6688990105175066,False,2158
Tetons (Jackson/Targhee),Early season,big_storm_days,Powder days per 30 (>= 6 in of new snow),46,within_nino,15,-0.419318830897224,0.17582828194501474,0.1247750449910018,0.6688990105175066,False,2158
Wasatch (Alta/Snowbird/Park City),Midwinter,storm_days,Storm days per 30 (>= 2 in of new snow),48,within_nina,16,-0.40302509110367823,0.16242922405912813,0.125374925014997,0.6509928978614332,False,2158
S Washington Cascades (Crystal/White Pass),Holidays,new_snow_in_total,Total new snow in the window (in),45,within_nino,15,0.4147429697800177,0.17201173098194866,0.12577484503099381,0.6688990105175066,False,2158
Ruby Mtns & NE Nevada,Spring,new_snow_in_total,Total new snow in the window (in),46,within_nino,15,0.41529928418521955,0.17247349544475576,0.1261747650469906,0.6688990105175066,False,2158
San Juans (Telluride/Purgatory/Wolf Ck),Midwinter,big_storm_days,Powder days per 30 (>= 6 in of new snow),47,nested,47,,0.05335092599535822,0.12686713089158097,0.39891242123069554,False,2158
Jemez & N New Mexico,Spring,mean_swe,Base (mean SWE in window),46,nested,46,,0.05424637507555976,0.12814081189533755,0.40301026636269627,False,2158
San Francisco Peaks (AZ Snowbowl),Midwinter,big_storm_days,Powder days per 30 (>= 6 in of new snow),46,within_nino,15,0.40811851689486317,0.1665607238324627,0.12837432513497302,0.6688990105175066,False,2158
W Central Idaho (Brundage/Tamarack),Early season,days_with_base,Days per 30 with a skiable base,46,within_nino,15,0.4138451735566046,0.1712678276760962,0.1285742851429714,0.6688990105175066,False,2158
Blues & Wallowas (Anthony Lakes),Early season,big_storm_days,Powder days per 30 (>= 6 in of new snow),48,within_nina,16,-0.3848513891906712,0.14811059176198946,0.129374125174965,0.6509928978614332,False,2158
Ruby Mtns & NE Nevada,Early season,days_with_base,Days per 30 with a skiable base,46,within_nina,16,0.38188959146691315,0.14583966007076582,0.1297740451909618,0.6509928978614332,False,2158
Central Cascades (Stevens/Snoqualmie),Holidays,mean_depth,Base (mean snow depth),27,nested,27,,0.09688343649056899,0.12988907409232608,0.5167321619197414,False,2158
Bridger/Gallatin/Madison (Big Sky),Early season,big_storm_days,Powder days per 30 (>= 6 in of new snow),60,within_nina,22,-0.329924956222675,0.108850476738534,0.13017396520695862,0.5667539699566799,False,2158
Wasatch (Alta/Snowbird/Park City),Early season,mean_depth,Base (mean snow depth),30,within_nina,12,0.45698269923705737,0.20883318740198684,0.131373725254949,0.732389290340833,False,2158
Front Range (Winter Park/Loveland/A-Basin),Spring,big_storm_days,Powder days per 30 (>= 6 in of new snow),48,within_nina,16,-0.3888656578807186,0.15121649987900407,0.1315736852629474,0.6509928978614332,False,2158
Central Oregon (Mt Bachelor),Holidays,storm_days,Storm days per 30 (>= 2 in of new snow),46,within_nina,16,-0.3929275358469496,0.15439204842675588,0.1315736852629474,0.6509928978614332,False,2158
E Cascades rain shadow (Mission Ridge),Midwinter,mean_depth,Base (mean snow depth),25,nested,25,,0.10472289099051912,0.13199070036713656,0.5351255042517953,False,2158
Bighorn Mtns,Early season,new_snow_in_total,Total new snow in the window (in),48,nested,48,,0.05073085402225678,0.13232629147121577,0.3949367405566347,False,2158
Mt Hood,Holidays,new_snow_in_total,Total new snow in the window (in),48,within_nino,16,0.3923857303750944,0.15396656140199627,0.132373525294941,0.6509928978614332,False,2158
Snowy Range & Sierra Madre,Spring,storm_days,Storm days per 30 (>= 2 in of new snow),46,nested,46,,0.052938147910181955,0.1329678539635074,0.40301026636269627,False,2158
Chugach (Alyeska),Early season,storm_days,Storm days per 30 (>= 2 in of new snow),43,nested,43,,0.05691825587839361,0.1330525534351199,0.4161028431113385,False,2158
Sawtooth & Smoky (Sun Valley),Spring,mean_swe,Base (mean SWE in window),46,within_nino,15,0.4056106734121693,0.16452001838587343,0.1347730453909218,0.6688990105175066,False,2158
North Cascades (Mt Baker),Spring,mean_swe,Base (mean SWE in window),44,within_nina,16,-0.39654336082112274,0.15724663701131114,0.13517296540691862,0.6509928978614332,False,2158
Selkirk & Cabinet (Schweitzer/Silver),Midwinter,big_storm_days,Powder days per 30 (>= 6 in of new snow),46,within_nina,16,-0.38911045560985524,0.15140694666490911,0.1357728454309138,0.6509928978614332,False,2158
S Washington Cascades (Crystal/White Pass),Midwinter,days_with_base,Days per 30 with a skiable base,45,nested,45,,0.05334466350473678,0.1361878345381512,0.40723664075787896,False,2158
North Cascades (Mt Baker),Midwinter,new_snow_in_total,Total new snow in the window (in),44,within_nino,15,0.40365821044485367,0.16293995085954177,0.13637272545490903,0.6688990105175066,False,2158
Whitefish & Flathead Range,Spring,days_with_base,Days per 30 with a skiable base,50,within_nina,16,-0.3796513834958993,0.1441351729903504,0.13737252549490103,0.6509928978614332,False,2158
Selkirk & Cabinet (Schweitzer/Silver),Midwinter,storm_days,Storm days per 30 (>= 2 in of new snow),46,within_nina,16,-0.38312940183037547,0.14678813854690131,0.1375724855028994,0.6509928978614332,False,2158
Tetons (Jackson/Targhee),Spring,mean_swe,Base (mean SWE in window),46,within_nina,16,-0.38819850650269094,0.15069808045091979,0.13817236552689463,0.6509928978614332,False,2158
Yellowstone & Wind River,Spring,new_snow_in_total,Total new snow in the window (in),48,within_nino,16,0.38540738796869506,0.14853885470085224,0.13877224555088982,0.6509928978614332,False,2158
Central Cascades (Stevens/Snoqualmie),Midwinter,days_with_base,Days per 30 with a skiable base,45,within_nino,15,0.3939509703741272,0.15519736705871642,0.13897220555888823,0.6688990105175066,False,2158
Blues & Wallowas (Anthony Lakes),Spring,mean_swe,Base (mean SWE in window),48,within_nino,16,0.38094741416787686,0.14512093236119192,0.13957208558288342,0.6509928978614332,False,2158
E Cascades rain shadow (Mission Ridge),Midwinter,days_with_base,Days per 30 with a skiable base,45,within_nino,15,0.4008999077290046,0.1607207360171244,0.13977204559088183,0.6688990105175066,False,2158
Elk Mtns (Aspen/Crested Butte),Holidays,big_storm_days,Powder days per 30 (>= 6 in of new snow),46,within_nino,15,-0.388155097543121,0.15066437974870978,0.14117176564687062,0.6688990105175066,False,2158
Park Range (Steamboat),Midwinter,new_snow_in_total,Total new snow in the window (in),47,nested,47,,0.04955576274660778,0.14161216114813213,0.39891242123069554,False,2158
Blues & Wallowas (Anthony Lakes),Midwinter,big_storm_days,Powder days per 30 (>= 6 in of new snow),48,nested,48,,0.04841688850958097,0.1417300836987464,0.3949367405566347,False,2158
Chugach (Alyeska),Midwinter,mean_swe,Base (mean SWE in window),43,within_nino,15,0.40979968124648714,0.16793577874972246,0.14217156568686262,0.6688990105175066,False,2158
North Cascades (Mt Baker),Midwinter,mean_swe,Base (mean SWE in window),44,within_nina,16,-0.38216794993111697,0.14605234195455272,0.14237152569486103,0.6509928978614332,False,2158
Front Range (Winter Park/Loveland/A-Basin),Early season,days_with_base,Days per 30 with a skiable base,47,within_nina,16,0.3749960007156966,0.14062200055276672,0.14297140571885622,0.6509928978614332,False,2158
North Cascades (Mt Baker),Spring,new_snow_in_total,Total new snow in the window (in),44,within_nina,16,-0.3785110142336754,0.14327058789620561,0.14357128574285144,0.6509928978614332,False,2158
North Cascades (Mt Baker),Holidays,big_storm_days,Powder days per 30 (>= 6 in of new snow),44,nested,44,,0.05269196148646446,0.14364544558084902,0.41159838137646865,False,2158
Bitterroot & Lolo (Montana Snowbowl),Early season,new_snow_in_total,Total new snow in the window (in),59,nested,59,,0.03838824667802791,0.14410869555321615,0.3578147819208976,False,2158
Chugach (Alyeska),Early season,days_with_base,Days per 30 with a skiable base,43,within_nina,15,-0.40285208598640765,0.16228980318359998,0.14477104579084182,0.6688990105175066,False,2158
E Cascades rain shadow (Mission Ridge),Spring,new_snow_in_total,Total new snow in the window (in),45,within_nino,15,0.38506225649130893,0.1482729413741786,0.14677064587082583,0.6688990105175066,False,2158
Ruby Mtns & NE Nevada,Holidays,mean_depth,Base (mean snow depth),26,nested,26,,0.0929821312173618,0.14737475488170693,0.5256903151516702,False,2158
Bridger/Gallatin/Madison (Big Sky),Midwinter,storm_days,Storm days per 30 (>= 2 in of new snow),60,within_nina,22,-0.31707353886637296,0.10053562904924533,0.14777044591081784,0.5667539699566799,False,2158
Ruby Mtns & NE Nevada,Midwinter,mean_swe,Base (mean SWE in window),46,within_nino,15,0.39241523969300396,0.15398972034331776,0.14797040591881624,0.6688990105175066,False,2158
San Juans (Telluride/Purgatory/Wolf Ck),Spring,new_snow_in_total,Total new snow in the window (in),48,nested,48,,0.04690603097970602,0.14826107824238466,0.3949367405566347,False,2158
Chugach (Alyeska),Early season,big_storm_days,Powder days per 30 (>= 6 in of new snow),43,within_nina,15,-0.398179478912472,0.15854689742700775,0.14837032593481303,0.6688990105175066,False,2158
Wasatch (Alta/Snowbird/Park City),Midwinter,new_snow_in_total,Total new snow in the window (in),48,within_nina,16,-0.3646954338369967,0.13300275946155524,0.14997000599880023,0.6509928978614332,False,2158
Yellowstone & Wind River,Midwinter,new_snow_in_total,Total new snow in the window (in),48,nested,48,,0.046276840638591284,0.15107730246424012,0.3949367405566347,False,2158
Sangre de Cristo (Taos/Santa Fe),Spring,storm_days,Storm days per 30 (>= 2 in of new snow),47,within_nina,16,0.3783670820244573,0.1431616487597024,0.15256948610277946,0.6509928978614332,False,2158
Wasatch (Alta/Snowbird/Park City),Early season,big_storm_days,Powder days per 30 (>= 6 in of new snow),48,within_nina,16,0.3722322383806883,0.13855683928989757,0.15356928614277143,0.6509928978614332,False,2158
Front Range (Winter Park/Loveland/A-Basin),Midwinter,new_snow_in_total,Total new snow in the window (in),48,within_nino,16,-0.37543546763079266,0.14095179035515196,0.15356928614277143,0.6509928978614332,False,2158
Chugach (Alyeska),Midwinter,days_with_base,Days per 30 with a skiable base,43,within_nino,15,0.39331867229721,0.15469957797764008,0.15356928614277143,0.6688990105175066,False,2158
Selkirk & Cabinet (Schweitzer/Silver),Midwinter,new_snow_in_total,Total new snow in the window (in),46,within_nina,16,-0.3755769905841513,0.14105807585624766,0.15416916616676665,0.6509928978614332,False,2158
Sangre de Cristo (Taos/Santa Fe),Holidays,new_snow_in_total,Total new snow in the window (in),47,within_nino,16,-0.36790567111387784,0.13535458283775284,0.15516896620675866,0.6509928978614332,False,2158
Bighorn Mtns,Holidays,days_with_base,Days per 30 with a skiable base,48,within_nina,16,0.36054457831438136,0.12999239295189507,0.15696860627874426,0.6509928978614332,False,2158
Chugach (Alyeska),Early season,new_snow_in_total,Total new snow in the window (in),43,within_nino,15,0.38025774199543794,0.14459595034746905,0.15716856628674264,0.6688990105175066,False,2158
San Juans (Telluride/Purgatory/Wolf Ck),Early season,days_with_base,Days per 30 with a skiable base,46,nested,46,,0.04706584575906992,0.15720220875764523,0.40301026636269627,False,2158
S Utah (Brian Head/Eagle Point),Holidays,storm_days,Storm days per 30 (>= 2 in of new snow),47,within_nino,16,-0.3693182467530431,0.13639596738474163,0.15736852629474105,0.6509928978614332,False,2158
San Juans (Telluride/Purgatory/Wolf Ck),Holidays,big_storm_days,Powder days per 30 (>= 6 in of new snow),47,within_nino,16,-0.36996493575593836,0.1368740536888956,0.15796840631873627,0.6509928978614332,False,2158
San Juans (Telluride/Purgatory/Wolf Ck),Early season,big_storm_days,Powder days per 30 (>= 6 in of new snow),48,within_nino,16,0.3722289602428078,0.1385543988434418,0.15796840631873627,0.6509928978614332,False,2158
Bitterroot & Lolo (Montana Snowbowl),Spring,big_storm_days,Powder days per 30 (>= 6 in of new snow),59,within_nina,22,0.30840411233298926,0.09511309650389906,0.15896820635872824,0.5667539699566799,False,2158
Bridger/Gallatin/Madison (Big Sky),Midwinter,big_storm_days,Powder days per 30 (>= 6 in of new snow),60,within_nino,20,-0.323879133732496,0.10489769326731202,0.15916816636672665,0.5911839833526782,False,2158
Uinta Mtns,Spring,new_snow_in_total,Total new snow in the window (in),48,within_nina,16,0.3644102925085359,0.1327948612861567,0.15956808638272346,0.6509928978614332,False,2158
Mt Hood,Spring,mean_depth,Base (mean snow depth),29,within_nina,12,-0.4377713657130828,0.19164376863829768,0.16056788642271547,0.732389290340833,False,2158
North Cascades (Mt Baker),Midwinter,days_with_base,Days per 30 with a skiable base,44,nested,44,,0.04858255405769412,0.1607183656721154,0.41159838137646865,False,2158
Sawtooth & Smoky (Sun Valley),Early season,mean_depth,Base (mean snow depth),29,within_nina,12,0.4275336524686546,0.18278502399318833,0.16116776644671066,0.732389290340833,False,2158
S Washington Cascades (Crystal/White Pass),Midwinter,days_with_base,Days per 30 with a skiable base,45,within_nino,15,0.3643776635126655,0.13277108166694926,0.16176764647070585,0.6688990105175066,False,2158
Park Range (Steamboat),Holidays,new_snow_in_total,Total new snow in the window (in),47,within_nino,16,-0.36329746918744193,0.13198505111800032,0.16236752649470107,0.6509928978614332,False,2158
Gore & Tenmile (Vail/Summit/Copper),Early season,big_storm_days,Powder days per 30 (>= 6 in of new snow),48,nested,48,,0.04386553540971583,0.16242744497692962,0.3949367405566347,False,2158
San Juans (Telluride/Purgatory/Wolf Ck),Holidays,new_snow_in_total,Total new snow in the window (in),47,within_nino,16,-0.3656740132672092,0.13371748397894712,0.16336732653469307,0.6509928978614332,False,2158
Yellowstone & Wind River,Midwinter,storm_days,Storm days per 30 (>= 2 in of new snow),48,nested,48,,0.04347035179257458,0.16437582385364402,0.3949367405566347,False,2158
Gore & Tenmile (Vail/Summit/Copper),Early season,days_with_base,Days per 30 with a skiable base,46,within_nina,16,0.3475436353062072,0.12078657844185395,0.16456708658268346,0.6509928978614332,False,2158
Blues & Wallowas (Anthony Lakes),Early season,storm_days,Storm days per 30 (>= 2 in of new snow),48,within_nino,16,0.3634599674326234,0.13210314792612365,0.16496700659868027,0.6509928978614332,False,2158
Bighorn Mtns,Midwinter,storm_days,Storm days per 30 (>= 2 in of new snow),48,within_nino,16,-0.3616040676291714,0.13075750172596237,0.16696660667866425,0.6509928978614332,False,2158
Front Range (Winter Park/Loveland/A-Basin),Holidays,days_with_base,Days per 30 with a skiable base,48,within_nina,16,0.363047920514533,0.13180379258992667,0.16776644671065788,0.6509928978614332,False,2158
Front Range (Winter Park/Loveland/A-Basin),Early season,mean_swe,Base (mean SWE in window),48,within_nina,16,0.3603333024425509,0.12984008884915485,0.16816636672665466,0.6509928978614332,False,2158
Chugach (Alyeska),Spring,mean_swe,Base (mean SWE in window),43,within_nino,15,0.3745380635051481,0.14027876101418638,0.16856628674265148,0.6688990105175066,False,2158
Sangre de Cristo (Taos/Santa Fe),Midwinter,new_snow_in_total,Total new snow in the window (in),47,within_nino,16,-0.35477411627847755,0.1258646735811747,0.16856628674265148,0.6509928978614332,False,2158
W Central Idaho (Brundage/Tamarack),Spring,big_storm_days,Powder days per 30 (>= 6 in of new snow),46,within_nina,16,0.36831580344648174,0.13565653106842737,0.16876624675064986,0.6509928978614332,False,2158
Uinta Mtns,Spring,new_snow_in_total,Total new snow in the window (in),48,within_nino,16,0.35999731333016377,0.1295980656049361,0.16936612677464508,0.6509928978614332,False,2158
Front Range (Winter Park/Loveland/A-Basin),Holidays,new_snow_in_total,Total new snow in the window (in),48,within_nino,16,-0.3592598340293324,0.12906762834678348,0.16996600679864027,0.6509928978614332,False,2158
San Francisco Peaks (AZ Snowbowl),Early season,storm_days,Storm days per 30 (>= 2 in of new snow),46,within_nino,15,0.36640579237611726,0.13425320468677035,0.17036592681463708,0.6688990105175066,False,2158
Gore & Tenmile (Vail/Summit/Copper),Spring,days_with_base,Days per 30 with a skiable base,48,within_nina,16,-0.3664939181210791,0.13431779201974026,0.17036592681463708,0.6509928978614332,False,2158
Park Range (Steamboat),Spring,storm_days,Storm days per 30 (>= 2 in of new snow),47,within_nino,16,0.3632726093623039,0.13196698871289703,0.17076584683063387,0.6509928978614332,False,2158
San Francisco Peaks (AZ Snowbowl),Early season,storm_days,Storm days per 30 (>= 2 in of new snow),46,nested,46,,0.04416741080582477,0.17091725254644863,0.40301026636269627,False,2158
Wasatch (Alta/Snowbird/Park City),Spring,new_snow_in_total,Total new snow in the window (in),48,nested,48,,0.04217735490760608,0.17093417392576615,0.3949367405566347,False,2158
Jemez & N New Mexico,Holidays,storm_days,Storm days per 30 (>= 2 in of new snow),46,within_nino,15,-0.37806719240560727,0.14293480197345845,0.17136572685462909,0.6688990105175066,False,2158
White Mtns AZ (Sunrise Park),Spring,big_storm_days,Powder days per 30 (>= 6 in of new snow),46,within_nino,15,0.3673947294846308,0.13497888725308504,0.17216556688662268,0.6688990105175066,False,2158
W Central Idaho (Brundage/Tamarack),Early season,storm_days,Storm days per 30 (>= 2 in of new snow),46,within_nino,15,0.3715330720862681,0.1380368236538601,0.17236552689462106,0.6688990105175066,False,2158
W Central Idaho (Brundage/Tamarack),Spring,big_storm_days,Powder days per 30 (>= 6 in of new snow),46,within_nino,15,0.3668206851464671,0.13455741505132354,0.17296540691861628,0.6688990105175066,False,2158
N Sierra / Tahoe (Palisades/Heavenly/Rose),Spring,days_with_base,Days per 30 with a skiable base,48,within_nino,16,0.36077972282338466,0.13016200840051825,0.1731653669266147,0.6509928978614332,False,2158
Jemez & N New Mexico,Early season,new_snow_in_total,Total new snow in the window (in),46,nested,46,,0.043656247591540964,0.1734710335516727,0.40301026636269627,False,2158
White Mtns AZ (Sunrise Park),Early season,storm_days,Storm days per 30 (>= 2 in of new snow),46,within_nino,15,0.3733975109731367,0.13942570120093375,0.17356528694261147,0.6688990105175066,False,2158
Gore & Tenmile (Vail/Summit/Copper),Spring,big_storm_days,Powder days per 30 (>= 6 in of new snow),48,within_nina,16,-0.36324626927191106,0.1319478521399617,0.17356528694261147,0.6509928978614332,False,2158
Beartooth & Absaroka (Red Lodge),Midwinter,new_snow_in_total,Total new snow in the window (in),53,within_nino,18,-0.33903579027470826,0.11494526708719596,0.17376524695060988,0.6189900709973589,False,2158
Wasatch (Alta/Snowbird/Park City),Early season,new_snow_in_total,Total new snow in the window (in),48,within_nina,16,0.35558928155130265,0.1264437371541716,0.1739652069586083,0.6509928978614332,False,2158
S Washington Cascades (Crystal/White Pass),Holidays,storm_days,Storm days per 30 (>= 2 in of new snow),45,within_nino,15,0.37330032959112724,0.13935313607284422,0.17456508698260348,0.6688990105175066,False,2158
Jemez & N New Mexico,Midwinter,big_storm_days,Powder days per 30 (>= 6 in of new snow),46,nested,46,,0.04340851950557491,0.1747239604617512,0.40301026636269627,False,2158
W Central Idaho (Brundage/Tamarack),Midwinter,mean_swe,Base (mean SWE in window),46,within_nino,15,0.37027530909582546,0.1371038045260091,0.17556488702259548,0.6688990105175066,False,2158
Sangre de Cristo (Taos/Santa Fe),Spring,new_snow_in_total,Total new snow in the window (in),47,within_nina,16,0.3512723730076884,0.12339228003845255,0.17616476704659068,0.6509928978614332,False,2158
Central Oregon (Mt Bachelor),Spring,mean_swe,Base (mean SWE in window),46,within_nino,15,0.36575555358790024,0.13377712498039138,0.1767646470705859,0.6688990105175066,False,2158
Gore & Tenmile (Vail/Summit/Copper),Holidays,days_with_base,Days per 30 with a skiable base,48,within_nina,16,0.3484671652170103,0.12142936523437917,0.17716456708658268,0.6509928978614332,False,2158
Chugach (Alyeska),Spring,mean_swe,Base (mean SWE in window),43,nested,43,,0.04603933249863842,0.1779263564505309,0.4161028431113385,False,2158
Wasatch (Alta/Snowbird/Park City),Spring,storm_days,Storm days per 30 (>= 2 in of new snow),48,nested,48,,0.04077733260891186,0.17836605869350153,0.3949367405566347,False,2158
Whitefish & Flathead Range,Spring,mean_swe,Base (mean SWE in window),52,within_nina,18,-0.3330526341549073,0.11092405711752254,0.1785642871425715,0.6189900709973589,False,2158
Beartooth & Absaroka (Red Lodge),Spring,mean_swe,Base (mean SWE in window),53,nested,53,,0.03643322770676466,0.17969347233269828,0.37669626558347646,False,2158
Selkirk & Cabinet (Schweitzer/Silver),Spring,days_with_base,Days per 30 with a skiable base,44,within_nino,15,0.3500033230803068,0.12250232616725762,0.1817636472705459,0.6688990105175066,False,2158
Uinta Mtns,Holidays,storm_days,Storm days per 30 (>= 2 in of new snow),48,within_nino,16,-0.35058600441361776,0.12291054649070521,0.1817636472705459,0.6509928978614332,False,2158
Jemez & N New Mexico,Spring,new_snow_in_total,Total new snow in the window (in),46,within_nina,16,0.35071308897588793,0.12299967077900908,0.1833633273345331,0.6509928978614332,False,2158
E Cascades rain shadow (Mission Ridge),Midwinter,mean_swe,Base (mean SWE in window),45,within_nino,15,0.3609638974735019,0.13029493527926078,0.1835632873425315,0.6688990105175066,False,2158
Beartooth & Absaroka (Red Lodge),Midwinter,storm_days,Storm days per 30 (>= 2 in of new snow),53,within_nina,19,-0.317759558652956,0.1009711371153214,0.1837632473505299,0.6046192670424827,False,2158
Central Cascades (Stevens/Snoqualmie),Spring,days_with_base,Days per 30 with a skiable base,45,within_nino,15,0.359736226512634,0.12941015266554912,0.1841631673665267,0.6688990105175066,False,2158
Sangre de Cristo (Taos/Santa Fe),Holidays,big_storm_days,Powder days per 30 (>= 6 in of new snow),47,within_nino,16,-0.34707209738395517,0.12045904078249767,0.1855628874225155,0.6509928978614332,False,2158
S Utah (Brian Head/Eagle Point),Holidays,new_snow_in_total,Total new snow in the window (in),47,within_nino,16,-0.3464611603860015,0.12003533565601465,0.1857628474305139,0.6509928978614332,False,2158
W Central Idaho (Brundage/Tamarack),Spring,mean_swe,Base (mean SWE in window),46,within_nino,15,0.356934099544328,0.12740195141752023,0.1859628074385123,0.6688990105175066,False,2158
N Sierra / Tahoe (Palisades/Heavenly/Rose),Midwinter,storm_days,Storm days per 30 (>= 2 in of new snow),48,nested,48,,0.03925555377370391,0.18685791523629292,0.3949367405566347,False,2158
San Juans (Telluride/Purgatory/Wolf Ck),Spring,storm_days,Storm days per 30 (>= 2 in of new snow),48,within_nina,16,0.34835214670076065,0.12134921811102826,0.1877624475104979,0.6509928978614332,False,2158
Blues & Wallowas (Anthony Lakes),Spring,mean_depth,Base (mean snow depth),28,within_nina,12,-0.4032947718277997,0.16264667298363703,0.1879624075184963,0.732389290340833,False,2158
Blues & Wallowas (Anthony Lakes),Holidays,mean_depth,Base (mean snow depth),28,within_nina,12,-0.40273906371098717,0.16219875343880258,0.1889622075584883,0.732389290340833,False,2158
Central Oregon (Mt Bachelor),Midwinter,days_with_base,Days per 30 with a skiable base,46,within_nino,15,0.3575605975884813,0.12784958094783186,0.1889622075584883,0.6688990105175066,False,2158
Jemez & N New Mexico,Holidays,big_storm_days,Powder days per 30 (>= 6 in of new snow),46,within_nina,16,0.3499260025275519,0.12244820724491226,0.1899620075984803,0.6509928978614332,False,2158
Chugach (Alyeska),Midwinter,mean_swe,Base (mean SWE in window),43,nested,43,,0.04345721267947643,0.1908852257016339,0.4161028431113385,False,2158
Yellowstone & Wind River,Midwinter,mean_depth,Base (mean snow depth),28,nested,28,,0.0699432579301165,0.1916898834863876,0.5082126283577936,False,2158
S Washington Cascades (Crystal/White Pass),Spring,mean_swe,Base (mean SWE in window),45,within_nino,15,0.3465049516432351,0.12006568151328068,0.19196160767846432,0.6688990105175066,False,2158
Whitefish & Flathead Range,Midwinter,big_storm_days,Powder days per 30 (>= 6 in of new snow),52,within_nino,18,0.3228495977103354,0.1042318627417254,0.1923615276944611,0.6189900709973589,False,2158
N Sierra / Tahoe (Palisades/Heavenly/Rose),Spring,days_with_base,Days per 30 with a skiable base,48,nested,48,,0.038161094213385434,0.19324728939626978,0.3949367405566347,False,2158
Sangre de Cristo (Taos/Santa Fe),Midwinter,big_storm_days,Powder days per 30 (>= 6 in of new snow),47,within_nino,16,-0.34675069959473626,0.12023604766943903,0.1933613277344531,0.6509928978614332,False,2158
Snowy Range & Sierra Madre,Early season,days_with_base,Days per 30 with a skiable base,46,within_nina,16,0.33986365186313594,0.11550730185774687,0.19376124775044992,0.6509928978614332,False,2158
S Washington Cascades (Crystal/White Pass),Spring,days_with_base,Days per 30 with a skiable base,45,within_nino,15,0.34818015825394183,0.12122942260173998,0.1939612077584483,0.6688990105175066,False,2158
Front Range (Winter Park/Loveland/A-Basin),Early season,big_storm_days,Powder days per 30 (>= 6 in of new snow),48,within_nino,16,-0.34459213916687975,0.11874374237560623,0.19616076784643072,0.6509928978614332,False,2158
Sawtooth & Smoky (Sun Valley),Spring,new_snow_in_total,Total new snow in the window (in),46,within_nino,15,0.3547226279279929,0.1258281427641413,0.19616076784643072,0.6688990105175066,False,2158
Central Oregon (Mt Bachelor),Spring,days_with_base,Days per 30 with a skiable base,46,nested,46,,0.039395253006181526,0.19650428284343013,0.40301026636269627,False,2158
White Mtns AZ (Sunrise Park),Spring,mean_swe,Base (mean SWE in window),46,within_nino,15,0.35320608594143305,0.12475453914606699,0.19796040791841632,0.6688990105175066,False,2158
W Central Idaho (Brundage/Tamarack),Holidays,days_with_base,Days per 30 with a skiable base,46,within_nina,16,-0.3351640749676596,0.11233495714892694,0.19796040791841632,0.6509928978614332,False,2158
Chugach (Alyeska),Holidays,mean_swe,Base (mean SWE in window),43,within_nino,15,0.35902852307429184,0.12890148038090732,0.1985602879424115,0.6688990105175066,False,2158
S Washington Cascades (Crystal/White Pass),Holidays,big_storm_days,Powder days per 30 (>= 6 in of new snow),45,within_nino,15,0.35579139957452344,0.1265875200111982,0.1985602879424115,0.6688990105175066,False,2158
Sawtooth & Smoky (Sun Valley),Early season,mean_depth,Base (mean snow depth),29,nested,29,,0.06500430055821549,0.19933258106719753,0.5000974343469677,False,2158
Bridger/Gallatin/Madison (Big Sky),Holidays,big_storm_days,Powder days per 30 (>= 6 in of new snow),60,within_nina,22,0.28724538265739175,0.0825099098579914,0.1993601279744051,0.5667539699566799,False,2158
W Central Idaho (Brundage/Tamarack),Holidays,days_with_base,Days per 30 with a skiable base,46,within_nino,15,0.3521341353197283,0.12399844925737273,0.19996000799840033,0.6688990105175066,False,2158
Tetons (Jackson/Targhee),Spring,big_storm_days,Powder days per 30 (>= 6 in of new snow),46,within_nina,16,-0.3372743451035599,0.11375398386503523,0.2001599680063987,0.6509928978614332,False,2158
Uinta Mtns,Spring,storm_days,Storm days per 30 (>= 2 in of new snow),48,within_nino,16,0.3363203681916316,0.11311139006055464,0.20035992801439712,0.6509928978614332,False,2158
S Utah (Brian Head/Eagle Point),Spring,new_snow_in_total,Total new snow in the window (in),47,within_nino,16,0.33885355287680585,0.11482173029723426,0.20095980803839233,0.6509928978614332,False,2158
Bighorn Mtns,Midwinter,storm_days,Storm days per 30 (>= 2 in of new snow),48,nested,48,,0.036869008075492746,0.20111191371962667,0.3949367405566347,False,2158
Sangre de Cristo (Taos/Santa Fe),Midwinter,new_snow_in_total,Total new snow in the window (in),47,nested,47,,0.03769213820757281,0.20128020917580236,0.39891242123069554,False,2158
Tetons (Jackson/Targhee),Spring,new_snow_in_total,Total new snow in the window (in),46,within_nino,15,0.34707846132074893,0.12046345831277862,0.20295940811837632,0.6688990105175066,False,2158
Yellowstone & Wind River,Early season,storm_days,Storm days per 30 (>= 2 in of new snow),48,within_nina,16,0.33387956771768507,0.11147556573934825,0.20335932813437313,0.6509928978614332,False,2158
S Washington Cascades (Crystal/White Pass),Midwinter,days_with_base,Days per 30 with a skiable base,45,within_nina,16,-0.34249839216460437,0.11730514863533913,0.20335932813437313,0.6509928978614332,False,2158
S Utah (Brian Head/Eagle Point),Midwinter,storm_days,Storm days per 30 (>= 2 in of new snow),48,nested,48,,0.036476356715511575,0.20357375853978932,0.3949367405566347,False,2158
San Francisco Peaks (AZ Snowbowl),Spring,days_with_base,Days per 30 with a skiable base,46,nested,46,,0.0381994283993606,0.20357645891643839,0.40301026636269627,False,2158
E Cascades rain shadow (Mission Ridge),Midwinter,new_snow_in_total,Total new snow in the window (in),45,within_nina,16,-0.3423070688499688,0.11717412938465728,0.20395920815836832,0.6509928978614332,False,2158
Sawtooth & Smoky (Sun Valley),Holidays,days_with_base,Days per 30 with a skiable base,46,within_nina,16,0.32789749524587225,0.10751676738851682,0.20455908818236354,0.6509928978614332,False,2158
Black Hills (Terry Peak),Holidays,big_storm_days,Powder days per 30 (>= 6 in of new snow),26,nested,26,,0.07206758171332155,0.20466208638261518,0.5256903151516702,False,2158
San Juans (Telluride/Purgatory/Wolf Ck),Midwinter,new_snow_in_total,Total new snow in the window (in),47,nested,47,,0.03702638072676091,0.20538476054412647,0.39891242123069554,False,2158
S Washington Cascades (Crystal/White Pass),Spring,storm_days,Storm days per 30 (>= 2 in of new snow),45,within_nina,16,-0.3313949133924713,0.10982258862240354,0.20575884823035392,0.6509928978614332,False,2158
Chugach (Alyeska),Midwinter,new_snow_in_total,Total new snow in the window (in),43,nested,43,,0.04067873468946791,0.20603319379094043,0.4161028431113385,False,2158
Selkirk & Cabinet (Schweitzer/Silver),Holidays,storm_days,Storm days per 30 (>= 2 in of new snow),46,within_nina,16,-0.33206138180194894,0.1102647612842197,0.20635872825434912,0.6509928978614332,False,2158
Central Oregon (Mt Bachelor),Holidays,new_snow_in_total,Total new snow in the window (in),46,within_nina,16,-0.3396539945363227,0.11536483600448035,0.20655868826234752,0.6509928978614332,False,2158
Sangre de Cristo (Taos/Santa Fe),Midwinter,storm_days,Storm days per 30 (>= 2 in of new snow),47,within_nino,16,-0.33551688803182816,0.11257158215456231,0.20695860827834434,0.6509928978614332,False,2158
Bitterroot & Lolo (Montana Snowbowl),Early season,new_snow_in_total,Total new snow in the window (in),59,within_nina,22,-0.2767475096771061,0.07658918411247993,0.20715856828634274,0.5667539699566799,False,2158
Yellowstone & Wind River,Holidays,big_storm_days,Powder days per 30 (>= 6 in of new snow),48,nested,48,,0.035859359053022836,0.20751226789768606,0.3949367405566347,False,2158
Park Range (Steamboat),Holidays,big_storm_days,Powder days per 30 (>= 6 in of new snow),47,within_nino,16,-0.3301099240063019,0.10897256192744642,0.20935812837432513,0.6509928978614332,False,2158
Front Range (Winter Park/Loveland/A-Basin),Midwinter,storm_days,Storm days per 30 (>= 2 in of new snow),48,within_nino,16,-0.33219220238262265,0.11035165932381732,0.20955808838232354,0.6509928978614332,False,2158
N Sierra / Tahoe (Palisades/Heavenly/Rose),Midwinter,big_storm_days,Powder days per 30 (>= 6 in of new snow),48,within_nina,16,-0.32851930520501443,0.10792493389238543,0.21015796840631873,0.6509928978614332,False,2158
N Sierra / Tahoe (Palisades/Heavenly/Rose),Midwinter,days_with_base,Days per 30 with a skiable base,48,within_nina,16,-0.3277705088000498,0.10743350643904354,0.21035792841431714,0.6509928978614332,False,2158
Selkirk & Cabinet (Schweitzer/Silver),Early season,big_storm_days,Powder days per 30 (>= 6 in of new snow),46,nested,46,,0.03709361091785402,0.2103762619889934,0.40301026636269627,False,2158
W Central Idaho (Brundage/Tamarack),Early season,big_storm_days,Powder days per 30 (>= 6 in of new snow),46,within_nino,15,0.34324589162637736,0.11781774211838679,0.21075784843031395,0.6688990105175066,False,2158
Yellowstone & Wind River,Spring,days_with_base,Days per 30 with a skiable base,48,within_nina,16,-0.32886761534819453,0.10815390842480803,0.21215756848630274,0.6509928978614332,False,2158
Jemez & N New Mexico,Spring,big_storm_days,Powder days per 30 (>= 6 in of new snow),46,nested,46,,0.036723186023275206,0.21271210219550363,0.40301026636269627,False,2158
Yellowstone & Wind River,Midwinter,mean_depth,Base (mean snow depth),28,within_nina,12,-0.3905715434895621,0.15254613058381888,0.21275744851029793,0.732389290340833,False,2158
Elk Mtns (Aspen/Crested Butte),Early season,storm_days,Storm days per 30 (>= 2 in of new snow),46,within_nina,16,0.3361124755359141,0.11297159621088046,0.21295740851829634,0.6509928978614332,False,2158
Uinta Mtns,Spring,big_storm_days,Powder days per 30 (>= 6 in of new snow),48,nested,48,,0.03496263190726407,0.213393562701074,0.3949367405566347,False,2158
Sangre de Cristo (Taos/Santa Fe),Early season,big_storm_days,Powder days per 30 (>= 6 in of new snow),47,within_nina,16,-0.3267766602544547,0.1067829856870553,0.21415716856628675,0.6509928978614332,False,2158
Gore & Tenmile (Vail/Summit/Copper),Early season,mean_swe,Base (mean SWE in window),48,within_nina,16,0.3222194656099214,0.1038253840179433,0.21435712857428516,0.6509928978614332,False,2158
Mt Hood,Holidays,days_with_base,Days per 30 with a skiable base,48,within_nino,16,0.3162520148991307,0.10001533692775998,0.21495700859828035,0.6509928978614332,False,2158
Elk Mtns (Aspen/Crested Butte),Holidays,days_with_base,Days per 30 with a skiable base,46,within_nino,15,-0.3398670494464597,0.11550961129944227,0.21495700859828035,0.6688990105175066,False,2158
N Sierra / Tahoe (Palisades/Heavenly/Rose),Spring,storm_days,Storm days per 30 (>= 2 in of new snow),48,nested,48,,0.03472831560483794,0.21496187995598215,0.3949367405566347,False,2158
Yellowstone & Wind River,Spring,big_storm_days,Powder days per 30 (>= 6 in of new snow),48,nested,48,,0.03468771164763322,0.21523500107504878,0.3949367405566347,False,2158
Chugach (Alyeska),Midwinter,storm_days,Storm days per 30 (>= 2 in of new snow),43,nested,43,,0.03905410573127194,0.2155240938170535,0.4161028431113385,False,2158
Park Range (Steamboat),Holidays,days_with_base,Days per 30 with a skiable base,47,within_nina,16,0.3221610057810275,0.10378771364584324,0.21555688862227554,0.6509928978614332,False,2158
W Central Idaho (Brundage/Tamarack),Holidays,big_storm_days,Powder days per 30 (>= 6 in of new snow),46,within_nina,16,-0.32716134628431875,0.10703454650256793,0.21575684863027395,0.6509928978614332,False,2158
Snowy Range & Sierra Madre,Holidays,storm_days,Storm days per 30 (>= 2 in of new snow),46,within_nino,15,-0.33932241321940826,0.11513970011304285,0.21595680863827235,0.6688990105175066,False,2158
North Cascades (Mt Baker),Midwinter,storm_days,Storm days per 30 (>= 2 in of new snow),44,within_nino,15,0.3317468613966344,0.11005598004651776,0.21635672865426914,0.6688990105175066,False,2158
Central Oregon (Mt Bachelor),Early season,days_with_base,Days per 30 with a skiable base,46,nested,46,,0.036063437049564676,0.21694683581232632,0.40301026636269627,False,2158
Chugach (Alyeska),Holidays,mean_swe,Base (mean SWE in window),43,nested,43,,0.03876119604526417,0.21728822860815566,0.4161028431113385,False,2158
Bighorn Mtns,Midwinter,new_snow_in_total,Total new snow in the window (in),48,within_nino,16,-0.32323235003683565,0.10447915211033544,0.21735652869426114,0.6509928978614332,False,2158
Beartooth & Absaroka (Red Lodge),Spring,big_storm_days,Powder days per 30 (>= 6 in of new snow),53,within_nina,19,-0.30599410135542293,0.09363239006431284,0.21755648870225955,0.6046192670424827,False,2158
Ruby Mtns & NE Nevada,Spring,days_with_base,Days per 30 with a skiable base,46,within_nina,16,-0.3243154095256639,0.10518048485579909,0.21855628874225155,0.6509928978614332,False,2158
Front Range (Winter Park/Loveland/A-Basin),Holidays,storm_days,Storm days per 30 (>= 2 in of new snow),48,within_nina,16,0.3237803770153131,0.10483373254017829,0.21875624875024996,0.6509928978614332,False,2158
Ruby Mtns & NE Nevada,Midwinter,big_storm_days,Powder days per 30 (>= 6 in of new snow),46,nested,46,,0.035765479299350984,0.21889122775453895,0.40301026636269627,False,2158
Wasatch (Alta/Snowbird/Park City),Midwinter,big_storm_days,Powder days per 30 (>= 6 in of new snow),48,within_nina,16,-0.3215485323740015,0.10339345867187429,0.21895620875824834,0.6509928978614332,False,2158
Ruby Mtns & NE Nevada,Early season,new_snow_in_total,Total new snow in the window (in),46,within_nino,15,0.3384457854814798,0.11454554971017585,0.21995600879824034,0.6688990105175066,False,2158
W Central Idaho (Brundage/Tamarack),Holidays,new_snow_in_total,Total new snow in the window (in),46,within_nina,16,-0.32562216354056733,0.10602979338883997,0.22015596880623875,0.6509928978614332,False,2158
North Cascades (Mt Baker),Holidays,big_storm_days,Powder days per 30 (>= 6 in of new snow),44,within_nino,15,-0.34093746879375975,0.1162383576274959,0.22075584883023394,0.6688990105175066,False,2158
Ruby Mtns & NE Nevada,Midwinter,days_with_base,Days per 30 with a skiable base,46,within_nino,15,0.3319859875465883,0.11021469592728349,0.22075584883023394,0.6688990105175066,False,2158
Wasatch (Alta/Snowbird/Park City),Early season,mean_swe,Base (mean SWE in window),48,within_nina,16,0.32164125979365094,0.10345310000164686,0.22175564887022595,0.6509928978614332,False,2158
W Central Idaho (Brundage/Tamarack),Holidays,mean_swe,Base (mean SWE in window),46,within_nina,16,-0.32465644672442023,0.10540180839972631,0.22275544891021795,0.6509928978614332,False,2158
N Sierra / Tahoe (Palisades/Heavenly/Rose),Spring,new_snow_in_total,Total new snow in the window (in),48,nested,48,,0.03357016161681715,0.2229124337315972,0.3949367405566347,False,2158
White Mtns AZ (Sunrise Park),Early season,new_snow_in_total,Total new snow in the window (in),46,within_nino,15,0.32314878921840634,0.104425139973322,0.22435512897420515,0.6688990105175066,False,2158
Selkirk & Cabinet (Schweitzer/Silver),Early season,new_snow_in_total,Total new snow in the window (in),46,within_nina,16,-0.3152386176187942,0.09937538603820834,0.22455508898220355,0.6509928978614332,False,2158
Park Range (Steamboat),Early season,big_storm_days,Powder days per 30 (>= 6 in of new snow),47,within_nina,16,0.3244487850761089,0.10526701413736311,0.22515496900619877,0.6509928978614332,False,2158
Sangre de Cristo (Taos/Santa Fe),Holidays,big_storm_days,Powder days per 30 (>= 6 in of new snow),47,within_nina,16,0.3238705549437002,0.10489213635954034,0.22515496900619877,0.6509928978614332,False,2158
Uinta Mtns,Holidays,new_snow_in_total,Total new snow in the window (in),48,within_nino,16,-0.3220376862267192,0.10370827135025884,0.22595480903819237,0.6509928978614332,False,2158
Wasatch (Alta/Snowbird/Park City),Early season,days_with_base,Days per 30 with a skiable base,48,within_nina,16,0.31319473957778277,0.09809094489919516,0.22615476904619075,0.6509928978614332,False,2158
Bridger/Gallatin/Madison (Big Sky),Early season,mean_depth,Base (mean snow depth),28,within_nina,12,0.36835238124618014,0.13568347676973125,0.22635472905418916,0.732389290340833,False,2158
Bridger/Gallatin/Madison (Big Sky),Midwinter,new_snow_in_total,Total new snow in the window (in),60,within_nina,22,-0.26358812393809594,0.06947869908120503,0.22635472905418916,0.5667539699566799,False,2158
Bighorn Mtns,Early season,storm_days,Storm days per 30 (>= 2 in of new snow),48,nested,48,,0.03301164566633459,0.22686850194394215,0.3949367405566347,False,2158
Front Range (Winter Park/Loveland/A-Basin),Holidays,mean_swe,Base (mean SWE in window),48,within_nina,16,0.319974803207151,0.10238387468745501,0.22735452909418116,0.6509928978614332,False,2158
Snowy Range & Sierra Madre,Early season,storm_days,Storm days per 30 (>= 2 in of new snow),46,nested,46,,0.03446724974085548,0.22760275714849953,0.40301026636269627,False,2158
Sawtooth & Smoky (Sun Valley),Spring,storm_days,Storm days per 30 (>= 2 in of new snow),46,nested,46,,0.03440210259147379,0.22805045047771533,0.40301026636269627,False,2158
N Sierra / Tahoe (Palisades/Heavenly/Rose),Midwinter,big_storm_days,Powder days per 30 (>= 6 in of new snow),48,within_nino,16,0.3213277971795898,0.1032515532402876,0.22915416916616677,0.6509928978614332,False,2158
Whitefish & Flathead Range,Midwinter,storm_days,Storm days per 30 (>= 2 in of new snow),52,within_nina,18,-0.29427780336645565,0.08659942555418633,0.22915416916616677,0.6189900709973589,False,2158
Bitterroot & Lolo (Montana Snowbowl),Early season,storm_days,Storm days per 30 (>= 2 in of new snow),59,nested,59,,0.026103985615492792,0.22987167026237232,0.3578147819208976,False,2158
Uinta Mtns,Spring,storm_days,Storm days per 30 (>= 2 in of new snow),48,within_nina,16,0.3227218685392221,0.10414940443344693,0.23035392921415718,0.6509928978614332,False,2158
Gore & Tenmile (Vail/Summit/Copper),Early season,big_storm_days,Powder days per 30 (>= 6 in of new snow),48,within_nino,16,-0.3233968404843505,0.10458551643526046,0.23055388922215556,0.6509928978614332,False,2158
E Cascades rain shadow (Mission Ridge),Early season,days_with_base,Days per 30 with a skiable base,43,within_nina,16,0.321535164169706,0.1033848617976398,0.23075384923015396,0.6509928978614332,False,2158
Blues & Wallowas (Anthony Lakes),Holidays,storm_days,Storm days per 30 (>= 2 in of new snow),48,nested,48,,0.03238528806949127,0.23140311220982634,0.3949367405566347,False,2158
Snowy Range & Sierra Madre,Holidays,new_snow_in_total,Total new snow in the window (in),46,nested,46,,0.03389857255460501,0.23154568241033546,0.40301026636269627,False,2158
N Sierra / Tahoe (Palisades/Heavenly/Rose),Spring,mean_swe,Base (mean SWE in window),48,within_nino,16,0.30584884551001745,0.09354351629981052,0.23155368926214756,0.6509928978614332,False,2158
Central Oregon (Mt Bachelor),Midwinter,mean_swe,Base (mean SWE in window),46,within_nino,15,0.33037141308975915,0.10914527058692428,0.23275344931013797,0.6688990105175066,False,2158
S Washington Cascades (Crystal/White Pass),Early season,days_with_base,Days per 30 with a skiable base,45,nested,45,,0.03439860971088537,0.2337612515411739,0.40723664075787896,False,2158
Beartooth & Absaroka (Red Lodge),Midwinter,mean_depth,Base (mean snow depth),25,nested,25,,0.06626666645384942,0.23569104233352733,0.5351255042517953,False,2158
Tetons (Jackson/Targhee),Spring,big_storm_days,Powder days per 30 (>= 6 in of new snow),46,within_nino,15,0.3252868047855805,0.10581150536761234,0.23595280943811237,0.6688990105175066,False,2158
Elk Mtns (Aspen/Crested Butte),Holidays,days_with_base,Days per 30 with a skiable base,46,within_nina,16,0.3235915546052586,0.10471149421184807,0.23595280943811237,0.6509928978614332,False,2158
Uinta Mtns,Holidays,mean_swe,Base (mean SWE in window),48,within_nina,16,0.30901463804862117,0.09549004652832035,0.236752649470106,0.6509928978614332,False,2158
E Cascades rain shadow (Mission Ridge),Spring,storm_days,Storm days per 30 (>= 2 in of new snow),45,nested,45,,0.03387980772524056,0.23738260054913418,0.40723664075787896,False,2158
Gore & Tenmile (Vail/Summit/Copper),Holidays,storm_days,Storm days per 30 (>= 2 in of new snow),48,within_nina,16,0.31299718608339666,0.09796723849612443,0.2375524895020996,0.6509928978614332,False,2158
Blues & Wallowas (Anthony Lakes),Holidays,new_snow_in_total,Total new snow in the window (in),48,within_nina,16,-0.3071690544545048,0.09435282801447455,0.23775244951009797,0.6509928978614332,False,2158
Snowy Range & Sierra Madre,Spring,big_storm_days,Powder days per 30 (>= 6 in of new snow),46,nested,46,,0.032832356150214854,0.239156437987749,0.40301026636269627,False,2158
Ruby Mtns & NE Nevada,Early season,mean_depth,Base (mean snow depth),26,nested,26,,0.062357718168740424,0.23927472508004077,0.5256903151516702,False,2158
S Utah (Brian Head/Eagle Point),Spring,days_with_base,Days per 30 with a skiable base,47,nested,47,,0.03199893297667033,0.23970492028364832,0.39891242123069554,False,2158
Yellowstone & Wind River,Spring,storm_days,Storm days per 30 (>= 2 in of new snow),48,within_nino,16,0.30847833100356986,0.095158880698748,0.23975204959008198,0.6509928978614332,False,2158
Sawtooth & Smoky (Sun Valley),Midwinter,mean_depth,Base (mean snow depth),29,within_nina,12,-0.3655423048450577,0.13362117663143708,0.23995200959808038,0.732389290340833,False,2158
Bighorn Mtns,Spring,mean_swe,Base (mean SWE in window),48,within_nino,16,-0.31265647813102554,0.09775407331729645,0.2401519696060788,0.6509928978614332,False,2158
Blues & Wallowas (Anthony Lakes),Early season,new_snow_in_total,Total new snow in the window (in),48,within_nino,16,0.3031427467742309,0.0918955249218255,0.2401519696060788,0.6509928978614332,False,2158
Front Range (Winter Park/Loveland/A-Basin),Early season,mean_depth,Base (mean snow depth),28,within_nina,12,0.36871613770082834,0.13595159020101621,0.2403519296140772,0.732389290340833,False,2158
Park Range (Steamboat),Holidays,mean_swe,Base (mean SWE in window),47,within_nina,16,0.311278663054292,0.09689440607286746,0.2403519296140772,0.6509928978614332,False,2158
Central Cascades (Stevens/Snoqualmie),Spring,storm_days,Storm days per 30 (>= 2 in of new snow),45,within_nina,16,-0.31291959857613433,0.09791867517304904,0.24075184963007398,0.6509928978614332,False,2158
Snowy Range & Sierra Madre,Holidays,storm_days,Storm days per 30 (>= 2 in of new snow),46,nested,46,,0.032541149799431734,0.241286097616202,0.40301026636269627,False,2158
Jemez & N New Mexico,Early season,mean_swe,Base (mean SWE in window),46,within_nino,15,0.3229851116589601,0.10431938235335092,0.24135172965406917,0.6688990105175066,False,2158
Snowy Range & Sierra Madre,Spring,days_with_base,Days per 30 with a skiable base,46,within_nina,16,-0.3172101082275547,0.10062225276173696,0.2419516096780644,0.6509928978614332,False,2158
Central Cascades (Stevens/Snoqualmie),Early season,mean_depth,Base (mean snow depth),27,nested,27,,0.05887509072764096,0.24253884063892606,0.5167321619197414,False,2158
Gore & Tenmile (Vail/Summit/Copper),Midwinter,big_storm_days,Powder days per 30 (>= 6 in of new snow),48,within_nino,16,-0.31282695306093283,0.09786070256138707,0.2435512897420516,0.6509928978614332,False,2158
White Mtns AZ (Sunrise Park),Spring,big_storm_days,Powder days per 30 (>= 6 in of new snow),46,nested,46,,0.03214579975357422,0.24421340210380293,0.40301026636269627,False,2158
Yellowstone & Wind River,Spring,mean_depth,Base (mean snow depth),28,within_nina,12,-0.3668255330521115,0.13456097169896575,0.2443511297740452,0.732389290340833,False,2158
Beartooth & Absaroka (Red Lodge),Spring,days_with_base,Days per 30 with a skiable base,48,nested,48,,0.030651488764512357,0.24452232231259896,0.3949367405566347,False,2158
Central Cascades (Stevens/Snoqualmie),Early season,days_with_base,Days per 30 with a skiable base,45,nested,45,,0.03287024802358686,0.24462091096279892,0.40723664075787896,False,2158
Jemez & N New Mexico,Midwinter,big_storm_days,Powder days per 30 (>= 6 in of new snow),46,within_nina,16,-0.31782834475032135,0.10101485672672912,0.2451509698060388,0.6509928978614332,False,2158
Park Range (Steamboat),Early season,days_with_base,Days per 30 with a skiable base,47,within_nina,16,0.3079826151993901,0.09485329126505558,0.2453509298140372,0.6509928978614332,False,2158
Central Cascades (Stevens/Snoqualmie),Holidays,storm_days,Storm days per 30 (>= 2 in of new snow),45,within_nino,15,0.3255103591215542,0.10595699389544318,0.24575084983003398,0.6688990105175066,False,2158
Central Oregon (Mt Bachelor),Holidays,big_storm_days,Powder days per 30 (>= 6 in of new snow),46,within_nina,16,-0.3103597218862179,0.09632315696929053,0.2471505698860228,0.6509928978614332,False,2158
Central Oregon (Mt Bachelor),Midwinter,new_snow_in_total,Total new snow in the window (in),46,within_nino,15,0.31509976407739027,0.09928786132162701,0.2479504099180164,0.6688990105175066,False,2158
Bridger/Gallatin/Madison (Big Sky),Holidays,big_storm_days,Powder days per 30 (>= 6 in of new snow),60,within_nino,20,-0.2704201607871294,0.07312706336013691,0.25154969006198763,0.5911839833526782,False,2158
E Cascades rain shadow (Mission Ridge),Spring,mean_swe,Base (mean SWE in window),45,nested,45,,0.031881621261802766,0.2519641166527302,0.40723664075787896,False,2158
N Sierra / Tahoe (Palisades/Heavenly/Rose),Midwinter,new_snow_in_total,Total new snow in the window (in),48,within_nino,16,0.3066499259811942,0.0940341771042719,0.252749450109978,0.6509928978614332,False,2158
White Mtns AZ (Sunrise Park),Midwinter,big_storm_days,Powder days per 30 (>= 6 in of new snow),46,within_nina,16,-0.31427594613664783,0.09876937032008518,0.25414917016596683,0.6509928978614332,False,2158
Chugach (Alyeska),Midwinter,days_with_base,Days per 30 with a skiable base,43,nested,43,,0.03313709837653812,0.25466092998794476,0.4161028431113385,False,2158
Mt Hood,Early season,days_with_base,Days per 30 with a skiable base,48,nested,48,,0.02927733556047747,0.25555067932644604,0.3949367405566347,False,2158
Black Hills (Terry Peak),Midwinter,new_snow_in_total,Total new snow in the window (in),26,nested,26,,0.05775754581302257,0.25797623751247667,0.5256903151516702,False,2158
North Cascades (Mt Baker),Spring,new_snow_in_total,Total new snow in the window (in),44,nested,44,,0.03186053998751685,0.25806238471743737,0.41159838137646865,False,2158
Front Range (Winter Park/Loveland/A-Basin),Midwinter,mean_swe,Base (mean SWE in window),48,within_nino,16,-0.29137183406943007,0.08489754568898349,0.25834833033393323,0.6509928978614332,False,2158
Front Range (Winter Park/Loveland/A-Basin),Midwinter,days_with_base,Days per 30 with a skiable base,48,within_nino,16,-0.299555855898186,0.08973371080289479,0.2595480903819236,0.6509928978614332,False,2158
Chugach (Alyeska),Early season,new_snow_in_total,Total new snow in the window (in),43,within_nina,15,-0.30393746261552956,0.09237798118116643,0.2605478904219156,0.6688990105175066,False,2158
S Washington Cascades (Crystal/White Pass),Holidays,days_with_base,Days per 30 with a skiable base,45,within_nino,15,0.3112860401245025,0.09689899877639338,0.260747850429914,0.6688990105175066,False,2158
Blues & Wallowas (Anthony Lakes),Early season,big_storm_days,Powder days per 30 (>= 6 in of new snow),48,within_nino,16,0.29024622344292333,0.08424287022287938,0.2615476904619076,0.6509928978614332,False,2158
North Cascades (Mt Baker),Midwinter,new_snow_in_total,Total new snow in the window (in),44,within_nina,16,-0.29621573743248336,0.08774376310266993,0.262747450509898,0.6509928978614332,False,2158
Uinta Mtns,Midwinter,new_snow_in_total,Total new snow in the window (in),48,nested,48,,0.028266707432238063,0.26404363728526226,0.3949367405566347,False,2158
Chugach (Alyeska),Early season,new_snow_in_total,Total new snow in the window (in),43,nested,43,,0.03184726577250587,0.2642761694049717,0.4161028431113385,False,2158
Chugach (Alyeska),Early season,mean_swe,Base (mean SWE in window),43,within_nino,15,0.30450318569899026,0.09272219010083375,0.264747050589882,0.6688990105175066,False,2158
Tetons (Jackson/Targhee),Spring,days_with_base,Days per 30 with a skiable base,45,within_nina,16,-0.30283900421385024,0.0917114624732364,0.264747050589882,0.6509928978614332,False,2158
W Central Idaho (Brundage/Tamarack),Holidays,storm_days,Storm days per 30 (>= 2 in of new snow),46,within_nina,16,-0.2969355303583609,0.08817070918920107,0.2653469306138772,0.6509928978614332,False,2158
Sawtooth & Smoky (Sun Valley),Spring,new_snow_in_total,Total new snow in the window (in),46,within_nina,16,0.3028813398923871,0.0917371060550077,0.26554689062187564,0.6509928978614332,False,2158
Tetons (Jackson/Targhee),Midwinter,storm_days,Storm days per 30 (>= 2 in of new snow),46,nested,46,,0.029337233831574185,0.26627469790113456,0.40301026636269627,False,2158
Elk Mtns (Aspen/Crested Butte),Midwinter,mean_swe,Base (mean SWE in window),46,within_nino,15,-0.3065670801112802,0.0939833746079561,0.266746650669866,0.6688990105175066,False,2158
Park Range (Steamboat),Spring,new_snow_in_total,Total new snow in the window (in),47,within_nino,16,0.29628526425819585,0.08778495781654895,0.2669466106778644,0.6509928978614332,False,2158
San Juans (Telluride/Purgatory/Wolf Ck),Midwinter,big_storm_days,Powder days per 30 (>= 6 in of new snow),47,within_nina,16,-0.29405844624271127,0.08647036980667751,0.2669466106778644,0.6509928978614332,False,2158
Snowy Range & Sierra Madre,Spring,big_storm_days,Powder days per 30 (>= 6 in of new snow),46,within_nino,15,0.3040112801004432,0.09242285842831013,0.2679464107178564,0.6688990105175066,False,2158
Gore & Tenmile (Vail/Summit/Copper),Midwinter,mean_swe,Base (mean SWE in window),48,within_nino,16,-0.2904768811752959,0.08437681849732698,0.2679464107178564,0.6509928978614332,False,2158
Jemez & N New Mexico,Midwinter,mean_swe,Base (mean SWE in window),46,nested,46,,0.02911087036780808,0.2681551746920081,0.40301026636269627,False,2158
Black Hills (Terry Peak),Midwinter,storm_days,Storm days per 30 (>= 2 in of new snow),26,nested,26,,0.055151707712336635,0.2693257682026369,0.5256903151516702,False,2158
San Juans (Telluride/Purgatory/Wolf Ck),Midwinter,new_snow_in_total,Total new snow in the window (in),47,within_nino,16,-0.29755956352707513,0.08854169384642346,0.2695460907818436,0.6509928978614332,False,2158
Yellowstone & Wind River,Holidays,mean_swe,Base (mean SWE in window),48,within_nina,16,0.2897654256764452,0.08396400191745149,0.2699460107978404,0.6509928978614332,False,2158
Jemez & N New Mexico,Spring,storm_days,Storm days per 30 (>= 2 in of new snow),46,within_nino,15,0.3050713840213107,0.09306854934867802,0.2699460107978404,0.6688990105175066,False,2158
Sawtooth & Smoky (Sun Valley),Holidays,big_storm_days,Powder days per 30 (>= 6 in of new snow),46,within_nino,15,0.3074856251252332,0.09454740965865543,0.2705458908218356,0.6688990105175066,False,2158
San Francisco Peaks (AZ Snowbowl),Spring,big_storm_days,Powder days per 30 (>= 6 in of new snow),46,nested,46,,0.028803579177662755,0.2707338233254877,0.40301026636269627,False,2158
Central Oregon (Mt Bachelor),Spring,days_with_base,Days per 30 with a skiable base,46,within_nino,15,0.310666241214496,0.09651351343034341,0.2709458108378324,0.6688990105175066,False,2158
North Cascades (Mt Baker),Early season,new_snow_in_total,Total new snow in the window (in),44,within_nina,16,-0.2972121845949041,0.08833508267167536,0.27114577084583086,0.6509928978614332,False,2158
San Francisco Peaks (AZ Snowbowl),Holidays,new_snow_in_total,Total new snow in the window (in),46,within_nino,15,-0.30526685278760607,0.09318785141084995,0.27214557088582286,0.6688990105175066,False,2158
Selkirk & Cabinet (Schweitzer/Silver),Holidays,new_snow_in_total,Total new snow in the window (in),46,within_nina,16,-0.2883062422904726,0.08312048934365268,0.27334533093381325,0.6509928978614332,False,2158
Bitterroot & Lolo (Montana Snowbowl),Holidays,days_with_base,Days per 30 with a skiable base,59,nested,59,,0.02165658385913838,0.2746604869791681,0.3578147819208976,False,2158
W Central Idaho (Brundage/Tamarack),Early season,new_snow_in_total,Total new snow in the window (in),46,within_nino,15,0.2969616470803991,0.08818621983670352,0.2761447710457908,0.6688990105175066,False,2158
Gore & Tenmile (Vail/Summit/Copper),Holidays,mean_swe,Base (mean SWE in window),48,within_nina,16,0.2927155931571068,0.08568241847731688,0.27754449110177964,0.6509928978614332,False,2158
Snowy Range & Sierra Madre,Holidays,days_with_base,Days per 30 with a skiable base,46,within_nina,16,0.28785312216718145,0.08285941994139429,0.27754449110177964,0.6509928978614332,False,2158
Jemez & N New Mexico,Midwinter,new_snow_in_total,Total new snow in the window (in),46,within_nino,15,-0.30781026460176186,0.09474715899420665,0.27754449110177964,0.6688990105175066,False,2158
Sawtooth & Smoky (Sun Valley),Midwinter,mean_swe,Base (mean SWE in window),46,within_nino,15,0.3002338463408758,0.09014036248863662,0.27754449110177964,0.6688990105175066,False,2158
E Cascades rain shadow (Mission Ridge),Spring,new_snow_in_total,Total new snow in the window (in),45,nested,45,,0.028681962151958465,0.2776149295169281,0.40723664075787896,False,2158
Chugach (Alyeska),Holidays,days_with_base,Days per 30 with a skiable base,43,within_nino,15,0.30113067112231395,0.09067968109057521,0.27854429114177165,0.6688990105175066,False,2158
Sawtooth & Smoky (Sun Valley),Spring,days_with_base,Days per 30 with a skiable base,46,within_nina,16,-0.29186390676041585,0.08518454006945271,0.27914417116576684,0.6509928978614332,False,2158
Mt Hood,Spring,big_storm_days,Powder days per 30 (>= 6 in of new snow),48,nested,48,,0.026551717285557278,0.2792538150206483,0.3949367405566347,False,2158
Wasatch (Alta/Snowbird/Park City),Spring,new_snow_in_total,Total new snow in the window (in),48,within_nina,16,0.2955897162885548,0.08737328037554831,0.2793441311737652,0.6509928978614332,False,2158
Front Range (Winter Park/Loveland/A-Basin),Spring,big_storm_days,Powder days per 30 (>= 6 in of new snow),48,within_nino,16,0.28652152184490276,0.08209458248031909,0.27954409118176365,0.6509928978614332,False,2158
Sangre de Cristo (Taos/Santa Fe),Spring,big_storm_days,Powder days per 30 (>= 6 in of new snow),47,nested,47,,0.027119603147260588,0.2796864768194841,0.39891242123069554,False,2158
White Mtns AZ (Sunrise Park),Midwinter,mean_swe,Base (mean SWE in window),46,nested,46,,0.02774807456461718,0.27982466684965235,0.40301026636269627,False,2158
North Cascades (Mt Baker),Midwinter,storm_days,Storm days per 30 (>= 2 in of new snow),44,within_nina,16,-0.28750886285315536,0.0826613462191145,0.27994401119776047,0.6509928978614332,False,2158
Ruby Mtns & NE Nevada,Midwinter,mean_depth,Base (mean snow depth),26,nested,26,,0.05274238327994499,0.2803490795621597,0.5256903151516702,False,2158
Elk Mtns (Aspen/Crested Butte),Early season,new_snow_in_total,Total new snow in the window (in),46,within_nina,16,0.28760895217907234,0.08271890937354393,0.28054389122175566,0.6509928978614332,False,2158
Ruby Mtns & NE Nevada,Spring,storm_days,Storm days per 30 (>= 2 in of new snow),46,within_nina,16,0.2916906433417087,0.0850834314130999,0.28074385122975404,0.6509928978614332,False,2158
Yellowstone & Wind River,Early season,new_snow_in_total,Total new snow in the window (in),48,within_nina,16,0.28329535684130125,0.08025625920784021,0.28094381123775247,0.6509928978614332,False,2158
Yellowstone & Wind River,Early season,big_storm_days,Powder days per 30 (>= 6 in of new snow),48,within_nino,16,-0.2881774601911712,0.08304624856223405,0.28094381123775247,0.6509928978614332,False,2158
Central Oregon (Mt Bachelor),Spring,days_with_base,Days per 30 with a skiable base,46,within_nina,16,-0.28789286077730164,0.08288229928653879,0.28114377124575085,0.6509928978614332,False,2158
Chugach (Alyeska),Early season,days_with_base,Days per 30 with a skiable base,43,within_nino,15,0.30482559348244587,0.09291864244192534,0.28114377124575085,0.6688990105175066,False,2158
Jemez & N New Mexico,Holidays,big_storm_days,Powder days per 30 (>= 6 in of new snow),46,within_nino,15,-0.2977172188299669,0.08863554238785039,0.28134373125374923,0.6688990105175066,False,2158
Front Range (Winter Park/Loveland/A-Basin),Spring,days_with_base,Days per 30 with a skiable base,48,within_nina,16,-0.28933734604116973,0.0837160998141476,0.28154369126174766,0.6509928978614332,False,2158
Beartooth & Absaroka (Red Lodge),Spring,new_snow_in_total,Total new snow in the window (in),53,within_nina,19,-0.2600556784690346,0.0676289559039899,0.28254349130173967,0.6046192670424827,False,2158
North Cascades (Mt Baker),Midwinter,big_storm_days,Powder days per 30 (>= 6 in of new snow),44,within_nino,15,0.2956435927822509,0.08740513395319739,0.28434313137372524,0.6688990105175066,False,2158
San Francisco Peaks (AZ Snowbowl),Spring,days_with_base,Days per 30 with a skiable base,46,within_nino,15,0.294436867135578,0.086693068728614,0.28494301139772044,0.6688990105175066,False,2158
Gore & Tenmile (Vail/Summit/Copper),Midwinter,days_with_base,Days per 30 with a skiable base,48,within_nino,16,-0.2776720212578102,0.0771017513893978,0.28574285142971406,0.6509928978614332,False,2158
San Juans (Telluride/Purgatory/Wolf Ck),Midwinter,big_storm_days,Powder days per 30 (>= 6 in of new snow),47,within_nino,16,-0.28317274833527345,0.0801868053997521,0.28674265146970607,0.6509928978614332,False,2158
Elk Mtns (Aspen/Crested Butte),Early season,big_storm_days,Powder days per 30 (>= 6 in of new snow),46,nested,46,,0.026927481701002356,0.28715229210970417,0.40301026636269627,False,2158
White Mtns AZ (Sunrise Park),Midwinter,days_with_base,Days per 30 with a skiable base,46,nested,46,,0.026878019838952823,0.287601499592261,0.40301026636269627,False,2158
Central Oregon (Mt Bachelor),Holidays,new_snow_in_total,Total new snow in the window (in),46,within_nino,15,0.2884746108413416,0.0832176011000635,0.28834233153369326,0.6688990105175066,False,2158
Jemez & N New Mexico,Midwinter,big_storm_days,Powder days per 30 (>= 6 in of new snow),46,within_nino,15,-0.29167281468421813,0.08507303082581424,0.28854229154169164,0.6688990105175066,False,2158
Chugach (Alyeska),Midwinter,storm_days,Storm days per 30 (>= 2 in of new snow),43,within_nina,15,0.2956879866435474,0.08743138544531466,0.2887422515496901,0.6688990105175066,False,2158
S Washington Cascades (Crystal/White Pass),Midwinter,mean_swe,Base (mean SWE in window),45,within_nino,15,0.2930787024101633,0.08589512580642507,0.28954209158168365,0.6688990105175066,False,2158
Jemez & N New Mexico,Holidays,new_snow_in_total,Total new snow in the window (in),46,within_nino,15,-0.2971864754017516,0.0883198011617159,0.28994201159768046,0.6688990105175066,False,2158
Whitefish & Flathead Range,Midwinter,big_storm_days,Powder days per 30 (>= 6 in of new snow),52,nested,52,,0.023284293808760858,0.29009751280430696,0.38014271330980004,False,2158
W Central Idaho (Brundage/Tamarack),Midwinter,big_storm_days,Powder days per 30 (>= 6 in of new snow),46,within_nina,16,-0.2788831533067999,0.07777581319834406,0.29014197160567884,0.6509928978614332,False,2158
San Juans (Telluride/Purgatory/Wolf Ck),Holidays,storm_days,Storm days per 30 (>= 2 in of new snow),47,within_nino,16,-0.27727526890444243,0.07688157474603086,0.2903419316136773,0.6509928978614332,False,2158
Yellowstone & Wind River,Early season,mean_swe,Base (mean SWE in window),48,within_nina,16,0.28677284781859536,0.08223866624598725,0.2907418516296741,0.6509928978614332,False,2158
Uinta Mtns,Midwinter,big_storm_days,Powder days per 30 (>= 6 in of new snow),48,within_nino,16,-0.2825182559092688,0.07981656492201511,0.29154169166166766,0.6509928978614332,False,2158
Central Oregon (Mt Bachelor),Holidays,storm_days,Storm days per 30 (>= 2 in of new snow),46,within_nino,15,0.28813138845300335,0.0830196970118555,0.2917416516696661,0.6688990105175066,False,2158
Tetons (Jackson/Targhee),Early season,big_storm_days,Powder days per 30 (>= 6 in of new snow),46,nested,46,,0.026411516611754404,0.2918814099788658,0.40301026636269627,False,2158
S Utah (Brian Head/Eagle Point),Spring,days_with_base,Days per 30 with a skiable base,47,within_nino,16,0.2784729356707096,0.07754717590106315,0.29194161167766447,0.6509928978614332,False,2158
Bitterroot & Lolo (Montana Snowbowl),Spring,mean_swe,Base (mean SWE in window),59,nested,59,,0.02017014644169736,0.2919570733228585,0.3578147819208976,False,2158
N Sierra / Tahoe (Palisades/Heavenly/Rose),Early season,days_with_base,Days per 30 with a skiable base,48,within_nina,16,0.2871999125420126,0.08248378976413968,0.2927414517096581,0.6509928978614332,False,2158
Gore & Tenmile (Vail/Summit/Copper),Midwinter,storm_days,Storm days per 30 (>= 2 in of new snow),48,within_nino,16,-0.27978338658795465,0.07827874341062488,0.2927414517096581,0.6509928978614332,False,2158
Central Cascades (Stevens/Snoqualmie),Early season,days_with_base,Days per 30 with a skiable base,45,within_nino,15,-0.29304442370819006,0.08587503426646523,0.2933413317336533,0.6688990105175066,False,2158
Mt Hood,Holidays,storm_days,Storm days per 30 (>= 2 in of new snow),48,within_nino,16,0.2765388861494177,0.07647375555276059,0.29354129174165167,0.6509928978614332,False,2158
Jemez & N New Mexico,Spring,mean_swe,Base (mean SWE in window),46,within_nina,16,0.2740014270957464,0.07507678205050562,0.29374125174965005,0.6509928978614332,False,2158
Selkirk & Cabinet (Schweitzer/Silver),Spring,mean_swe,Base (mean SWE in window),46,within_nino,15,0.2904451507537268,0.08435838559635508,0.2939412117576485,0.6688990105175066,False,2158
Wasatch (Alta/Snowbird/Park City),Early season,storm_days,Storm days per 30 (>= 2 in of new snow),48,within_nina,16,0.2865835505192226,0.0821301314282038,0.2939412117576485,0.6509928978614332,False,2158
Yellowstone & Wind River,Holidays,days_with_base,Days per 30 with a skiable base,48,within_nina,16,0.28727385667229804,0.08252626872737603,0.29474105178964205,0.6509928978614332,False,2158
Central Cascades (Stevens/Snoqualmie),Spring,storm_days,Storm days per 30 (>= 2 in of new snow),45,nested,45,,0.026684689438898276,0.29525026364493234,0.40723664075787896,False,2158
Front Range (Winter Park/Loveland/A-Basin),Spring,new_snow_in_total,Total new snow in the window (in),48,nested,48,,0.024864629954717374,0.2952813111623055,0.3949367405566347,False,2158
Wasatch (Alta/Snowbird/Park City),Spring,big_storm_days,Powder days per 30 (>= 6 in of new snow),48,nested,48,,0.024848150211198596,0.2954434326684472,0.3949367405566347,False,2158
Tetons (Jackson/Targhee),Midwinter,mean_swe,Base (mean SWE in window),46,within_nina,16,-0.28057994349496246,0.07872510469163632,0.2955408918216357,0.6509928978614332,False,2158
Central Oregon (Mt Bachelor),Early season,mean_swe,Base (mean SWE in window),46,nested,46,,0.025928064801226874,0.29640077515969887,0.40301026636269627,False,2158
Blues & Wallowas (Anthony Lakes),Spring,big_storm_days,Powder days per 30 (>= 6 in of new snow),48,within_nino,16,0.272386474817621,0.07419439166357049,0.29834033193361326,0.6509928978614332,False,2158
Bridger/Gallatin/Madison (Big Sky),Spring,storm_days,Storm days per 30 (>= 2 in of new snow),60,within_nino,20,0.24423370740708691,0.059650103833810544,0.2995400919816037,0.5911839833526782,False,2158
S Utah (Brian Head/Eagle Point),Spring,mean_swe,Base (mean SWE in window),47,nested,47,,0.024979885289903775,0.299766848521826,0.39891242123069554,False,2158
Mt Hood,Holidays,mean_depth,Base (mean snow depth),29,nested,29,,0.04290256764764994,0.2999018431566587,0.5000974343469677,False,2158
Wasatch (Alta/Snowbird/Park City),Spring,big_storm_days,Powder days per 30 (>= 6 in of new snow),48,within_nina,16,0.28408257546374266,0.08070290968211304,0.29994001199760045,0.6509928978614332,False,2158
San Francisco Peaks (AZ Snowbowl),Midwinter,big_storm_days,Powder days per 30 (>= 6 in of new snow),46,within_nina,16,-0.2854200712638521,0.08146461708026241,0.3001399720055989,0.6509928978614332,False,2158
Snowy Range & Sierra Madre,Holidays,mean_swe,Base (mean SWE in window),46,within_nina,16,0.2756741908154653,0.07599625948176157,0.3001399720055989,0.6509928978614332,False,2158
San Francisco Peaks (AZ Snowbowl),Spring,mean_swe,Base (mean SWE in window),46,within_nino,15,0.2858285475637645,0.0816979586024112,0.3005398920215957,0.6688990105175066,False,2158
Front Range (Winter Park/Loveland/A-Basin),Spring,big_storm_days,Powder days per 30 (>= 6 in of new snow),48,nested,48,,0.024308150785126555,0.3008179975125501,0.3949367405566347,False,2158
White Mtns AZ (Sunrise Park),Holidays,storm_days,Storm days per 30 (>= 2 in of new snow),46,within_nino,15,-0.2824387524038704,0.0797716488594548,0.30193961207758446,0.6688990105175066,False,2158
Sangre de Cristo (Taos/Santa Fe),Midwinter,storm_days,Storm days per 30 (>= 2 in of new snow),47,within_nina,16,-0.28098684005628793,0.07895360428481794,0.30293941211757647,0.6509928978614332,False,2158
Sangre de Cristo (Taos/Santa Fe),Midwinter,storm_days,Storm days per 30 (>= 2 in of new snow),47,nested,47,,0.02447989567909872,0.30471612218039845,0.39891242123069554,False,2158
Central Oregon (Mt Bachelor),Midwinter,big_storm_days,Powder days per 30 (>= 6 in of new snow),46,nested,46,,0.02491773040786164,0.3061320623777525,0.40301026636269627,False,2158
N Sierra / Tahoe (Palisades/Heavenly/Rose),Early season,big_storm_days,Powder days per 30 (>= 6 in of new snow),48,within_nina,16,0.2754248454082687,0.07585884546816872,0.3063387322535493,0.6509928978614332,False,2158
Bridger/Gallatin/Madison (Big Sky),Midwinter,storm_days,Storm days per 30 (>= 2 in of new snow),60,within_nino,20,-0.24112013807284655,0.05813892098426858,0.3067386522695461,0.5911839833526782,False,2158
Selkirk & Cabinet (Schweitzer/Silver),Midwinter,days_with_base,Days per 30 with a skiable base,45,within_nina,16,-0.2873450354300746,0.08256716938631084,0.3067386522695461,0.6509928978614332,False,2158
Bitterroot & Lolo (Montana Snowbowl),Spring,days_with_base,Days per 30 with a skiable base,56,within_nino,19,-0.24626561638872324,0.06064675381531779,0.3079384123175365,0.6046192670424827,False,2158
North Cascades (Mt Baker),Holidays,mean_swe,Base (mean SWE in window),44,within_nina,16,-0.2715682166243917,0.07374929628055253,0.3085382923415317,0.6509928978614332,False,2158
Bighorn Mtns,Spring,big_storm_days,Powder days per 30 (>= 6 in of new snow),48,within_nino,16,0.26927490888740196,0.07250897655631863,0.3085382923415317,0.6509928978614332,False,2158
San Juans (Telluride/Purgatory/Wolf Ck),Early season,big_storm_days,Powder days per 30 (>= 6 in of new snow),48,within_nina,16,-0.27723253194834424,0.0768578767704897,0.3087382523495301,0.6509928978614332,False,2158
Jemez & N New Mexico,Spring,big_storm_days,Powder days per 30 (>= 6 in of new snow),46,within_nino,15,0.2804291335579788,0.07864049894807873,0.3091381723655269,0.6688990105175066,False,2158
S Utah (Brian Head/Eagle Point),Midwinter,new_snow_in_total,Total new snow in the window (in),48,nested,48,,0.02346799310540817,0.3094272457092979,0.3949367405566347,False,2158
Ruby Mtns & NE Nevada,Spring,new_snow_in_total,Total new snow in the window (in),46,within_nina,16,0.26768253644214646,0.07165394031610106,0.3115376924615077,0.6509928978614332,False,2158
Ruby Mtns & NE Nevada,Early season,days_with_base,Days per 30 with a skiable base,46,nested,46,,0.0243547950458851,0.3117292161337859,0.40301026636269627,False,2158
North Cascades (Mt Baker),Midwinter,days_with_base,Days per 30 with a skiable base,44,within_nino,15,0.29691043141086904,0.08815580428058836,0.3117376524695061,0.6688990105175066,False,2158
Bighorn Mtns,Early season,big_storm_days,Powder days per 30 (>= 6 in of new snow),48,nested,48,,0.023242318283111532,0.3117928014094996,0.3949367405566347,False,2158
Mt Hood,Midwinter,days_with_base,Days per 30 with a skiable base,48,within_nino,16,0.26937761014292416,0.07256429684631324,0.3121375724855029,0.6509928978614332,False,2158
Chugach (Alyeska),Holidays,mean_depth,Base (mean snow depth),20,nested,20,,0.06368479683942672,0.31236307812187514,0.5911839833526782,False,2158
E Cascades rain shadow (Mission Ridge),Early season,mean_depth,Base (mean snow depth),25,nested,25,,0.048350949431493394,0.31338336485674045,0.5351255042517953,False,2158
Ruby Mtns & NE Nevada,Early season,new_snow_in_total,Total new snow in the window (in),46,nested,46,,0.02415882025923617,0.3137082152320132,0.40301026636269627,False,2158
Front Range (Winter Park/Loveland/A-Basin),Spring,new_snow_in_total,Total new snow in the window (in),48,within_nino,16,0.2673379079133366,0.07146955700747964,0.3137372525494901,0.6509928978614332,False,2158
Selkirk & Cabinet (Schweitzer/Silver),Holidays,days_with_base,Days per 30 with a skiable base,46,within_nina,16,-0.2703286116380917,0.0730775582701782,0.3137372525494901,0.6509928978614332,False,2158
Uinta Mtns,Early season,storm_days,Storm days per 30 (>= 2 in of new snow),48,nested,48,,0.02296171797177827,0.3147663130178413,0.3949367405566347,False,2158
Bighorn Mtns,Midwinter,new_snow_in_total,Total new snow in the window (in),48,nested,48,,0.02286042082570344,0.31584864387926015,0.3949367405566347,False,2158
Uinta Mtns,Early season,new_snow_in_total,Total new snow in the window (in),48,nested,48,,0.022803670871246393,0.31645708118999405,0.3949367405566347,False,2158
Mt Hood,Early season,mean_swe,Base (mean SWE in window),48,nested,48,,0.02276372891048761,0.3168862134089092,0.3949367405566347,False,2158
Blues & Wallowas (Anthony Lakes),Spring,days_with_base,Days per 30 with a skiable base,48,within_nino,16,0.26738223036184877,0.07149325711327677,0.3177364527094581,0.6509928978614332,False,2158
Ruby Mtns & NE Nevada,Early season,new_snow_in_total,Total new snow in the window (in),46,within_nina,16,0.27713864920353526,0.07680583088236018,0.3177364527094581,0.6509928978614332,False,2158
Sawtooth & Smoky (Sun Valley),Spring,storm_days,Storm days per 30 (>= 2 in of new snow),46,within_nino,15,0.2766488456621832,0.07653458380621844,0.3179364127174565,0.6688990105175066,False,2158
San Juans (Telluride/Purgatory/Wolf Ck),Spring,new_snow_in_total,Total new snow in the window (in),48,within_nina,16,0.26831381909279867,0.07199230551616309,0.3191361727654469,0.6509928978614332,False,2158
W Central Idaho (Brundage/Tamarack),Spring,new_snow_in_total,Total new snow in the window (in),46,nested,46,,0.02359808714942593,0.31945990681189207,0.40301026636269627,False,2158
Park Range (Steamboat),Holidays,new_snow_in_total,Total new snow in the window (in),47,nested,47,,0.022998388662770698,0.32000219453835854,0.39891242123069554,False,2158
S Washington Cascades (Crystal/White Pass),Spring,new_snow_in_total,Total new snow in the window (in),45,within_nina,16,-0.26662978075412236,0.07109143998499136,0.32013597280543893,0.6509928978614332,False,2158
White Mtns AZ (Sunrise Park),Holidays,big_storm_days,Powder days per 30 (>= 6 in of new snow),46,nested,46,,0.023498415138151648,0.3204963845637183,0.40301026636269627,False,2158
Mt Hood,Midwinter,big_storm_days,Powder days per 30 (>= 6 in of new snow),48,nested,48,,0.02236216929960828,0.3212422772240576,0.3949367405566347,False,2158
White Mtns AZ (Sunrise Park),Spring,days_with_base,Days per 30 with a skiable base,46,within_nino,15,0.28078010810012066,0.07883746910471544,0.3219356128774245,0.6688990105175066,False,2158
Bitterroot & Lolo (Montana Snowbowl),Midwinter,mean_depth,Base (mean snow depth),26,nested,26,,0.04456332247481097,0.32208349433838934,0.5256903151516702,False,2158
Bighorn Mtns,Midwinter,mean_swe,Base (mean SWE in window),48,within_nino,16,-0.2634670752053717,0.069414899717273,0.32213557288542294,0.6509928978614332,False,2158
S Washington Cascades (Crystal/White Pass),Spring,mean_depth,Base (mean snow depth),29,within_nina,12,-0.3166968121275998,0.10029687081178425,0.32313537292541494,0.732389290340833,False,2158
N Sierra / Tahoe (Palisades/Heavenly/Rose),Early season,new_snow_in_total,Total new snow in the window (in),48,within_nina,16,0.2533834666526129,0.06420318117289579,0.3235352929414117,0.6509928978614332,False,2158
Beartooth & Absaroka (Red Lodge),Midwinter,new_snow_in_total,Total new snow in the window (in),53,within_nina,19,-0.23694927856785927,0.056144960613828974,0.32373525294941013,0.6046192670424827,False,2158
Yellowstone & Wind River,Spring,storm_days,Storm days per 30 (>= 2 in of new snow),48,within_nina,16,-0.2609789651155648,0.06811002023279118,0.32373525294941013,0.6509928978614332,False,2158
N Sierra / Tahoe (Palisades/Heavenly/Rose),Spring,mean_swe,Base (mean SWE in window),48,nested,48,,0.022130645900404564,0.32378884147246345,0.3949367405566347,False,2158
Beartooth & Absaroka (Red Lodge),Spring,days_with_base,Days per 30 with a skiable base,48,within_nino,16,-0.2628586408340732,0.06909466506113628,0.3239352129574085,0.6509928978614332,False,2158
Jemez & N New Mexico,Midwinter,mean_swe,Base (mean SWE in window),46,within_nino,15,0.2749883905362698,0.07561861492972803,0.3239352129574085,0.6688990105175066,False,2158
North Cascades (Mt Baker),Holidays,days_with_base,Days per 30 with a skiable base,44,within_nina,16,-0.2678962040299946,0.07176837613368049,0.3243351329734053,0.6509928978614332,False,2158
Whitefish & Flathead Range,Spring,mean_swe,Base (mean SWE in window),52,within_nino,18,0.24369342962895107,0.05938648764432053,0.3245350929814037,0.6189900709973589,False,2158
Chugach (Alyeska),Holidays,days_with_base,Days per 30 with a skiable base,43,nested,43,,0.024885942258323725,0.3245953249849216,0.4161028431113385,False,2158
E Cascades rain shadow (Mission Ridge),Holidays,new_snow_in_total,Total new snow in the window (in),45,within_nino,15,0.2757460244270859,0.07603586998734306,0.3249350129974005,0.6688990105175066,False,2158
White Mtns AZ (Sunrise Park),Midwinter,mean_swe,Base (mean SWE in window),46,within_nino,15,0.27723259839146364,0.07685791361088257,0.32533493301339733,0.6688990105175066,False,2158
Snowy Range & Sierra Madre,Spring,days_with_base,Days per 30 with a skiable base,46,within_nino,15,0.2708444737057018,0.0733567289369186,0.32633473305338934,0.6688990105175066,False,2158
Central Cascades (Stevens/Snoqualmie),Midwinter,days_with_base,Days per 30 with a skiable base,45,within_nina,16,-0.2696761868740453,0.07272524576692502,0.3265346930613877,0.6509928978614332,False,2158
Front Range (Winter Park/Loveland/A-Basin),Holidays,new_snow_in_total,Total new snow in the window (in),48,within_nina,16,0.25748035607628095,0.06629613376516842,0.3277344531093781,0.6509928978614332,False,2158
Wasatch (Alta/Snowbird/Park City),Spring,storm_days,Storm days per 30 (>= 2 in of new snow),48,within_nina,16,0.2645978716691135,0.07001203369182467,0.3281343731253749,0.6509928978614332,False,2158
W Central Idaho (Brundage/Tamarack),Midwinter,days_with_base,Days per 30 with a skiable base,46,nested,46,,0.022688377990070067,0.3290826390811298,0.40301026636269627,False,2158
Beartooth & Absaroka (Red Lodge),Spring,mean_depth,Base (mean snow depth),25,nested,25,,0.04532237393927074,0.3294155754104343,0.5351255042517953,False,2158
Park Range (Steamboat),Midwinter,big_storm_days,Powder days per 30 (>= 6 in of new snow),47,within_nino,16,-0.26810673395259044,0.0718812207907251,0.32953409318136373,0.6509928978614332,False,2158
Beartooth & Absaroka (Red Lodge),Early season,big_storm_days,Powder days per 30 (>= 6 in of new snow),53,nested,53,,0.01934634367519678,0.33034141016779317,0.37669626558347646,False,2158
Bighorn Mtns,Spring,mean_depth,Base (mean snow depth),23,nested,23,,0.049905609965556375,0.33034567413037286,0.5556053417105351,False,2158
Bighorn Mtns,Holidays,new_snow_in_total,Total new snow in the window (in),48,nested,48,,0.02147988460031147,0.33108786562866,0.3949367405566347,False,2158
Ruby Mtns & NE Nevada,Holidays,days_with_base,Days per 30 with a skiable base,46,nested,46,,0.022502033249717952,0.33109984345560906,0.40301026636269627,False,2158
Bridger/Gallatin/Madison (Big Sky),Spring,storm_days,Storm days per 30 (>= 2 in of new snow),60,nested,60,,0.01686380586736552,0.3312581263710598,0.35493516594241575,False,2158
Tetons (Jackson/Targhee),Midwinter,new_snow_in_total,Total new snow in the window (in),46,nested,46,,0.02241198941658436,0.33208033889291977,0.40301026636269627,False,2158
Selkirk & Cabinet (Schweitzer/Silver),Holidays,mean_swe,Base (mean SWE in window),46,within_nina,16,-0.2600652021584151,0.06763390937369732,0.3327334533093381,0.6509928978614332,False,2158
Gore & Tenmile (Vail/Summit/Copper),Spring,mean_depth,Base (mean snow depth),28,within_nina,12,-0.3089270168871714,0.09543590176280668,0.3327334533093381,0.732389290340833,False,2158
Ruby Mtns & NE Nevada,Midwinter,mean_swe,Base (mean SWE in window),46,nested,46,,0.02218287450069729,0.33459230403824247,0.40301026636269627,False,2158
Bitterroot & Lolo (Montana Snowbowl),Early season,mean_swe,Base (mean SWE in window),59,nested,59,,0.01692939031688902,0.3347064622348982,0.3578147819208976,False,2158
Park Range (Steamboat),Holidays,storm_days,Storm days per 30 (>= 2 in of new snow),47,within_nino,16,-0.26276809047884386,0.06904706937389787,0.33553289342131576,0.6509928978614332,False,2158
Park Range (Steamboat),Holidays,storm_days,Storm days per 30 (>= 2 in of new snow),47,nested,47,,0.02154916106302143,0.33592143371594174,0.39891242123069554,False,2158
Front Range (Winter Park/Loveland/A-Basin),Early season,storm_days,Storm days per 30 (>= 2 in of new snow),48,within_nina,16,0.2614288235094426,0.06834502976153127,0.33613277344531095,0.6509928978614332,False,2158
Uinta Mtns,Holidays,big_storm_days,Powder days per 30 (>= 6 in of new snow),48,within_nino,16,-0.2592725298034503,0.06722224471068101,0.33633273345330933,0.6509928978614332,False,2158
Gore & Tenmile (Vail/Summit/Copper),Midwinter,new_snow_in_total,Total new snow in the window (in),48,within_nino,16,-0.2574438554090032,0.06627733868785175,0.33633273345330933,0.6509928978614332,False,2158
White Mtns AZ (Sunrise Park),Early season,big_storm_days,Powder days per 30 (>= 6 in of new snow),46,within_nino,15,0.2754816797932105,0.07589015590168895,0.3369326134773045,0.6688990105175066,False,2158
San Francisco Peaks (AZ Snowbowl),Early season,big_storm_days,Powder days per 30 (>= 6 in of new snow),46,within_nino,15,0.27401152760763964,0.07508231726187226,0.3369326134773045,0.6688990105175066,False,2158
S Washington Cascades (Crystal/White Pass),Midwinter,new_snow_in_total,Total new snow in the window (in),45,within_nino,15,0.2675727240125623,0.07159516263550285,0.33713257348530296,0.6688990105175066,False,2158
E Cascades rain shadow (Mission Ridge),Spring,mean_swe,Base (mean SWE in window),45,within_nina,16,-0.2528106666009071,0.06391323314719502,0.33733253349330133,0.6509928978614332,False,2158
Sawtooth & Smoky (Sun Valley),Spring,storm_days,Storm days per 30 (>= 2 in of new snow),46,within_nina,16,0.2567197059620624,0.06590500742924778,0.3375324935012997,0.6509928978614332,False,2158
Park Range (Steamboat),Spring,storm_days,Storm days per 30 (>= 2 in of new snow),47,nested,47,,0.021383020943891617,0.33781170715726283,0.39891242123069554,False,2158
Elk Mtns (Aspen/Crested Butte),Holidays,mean_swe,Base (mean SWE in window),46,within_nina,16,0.25733767674066227,0.06622267987028159,0.33813237352529496,0.6509928978614332,False,2158
Front Range (Winter Park/Loveland/A-Basin),Early season,new_snow_in_total,Total new snow in the window (in),48,within_nina,16,0.2632690236482392,0.06931057881269712,0.33873225354929015,0.6509928978614332,False,2158
Chugach (Alyeska),Spring,mean_depth,Base (mean snow depth),21,nested,21,,0.053862655371869066,0.3390261469714828,0.578589616221095,False,2158
N Sierra / Tahoe (Palisades/Heavenly/Rose),Midwinter,new_snow_in_total,Total new snow in the window (in),48,within_nina,16,-0.2528232627360072,0.06391960218048012,0.34033193361327735,0.6509928978614332,False,2158
Central Cascades (Stevens/Snoqualmie),Midwinter,big_storm_days,Powder days per 30 (>= 6 in of new snow),45,nested,45,,0.022174675344591582,0.3405734758014679,0.40723664075787896,False,2158
Tetons (Jackson/Targhee),Early season,new_snow_in_total,Total new snow in the window (in),46,within_nino,15,-0.26565466364951573,0.07057240031873734,0.34153169366126773,0.6688990105175066,False,2158
Beartooth & Absaroka (Red Lodge),Holidays,days_with_base,Days per 30 with a skiable base,53,within_nina,19,-0.23095907799661702,0.053342095709047424,0.34173165366926617,0.6046192670424827,False,2158
Sawtooth & Smoky (Sun Valley),Midwinter,days_with_base,Days per 30 with a skiable base,46,within_nino,15,0.2678675834957696,0.07175304228786311,0.3421315736852629,0.6688990105175066,False,2158
Central Oregon (Mt Bachelor),Midwinter,storm_days,Storm days per 30 (>= 2 in of new snow),46,within_nino,15,0.2647220767814534,0.0700777779354857,0.34253149370125974,0.6688990105175066,False,2158
Mt Hood,Midwinter,storm_days,Storm days per 30 (>= 2 in of new snow),48,within_nino,16,0.25398248270538637,0.06450710152119189,0.34293141371725655,0.6509928978614332,False,2158
Park Range (Steamboat),Midwinter,storm_days,Storm days per 30 (>= 2 in of new snow),47,nested,47,,0.02090747768314814,0.34330003428744904,0.39891242123069554,False,2158
Whitefish & Flathead Range,Midwinter,new_snow_in_total,Total new snow in the window (in),52,within_nino,18,0.23266195125798037,0.05413158356317083,0.34433113377324537,0.6189900709973589,False,2158
Mt Hood,Spring,big_storm_days,Powder days per 30 (>= 6 in of new snow),48,within_nino,16,-0.2529471708198865,0.06398227122578484,0.34453109378124375,0.6509928978614332,False,2158
Mt Hood,Midwinter,mean_swe,Base (mean SWE in window),48,within_nino,16,0.2569881168468668,0.06604289220049886,0.3447310537892421,0.6509928978614332,False,2158
Wasatch (Alta/Snowbird/Park City),Spring,new_snow_in_total,Total new snow in the window (in),48,within_nino,16,0.25102924453641845,0.06301568161252497,0.34513097380523894,0.6509928978614332,False,2158
Park Range (Steamboat),Early season,storm_days,Storm days per 30 (>= 2 in of new snow),47,nested,47,,0.02073242688496694,0.34534991183742436,0.39891242123069554,False,2158
W Central Idaho (Brundage/Tamarack),Spring,days_with_base,Days per 30 with a skiable base,46,within_nina,16,-0.26216464302727094,0.0687303000536164,0.34573085382923413,0.6509928978614332,False,2158
S Washington Cascades (Crystal/White Pass),Spring,days_with_base,Days per 30 with a skiable base,45,within_nina,16,-0.2646238892094518,0.07002580274033622,0.34593081383723256,0.6509928978614332,False,2158
Bridger/Gallatin/Madison (Big Sky),Holidays,mean_depth,Base (mean snow depth),28,nested,28,,0.037064693089198276,0.3460652991258427,0.5082126283577936,False,2158
Bitterroot & Lolo (Montana Snowbowl),Spring,mean_depth,Base (mean snow depth),26,nested,26,,0.04029739435688833,0.34693298806113193,0.5256903151516702,False,2158
San Juans (Telluride/Purgatory/Wolf Ck),Midwinter,new_snow_in_total,Total new snow in the window (in),47,within_nina,16,-0.24849212592107378,0.06174833664477479,0.3489302139572086,0.6509928978614332,False,2158
Gore & Tenmile (Vail/Summit/Copper),Midwinter,mean_depth,Base (mean snow depth),28,within_nina,12,-0.30209767249243674,0.09126300372534757,0.34913017396520696,0.732389290340833,False,2158
Bitterroot & Lolo (Montana Snowbowl),Holidays,big_storm_days,Powder days per 30 (>= 6 in of new snow),59,within_nina,22,0.217374446102294,0.047251649818279125,0.34913017396520696,0.5667539699566799,False,2158
Tetons (Jackson/Targhee),Early season,storm_days,Storm days per 30 (>= 2 in of new snow),46,within_nina,16,0.255872168132972,0.06547056642506788,0.34933013397320534,0.6509928978614332,False,2158
Gore & Tenmile (Vail/Summit/Copper),Midwinter,big_storm_days,Powder days per 30 (>= 6 in of new snow),48,within_nina,16,-0.2610924358310304,0.06816926004818073,0.34953009398120377,0.6509928978614332,False,2158
North Cascades (Mt Baker),Spring,storm_days,Storm days per 30 (>= 2 in of new snow),44,nested,44,,0.021902739558655546,0.34961225039630583,0.41159838137646865,False,2158
Bitterroot & Lolo (Montana Snowbowl),Midwinter,big_storm_days,Powder days per 30 (>= 6 in of new snow),59,within_nino,20,-0.22232505293611585,0.04942842916304671,0.35032993401319734,0.5911839833526782,False,2158
E Cascades rain shadow (Mission Ridge),Holidays,big_storm_days,Powder days per 30 (>= 6 in of new snow),45,nested,45,,0.021299454856774588,0.3503931089964444,0.40723664075787896,False,2158
Central Cascades (Stevens/Snoqualmie),Spring,new_snow_in_total,Total new snow in the window (in),45,nested,45,,0.02121920763056667,0.351312136629929,0.40723664075787896,False,2158
Beartooth & Absaroka (Red Lodge),Spring,mean_swe,Base (mean SWE in window),53,within_nina,19,-0.22958248920029084,0.05270811934740166,0.35232953409318135,0.6046192670424827,False,2158
White Mtns AZ (Sunrise Park),Holidays,new_snow_in_total,Total new snow in the window (in),46,within_nino,15,-0.2604643906651043,0.06784169880454408,0.3525294941011798,0.6688990105175066,False,2158
Gore & Tenmile (Vail/Summit/Copper),Holidays,new_snow_in_total,Total new snow in the window (in),48,within_nina,16,0.24908063899790558,0.062041164723604963,0.353129374125175,0.6509928978614332,False,2158
San Francisco Peaks (AZ Snowbowl),Holidays,big_storm_days,Powder days per 30 (>= 6 in of new snow),46,within_nino,15,-0.26992055498433803,0.07285710600305305,0.35332933413317336,0.6688990105175066,False,2158
Front Range (Winter Park/Loveland/A-Basin),Early season,big_storm_days,Powder days per 30 (>= 6 in of new snow),48,nested,48,,0.01953919316824877,0.35417525036790143,0.3949367405566347,False,2158
S Washington Cascades (Crystal/White Pass),Holidays,mean_depth,Base (mean snow depth),29,nested,29,,0.034396585552081554,0.354360629760627,0.5000974343469677,False,2158
Beartooth & Absaroka (Red Lodge),Spring,storm_days,Storm days per 30 (>= 2 in of new snow),53,within_nina,19,-0.22352947826701375,0.04996542765432337,0.356128774245151,0.6046192670424827,False,2158
Blues & Wallowas (Anthony Lakes),Midwinter,new_snow_in_total,Total new snow in the window (in),48,within_nino,16,0.2522967846601234,0.06365366754983667,0.3567286542691462,0.6509928978614332,False,2158
E Cascades rain shadow (Mission Ridge),Holidays,new_snow_in_total,Total new snow in the window (in),45,within_nina,16,-0.24689327651814116,0.06095628998986331,0.357128574285143,0.6509928978614332,False,2158
Bridger/Gallatin/Madison (Big Sky),Early season,big_storm_days,Powder days per 30 (>= 6 in of new snow),60,within_nino,20,0.21512444371602205,0.04627852628412794,0.357128574285143,0.5911839833526782,False,2158
Bitterroot & Lolo (Montana Snowbowl),Early season,storm_days,Storm days per 30 (>= 2 in of new snow),59,within_nina,22,-0.20355107857734395,0.04143304159000005,0.3599280143971206,0.5667539699566799,False,2158
Yellowstone & Wind River,Midwinter,days_with_base,Days per 30 with a skiable base,48,nested,48,,0.019058541959107247,0.3602219480574692,0.3949367405566347,False,2158
Chugach (Alyeska),Midwinter,big_storm_days,Powder days per 30 (>= 6 in of new snow),43,nested,43,,0.02146845910327749,0.36065044933047596,0.4161028431113385,False,2158
Tetons (Jackson/Targhee),Midwinter,mean_swe,Base (mean SWE in window),46,nested,46,,0.01988101540628844,0.361276447307068,0.40301026636269627,False,2158
Yellowstone & Wind River,Early season,big_storm_days,Powder days per 30 (>= 6 in of new snow),48,nested,48,,0.018904487325492908,0.3621893855422673,0.3949367405566347,False,2158
San Juans (Telluride/Purgatory/Wolf Ck),Midwinter,mean_swe,Base (mean SWE in window),47,nested,47,,0.019274791961580426,0.36306911622007154,0.39891242123069554,False,2158
Central Oregon (Mt Bachelor),Holidays,big_storm_days,Powder days per 30 (>= 6 in of new snow),46,within_nino,15,0.2505641232013409,0.06278237983565675,0.3633273345330934,0.6688990105175066,False,2158
Mt Hood,Holidays,storm_days,Storm days per 30 (>= 2 in of new snow),48,within_nina,16,-0.24894929328957685,0.06197575062937975,0.36372725454909016,0.6509928978614332,False,2158
N Sierra / Tahoe (Palisades/Heavenly/Rose),Spring,new_snow_in_total,Total new snow in the window (in),48,within_nina,16,0.24331126639706632,0.05920037235574418,0.36372725454909016,0.6509928978614332,False,2158
Yellowstone & Wind River,Midwinter,big_storm_days,Powder days per 30 (>= 6 in of new snow),48,nested,48,,0.018712724053944096,0.36465876006074815,0.3949367405566347,False,2158
E Cascades rain shadow (Mission Ridge),Holidays,storm_days,Storm days per 30 (>= 2 in of new snow),45,within_nino,15,0.2437345218096443,0.05940651712177598,0.36472705458908217,0.6688990105175066,False,2158
Jemez & N New Mexico,Spring,days_with_base,Days per 30 with a skiable base,46,nested,46,,0.019582454056603738,0.36494339823078037,0.40301026636269627,False,2158
Sangre de Cristo (Taos/Santa Fe),Early season,storm_days,Storm days per 30 (>= 2 in of new snow),47,within_nino,16,0.2405556967106225,0.057867043219932995,0.365126974605079,0.6509928978614332,False,2158
Elk Mtns (Aspen/Crested Butte),Midwinter,storm_days,Storm days per 30 (>= 2 in of new snow),46,nested,46,,0.019506285584699648,0.3658869669355599,0.40301026636269627,False,2158
Gore & Tenmile (Vail/Summit/Copper),Early season,mean_depth,Base (mean snow depth),28,within_nina,12,0.2924346780314885,0.08551804091538033,0.3659268146370726,0.732389290340833,False,2158
Bridger/Gallatin/Madison (Big Sky),Spring,mean_swe,Base (mean SWE in window),60,within_nina,22,-0.20122096518750057,0.04048987683098932,0.36632673465306936,0.5667539699566799,False,2158
Mt Hood,Spring,storm_days,Storm days per 30 (>= 2 in of new snow),48,within_nina,16,-0.24159842208899357,0.058369797555891494,0.367126574685063,0.6509928978614332,False,2158
Central Oregon (Mt Bachelor),Midwinter,big_storm_days,Powder days per 30 (>= 6 in of new snow),46,within_nino,15,0.25273146447828443,0.06387319313733834,0.367126574685063,0.6688990105175066,False,2158
Whitefish & Flathead Range,Early season,days_with_base,Days per 30 with a skiable base,52,nested,52,,0.016953821010820217,0.367450467771122,0.38014271330980004,False,2158
W Central Idaho (Brundage/Tamarack),Spring,days_with_base,Days per 30 with a skiable base,46,within_nino,15,0.25615659112975253,0.06561619917921521,0.36892621475704857,0.6688990105175066,False,2158
Chugach (Alyeska),Early season,storm_days,Storm days per 30 (>= 2 in of new snow),43,within_nina,15,-0.24886393707554,0.06193325917673833,0.369126174765047,0.6688990105175066,False,2158
Jemez & N New Mexico,Spring,storm_days,Storm days per 30 (>= 2 in of new snow),46,within_nina,16,0.2459595938414094,0.06049612180263107,0.3693261347730454,0.6509928978614332,False,2158
N Sierra / Tahoe (Palisades/Heavenly/Rose),Spring,days_with_base,Days per 30 with a skiable base,48,within_nina,16,-0.24221645911699385,0.05866881306717436,0.3693261347730454,0.6509928978614332,False,2158
Sawtooth & Smoky (Sun Valley),Holidays,mean_swe,Base (mean SWE in window),46,within_nino,15,0.24356972682016323,0.059326211823248945,0.3697260547890422,0.6688990105175066,False,2158
Whitefish & Flathead Range,Midwinter,storm_days,Storm days per 30 (>= 2 in of new snow),52,within_nino,18,0.22782202600766732,0.051902875534238245,0.3697260547890422,0.6189900709973589,False,2158
Jemez & N New Mexico,Holidays,new_snow_in_total,Total new snow in the window (in),46,within_nina,16,0.24407440155317123,0.05957231349353867,0.36992601479704057,0.6509928978614332,False,2158
San Francisco Peaks (AZ Snowbowl),Early season,new_snow_in_total,Total new snow in the window (in),46,within_nino,15,0.25627630093805853,0.06567754242249434,0.3707258548290342,0.6688990105175066,False,2158
Central Oregon (Mt Bachelor),Spring,big_storm_days,Powder days per 30 (>= 6 in of new snow),46,within_nino,15,0.248499459112584,0.06175198117924681,0.3709258148370326,0.6688990105175066,False,2158
Gore & Tenmile (Vail/Summit/Copper),Spring,new_snow_in_total,Total new snow in the window (in),48,within_nina,16,-0.25099842884156026,0.06300021128093179,0.3709258148370326,0.6509928978614332,False,2158
Sawtooth & Smoky (Sun Valley),Midwinter,days_with_base,Days per 30 with a skiable base,46,within_nina,16,-0.23733170062772901,0.05632633612284999,0.3727254549090182,0.6509928978614332,False,2158
White Mtns AZ (Sunrise Park),Holidays,storm_days,Storm days per 30 (>= 2 in of new snow),46,within_nina,16,0.24131085877058783,0.05823093056059859,0.374125174965007,0.6509928978614332,False,2158
Yellowstone & Wind River,Spring,new_snow_in_total,Total new snow in the window (in),48,within_nina,16,-0.23403543726150877,0.054772585894185606,0.3747250549890022,0.6509928978614332,False,2158
Wasatch (Alta/Snowbird/Park City),Spring,storm_days,Storm days per 30 (>= 2 in of new snow),48,within_nino,16,0.23877277960787277,0.05701244028166978,0.3749250149970006,0.6509928978614332,False,2158
E Cascades rain shadow (Mission Ridge),Early season,mean_swe,Base (mean SWE in window),45,within_nina,16,0.23812582510935215,0.05670390858400977,0.3755248950209958,0.6509928978614332,False,2158
Whitefish & Flathead Range,Early season,new_snow_in_total,Total new snow in the window (in),52,within_nina,18,-0.22294423695883547,0.04970413279315738,0.3757248550289942,0.6189900709973589,False,2158
San Francisco Peaks (AZ Snowbowl),Spring,big_storm_days,Powder days per 30 (>= 6 in of new snow),46,within_nino,15,0.25465248888982944,0.0648478900977847,0.3757248550289942,0.6688990105175066,False,2158
Park Range (Steamboat),Early season,new_snow_in_total,Total new snow in the window (in),47,nested,47,,0.018241214237585526,0.37638441098939,0.39891242123069554,False,2158
Beartooth & Absaroka (Red Lodge),Midwinter,mean_swe,Base (mean SWE in window),53,nested,53,,0.015979960204364967,0.37673174980733837,0.37669626558347646,False,2158
Gore & Tenmile (Vail/Summit/Copper),Spring,new_snow_in_total,Total new snow in the window (in),48,within_nino,16,0.23625275996678263,0.05581536659192221,0.3775244951009798,0.6509928978614332,False,2158
Tetons (Jackson/Targhee),Spring,mean_swe,Base (mean SWE in window),46,nested,46,,0.01846982743600308,0.37906395875561727,0.40301026636269627,False,2158
S Utah (Brian Head/Eagle Point),Early season,mean_depth,Base (mean snow depth),29,within_nina,12,0.2753082475634638,0.07579463117646545,0.3793241351729654,0.732389290340833,False,2158
Uinta Mtns,Spring,days_with_base,Days per 30 with a skiable base,48,within_nina,16,-0.23469178209828528,0.05508023258446902,0.3795240951809638,0.6509928978614332,False,2158
Beartooth & Absaroka (Red Lodge),Midwinter,big_storm_days,Powder days per 30 (>= 6 in of new snow),53,within_nina,19,0.21833674641581277,0.04767093483544293,0.3797240551889622,0.6046192670424827,False,2158
Wasatch (Alta/Snowbird/Park City),Spring,days_with_base,Days per 30 with a skiable base,48,within_nino,16,0.24008777944279797,0.0576421418377736,0.3799240151969606,0.6509928978614332,False,2158
W Central Idaho (Brundage/Tamarack),Early season,days_with_base,Days per 30 with a skiable base,46,within_nina,16,-0.2439172336344267,0.059495616863871496,0.38032393521295743,0.6509928978614332,False,2158
Blues & Wallowas (Anthony Lakes),Early season,new_snow_in_total,Total new snow in the window (in),48,within_nina,16,-0.23781631342347104,0.05655659893033061,0.3815236952609478,0.6509928978614332,False,2158
Bridger/Gallatin/Madison (Big Sky),Midwinter,new_snow_in_total,Total new snow in the window (in),60,within_nino,20,-0.20843886696859298,0.0434467612631508,0.3817236552689462,0.5911839833526782,False,2158
Jemez & N New Mexico,Early season,mean_depth,Base (mean snow depth),25,nested,25,,0.036563523345543976,0.38211595088691985,0.5351255042517953,False,2158
Tetons (Jackson/Targhee),Early season,days_with_base,Days per 30 with a skiable base,46,nested,46,,0.018232043064248717,0.38217877934042865,0.40301026636269627,False,2158
Jemez & N New Mexico,Spring,new_snow_in_total,Total new snow in the window (in),46,within_nino,15,0.24470450218860915,0.05988029339137502,0.3825234953009398,0.6688990105175066,False,2158
Blues & Wallowas (Anthony Lakes),Early season,storm_days,Storm days per 30 (>= 2 in of new snow),48,within_nina,16,-0.24125531613547216,0.05820412756362661,0.383123375324935,0.6509928978614332,False,2158
Snowy Range & Sierra Madre,Midwinter,big_storm_days,Powder days per 30 (>= 6 in of new snow),46,within_nino,15,0.24856937312644775,0.061786733256475206,0.3837232553489302,0.6688990105175066,False,2158
Sawtooth & Smoky (Sun Valley),Early season,storm_days,Storm days per 30 (>= 2 in of new snow),46,within_nina,16,0.22968409393088557,0.05275478300485187,0.3843231353729254,0.6509928978614332,False,2158
Chugach (Alyeska),Midwinter,new_snow_in_total,Total new snow in the window (in),43,within_nina,15,0.24423645500180263,0.05965144595184756,0.38452309538092383,0.6688990105175066,False,2158
Park Range (Steamboat),Spring,new_snow_in_total,Total new snow in the window (in),47,nested,47,,0.017586550707554754,0.38516734151304155,0.39891242123069554,False,2158
Front Range (Winter Park/Loveland/A-Basin),Spring,mean_depth,Base (mean snow depth),28,within_nina,12,-0.27482653982758143,0.0755296269936012,0.3863227354529094,0.732389290340833,False,2158
North Cascades (Mt Baker),Holidays,big_storm_days,Powder days per 30 (>= 6 in of new snow),44,within_nina,16,-0.23864454188272358,0.05695121737041501,0.38652269546090784,0.6509928978614332,False,2158
Jemez & N New Mexico,Midwinter,days_with_base,Days per 30 with a skiable base,46,within_nino,15,0.24266284901442642,0.05888525829179831,0.3869226154769046,0.6688990105175066,False,2158
Ruby Mtns & NE Nevada,Holidays,mean_swe,Base (mean SWE in window),46,within_nino,15,0.2435703668489995,0.05932652360695619,0.3879224155168966,0.6688990105175066,False,2158
Yellowstone & Wind River,Spring,big_storm_days,Powder days per 30 (>= 6 in of new snow),48,within_nina,16,-0.233691522077336,0.05461172749082203,0.3879224155168966,0.6509928978614332,False,2158
Snowy Range & Sierra Madre,Early season,new_snow_in_total,Total new snow in the window (in),46,nested,46,,0.017791804490582902,0.3880401023485428,0.40301026636269627,False,2158
N Sierra / Tahoe (Palisades/Heavenly/Rose),Holidays,days_with_base,Days per 30 with a skiable base,48,within_nino,16,0.22829481822835881,0.05211852402991939,0.38812237552489504,0.6509928978614332,False,2158
E Cascades rain shadow (Mission Ridge),Holidays,mean_depth,Base (mean snow depth),25,nested,25,,0.03548973653659999,0.3893286059137354,0.5351255042517953,False,2158
S Washington Cascades (Crystal/White Pass),Spring,storm_days,Storm days per 30 (>= 2 in of new snow),45,nested,45,,0.018115450628329324,0.3895094419119862,0.40723664075787896,False,2158
S Utah (Brian Head/Eagle Point),Early season,storm_days,Storm days per 30 (>= 2 in of new snow),47,within_nino,16,0.2267874900779934,0.05143256565587596,0.3895220955808838,0.6509928978614332,False,2158
Central Cascades (Stevens/Snoqualmie),Early season,mean_swe,Base (mean SWE in window),45,within_nina,16,0.23067220759670878,0.05320966735753911,0.3903219356128774,0.6509928978614332,False,2158
Central Cascades (Stevens/Snoqualmie),Holidays,big_storm_days,Powder days per 30 (>= 6 in of new snow),45,within_nino,15,0.2400109653474005,0.057605263486991076,0.3905218956208758,0.6688990105175066,False,2158
Gore & Tenmile (Vail/Summit/Copper),Early season,new_snow_in_total,Total new snow in the window (in),48,within_nina,16,0.23401790474478099,0.05476437974113739,0.39112177564487105,0.6509928978614332,False,2158
W Central Idaho (Brundage/Tamarack),Holidays,big_storm_days,Powder days per 30 (>= 6 in of new snow),46,within_nino,15,0.2344824559005122,0.05498202212513565,0.39112177564487105,0.6688990105175066,False,2158
Sangre de Cristo (Taos/Santa Fe),Midwinter,days_with_base,Days per 30 with a skiable base,47,within_nina,16,-0.23046269473510764,0.05311305366456741,0.39132173565286943,0.6509928978614332,False,2158
Uinta Mtns,Holidays,mean_depth,Base (mean snow depth),30,within_nina,12,0.2807972776618193,0.07884711114228883,0.39172165566886624,0.732389290340833,False,2158
Bridger/Gallatin/Madison (Big Sky),Spring,mean_swe,Base (mean SWE in window),60,nested,60,,0.013127025692094167,0.3917797585836882,0.35493516594241575,False,2158
S Utah (Brian Head/Eagle Point),Spring,big_storm_days,Powder days per 30 (>= 6 in of new snow),47,nested,47,,0.01709054025381298,0.3920128031099527,0.39891242123069554,False,2158
Yellowstone & Wind River,Holidays,big_storm_days,Powder days per 30 (>= 6 in of new snow),48,within_nino,16,-0.2421144048711655,0.058619385046118654,0.395120975804839,0.6509928978614332,False,2158
N Sierra / Tahoe (Palisades/Heavenly/Rose),Spring,big_storm_days,Powder days per 30 (>= 6 in of new snow),48,nested,48,,0.01648020813552756,0.3951873550458759,0.3949367405566347,False,2158
S Utah (Brian Head/Eagle Point),Early season,mean_swe,Base (mean SWE in window),47,within_nina,16,0.22863622412849208,0.05227452298373406,0.39592081583683264,0.6509928978614332,False,2158
Gore & Tenmile (Vail/Summit/Copper),Spring,storm_days,Storm days per 30 (>= 2 in of new snow),48,within_nino,16,0.2273779321720831,0.051700724038852425,0.39592081583683264,0.6509928978614332,False,2158
Front Range (Winter Park/Loveland/A-Basin),Spring,new_snow_in_total,Total new snow in the window (in),48,within_nina,16,-0.2362450627112584,0.05581172965544641,0.396120775844831,0.6509928978614332,False,2158
Front Range (Winter Park/Loveland/A-Basin),Early season,days_with_base,Days per 30 with a skiable base,47,nested,47,,0.01676336849593593,0.3966219746577292,0.39891242123069554,False,2158
Jemez & N New Mexico,Midwinter,storm_days,Storm days per 30 (>= 2 in of new snow),46,within_nino,15,-0.23522708569352807,0.0553317818438704,0.3967206558688262,0.6688990105175066,False,2158
Jemez & N New Mexico,Early season,big_storm_days,Powder days per 30 (>= 6 in of new snow),46,within_nino,15,0.24103050459918793,0.05809570414733915,0.397120575884823,0.6688990105175066,False,2158
San Juans (Telluride/Purgatory/Wolf Ck),Midwinter,storm_days,Storm days per 30 (>= 2 in of new snow),47,within_nino,16,-0.2352175509015459,0.05532729625212133,0.39732053589282146,0.6509928978614332,False,2158
Elk Mtns (Aspen/Crested Butte),Spring,storm_days,Storm days per 30 (>= 2 in of new snow),46,within_nino,15,0.23504452404718326,0.05524592828456691,0.39752049590081984,0.6688990105175066,False,2158
Tetons (Jackson/Targhee),Early season,new_snow_in_total,Total new snow in the window (in),46,within_nina,16,0.2253088274733682,0.05076406773742399,0.39792041591681665,0.6509928978614332,False,2158
N Sierra / Tahoe (Palisades/Heavenly/Rose),Spring,storm_days,Storm days per 30 (>= 2 in of new snow),48,within_nino,16,0.2252819071683483,0.05075193769740831,0.39812037592481503,0.6509928978614332,False,2158
Sawtooth & Smoky (Sun Valley),Early season,new_snow_in_total,Total new snow in the window (in),46,within_nina,16,0.2251613676622784,0.05069764148754771,0.39832033593281346,0.6509928978614332,False,2158
Park Range (Steamboat),Midwinter,big_storm_days,Powder days per 30 (>= 6 in of new snow),47,within_nina,16,-0.22597071054514603,0.051062762024278174,0.39892021595680865,0.6509928978614332,False,2158
N Sierra / Tahoe (Palisades/Heavenly/Rose),Holidays,storm_days,Storm days per 30 (>= 2 in of new snow),48,nested,48,,0.01621115937852938,0.39910474653666606,0.3949367405566347,False,2158
Uinta Mtns,Early season,new_snow_in_total,Total new snow in the window (in),48,within_nino,16,0.22537208108230858,0.050792574931370675,0.39952009598080385,0.6509928978614332,False,2158
Uinta Mtns,Midwinter,storm_days,Storm days per 30 (>= 2 in of new snow),48,nested,48,,0.01615339249900127,0.3999530200557647,0.3949367405566347,False,2158
Bitterroot & Lolo (Montana Snowbowl),Early season,big_storm_days,Powder days per 30 (>= 6 in of new snow),59,within_nino,20,-0.20662582145533373,0.04269423009209145,0.40071985602879423,0.5911839833526782,False,2158
W Central Idaho (Brundage/Tamarack),Spring,new_snow_in_total,Total new snow in the window (in),46,within_nina,16,0.21877669639973246,0.04786324288758071,0.4013197360527894,0.6509928978614332,False,2158
E Cascades rain shadow (Mission Ridge),Early season,days_with_base,Days per 30 with a skiable base,43,within_nino,14,-0.24968801247555808,0.06234410357399445,0.40171965606878624,0.6882955938502429,False,2158
Selkirk & Cabinet (Schweitzer/Silver),Spring,storm_days,Storm days per 30 (>= 2 in of new snow),46,within_nina,16,-0.21944777839977184,0.04815732744459537,0.40271945610877824,0.6509928978614332,False,2158
Wasatch (Alta/Snowbird/Park City),Midwinter,big_storm_days,Powder days per 30 (>= 6 in of new snow),48,nested,48,,0.015902248084052953,0.4036709387258597,0.3949367405566347,False,2158
Bridger/Gallatin/Madison (Big Sky),Early season,days_with_base,Days per 30 with a skiable base,60,nested,60,,0.01246591552276501,0.40404945517044644,0.35493516594241575,False,2158
Front Range (Winter Park/Loveland/A-Basin),Spring,storm_days,Storm days per 30 (>= 2 in of new snow),48,nested,48,,0.015807165462658954,0.40509141985216657,0.3949367405566347,False,2158
Bitterroot & Lolo (Montana Snowbowl),Spring,mean_swe,Base (mean SWE in window),59,within_nino,20,-0.19897800904517782,0.039592248083582866,0.40511897620475906,0.5911839833526782,False,2158
Blues & Wallowas (Anthony Lakes),Early season,mean_swe,Base (mean SWE in window),48,within_nino,16,0.22727487949227262,0.05165387084822704,0.4055188962207559,0.6509928978614332,False,2158
W Central Idaho (Brundage/Tamarack),Early season,mean_depth,Base (mean snow depth),25,nested,25,,0.0330268435721033,0.40659512488702376,0.5351255042517953,False,2158
Bridger/Gallatin/Madison (Big Sky),Holidays,days_with_base,Days per 30 with a skiable base,60,within_nino,20,0.19655885276317378,0.03863538259957503,0.40771845630873826,0.5911839833526782,False,2158
Elk Mtns (Aspen/Crested Butte),Early season,new_snow_in_total,Total new snow in the window (in),46,within_nino,15,-0.23348261593258565,0.0545141319427233,0.40791841631673664,0.6688990105175066,False,2158
Tetons (Jackson/Targhee),Midwinter,days_with_base,Days per 30 with a skiable base,46,within_nina,16,-0.23048926811484463,0.053125302716116735,0.40791841631673664,0.6509928978614332,False,2158
Elk Mtns (Aspen/Crested Butte),Spring,mean_depth,Base (mean snow depth),24,nested,24,,0.03441565425156188,0.40848674030909826,0.5450809287304434,False,2158
Uinta Mtns,Early season,days_with_base,Days per 30 with a skiable base,48,within_nina,16,0.22794364382128404,0.0519583047585244,0.40991801639672065,0.6509928978614332,False,2158
White Mtns AZ (Sunrise Park),Holidays,new_snow_in_total,Total new snow in the window (in),46,within_nina,16,0.2229288315886121,0.04969726395346377,0.41131773645270947,0.6509928978614332,False,2158
Park Range (Steamboat),Early season,big_storm_days,Powder days per 30 (>= 6 in of new snow),47,within_nino,16,-0.2266193160528453,0.051356314408259385,0.41131773645270947,0.6509928978614332,False,2158
Bighorn Mtns,Holidays,big_storm_days,Powder days per 30 (>= 6 in of new snow),48,nested,48,,0.01536588057635005,0.4117788500163465,0.3949367405566347,False,2158
Elk Mtns (Aspen/Crested Butte),Early season,big_storm_days,Powder days per 30 (>= 6 in of new snow),46,within_nino,15,-0.22823578928993155,0.052091575512798034,0.4123175364927015,0.6688990105175066,False,2158
Whitefish & Flathead Range,Spring,days_with_base,Days per 30 with a skiable base,50,within_nino,18,0.20407615632089912,0.041647077578712055,0.41251749650069985,0.6189900709973589,False,2158
San Juans (Telluride/Purgatory/Wolf Ck),Midwinter,mean_swe,Base (mean SWE in window),47,within_nino,16,-0.22368911518886994,0.05003682025397953,0.41291741651669667,0.6509928978614332,False,2158
San Juans (Telluride/Purgatory/Wolf Ck),Early season,new_snow_in_total,Total new snow in the window (in),48,within_nino,16,0.22076633435025458,0.0487377743824484,0.41311737652469505,0.6509928978614332,False,2158
North Cascades (Mt Baker),Spring,mean_swe,Base (mean SWE in window),44,within_nino,15,0.2310034382170164,0.053362588468082915,0.4133173365326935,0.6688990105175066,False,2158
Central Oregon (Mt Bachelor),Spring,new_snow_in_total,Total new snow in the window (in),46,within_nino,15,0.22109544792653793,0.04888319709383645,0.41411717656468705,0.6688990105175066,False,2158
Tetons (Jackson/Targhee),Midwinter,mean_depth,Base (mean snow depth),24,nested,24,,0.03351112647966218,0.4148235712556818,0.5450809287304434,False,2158
Ruby Mtns & NE Nevada,Early season,storm_days,Storm days per 30 (>= 2 in of new snow),46,within_nino,15,0.2292105505925841,0.05253747650295556,0.4149170165966807,0.6688990105175066,False,2158
E Cascades rain shadow (Mission Ridge),Midwinter,mean_swe,Base (mean SWE in window),45,within_nina,16,-0.2133943046696748,0.04553712926545399,0.41511697660467906,0.6509928978614332,False,2158
Beartooth & Absaroka (Red Lodge),Holidays,new_snow_in_total,Total new snow in the window (in),53,within_nina,19,0.19679483432361503,0.03872820681645909,0.41551689662067587,0.6046192670424827,False,2158
W Central Idaho (Brundage/Tamarack),Spring,new_snow_in_total,Total new snow in the window (in),46,within_nino,15,0.22810750502998356,0.052033033851003975,0.4165166966606679,0.6688990105175066,False,2158
Bitterroot & Lolo (Montana Snowbowl),Midwinter,storm_days,Storm days per 30 (>= 2 in of new snow),59,nested,59,,0.01203337162331721,0.4166198179766193,0.3578147819208976,False,2158
S Utah (Brian Head/Eagle Point),Spring,mean_swe,Base (mean SWE in window),47,within_nina,16,0.22341204828472128,0.04991294331877463,0.4169166166766647,0.6509928978614332,False,2158
Yellowstone & Wind River,Spring,mean_swe,Base (mean SWE in window),48,nested,48,,0.015027178921405752,0.41702047168167045,0.3949367405566347,False,2158
Yellowstone & Wind River,Spring,mean_swe,Base (mean SWE in window),48,within_nina,16,-0.22049577890269717,0.04861838851390712,0.41711657668466307,0.6509928978614332,False,2158
Snowy Range & Sierra Madre,Holidays,big_storm_days,Powder days per 30 (>= 6 in of new snow),46,nested,46,,0.015707769011521912,0.4175840245407686,0.40301026636269627,False,2158
San Francisco Peaks (AZ Snowbowl),Early season,big_storm_days,Powder days per 30 (>= 6 in of new snow),46,nested,46,,0.01570171656128752,0.41767446724409285,0.40301026636269627,False,2158
Uinta Mtns,Spring,big_storm_days,Powder days per 30 (>= 6 in of new snow),48,within_nino,16,0.2248452833365803,0.05055540143870708,0.41771645670865826,0.6509928978614332,False,2158
White Mtns AZ (Sunrise Park),Early season,storm_days,Storm days per 30 (>= 2 in of new snow),46,nested,46,,0.015614763887240358,0.41897697460348415,0.40301026636269627,False,2158
Central Cascades (Stevens/Snoqualmie),Spring,new_snow_in_total,Total new snow in the window (in),45,within_nina,16,-0.2130959131330802,0.04540986819402127,0.4201159768046391,0.6509928978614332,False,2158
Front Range (Winter Park/Loveland/A-Basin),Holidays,big_storm_days,Powder days per 30 (>= 6 in of new snow),48,within_nino,16,-0.2273166846858302,0.05167287513655715,0.42031593681263746,0.6509928978614332,False,2158
N Sierra / Tahoe (Palisades/Heavenly/Rose),Midwinter,days_with_base,Days per 30 with a skiable base,48,within_nino,16,0.2156209365891038,0.04649238829556233,0.42031593681263746,0.6509928978614332,False,2158
Bridger/Gallatin/Madison (Big Sky),Early season,days_with_base,Days per 30 with a skiable base,60,within_nina,22,-0.1810322526594102,0.03277267650294053,0.42031593681263746,0.5667539699566799,False,2158
Wasatch (Alta/Snowbird/Park City),Spring,days_with_base,Days per 30 with a skiable base,48,nested,48,,0.014798047061476421,0.42062171562829487,0.3949367405566347,False,2158
Chugach (Alyeska),Midwinter,mean_depth,Base (mean snow depth),21,nested,21,,0.03846994315052798,0.420955344883882,0.578589616221095,False,2158
Central Oregon (Mt Bachelor),Midwinter,days_with_base,Days per 30 with a skiable base,46,nested,46,,0.015460989211453302,0.421295015768233,0.40301026636269627,False,2158
Chugach (Alyeska),Spring,days_with_base,Days per 30 with a skiable base,37,nested,37,,0.01963797039886482,0.42202233634516173,0.44661825834767355,False,2158
Whitefish & Flathead Range,Spring,storm_days,Storm days per 30 (>= 2 in of new snow),52,nested,52,,0.013479001571119554,0.42203192652432653,0.38014271330980004,False,2158
White Mtns AZ (Sunrise Park),Midwinter,days_with_base,Days per 30 with a skiable base,46,within_nino,15,0.24765417684433416,0.06133259130844474,0.4221155768846231,0.6688990105175066,False,2158
Selkirk & Cabinet (Schweitzer/Silver),Midwinter,new_snow_in_total,Total new snow in the window (in),46,within_nino,15,0.22737569402912997,0.05169970623522853,0.42231553689262147,0.6688990105175066,False,2158
Sangre de Cristo (Taos/Santa Fe),Holidays,mean_swe,Base (mean SWE in window),47,within_nino,16,0.2143191398282602,0.04593269369672535,0.4227154569086183,0.6509928978614332,False,2158
S Washington Cascades (Crystal/White Pass),Holidays,storm_days,Storm days per 30 (>= 2 in of new snow),45,within_nina,16,-0.2196472410533861,0.0482449105023643,0.4237152569486103,0.6509928978614332,False,2158
Beartooth & Absaroka (Red Lodge),Early season,storm_days,Storm days per 30 (>= 2 in of new snow),53,within_nina,19,-0.19946038985590311,0.039784447121468856,0.42551489702059586,0.6046192670424827,False,2158
San Juans (Telluride/Purgatory/Wolf Ck),Spring,big_storm_days,Powder days per 30 (>= 6 in of new snow),48,nested,48,,0.014481121273029852,0.42567844115978026,0.3949367405566347,False,2158
Gore & Tenmile (Vail/Summit/Copper),Spring,new_snow_in_total,Total new snow in the window (in),48,nested,48,,0.014470881757028002,0.4258433088117166,0.3949367405566347,False,2158
Blues & Wallowas (Anthony Lakes),Holidays,mean_swe,Base (mean SWE in window),48,within_nina,16,-0.2119435846387329,0.04492008306951573,0.4273145370925815,0.6509928978614332,False,2158
W Central Idaho (Brundage/Tamarack),Holidays,mean_depth,Base (mean snow depth),25,nested,25,,0.030224196270839693,0.4275833544357721,0.5351255042517953,False,2158
S Utah (Brian Head/Eagle Point),Early season,days_with_base,Days per 30 with a skiable base,47,nested,47,,0.01468732302577161,0.4277615738196252,0.39891242123069554,False,2158
Wasatch (Alta/Snowbird/Park City),Holidays,days_with_base,Days per 30 with a skiable base,48,within_nina,16,0.21102130893379523,0.044529992824132246,0.4279144171165767,0.6509928978614332,False,2158
N Sierra / Tahoe (Palisades/Heavenly/Rose),Spring,big_storm_days,Powder days per 30 (>= 6 in of new snow),48,within_nina,16,0.20656816867279745,0.0426704083088333,0.4283143371325735,0.6509928978614332,False,2158
S Utah (Brian Head/Eagle Point),Early season,new_snow_in_total,Total new snow in the window (in),47,within_nino,16,0.21531333950295198,0.04635983416791346,0.4285142971405719,0.6509928978614332,False,2158
Bighorn Mtns,Spring,storm_days,Storm days per 30 (>= 2 in of new snow),48,nested,48,,0.014280686533892901,0.42892291486613443,0.3949367405566347,False,2158
S Washington Cascades (Crystal/White Pass),Holidays,mean_depth,Base (mean snow depth),29,within_nina,12,-0.2542273755590066,0.06463155848362019,0.42911417716456707,0.732389290340833,False,2158
Gore & Tenmile (Vail/Summit/Copper),Early season,storm_days,Storm days per 30 (>= 2 in of new snow),48,within_nina,16,0.21290728476323395,0.04532951190525279,0.43071385722855426,0.6509928978614332,False,2158
Bighorn Mtns,Early season,mean_depth,Base (mean snow depth),23,nested,23,,0.03297488641825861,0.4308270027493881,0.5556053417105351,False,2158
Bridger/Gallatin/Madison (Big Sky),Holidays,mean_swe,Base (mean SWE in window),60,within_nino,20,0.1902364876108302,0.036189921218505554,0.4311137772445511,0.5911839833526782,False,2158
Mt Hood,Holidays,mean_swe,Base (mean SWE in window),48,within_nino,16,0.21262270164899766,0.04520841325651867,0.4319136172765447,0.6509928978614332,False,2158
Ruby Mtns & NE Nevada,Early season,storm_days,Storm days per 30 (>= 2 in of new snow),46,nested,46,,0.014569977283652263,0.43510600119658316,0.40301026636269627,False,2158
S Utah (Brian Head/Eagle Point),Early season,storm_days,Storm days per 30 (>= 2 in of new snow),47,within_nina,16,0.20835442358388923,0.04341156582697474,0.4355128974205159,0.6509928978614332,False,2158
Bitterroot & Lolo (Montana Snowbowl),Midwinter,mean_swe,Base (mean SWE in window),59,nested,59,,0.011054879411733809,0.4363446000811563,0.3578147819208976,False,2158
S Utah (Brian Head/Eagle Point),Early season,storm_days,Storm days per 30 (>= 2 in of new snow),47,nested,47,,0.014137046251358917,0.43661517503606206,0.39891242123069554,False,2158
Bighorn Mtns,Holidays,big_storm_days,Powder days per 30 (>= 6 in of new snow),48,within_nino,16,-0.2304759253527419,0.05311915216720265,0.4367126574685063,0.6509928978614332,False,2158
North Cascades (Mt Baker),Spring,big_storm_days,Powder days per 30 (>= 6 in of new snow),44,within_nina,16,-0.20529281615154432,0.042145140363431775,0.4379124175164967,0.6509928978614332,False,2158
N Sierra / Tahoe (Palisades/Heavenly/Rose),Midwinter,mean_swe,Base (mean SWE in window),48,within_nino,16,0.20784807667012065,0.04320082297546835,0.4389122175564887,0.6509928978614332,False,2158
North Cascades (Mt Baker),Midwinter,big_storm_days,Powder days per 30 (>= 6 in of new snow),44,within_nina,16,-0.21311395474036987,0.045417557705080415,0.4391121775644871,0.6509928978614332,False,2158
San Juans (Telluride/Purgatory/Wolf Ck),Midwinter,storm_days,Storm days per 30 (>= 2 in of new snow),47,nested,47,,0.01398408310455534,0.4391249643256435,0.39891242123069554,False,2158
W Central Idaho (Brundage/Tamarack),Early season,new_snow_in_total,Total new snow in the window (in),46,within_nina,16,-0.20495375054580384,0.04200603986279158,0.43951209758048393,0.6509928978614332,False,2158
Park Range (Steamboat),Holidays,big_storm_days,Powder days per 30 (>= 6 in of new snow),47,within_nina,16,0.20935199619977682,0.04382825831283137,0.4405118976204759,0.6509928978614332,False,2158
San Francisco Peaks (AZ Snowbowl),Holidays,big_storm_days,Powder days per 30 (>= 6 in of new snow),46,nested,46,,0.014231593597460136,0.4405283118411435,0.40301026636269627,False,2158
Chugach (Alyeska),Early season,mean_swe,Base (mean SWE in window),43,nested,43,,0.015302351039176626,0.44097089807579015,0.4161028431113385,False,2158
Selkirk & Cabinet (Schweitzer/Silver),Spring,new_snow_in_total,Total new snow in the window (in),46,nested,46,,0.014200039210810098,0.4410391234107067,0.40301026636269627,False,2158
Jemez & N New Mexico,Midwinter,days_with_base,Days per 30 with a skiable base,46,nested,46,,0.014185482767232135,0.44127506895809776,0.40301026636269627,False,2158
Bridger/Gallatin/Madison (Big Sky),Spring,new_snow_in_total,Total new snow in the window (in),60,within_nino,20,0.18175363454947355,0.033034383671943585,0.44211157768446313,0.5911839833526782,False,2158
Blues & Wallowas (Anthony Lakes),Spring,big_storm_days,Powder days per 30 (>= 6 in of new snow),48,nested,48,,0.013480604025177947,0.44224849129813226,0.3949367405566347,False,2158
Mt Hood,Holidays,new_snow_in_total,Total new snow in the window (in),48,within_nina,16,-0.2066842751001499,0.04271838957367444,0.4425114977004599,0.6509928978614332,False,2158
Bridger/Gallatin/Madison (Big Sky),Early season,mean_depth,Base (mean snow depth),28,nested,28,,0.02473329489383547,0.4429221526727286,0.5082126283577936,False,2158
Selkirk & Cabinet (Schweitzer/Silver),Spring,storm_days,Storm days per 30 (>= 2 in of new snow),46,nested,46,,0.014079345098751493,0.4430012412158928,0.40301026636269627,False,2158
Snowy Range & Sierra Madre,Spring,mean_swe,Base (mean SWE in window),46,within_nino,15,0.21191475567568907,0.044907863673086995,0.4433113377324535,0.6688990105175066,False,2158
S Washington Cascades (Crystal/White Pass),Spring,mean_depth,Base (mean snow depth),29,nested,29,,0.023648652895287656,0.4437762456550761,0.5000974343469677,False,2158
S Washington Cascades (Crystal/White Pass),Early season,mean_depth,Base (mean snow depth),29,nested,29,,0.023579589861983698,0.4444505335070136,0.5000974343469677,False,2158
Park Range (Steamboat),Holidays,storm_days,Storm days per 30 (>= 2 in of new snow),47,within_nina,16,-0.20388891269578194,0.04157068872026819,0.4449110177964407,0.6509928978614332,False,2158
E Cascades rain shadow (Mission Ridge),Midwinter,big_storm_days,Powder days per 30 (>= 6 in of new snow),45,nested,45,,0.014290677361052823,0.44513849132935057,0.40723664075787896,False,2158
W Central Idaho (Brundage/Tamarack),Midwinter,storm_days,Storm days per 30 (>= 2 in of new snow),46,nested,46,,0.0138941915243291,0.4460371006450847,0.40301026636269627,False,2158
Tetons (Jackson/Targhee),Spring,new_snow_in_total,Total new snow in the window (in),46,within_nina,16,-0.20577309665680737,0.04234256730773179,0.4469106178764247,0.6509928978614332,False,2158
Bitterroot & Lolo (Montana Snowbowl),Spring,big_storm_days,Powder days per 30 (>= 6 in of new snow),59,within_nino,20,-0.18085213620455556,0.03270749516975112,0.4469106178764247,0.5911839833526782,False,2158
Ruby Mtns & NE Nevada,Holidays,days_with_base,Days per 30 with a skiable base,46,within_nina,16,0.21385505770975377,0.045733985708042116,0.4475104979004199,0.6509928978614332,False,2158
White Mtns AZ (Sunrise Park),Early season,new_snow_in_total,Total new snow in the window (in),46,nested,46,,0.013802141901374495,0.44755818168804784,0.40301026636269627,False,2158
Whitefish & Flathead Range,Spring,new_snow_in_total,Total new snow in the window (in),52,nested,52,,0.012011621834742718,0.4486563075797084,0.38014271330980004,False,2158
Elk Mtns (Aspen/Crested Butte),Early season,storm_days,Storm days per 30 (>= 2 in of new snow),46,within_nino,15,-0.21894870597396526,0.047938535847673894,0.4495100979804039,0.6688990105175066,False,2158
W Central Idaho (Brundage/Tamarack),Spring,storm_days,Storm days per 30 (>= 2 in of new snow),46,nested,46,,0.013684592900471668,0.4495121721059042,0.40301026636269627,False,2158
W Central Idaho (Brundage/Tamarack),Midwinter,big_storm_days,Powder days per 30 (>= 6 in of new snow),46,nested,46,,0.013607052099423507,0.45080827267487256,0.40301026636269627,False,2158
Tetons (Jackson/Targhee),Midwinter,big_storm_days,Powder days per 30 (>= 6 in of new snow),46,nested,46,,0.01357861227582621,0.45128508367404774,0.40301026636269627,False,2158
S Utah (Brian Head/Eagle Point),Holidays,days_with_base,Days per 30 with a skiable base,47,within_nina,16,0.2196358884873023,0.0482399235116067,0.4523095380923815,0.6509928978614332,False,2158
S Washington Cascades (Crystal/White Pass),Early season,mean_depth,Base (mean snow depth),29,within_nina,12,0.23882821691305553,0.057038917193869505,0.45250949810037994,0.732389290340833,False,2158
S Washington Cascades (Crystal/White Pass),Holidays,new_snow_in_total,Total new snow in the window (in),45,within_nina,16,-0.20643641013715808,0.04261599143031694,0.45290941811637675,0.6509928978614332,False,2158
Whitefish & Flathead Range,Early season,storm_days,Storm days per 30 (>= 2 in of new snow),52,nested,52,,0.01178609540572049,0.45297301947467905,0.38014271330980004,False,2158
N Sierra / Tahoe (Palisades/Heavenly/Rose),Spring,storm_days,Storm days per 30 (>= 2 in of new snow),48,within_nina,16,0.20181507892831785,0.040729326082843166,0.45310937812437513,0.6509928978614332,False,2158
N Sierra / Tahoe (Palisades/Heavenly/Rose),Early season,storm_days,Storm days per 30 (>= 2 in of new snow),48,within_nina,16,0.19932573319552874,0.039730747913935105,0.45350929814037194,0.6509928978614332,False,2158
Bitterroot & Lolo (Montana Snowbowl),Midwinter,new_snow_in_total,Total new snow in the window (in),59,within_nino,20,-0.178017932742938,0.0316903843780692,0.45350929814037194,0.5911839833526782,False,2158
Snowy Range & Sierra Madre,Midwinter,big_storm_days,Powder days per 30 (>= 6 in of new snow),46,within_nina,16,-0.20160838045793164,0.040645939070870114,0.45450909818036395,0.6509928978614332,False,2158
North Cascades (Mt Baker),Holidays,new_snow_in_total,Total new snow in the window (in),44,nested,44,,0.014039266438373502,0.4548516633585732,0.41159838137646865,False,2158
Central Cascades (Stevens/Snoqualmie),Midwinter,mean_swe,Base (mean SWE in window),45,within_nino,15,0.20800424947485394,0.043265767799597274,0.4549090181963607,0.6688990105175066,False,2158
Beartooth & Absaroka (Red Lodge),Early season,big_storm_days,Powder days per 30 (>= 6 in of new snow),53,within_nina,19,-0.18959413663082564,0.03594593664478818,0.4549090181963607,0.6046192670424827,False,2158
Tetons (Jackson/Targhee),Spring,storm_days,Storm days per 30 (>= 2 in of new snow),46,within_nina,16,-0.19560112805939728,0.038259801298108735,0.4549090181963607,0.6509928978614332,False,2158
Tetons (Jackson/Targhee),Holidays,days_with_base,Days per 30 with a skiable base,46,within_nina,16,0.20264775708565158,0.04106611345184525,0.4549090181963607,0.6509928978614332,False,2158
Beartooth & Absaroka (Red Lodge),Spring,big_storm_days,Powder days per 30 (>= 6 in of new snow),53,nested,53,,0.011434480578510651,0.4551470252863071,0.37669626558347646,False,2158
Central Oregon (Mt Bachelor),Holidays,mean_depth,Base (mean snow depth),22,nested,22,,0.03114278638832264,0.456715199064473,0.5667539699566799,False,2158
Mt Hood,Spring,new_snow_in_total,Total new snow in the window (in),48,nested,48,,0.012630073231322222,0.45711463961364573,0.3949367405566347,False,2158
White Mtns AZ (Sunrise Park),Holidays,new_snow_in_total,Total new snow in the window (in),46,nested,46,,0.013191330499561685,0.45785620175292496,0.40301026636269627,False,2158
Yellowstone & Wind River,Midwinter,mean_swe,Base (mean SWE in window),48,nested,48,,0.012588211823380692,0.457866109253923,0.3949367405566347,False,2158
Tetons (Jackson/Targhee),Early season,days_with_base,Days per 30 with a skiable base,46,within_nino,15,-0.2072767939856888,0.04296366932498567,0.4585082983403319,0.6688990105175066,False,2158
Black Hills (Terry Peak),Spring,big_storm_days,Powder days per 30 (>= 6 in of new snow),26,nested,26,,0.025114478836318593,0.45953293744641077,0.5256903151516702,False,2158
Ruby Mtns & NE Nevada,Spring,mean_depth,Base (mean snow depth),26,nested,26,,0.025086840528942767,0.4597832338446739,0.5256903151516702,False,2158
Bighorn Mtns,Holidays,storm_days,Storm days per 30 (>= 2 in of new snow),48,nested,48,,0.012447914834987413,0.4603986919562604,0.3949367405566347,False,2158
Sangre de Cristo (Taos/Santa Fe),Spring,mean_depth,Base (mean snow depth),26,nested,26,,0.02499233083245899,0.4606407076025434,0.5256903151516702,False,2158
Front Range (Winter Park/Loveland/A-Basin),Spring,storm_days,Storm days per 30 (>= 2 in of new snow),48,within_nino,16,0.2020077918949322,0.04080714798626624,0.4611077784443111,0.6509928978614332,False,2158
Bighorn Mtns,Holidays,mean_swe,Base (mean SWE in window),48,nested,48,,0.012394357000498322,0.4613712583751606,0.3949367405566347,False,2158
Mt Hood,Early season,big_storm_days,Powder days per 30 (>= 6 in of new snow),48,within_nina,16,-0.19642178526203138,0.03858151772552357,0.4631073785242951,0.6509928978614332,False,2158
San Francisco Peaks (AZ Snowbowl),Midwinter,new_snow_in_total,Total new snow in the window (in),46,within_nina,16,-0.2033352163566316,0.041345210210798185,0.46330733853229356,0.6509928978614332,False,2158
Sawtooth & Smoky (Sun Valley),Early season,mean_swe,Base (mean SWE in window),46,within_nino,15,0.20089782805184625,0.04035993731594918,0.46350729854029193,0.6688990105175066,False,2158
N Sierra / Tahoe (Palisades/Heavenly/Rose),Holidays,days_with_base,Days per 30 with a skiable base,48,nested,48,,0.01224381166774739,0.46412231756452593,0.3949367405566347,False,2158
Tetons (Jackson/Targhee),Midwinter,big_storm_days,Powder days per 30 (>= 6 in of new snow),46,within_nina,16,-0.20039121926797998,0.04015664075970763,0.46510697860427913,0.6509928978614332,False,2158
Mt Hood,Spring,storm_days,Storm days per 30 (>= 2 in of new snow),48,nested,48,,0.01217444990442929,0.46539849942834766,0.3949367405566347,False,2158
Bridger/Gallatin/Madison (Big Sky),Holidays,days_with_base,Days per 30 with a skiable base,60,within_nina,22,0.1647701651240989,0.027149207315022815,0.4657068586282743,0.5667539699566799,False,2158
Central Oregon (Mt Bachelor),Early season,days_with_base,Days per 30 with a skiable base,46,within_nino,15,-0.2247475976258782,0.05051148263860365,0.4657068586282743,0.6688990105175066,False,2158
N Sierra / Tahoe (Palisades/Heavenly/Rose),Holidays,days_with_base,Days per 30 with a skiable base,48,within_nina,16,0.19045810075994776,0.03627428814508642,0.46630673865226957,0.6509928978614332,False,2158
Snowy Range & Sierra Madre,Early season,big_storm_days,Powder days per 30 (>= 6 in of new snow),46,within_nina,16,0.19224253142747036,0.03695719088964193,0.46630673865226957,0.6509928978614332,False,2158
Selkirk & Cabinet (Schweitzer/Silver),Early season,new_snow_in_total,Total new snow in the window (in),46,nested,46,,0.012694576812489583,0.46650484654918256,0.40301026636269627,False,2158
Whitefish & Flathead Range,Holidays,days_with_base,Days per 30 with a skiable base,52,within_nina,18,-0.1869025957724685,0.034932580306486764,0.46650669866026795,0.6189900709973589,False,2158
Bitterroot & Lolo (Montana Snowbowl),Holidays,days_with_base,Days per 30 with a skiable base,59,within_nina,22,-0.16534033058138367,0.027337424916761235,0.46710657868426314,0.5667539699566799,False,2158
Central Cascades (Stevens/Snoqualmie),Holidays,days_with_base,Days per 30 with a skiable base,45,within_nino,15,0.20499902040952822,0.04202459836886617,0.4673065386922616,0.6688990105175066,False,2158
N Sierra / Tahoe (Palisades/Heavenly/Rose),Midwinter,storm_days,Storm days per 30 (>= 2 in of new snow),48,within_nina,16,-0.19233172533446827,0.036991492570133344,0.4673065386922616,0.6509928978614332,False,2158
Selkirk & Cabinet (Schweitzer/Silver),Midwinter,storm_days,Storm days per 30 (>= 2 in of new snow),46,within_nino,15,0.20284712103582994,0.04114695451252464,0.4673065386922616,0.6688990105175066,False,2158
Bridger/Gallatin/Madison (Big Sky),Holidays,new_snow_in_total,Total new snow in the window (in),60,within_nina,22,0.16305565589529153,0.026587146919443718,0.46810637872425515,0.5667539699566799,False,2158
Chugach (Alyeska),Spring,days_with_base,Days per 30 with a skiable base,37,within_nino,12,0.24276471018786722,0.05893470451259916,0.46810637872425515,0.732389290340833,False,2158
Whitefish & Flathead Range,Early season,storm_days,Storm days per 30 (>= 2 in of new snow),52,within_nina,18,-0.1875533234860447,0.03517624915066093,0.4683063387322535,0.6189900709973589,False,2158
N Sierra / Tahoe (Palisades/Heavenly/Rose),Early season,storm_days,Storm days per 30 (>= 2 in of new snow),48,within_nino,16,0.19153042596795183,0.03668390407146508,0.4683063387322535,0.6509928978614332,False,2158
Blues & Wallowas (Anthony Lakes),Spring,big_storm_days,Powder days per 30 (>= 6 in of new snow),48,within_nina,16,0.19499301654274517,0.038022276500439295,0.46850629874025196,0.6509928978614332,False,2158
Elk Mtns (Aspen/Crested Butte),Midwinter,mean_depth,Base (mean snow depth),23,nested,23,,0.027973489446201934,0.46866975056324456,0.5556053417105351,False,2158
Whitefish & Flathead Range,Holidays,mean_swe,Base (mean SWE in window),52,within_nina,18,-0.18303599669607298,0.03350217608652484,0.46890621875624877,0.6189900709973589,False,2158
Central Cascades (Stevens/Snoqualmie),Holidays,storm_days,Storm days per 30 (>= 2 in of new snow),45,within_nina,16,-0.20105927010131874,0.04042483009367504,0.46970605878824234,0.6509928978614332,False,2158
Uinta Mtns,Early season,storm_days,Storm days per 30 (>= 2 in of new snow),48,within_nino,16,0.19673270110181487,0.03870375568281603,0.47010597880423916,0.6509928978614332,False,2158
North Cascades (Mt Baker),Holidays,days_with_base,Days per 30 with a skiable base,44,within_nino,15,0.19930648771136403,0.0397230760438401,0.47030593881223753,0.6688990105175066,False,2158
Selkirk & Cabinet (Schweitzer/Silver),Midwinter,mean_swe,Base (mean SWE in window),46,within_nino,15,0.203008362632642,0.04121239529878627,0.4709058188362327,0.6688990105175066,False,2158
Selkirk & Cabinet (Schweitzer/Silver),Spring,big_storm_days,Powder days per 30 (>= 6 in of new snow),46,nested,46,,0.012388541283887233,0.47196159538086224,0.40301026636269627,False,2158
Mt Hood,Early season,big_storm_days,Powder days per 30 (>= 6 in of new snow),48,nested,48,,0.011797538590573798,0.4724310908094488,0.3949367405566347,False,2158
Ruby Mtns & NE Nevada,Early season,storm_days,Storm days per 30 (>= 2 in of new snow),46,within_nina,16,0.20378318783886554,0.04152758764577035,0.47330533893221355,0.6509928978614332,False,2158
Front Range (Winter Park/Loveland/A-Basin),Midwinter,days_with_base,Days per 30 with a skiable base,48,nested,48,,0.011745759761944984,0.4734103698518566,0.3949367405566347,False,2158
Sangre de Cristo (Taos/Santa Fe),Holidays,new_snow_in_total,Total new snow in the window (in),47,within_nina,16,0.19634026535364713,0.03854949979914057,0.47370525894821036,0.6509928978614332,False,2158
Whitefish & Flathead Range,Early season,new_snow_in_total,Total new snow in the window (in),52,nested,52,,0.010742747947179285,0.47381094865262263,0.38014271330980004,False,2158
Sangre de Cristo (Taos/Santa Fe),Early season,new_snow_in_total,Total new snow in the window (in),47,within_nina,16,-0.19330781968794514,0.03736791315250711,0.47430513897220555,0.6509928978614332,False,2158
Sangre de Cristo (Taos/Santa Fe),Early season,new_snow_in_total,Total new snow in the window (in),47,within_nino,16,0.19062496384545452,0.03633787684108084,0.47430513897220555,0.6509928978614332,False,2158
Sawtooth & Smoky (Sun Valley),Midwinter,storm_days,Storm days per 30 (>= 2 in of new snow),46,within_nino,15,0.20582581198752994,0.042364264880326026,0.47630473905218956,0.6688990105175066,False,2158
W Central Idaho (Brundage/Tamarack),Early season,mean_swe,Base (mean SWE in window),46,within_nino,15,0.19598887034004991,0.0384116372971689,0.47630473905218956,0.6688990105175066,False,2158
S Utah (Brian Head/Eagle Point),Spring,mean_depth,Base (mean snow depth),29,nested,29,,0.02043948518972629,0.4768411953170426,0.5000974343469677,False,2158
Whitefish & Flathead Range,Midwinter,new_snow_in_total,Total new snow in the window (in),52,within_nina,18,-0.1801630824815804,0.03245873628926474,0.47690461907618475,0.6189900709973589,False,2158
Central Oregon (Mt Bachelor),Spring,mean_depth,Base (mean snow depth),23,nested,23,,0.026916732535979065,0.4773117781634161,0.5556053417105351,False,2158
Sangre de Cristo (Taos/Santa Fe),Midwinter,days_with_base,Days per 30 with a skiable base,47,within_nino,16,-0.19181495915190086,0.036792978554445396,0.47750449910017995,0.6509928978614332,False,2158
Ruby Mtns & NE Nevada,Spring,days_with_base,Days per 30 with a skiable base,46,nested,46,,0.012064444255964719,0.47785186090759957,0.40301026636269627,False,2158
N Sierra / Tahoe (Palisades/Heavenly/Rose),Early season,big_storm_days,Powder days per 30 (>= 6 in of new snow),48,nested,48,,0.01145541893333777,0.4789621352302478,0.3949367405566347,False,2158
Beartooth & Absaroka (Red Lodge),Midwinter,big_storm_days,Powder days per 30 (>= 6 in of new snow),53,within_nino,18,-0.17501372190842862,0.030629802856240788,0.4797040591881624,0.6189900709973589,False,2158
Gore & Tenmile (Vail/Summit/Copper),Early season,days_with_base,Days per 30 with a skiable base,46,nested,46,,0.011890015312931369,0.4810709524110569,0.40301026636269627,False,2158
Selkirk & Cabinet (Schweitzer/Silver),Holidays,big_storm_days,Powder days per 30 (>= 6 in of new snow),46,within_nina,16,-0.19482422509882283,0.03795647868535679,0.4819036192761448,0.6509928978614332,False,2158
Bighorn Mtns,Spring,new_snow_in_total,Total new snow in the window (in),48,within_nino,16,0.19258677958773107,0.03708966767197331,0.4823035392921416,0.6509928978614332,False,2158
Bitterroot & Lolo (Montana Snowbowl),Holidays,mean_swe,Base (mean SWE in window),59,within_nina,22,-0.15963470107419991,0.025483237787049164,0.4843031393721256,0.5667539699566799,False,2158
Tetons (Jackson/Targhee),Holidays,new_snow_in_total,Total new snow in the window (in),46,nested,46,,0.011714451948643206,0.48434649457901324,0.40301026636269627,False,2158
Ruby Mtns & NE Nevada,Holidays,mean_swe,Base (mean SWE in window),46,within_nina,16,0.19519326426029535,0.03810041041258949,0.484503099380124,0.6509928978614332,False,2158
Bitterroot & Lolo (Montana Snowbowl),Midwinter,new_snow_in_total,Total new snow in the window (in),59,nested,59,,0.008925247242154492,0.48453744855794334,0.3578147819208976,False,2158
Front Range (Winter Park/Loveland/A-Basin),Holidays,days_with_base,Days per 30 with a skiable base,48,nested,48,,0.011163496578059446,0.4846506131081346,0.3949367405566347,False,2158
Wasatch (Alta/Snowbird/Park City),Spring,days_with_base,Days per 30 with a skiable base,48,within_nina,16,-0.18869749551379064,0.03560674481317704,0.4851029794041192,0.6509928978614332,False,2158
Blues & Wallowas (Anthony Lakes),Midwinter,storm_days,Storm days per 30 (>= 2 in of new snow),48,within_nino,16,0.18756771767634306,0.035181648714312334,0.4851029794041192,0.6509928978614332,False,2158
Bighorn Mtns,Spring,storm_days,Storm days per 30 (>= 2 in of new snow),48,within_nina,16,-0.18899859507002023,0.035720468938441476,0.48530293941211755,0.6509928978614332,False,2158
Sawtooth & Smoky (Sun Valley),Holidays,mean_swe,Base (mean SWE in window),46,within_nina,16,0.18710602410173804,0.03500866425516018,0.485502899420116,0.6509928978614332,False,2158
W Central Idaho (Brundage/Tamarack),Spring,storm_days,Storm days per 30 (>= 2 in of new snow),46,within_nina,16,0.18647650183391376,0.034773485736213645,0.4859028194361128,0.6509928978614332,False,2158
Bitterroot & Lolo (Montana Snowbowl),Holidays,mean_swe,Base (mean SWE in window),59,nested,59,,0.00885839259864946,0.4861854700575824,0.3578147819208976,False,2158
Sawtooth & Smoky (Sun Valley),Holidays,new_snow_in_total,Total new snow in the window (in),46,within_nino,15,0.20073461313171218,0.040294384909138156,0.48630273945210956,0.6688990105175066,False,2158
Bighorn Mtns,Holidays,mean_depth,Base (mean snow depth),23,nested,23,,0.025801315100733333,0.4867083904245626,0.5556053417105351,False,2158
E Cascades rain shadow (Mission Ridge),Early season,big_storm_days,Powder days per 30 (>= 6 in of new snow),45,within_nina,16,-0.18511015072114972,0.034265767900006766,0.4871025794841032,0.6509928978614332,False,2158
S Utah (Brian Head/Eagle Point),Midwinter,mean_depth,Base (mean snow depth),29,nested,29,,0.01948475791897856,0.487425199185332,0.5000974343469677,False,2158
Sawtooth & Smoky (Sun Valley),Early season,mean_swe,Base (mean SWE in window),46,within_nina,16,0.1858225492440492,0.03453001980755709,0.4875024995001,0.6509928978614332,False,2158
Gore & Tenmile (Vail/Summit/Copper),Spring,storm_days,Storm days per 30 (>= 2 in of new snow),48,within_nina,16,-0.19162873727294774,0.03672157294882443,0.4877024595080984,0.6509928978614332,False,2158
Bitterroot & Lolo (Montana Snowbowl),Midwinter,mean_swe,Base (mean SWE in window),59,within_nino,20,-0.16524710562498915,0.02730660591743632,0.4881023795240952,0.5911839833526782,False,2158
Sawtooth & Smoky (Sun Valley),Midwinter,mean_swe,Base (mean SWE in window),46,within_nina,16,-0.18169981168521745,0.03301482156644348,0.488502299540092,0.6509928978614332,False,2158
Bridger/Gallatin/Madison (Big Sky),Early season,mean_swe,Base (mean SWE in window),60,within_nino,20,0.1661395308084522,0.02760234369725264,0.4887022595480904,0.5911839833526782,False,2158
Tetons (Jackson/Targhee),Early season,big_storm_days,Powder days per 30 (>= 6 in of new snow),46,within_nina,16,0.18396600712912684,0.033843491779033945,0.48890221955608876,0.6509928978614332,False,2158
Selkirk & Cabinet (Schweitzer/Silver),Early season,storm_days,Storm days per 30 (>= 2 in of new snow),46,nested,46,,0.011377269523300476,0.49074013357730617,0.40301026636269627,False,2158
Yellowstone & Wind River,Spring,days_with_base,Days per 30 with a skiable base,48,nested,48,,0.010825775350232261,0.4913699471784636,0.3949367405566347,False,2158
Uinta Mtns,Holidays,days_with_base,Days per 30 with a skiable base,48,within_nina,16,0.19732443518065257,0.038936932719363555,0.4921015796840632,0.6509928978614332,False,2158
Tetons (Jackson/Targhee),Midwinter,days_with_base,Days per 30 with a skiable base,46,nested,46,,0.011287929984536567,0.4924573864095113,0.40301026636269627,False,2158
Blues & Wallowas (Anthony Lakes),Spring,storm_days,Storm days per 30 (>= 2 in of new snow),48,nested,48,,0.010761349683687459,0.4926691346553169,0.3949367405566347,False,2158
N Sierra / Tahoe (Palisades/Heavenly/Rose),Spring,new_snow_in_total,Total new snow in the window (in),48,within_nino,16,0.18490976675836684,0.03419162184263363,0.4929014197160568,0.6509928978614332,False,2158
Sangre de Cristo (Taos/Santa Fe),Holidays,storm_days,Storm days per 30 (>= 2 in of new snow),47,within_nina,16,0.18688593693320377,0.03492635342340142,0.4937012597480504,0.6509928978614332,False,2158
Yellowstone & Wind River,Midwinter,big_storm_days,Powder days per 30 (>= 6 in of new snow),48,within_nina,16,-0.18574234408844034,0.03450021838746857,0.4941011797640472,0.6509928978614332,False,2158
Bridger/Gallatin/Madison (Big Sky),Early season,big_storm_days,Powder days per 30 (>= 6 in of new snow),60,nested,60,,0.008375200177230755,0.49446165959631483,0.35493516594241575,False,2158
Bitterroot & Lolo (Montana Snowbowl),Holidays,big_storm_days,Powder days per 30 (>= 6 in of new snow),59,within_nino,20,-0.17254490802227473,0.029771745284415247,0.4953009398120376,0.5911839833526782,False,2158
Chugach (Alyeska),Spring,big_storm_days,Powder days per 30 (>= 6 in of new snow),43,nested,43,,0.01195582255433665,0.4961703706963295,0.4161028431113385,False,2158
N Sierra / Tahoe (Palisades/Heavenly/Rose),Early season,new_snow_in_total,Total new snow in the window (in),48,nested,48,,0.010579516471569694,0.49636671286329337,0.3949367405566347,False,2158
Bitterroot & Lolo (Montana Snowbowl),Early season,mean_swe,Base (mean SWE in window),59,within_nina,22,-0.1540774895128653,0.023739872774587112,0.496500699860028,0.5667539699566799,False,2158
S Utah (Brian Head/Eagle Point),Midwinter,storm_days,Storm days per 30 (>= 2 in of new snow),48,within_nino,16,0.1829175273099081,0.033458821797170975,0.4967006598680264,0.6509928978614332,False,2158
Wasatch (Alta/Snowbird/Park City),Early season,days_with_base,Days per 30 with a skiable base,48,nested,48,,0.0105388773909469,0.497199403871033,0.3949367405566347,False,2158
Central Cascades (Stevens/Snoqualmie),Early season,days_with_base,Days per 30 with a skiable base,45,within_nina,16,0.18415133856414087,0.033911715494964835,0.4973005398920216,0.6509928978614332,False,2158
Bighorn Mtns,Spring,big_storm_days,Powder days per 30 (>= 6 in of new snow),48,nested,48,,0.010512950857150628,0.4977318511476927,0.3949367405566347,False,2158
Selkirk & Cabinet (Schweitzer/Silver),Spring,new_snow_in_total,Total new snow in the window (in),46,within_nina,16,-0.18705552641199322,0.03498976996126789,0.4981003799240152,0.6509928978614332,False,2158
Gore & Tenmile (Vail/Summit/Copper),Spring,storm_days,Storm days per 30 (>= 2 in of new snow),48,nested,48,,0.010485444592767592,0.49829778005812875,0.3949367405566347,False,2158
Tetons (Jackson/Targhee),Early season,mean_swe,Base (mean SWE in window),46,within_nina,16,0.17547599939081057,0.03079182636220375,0.498500299940012,0.6509928978614332,False,2158
Wasatch (Alta/Snowbird/Park City),Midwinter,storm_days,Storm days per 30 (>= 2 in of new snow),48,within_nino,16,0.18351290244062,0.03367698536218051,0.4989002199560088,0.6509928978614332,False,2158
Blues & Wallowas (Anthony Lakes),Holidays,new_snow_in_total,Total new snow in the window (in),48,nested,48,,0.010449704633048834,0.49903471797640697,0.3949367405566347,False,2158
E Cascades rain shadow (Mission Ridge),Early season,big_storm_days,Powder days per 30 (>= 6 in of new snow),45,nested,45,,0.011212898635613385,0.49915727545404376,0.40723664075787896,False,2158
Black Hills (Terry Peak),Spring,mean_swe,Base (mean SWE in window),26,nested,26,,0.020991044533612908,0.4993801599330079,0.5256903151516702,False,2158
Chugach (Alyeska),Early season,big_storm_days,Powder days per 30 (>= 6 in of new snow),43,within_nino,15,0.19513543690515717,0.038077838736166575,0.4997000599880024,0.6688990105175066,False,2158
Beartooth & Absaroka (Red Lodge),Early season,mean_swe,Base (mean SWE in window),53,within_nino,18,0.17384216753848838,0.030221099214479866,0.4999000199960008,0.6189900709973589,False,2158
Snowy Range & Sierra Madre,Spring,days_with_base,Days per 30 with a skiable base,46,nested,46,,0.010886569697576998,0.5002963042873396,0.40301026636269627,False,2158
Selkirk & Cabinet (Schweitzer/Silver),Holidays,mean_depth,Base (mean snow depth),25,nested,25,,0.021860534077722555,0.5007876931538654,0.5351255042517953,False,2158
Mt Hood,Spring,days_with_base,Days per 30 with a skiable base,48,nested,48,,0.010287902585460069,0.502393904520179,0.3949367405566347,False,2158
Mt Hood,Early season,new_snow_in_total,Total new snow in the window (in),48,within_nina,16,-0.1812191700304045,0.03284038758650865,0.5026994601079784,0.6509928978614332,False,2158
N Sierra / Tahoe (Palisades/Heavenly/Rose),Holidays,mean_swe,Base (mean SWE in window),48,within_nino,16,0.18082378802198965,0.03269724231462145,0.5026994601079784,0.6509928978614332,False,2158
Central Cascades (Stevens/Snoqualmie),Spring,mean_swe,Base (mean SWE in window),45,within_nino,15,0.18734122200242484,0.03509673346136183,0.5032993401319736,0.6688990105175066,False,2158
S Washington Cascades (Crystal/White Pass),Holidays,big_storm_days,Powder days per 30 (>= 6 in of new snow),45,within_nina,16,-0.18247694533541864,0.03329783557894536,0.503499300139972,0.6509928978614332,False,2158
San Francisco Peaks (AZ Snowbowl),Midwinter,big_storm_days,Powder days per 30 (>= 6 in of new snow),46,nested,46,,0.010723313816159652,0.5035445617095833,0.40301026636269627,False,2158
Blues & Wallowas (Anthony Lakes),Spring,new_snow_in_total,Total new snow in the window (in),48,nested,48,,0.010223256566341791,0.5037466489339422,0.3949367405566347,False,2158
Ruby Mtns & NE Nevada,Early season,mean_swe,Base (mean SWE in window),46,within_nina,16,0.1744731429895283,0.030440877624644386,0.5038992201559688,0.6509928978614332,False,2158
Bitterroot & Lolo (Montana Snowbowl),Early season,new_snow_in_total,Total new snow in the window (in),59,within_nino,20,-0.15731863158273046,0.024749151843062877,0.5040991801639672,0.5911839833526782,False,2158
Elk Mtns (Aspen/Crested Butte),Midwinter,days_with_base,Days per 30 with a skiable base,46,within_nino,15,-0.18776441054820672,0.035255473868515526,0.5040991801639672,0.6688990105175066,False,2158
San Francisco Peaks (AZ Snowbowl),Early season,storm_days,Storm days per 30 (>= 2 in of new snow),46,within_nina,16,0.17707635450990591,0.03135603532651788,0.5042991401719656,0.6509928978614332,False,2158
Wasatch (Alta/Snowbird/Park City),Holidays,storm_days,Storm days per 30 (>= 2 in of new snow),48,within_nino,16,-0.18172320187309476,0.03302332209900955,0.5046990601879624,0.6509928978614332,False,2158
W Central Idaho (Brundage/Tamarack),Midwinter,storm_days,Storm days per 30 (>= 2 in of new snow),46,within_nino,15,0.18861729437117947,0.03557648373590417,0.5048990201959608,0.6688990105175066,False,2158
S Washington Cascades (Crystal/White Pass),Early season,days_with_base,Days per 30 with a skiable base,45,within_nino,15,-0.20590635035905308,0.04239742511818512,0.505498900219956,0.6688990105175066,False,2158
Central Oregon (Mt Bachelor),Early season,mean_swe,Base (mean SWE in window),46,within_nino,15,-0.20315865799688576,0.04127344031909559,0.5060987802439512,0.6688990105175066,False,2158
Gore & Tenmile (Vail/Summit/Copper),Spring,big_storm_days,Powder days per 30 (>= 6 in of new snow),48,within_nino,16,0.1843805667550392,0.033996193396909465,0.5076984603079384,0.6509928978614332,False,2158
Wasatch (Alta/Snowbird/Park City),Spring,big_storm_days,Powder days per 30 (>= 6 in of new snow),48,within_nino,16,0.1792527458233105,0.03213154688519636,0.5076984603079384,0.6509928978614332,False,2158
Bitterroot & Lolo (Montana Snowbowl),Holidays,new_snow_in_total,Total new snow in the window (in),59,within_nina,22,0.14992273805159337,0.022476827384886683,0.5078984203159368,0.5667539699566799,False,2158
Front Range (Winter Park/Loveland/A-Basin),Spring,storm_days,Storm days per 30 (>= 2 in of new snow),48,within_nina,16,-0.18271945474316395,0.03338639914163914,0.508498300339932,0.6509928978614332,False,2158
N Sierra / Tahoe (Palisades/Heavenly/Rose),Early season,mean_swe,Base (mean SWE in window),48,within_nina,16,0.1754179480175881,0.030771456486701237,0.5090981803639272,0.6509928978614332,False,2158
North Cascades (Mt Baker),Early season,storm_days,Storm days per 30 (>= 2 in of new snow),44,within_nina,16,-0.17522421057694193,0.030703523972312487,0.5100979804039192,0.6509928978614332,False,2158
Sawtooth & Smoky (Sun Valley),Spring,mean_depth,Base (mean snow depth),29,nested,29,,0.017476012190291806,0.5109844810853987,0.5000974343469677,False,2158
San Juans (Telluride/Purgatory/Wolf Ck),Early season,days_with_base,Days per 30 with a skiable base,46,within_nina,16,-0.18024424028393254,0.032487986155532014,0.5120975804839032,0.6509928978614332,False,2158
Yellowstone & Wind River,Early season,mean_depth,Base (mean snow depth),28,within_nina,12,0.21051208262041904,0.044315336929186135,0.5122975404919016,0.732389290340833,False,2158
Uinta Mtns,Midwinter,days_with_base,Days per 30 with a skiable base,48,nested,48,,0.009783565812445723,0.513113316598578,0.3949367405566347,False,2158
Central Cascades (Stevens/Snoqualmie),Midwinter,storm_days,Storm days per 30 (>= 2 in of new snow),45,within_nino,15,0.18165864754832473,0.03299986422908646,0.5132973405318936,0.6688990105175066,False,2158
Snowy Range & Sierra Madre,Holidays,big_storm_days,Powder days per 30 (>= 6 in of new snow),46,within_nina,16,0.1835493594517422,0.033690367355144864,0.5138972205558888,0.6509928978614332,False,2158
S Utah (Brian Head/Eagle Point),Spring,mean_depth,Base (mean snow depth),29,within_nina,12,0.21116812138322708,0.04459197548852133,0.5140971805638872,0.732389290340833,False,2158
Uinta Mtns,Early season,days_with_base,Days per 30 with a skiable base,48,nested,48,,0.00970180335399868,0.5148878908362754,0.3949367405566347,False,2158
Central Oregon (Mt Bachelor),Holidays,mean_swe,Base (mean SWE in window),46,within_nina,16,-0.17732452875546256,0.03144398849834687,0.5148970205958808,0.6509928978614332,False,2158
Bighorn Mtns,Spring,days_with_base,Days per 30 with a skiable base,48,nested,48,,0.0096980213318741,0.5149702311210077,0.3949367405566347,False,2158
Mt Hood,Midwinter,new_snow_in_total,Total new snow in the window (in),48,within_nino,16,0.17438100874311177,0.030408736210265224,0.5160967806438712,0.6509928978614332,False,2158
Whitefish & Flathead Range,Holidays,storm_days,Storm days per 30 (>= 2 in of new snow),52,within_nina,18,-0.15917319426418122,0.025336105772262776,0.5164967006598681,0.6189900709973589,False,2158
North Cascades (Mt Baker),Holidays,storm_days,Storm days per 30 (>= 2 in of new snow),44,within_nina,16,-0.17266029801395685,0.029811578510268392,0.5172965406918616,0.6509928978614332,False,2158
Front Range (Winter Park/Loveland/A-Basin),Holidays,mean_depth,Base (mean snow depth),28,within_nina,12,0.20619982031154777,0.04251836589651459,0.5172965406918616,0.732389290340833,False,2158
White Mtns AZ (Sunrise Park),Early season,mean_depth,Base (mean snow depth),25,nested,25,,0.020225648094663644,0.5174274324117858,0.5351255042517953,False,2158
Blues & Wallowas (Anthony Lakes),Early season,days_with_base,Days per 30 with a skiable base,48,within_nina,16,0.19262258148903874,0.03710345889950137,0.51749650069986,0.6509928978614332,False,2158
N Sierra / Tahoe (Palisades/Heavenly/Rose),Midwinter,mean_depth,Base (mean snow depth),28,within_nina,12,-0.2141911116628067,0.04587783231534892,0.5176964607078585,0.732389290340833,False,2158
Snowy Range & Sierra Madre,Midwinter,days_with_base,Days per 30 with a skiable base,46,within_nino,15,-0.18165501934180708,0.03299854605207231,0.519496100779844,0.6688990105175066,False,2158
Elk Mtns (Aspen/Crested Butte),Holidays,new_snow_in_total,Total new snow in the window (in),46,nested,46,,0.00994211155458758,0.5195952624735474,0.40301026636269627,False,2158
Beartooth & Absaroka (Red Lodge),Spring,storm_days,Storm days per 30 (>= 2 in of new snow),53,nested,53,,0.00850515877900422,0.5198003403140223,0.37669626558347646,False,2158
Beartooth & Absaroka (Red Lodge),Spring,big_storm_days,Powder days per 30 (>= 6 in of new snow),53,within_nino,18,0.16298861869531592,0.026565289824207087,0.5200959808038392,0.6189900709973589,False,2158
Ruby Mtns & NE Nevada,Holidays,mean_swe,Base (mean SWE in window),46,nested,46,,0.009832121278149253,0.5219258519660837,0.40301026636269627,False,2158
Sangre de Cristo (Taos/Santa Fe),Holidays,mean_swe,Base (mean SWE in window),47,nested,47,,0.009583327611494077,0.5223312307393544,0.39891242123069554,False,2158
S Washington Cascades (Crystal/White Pass),Spring,new_snow_in_total,Total new snow in the window (in),45,nested,45,,0.009997358394176396,0.5235136061215586,0.40723664075787896,False,2158
E Cascades rain shadow (Mission Ridge),Midwinter,days_with_base,Days per 30 with a skiable base,45,nested,45,,0.00998149934000593,0.5238448423570113,0.40723664075787896,False,2158
Gore & Tenmile (Vail/Summit/Copper),Midwinter,days_with_base,Days per 30 with a skiable base,48,nested,48,,0.009255290837192095,0.524769169127572,0.3949367405566347,False,2158
Sawtooth & Smoky (Sun Valley),Early season,days_with_base,Days per 30 with a skiable base,46,within_nina,16,0.1757102072102888,0.030874076917882624,0.5248950209958009,0.6509928978614332,False,2158
Whitefish & Flathead Range,Midwinter,mean_depth,Base (mean snow depth),25,nested,25,,0.01951235142292879,0.5249828006616482,0.5351255042517953,False,2158
W Central Idaho (Brundage/Tamarack),Midwinter,new_snow_in_total,Total new snow in the window (in),46,within_nino,15,0.1771716367262494,0.03138978886025808,0.5250949810037993,0.6688990105175066,False,2158
Jemez & N New Mexico,Spring,days_with_base,Days per 30 with a skiable base,46,within_nina,16,0.1742687232450579,0.030369587901462585,0.5258948210357929,0.6509928978614332,False,2158
Front Range (Winter Park/Loveland/A-Basin),Spring,mean_swe,Base (mean SWE in window),48,within_nino,16,-0.17083489070034633,0.029184559880599276,0.5258948210357929,0.6509928978614332,False,2158
Whitefish & Flathead Range,Midwinter,days_with_base,Days per 30 with a skiable base,51,within_nino,18,0.16122166596682083,0.025992425577117156,0.5260947810437913,0.6189900709973589,False,2158
Mt Hood,Spring,mean_swe,Base (mean SWE in window),48,within_nino,16,0.17486274335609053,0.030576979014017985,0.5262947410517896,0.6509928978614332,False,2158
Sangre de Cristo (Taos/Santa Fe),Midwinter,mean_swe,Base (mean SWE in window),47,within_nina,16,-0.16377333113483547,0.026821703991000468,0.5262947410517896,0.6509928978614332,False,2158
San Juans (Telluride/Purgatory/Wolf Ck),Midwinter,mean_swe,Base (mean SWE in window),47,within_nina,16,-0.1720410039804435,0.02959810705059898,0.5262947410517896,0.6509928978614332,False,2158
Central Oregon (Mt Bachelor),Holidays,days_with_base,Days per 30 with a skiable base,46,within_nina,16,-0.16902638545250323,0.028569918979138197,0.526494701059788,0.6509928978614332,False,2158
Whitefish & Flathead Range,Early season,big_storm_days,Powder days per 30 (>= 6 in of new snow),52,within_nina,18,-0.15864047765751368,0.0251668011514041,0.526494701059788,0.6189900709973589,False,2158
S Utah (Brian Head/Eagle Point),Midwinter,big_storm_days,Powder days per 30 (>= 6 in of new snow),48,nested,48,,0.009177844457721776,0.5265167619509598,0.3949367405566347,False,2158
Selkirk & Cabinet (Schweitzer/Silver),Spring,big_storm_days,Powder days per 30 (>= 6 in of new snow),46,within_nino,15,-0.17984747657860822,0.032345114831693035,0.5266946610677864,0.6688990105175066,False,2158
Selkirk & Cabinet (Schweitzer/Silver),Early season,storm_days,Storm days per 30 (>= 2 in of new snow),46,within_nina,16,-0.16891380318127114,0.028531872905161203,0.5268946210757849,0.6509928978614332,False,2158
Bighorn Mtns,Early season,mean_swe,Base (mean SWE in window),48,within_nino,16,-0.1697840908748442,0.028826637514197354,0.52749450109978,0.6509928978614332,False,2158
Gore & Tenmile (Vail/Summit/Copper),Holidays,days_with_base,Days per 30 with a skiable base,48,nested,48,,0.009097540836849652,0.5283396782450256,0.3949367405566347,False,2158
Sawtooth & Smoky (Sun Valley),Early season,days_with_base,Days per 30 with a skiable base,46,nested,46,,0.009531578741190387,0.5283881731058568,0.40301026636269627,False,2158
Mt Hood,Spring,days_with_base,Days per 30 with a skiable base,48,within_nino,16,0.1697890033318392,0.028828305652419298,0.528494301139772,0.6509928978614332,False,2158
Elk Mtns (Aspen/Crested Butte),Spring,storm_days,Storm days per 30 (>= 2 in of new snow),46,nested,46,,0.009517944616092,0.5286846716569524,0.40301026636269627,False,2158
W Central Idaho (Brundage/Tamarack),Early season,big_storm_days,Powder days per 30 (>= 6 in of new snow),46,within_nina,16,-0.17056450117385216,0.029092249060685017,0.5288942211557689,0.6509928978614332,False,2158
Chugach (Alyeska),Holidays,mean_swe,Base (mean SWE in window),43,within_nina,15,-0.17927031366588708,0.03213784536186554,0.5298940211957609,0.6688990105175066,False,2158
Snowy Range & Sierra Madre,Midwinter,storm_days,Storm days per 30 (>= 2 in of new snow),46,within_nino,15,0.17533627835167026,0.030742810506214392,0.5298940211957609,0.6688990105175066,False,2158
Mt Hood,Spring,mean_swe,Base (mean SWE in window),48,nested,48,,0.009022265403165365,0.5300586042526751,0.3949367405566347,False,2158
Sawtooth & Smoky (Sun Valley),Midwinter,new_snow_in_total,Total new snow in the window (in),46,within_nino,15,0.19218745878833132,0.03693601931551655,0.5302939412117577,0.6688990105175066,False,2158
White Mtns AZ (Sunrise Park),Early season,big_storm_days,Powder days per 30 (>= 6 in of new snow),46,within_nina,16,-0.16751132596532595,0.028060044326661683,0.530493901219756,0.6509928978614332,False,2158
Black Hills (Terry Peak),Holidays,mean_swe,Base (mean SWE in window),26,nested,26,,0.018122325116027415,0.5305573964632107,0.5256903151516702,False,2158
Sawtooth & Smoky (Sun Valley),Midwinter,big_storm_days,Powder days per 30 (>= 6 in of new snow),46,nested,46,,0.009407389071282201,0.5310998155243852,0.40301026636269627,False,2158
Tetons (Jackson/Targhee),Holidays,new_snow_in_total,Total new snow in the window (in),46,within_nina,16,-0.16097989203148128,0.02591452563846737,0.5312937412517497,0.6509928978614332,False,2158
W Central Idaho (Brundage/Tamarack),Holidays,storm_days,Storm days per 30 (>= 2 in of new snow),46,nested,46,,0.00936711917924693,0.5319844005899832,0.40301026636269627,False,2158
Bighorn Mtns,Midwinter,big_storm_days,Powder days per 30 (>= 6 in of new snow),48,nested,48,,0.00893422087094711,0.5320817371415616,0.3949367405566347,False,2158
Selkirk & Cabinet (Schweitzer/Silver),Midwinter,days_with_base,Days per 30 with a skiable base,45,within_nino,15,0.17776971656653068,0.03160207212814465,0.5326934613077384,0.6688990105175066,False,2158
Jemez & N New Mexico,Spring,mean_swe,Base (mean SWE in window),46,within_nino,15,0.17689930459218206,0.03129336396519761,0.5330933813237353,0.6688990105175066,False,2158
Bridger/Gallatin/Madison (Big Sky),Midwinter,mean_swe,Base (mean SWE in window),60,nested,60,,0.006955228762415098,0.5336789587502504,0.35493516594241575,False,2158
Bridger/Gallatin/Madison (Big Sky),Midwinter,mean_depth,Base (mean snow depth),28,nested,28,,0.016255049622631818,0.5348170864854013,0.5082126283577936,False,2158
Chugach (Alyeska),Spring,big_storm_days,Powder days per 30 (>= 6 in of new snow),43,within_nino,15,-0.1757572727245628,0.030890618915576342,0.5348930213957208,0.6688990105175066,False,2158
Elk Mtns (Aspen/Crested Butte),Spring,days_with_base,Days per 30 with a skiable base,46,within_nina,16,-0.1713841058205684,0.029372511727915787,0.5348930213957208,0.6509928978614332,False,2158
Bitterroot & Lolo (Montana Snowbowl),Early season,days_with_base,Days per 30 with a skiable base,43,nested,43,,0.009946117359574316,0.5350034930214067,0.4161028431113385,False,2158
White Mtns AZ (Sunrise Park),Spring,mean_swe,Base (mean SWE in window),46,within_nina,16,0.16571055138331003,0.027459986839760635,0.5354929014197161,0.6509928978614332,False,2158
San Francisco Peaks (AZ Snowbowl),Midwinter,days_with_base,Days per 30 with a skiable base,46,nested,46,,0.00920588473689923,0.5355525950092255,0.40301026636269627,False,2158
Bridger/Gallatin/Madison (Big Sky),Spring,new_snow_in_total,Total new snow in the window (in),60,nested,60,,0.006881911566193535,0.5358509409419007,0.35493516594241575,False,2158
Park Range (Steamboat),Early season,mean_swe,Base (mean SWE in window),47,nested,47,,0.0089703801295046,0.5360066929922069,0.39891242123069554,False,2158
W Central Idaho (Brundage/Tamarack),Spring,storm_days,Storm days per 30 (>= 2 in of new snow),46,within_nino,15,0.1754078757403224,0.030767922871732384,0.5364927014597081,0.6688990105175066,False,2158
S Utah (Brian Head/Eagle Point),Midwinter,storm_days,Storm days per 30 (>= 2 in of new snow),48,within_nina,16,0.16096438198453314,0.025909532267662697,0.5368926214757048,0.6509928978614332,False,2158
Front Range (Winter Park/Loveland/A-Basin),Midwinter,mean_depth,Base (mean snow depth),28,within_nina,12,-0.1938672592811724,0.03758451422119333,0.5368926214757048,0.732389290340833,False,2158
Central Cascades (Stevens/Snoqualmie),Holidays,new_snow_in_total,Total new snow in the window (in),45,within_nina,16,-0.17254348696905805,0.029771254895441506,0.5370925814837033,0.6509928978614332,False,2158
Bighorn Mtns,Midwinter,days_with_base,Days per 30 with a skiable base,48,within_nina,16,0.16582433112389802,0.027497708792688175,0.5370925814837033,0.6509928978614332,False,2158
E Cascades rain shadow (Mission Ridge),Holidays,storm_days,Storm days per 30 (>= 2 in of new snow),45,within_nina,16,-0.16788240251369785,0.02818450107377126,0.5370925814837033,0.6509928978614332,False,2158
Bitterroot & Lolo (Montana Snowbowl),Spring,new_snow_in_total,Total new snow in the window (in),59,nested,59,,0.006964786998602506,0.537107552939487,0.3578147819208976,False,2158
Snowy Range & Sierra Madre,Early season,storm_days,Storm days per 30 (>= 2 in of new snow),46,within_nino,15,0.16966384382368566,0.028785819901027996,0.5372925414917017,0.6688990105175066,False,2158
Beartooth & Absaroka (Red Lodge),Holidays,big_storm_days,Powder days per 30 (>= 6 in of new snow),53,nested,53,,0.007795907987586395,0.5378142901892742,0.37669626558347646,False,2158
Black Hills (Terry Peak),Spring,mean_depth,Base (mean snow depth),23,nested,23,,0.020189095609725753,0.538957689175646,0.5556053417105351,False,2158
S Washington Cascades (Crystal/White Pass),Holidays,mean_swe,Base (mean SWE in window),45,within_nino,15,0.1686541430298017,0.028444219961116807,0.5392921415716857,0.6688990105175066,False,2158
Snowy Range & Sierra Madre,Midwinter,new_snow_in_total,Total new snow in the window (in),46,nested,46,,0.008903860074590274,0.5423534366154928,0.40301026636269627,False,2158
Yellowstone & Wind River,Spring,mean_depth,Base (mean snow depth),28,nested,28,,0.015649352510688743,0.5425892405306618,0.5082126283577936,False,2158
Central Cascades (Stevens/Snoqualmie),Midwinter,new_snow_in_total,Total new snow in the window (in),45,nested,45,,0.009084910081004902,0.5431940059630378,0.40723664075787896,False,2158
San Juans (Telluride/Purgatory/Wolf Ck),Early season,storm_days,Storm days per 30 (>= 2 in of new snow),48,within_nina,16,0.1625052897808972,0.026407969206773373,0.5440911817636472,0.6509928978614332,False,2158
Chugach (Alyeska),Spring,storm_days,Storm days per 30 (>= 2 in of new snow),43,within_nino,15,-0.1733998080338965,0.030067493426192162,0.5440911817636472,0.6688990105175066,False,2158
Central Oregon (Mt Bachelor),Midwinter,mean_swe,Base (mean SWE in window),46,nested,46,,0.008806955376305445,0.5445687379821662,0.40301026636269627,False,2158
Elk Mtns (Aspen/Crested Butte),Midwinter,mean_swe,Base (mean SWE in window),46,nested,46,,0.008784546769341603,0.5450833636888377,0.40301026636269627,False,2158
White Mtns AZ (Sunrise Park),Holidays,big_storm_days,Powder days per 30 (>= 6 in of new snow),46,within_nina,16,0.16243141584759066,0.026383964854252925,0.5470905818836233,0.6509928978614332,False,2158
Tetons (Jackson/Targhee),Holidays,big_storm_days,Powder days per 30 (>= 6 in of new snow),46,nested,46,,0.008674545610292883,0.5476225658246021,0.40301026636269627,False,2158
San Francisco Peaks (AZ Snowbowl),Holidays,mean_swe,Base (mean SWE in window),46,within_nino,15,0.1651881823726134,0.027287135595567783,0.5478904219156169,0.6688990105175066,False,2158
Central Cascades (Stevens/Snoqualmie),Spring,days_with_base,Days per 30 with a skiable base,45,within_nina,16,-0.17496698266597382,0.030613445023235184,0.5478904219156169,0.6509928978614332,False,2158
Beartooth & Absaroka (Red Lodge),Holidays,days_with_base,Days per 30 with a skiable base,53,nested,53,,0.00741422017676622,0.5479786450679351,0.37669626558347646,False,2158
Elk Mtns (Aspen/Crested Butte),Holidays,storm_days,Storm days per 30 (>= 2 in of new snow),46,within_nina,16,0.16460508978560798,0.027094835583328064,0.5482903419316136,0.6509928978614332,False,2158
Tetons (Jackson/Targhee),Early season,storm_days,Storm days per 30 (>= 2 in of new snow),46,within_nino,15,-0.1672441370430212,0.02797060137526486,0.5484903019396121,0.6688990105175066,False,2158
Bitterroot & Lolo (Montana Snowbowl),Midwinter,big_storm_days,Powder days per 30 (>= 6 in of new snow),59,within_nina,22,0.13479596711248584,0.018169952749790365,0.5490901819636073,0.5667539699566799,False,2158
Uinta Mtns,Midwinter,mean_swe,Base (mean SWE in window),48,nested,48,,0.008205334754708301,0.5493789161795286,0.3949367405566347,False,2158
Mt Hood,Midwinter,new_snow_in_total,Total new snow in the window (in),48,nested,48,,0.008204088734674778,0.5494093618295885,0.3949367405566347,False,2158
Park Range (Steamboat),Midwinter,new_snow_in_total,Total new snow in the window (in),47,within_nino,16,-0.1547844418192568,0.023958223429298892,0.5498900219956009,0.6509928978614332,False,2158
Wasatch (Alta/Snowbird/Park City),Holidays,mean_swe,Base (mean SWE in window),48,within_nina,16,0.16856746327937708,0.02841498967644414,0.5506898620275945,0.6509928978614332,False,2158
Chugach (Alyeska),Holidays,big_storm_days,Powder days per 30 (>= 6 in of new snow),43,within_nino,15,0.1686328414798871,0.028437035225580734,0.5508898220355929,0.6688990105175066,False,2158
E Cascades rain shadow (Mission Ridge),Holidays,days_with_base,Days per 30 with a skiable base,45,within_nina,16,0.1650038710039395,0.02722627744628471,0.5518896220755849,0.6509928978614332,False,2158
Front Range (Winter Park/Loveland/A-Basin),Midwinter,big_storm_days,Powder days per 30 (>= 6 in of new snow),48,within_nina,16,-0.17424798300558808,0.030362359581515713,0.5518896220755849,0.6509928978614332,False,2158
Jemez & N New Mexico,Holidays,mean_depth,Base (mean snow depth),25,nested,25,,0.017084162533820592,0.5522123057447993,0.5351255042517953,False,2158
Blues & Wallowas (Anthony Lakes),Holidays,mean_depth,Base (mean snow depth),28,nested,28,,0.014841684511619973,0.5532751276686101,0.5082126283577936,False,2158
Whitefish & Flathead Range,Early season,big_storm_days,Powder days per 30 (>= 6 in of new snow),52,nested,52,,0.007369508711702045,0.5533388378214077,0.38014271330980004,False,2158
Bighorn Mtns,Midwinter,mean_swe,Base (mean SWE in window),48,within_nina,16,0.15715270792166924,0.02469697360711348,0.5542891421715657,0.6509928978614332,False,2158
Whitefish & Flathead Range,Spring,big_storm_days,Powder days per 30 (>= 6 in of new snow),52,nested,52,,0.007327924177167012,0.5544645305008872,0.38014271330980004,False,2158
Yellowstone & Wind River,Early season,days_with_base,Days per 30 with a skiable base,46,within_nino,15,-0.16974635314459188,0.028813824405888498,0.554489102179564,0.6688990105175066,False,2158
San Francisco Peaks (AZ Snowbowl),Spring,new_snow_in_total,Total new snow in the window (in),46,within_nina,16,0.16218982997593331,0.026305540947622157,0.5552889422115577,0.6509928978614332,False,2158
San Francisco Peaks (AZ Snowbowl),Midwinter,new_snow_in_total,Total new snow in the window (in),46,within_nino,15,0.17195618618572808,0.02956892996754078,0.5552889422115577,0.6688990105175066,False,2158
Jemez & N New Mexico,Midwinter,new_snow_in_total,Total new snow in the window (in),46,nested,46,,0.008310519665016466,0.5561833775414269,0.40301026636269627,False,2158
Jemez & N New Mexico,Holidays,days_with_base,Days per 30 with a skiable base,30,within_nina,12,0.22663331349729315,0.05136265878676236,0.5566886622675465,0.732389290340833,False,2158
San Francisco Peaks (AZ Snowbowl),Holidays,mean_swe,Base (mean SWE in window),46,nested,46,,0.008278005431846371,0.5569601454493964,0.40301026636269627,False,2158
Ruby Mtns & NE Nevada,Midwinter,days_with_base,Days per 30 with a skiable base,46,within_nina,16,-0.15262984613484712,0.023295869931147108,0.5570885822835433,0.6509928978614332,False,2158
Central Oregon (Mt Bachelor),Spring,storm_days,Storm days per 30 (>= 2 in of new snow),46,within_nino,15,0.15863322012761474,0.025164498528056276,0.5578884223155369,0.6688990105175066,False,2158
Elk Mtns (Aspen/Crested Butte),Midwinter,new_snow_in_total,Total new snow in the window (in),46,within_nino,15,-0.16393816341132889,0.026875721422679574,0.5584883023395321,0.6688990105175066,False,2158
North Cascades (Mt Baker),Early season,days_with_base,Days per 30 with a skiable base,44,nested,44,,0.008625421084846374,0.5585548859260252,0.41159838137646865,False,2158
E Cascades rain shadow (Mission Ridge),Holidays,days_with_base,Days per 30 with a skiable base,45,nested,45,,0.008412913351889921,0.5585659027305163,0.40723664075787896,False,2158
Uinta Mtns,Holidays,storm_days,Storm days per 30 (>= 2 in of new snow),48,within_nina,16,0.15800054205941674,0.02496417129106952,0.5586882623475304,0.6509928978614332,False,2158
Tetons (Jackson/Targhee),Holidays,mean_swe,Base (mean SWE in window),46,within_nina,16,0.1596585276181765,0.02549084544120403,0.5586882623475304,0.6509928978614332,False,2158
Elk Mtns (Aspen/Crested Butte),Spring,new_snow_in_total,Total new snow in the window (in),46,nested,46,,0.008192447840892764,0.5590138882232574,0.40301026636269627,False,2158
Central Oregon (Mt Bachelor),Early season,new_snow_in_total,Total new snow in the window (in),46,nested,46,,0.008168756774625679,0.5595850957687019,0.40301026636269627,False,2158
Central Cascades (Stevens/Snoqualmie),Early season,storm_days,Storm days per 30 (>= 2 in of new snow),45,within_nina,16,0.15800334981460626,0.024965058552636837,0.5596880623875224,0.6509928978614332,False,2158
E Cascades rain shadow (Mission Ridge),Midwinter,new_snow_in_total,Total new snow in the window (in),45,nested,45,,0.008358987323981791,0.5598346035060657,0.40723664075787896,False,2158
Ruby Mtns & NE Nevada,Spring,mean_swe,Base (mean SWE in window),46,within_nina,16,0.1648169428096302,0.02716462463711291,0.5614877024595081,0.6509928978614332,False,2158
Tetons (Jackson/Targhee),Holidays,storm_days,Storm days per 30 (>= 2 in of new snow),46,nested,46,,0.008071496786823071,0.5619417000903434,0.40301026636269627,False,2158
San Francisco Peaks (AZ Snowbowl),Early season,new_snow_in_total,Total new snow in the window (in),46,nested,46,,0.007973699059118652,0.564330386909996,0.40301026636269627,False,2158
S Washington Cascades (Crystal/White Pass),Holidays,days_with_base,Days per 30 with a skiable base,45,nested,45,,0.008151041669045133,0.5647783486152526,0.40723664075787896,False,2158
Beartooth & Absaroka (Red Lodge),Early season,new_snow_in_total,Total new snow in the window (in),53,within_nina,19,-0.13783864359394982,0.01899949166781992,0.5650869826034793,0.6046192670424827,False,2158
Gore & Tenmile (Vail/Summit/Copper),Spring,mean_swe,Base (mean SWE in window),48,nested,48,,0.007577091341998413,0.5651397284751645,0.3949367405566347,False,2158
Beartooth & Absaroka (Red Lodge),Holidays,storm_days,Storm days per 30 (>= 2 in of new snow),53,within_nina,19,0.14393855195752403,0.020718306739628843,0.5654869026194761,0.6046192670424827,False,2158
Bridger/Gallatin/Madison (Big Sky),Holidays,mean_depth,Base (mean snow depth),28,within_nina,12,0.18065229955498024,0.03263525333450232,0.5666866626674665,0.732389290340833,False,2158
N Sierra / Tahoe (Palisades/Heavenly/Rose),Early season,new_snow_in_total,Total new snow in the window (in),48,within_nino,16,0.1538391573184298,0.02366648632444459,0.5668866226754649,0.6509928978614332,False,2158
Yellowstone & Wind River,Spring,new_snow_in_total,Total new snow in the window (in),48,nested,48,,0.007501717519074762,0.5670882332362204,0.3949367405566347,False,2158
E Cascades rain shadow (Mission Ridge),Midwinter,big_storm_days,Powder days per 30 (>= 6 in of new snow),45,within_nino,15,0.16277629055652415,0.026496120767341973,0.5672865426914617,0.6688990105175066,False,2158
Central Oregon (Mt Bachelor),Early season,storm_days,Storm days per 30 (>= 2 in of new snow),46,nested,46,,0.007815061961305048,0.5682465485396212,0.40301026636269627,False,2158
San Juans (Telluride/Purgatory/Wolf Ck),Spring,mean_swe,Base (mean SWE in window),48,within_nino,16,-0.15758369398283784,0.02483262060927668,0.5684863027394521,0.6509928978614332,False,2158
N Sierra / Tahoe (Palisades/Heavenly/Rose),Early season,storm_days,Storm days per 30 (>= 2 in of new snow),48,nested,48,,0.007432558232637979,0.568887463268104,0.3949367405566347,False,2158
Gore & Tenmile (Vail/Summit/Copper),Spring,mean_swe,Base (mean SWE in window),48,within_nino,16,-0.15268830467446756,0.02331371838436303,0.5706858628274345,0.6509928978614332,False,2158
Jemez & N New Mexico,Early season,mean_swe,Base (mean SWE in window),46,within_nina,16,0.1547287163520996,0.02394097566396849,0.5706858628274345,0.6509928978614332,False,2158
Beartooth & Absaroka (Red Lodge),Spring,new_snow_in_total,Total new snow in the window (in),53,nested,53,,0.0064878513066151805,0.5742005924220743,0.37669626558347646,False,2158
Sawtooth & Smoky (Sun Valley),Spring,mean_swe,Base (mean SWE in window),46,within_nina,16,-0.15152544977303603,0.022959961928920865,0.5742851429714058,0.6509928978614332,False,2158
Chugach (Alyeska),Early season,mean_swe,Base (mean SWE in window),43,within_nina,15,-0.15480205278495598,0.0239636755464363,0.5746850629874025,0.6688990105175066,False,2158
Selkirk & Cabinet (Schweitzer/Silver),Early season,days_with_base,Days per 30 with a skiable base,46,nested,46,,0.007558338202232162,0.5746962696555429,0.40301026636269627,False,2158
Beartooth & Absaroka (Red Lodge),Midwinter,days_with_base,Days per 30 with a skiable base,53,nested,53,,0.006469041191610343,0.5747579257641143,0.37669626558347646,False,2158
North Cascades (Mt Baker),Midwinter,new_snow_in_total,Total new snow in the window (in),44,nested,44,,0.007936517325520413,0.5747672042935303,0.41159838137646865,False,2158
Front Range (Winter Park/Loveland/A-Basin),Spring,mean_swe,Base (mean SWE in window),48,nested,48,,0.007191194859915022,0.5752541518903496,0.3949367405566347,False,2158
Jemez & N New Mexico,Early season,mean_swe,Base (mean SWE in window),46,nested,46,,0.007531722610991889,0.5753730876751457,0.40301026636269627,False,2158
Black Hills (Terry Peak),Spring,days_with_base,Days per 30 with a skiable base,26,nested,26,,0.014471415656680128,0.575539021374462,0.5256903151516702,False,2158
Uinta Mtns,Midwinter,mean_depth,Base (mean snow depth),30,within_nina,12,-0.18061999320233826,0.03262358194441272,0.5768846230753849,0.732389290340833,False,2158
North Cascades (Mt Baker),Midwinter,days_with_base,Days per 30 with a skiable base,44,within_nina,16,-0.1708684507885256,0.0291960274748708,0.5770845830833833,0.6509928978614332,False,2158
Mt Hood,Spring,new_snow_in_total,Total new snow in the window (in),48,within_nina,16,-0.14939381718212827,0.022318512612247165,0.5774845030993802,0.6509928978614332,False,2158
Blues & Wallowas (Anthony Lakes),Spring,storm_days,Storm days per 30 (>= 2 in of new snow),48,within_nino,16,0.15076606288856725,0.022730405718919416,0.5784843031393722,0.6509928978614332,False,2158
Selkirk & Cabinet (Schweitzer/Silver),Early season,mean_depth,Base (mean snow depth),25,nested,25,,0.01492393016117594,0.5786960427545366,0.5351255042517953,False,2158
Front Range (Winter Park/Loveland/A-Basin),Midwinter,mean_swe,Base (mean SWE in window),48,nested,48,,0.007041859327735236,0.5792634596784503,0.3949367405566347,False,2158
W Central Idaho (Brundage/Tamarack),Holidays,new_snow_in_total,Total new snow in the window (in),46,nested,46,,0.00737954647758749,0.5792730429090694,0.40301026636269627,False,2158
Selkirk & Cabinet (Schweitzer/Silver),Holidays,new_snow_in_total,Total new snow in the window (in),46,within_nino,15,0.15641552484311572,0.02446581641194735,0.5794841031793642,0.6688990105175066,False,2158
N Sierra / Tahoe (Palisades/Heavenly/Rose),Midwinter,big_storm_days,Powder days per 30 (>= 6 in of new snow),48,nested,48,,0.007031285679158419,0.5795494238826528,0.3949367405566347,False,2158
Mt Hood,Midwinter,days_with_base,Days per 30 with a skiable base,48,nested,48,,0.007014330338132618,0.580008563744123,0.3949367405566347,False,2158
W Central Idaho (Brundage/Tamarack),Holidays,new_snow_in_total,Total new snow in the window (in),46,within_nino,15,0.15370304516393668,0.023624626092667158,0.5810837832433513,0.6688990105175066,False,2158
Blues & Wallowas (Anthony Lakes),Early season,big_storm_days,Powder days per 30 (>= 6 in of new snow),48,nested,48,,0.0069606829426858375,0.5814660568251044,0.3949367405566347,False,2158
Sangre de Cristo (Taos/Santa Fe),Spring,days_with_base,Days per 30 with a skiable base,47,within_nina,16,-0.15158216132321997,0.022977151631418686,0.5816836632673466,0.6509928978614332,False,2158
Beartooth & Absaroka (Red Lodge),Spring,days_with_base,Days per 30 with a skiable base,48,within_nina,16,-0.1573749288151184,0.02476686821956358,0.5820835832833433,0.6509928978614332,False,2158
E Cascades rain shadow (Mission Ridge),Midwinter,storm_days,Storm days per 30 (>= 2 in of new snow),45,nested,45,,0.007448345861056442,0.5821246227126431,0.40723664075787896,False,2158
San Juans (Telluride/Purgatory/Wolf Ck),Early season,mean_swe,Base (mean SWE in window),48,nested,48,,0.006891623877458525,0.5833529953923096,0.3949367405566347,False,2158
S Washington Cascades (Crystal/White Pass),Early season,big_storm_days,Powder days per 30 (>= 6 in of new snow),45,within_nino,15,-0.15804504704056038,0.024978236894052944,0.5838832233553289,0.6688990105175066,False,2158
Central Cascades (Stevens/Snoqualmie),Spring,mean_depth,Base (mean snow depth),27,nested,27,,0.013238972125418729,0.583915275501039,0.5167321619197414,False,2158
Park Range (Steamboat),Holidays,mean_swe,Base (mean SWE in window),47,nested,47,,0.007031288068967137,0.5839400436011226,0.39891242123069554,False,2158
Central Cascades (Stevens/Snoqualmie),Holidays,days_with_base,Days per 30 with a skiable base,45,nested,45,,0.007327006708090651,0.5852263887952103,0.40723664075787896,False,2158
Bitterroot & Lolo (Montana Snowbowl),Spring,days_with_base,Days per 30 with a skiable base,56,within_nina,21,0.14266061094269417,0.02035204991454275,0.5864827034593081,0.578589616221095,False,2158
Yellowstone & Wind River,Early season,days_with_base,Days per 30 with a skiable base,46,within_nina,16,0.1635621478398637,0.02675257620598943,0.5870825834833033,0.6509928978614332,False,2158
Beartooth & Absaroka (Red Lodge),Midwinter,mean_swe,Base (mean SWE in window),53,within_nina,19,-0.13355754708251213,0.017837618382697446,0.5876824635072986,0.6046192670424827,False,2158
Beartooth & Absaroka (Red Lodge),Early season,new_snow_in_total,Total new snow in the window (in),53,nested,53,,0.0060272620059980755,0.5881620022464182,0.37669626558347646,False,2158
Mt Hood,Holidays,mean_swe,Base (mean SWE in window),48,within_nina,16,-0.14621936976410296,0.02138010409421147,0.5882823435312937,0.6509928978614332,False,2158
North Cascades (Mt Baker),Holidays,new_snow_in_total,Total new snow in the window (in),44,within_nino,15,-0.15192429438305954,0.023080991223790537,0.5894821035792841,0.6688990105175066,False,2158
Sawtooth & Smoky (Sun Valley),Holidays,mean_depth,Base (mean snow depth),29,nested,29,,0.011771092620878781,0.590112414966642,0.5000974343469677,False,2158
Bighorn Mtns,Early season,storm_days,Storm days per 30 (>= 2 in of new snow),48,within_nino,16,-0.14452408184676044,0.02088721023364911,0.5904819036192761,0.6509928978614332,False,2158
S Utah (Brian Head/Eagle Point),Early season,new_snow_in_total,Total new snow in the window (in),47,nested,47,,0.006777026661363831,0.5908453968277727,0.39891242123069554,False,2158
Black Hills (Terry Peak),Holidays,mean_depth,Base (mean snow depth),23,nested,23,,0.015440229539176896,0.5915131077961399,0.5556053417105351,False,2158
Yellowstone & Wind River,Early season,days_with_base,Days per 30 with a skiable base,46,nested,46,,0.006900970676869167,0.5918877144328247,0.40301026636269627,False,2158
Blues & Wallowas (Anthony Lakes),Spring,new_snow_in_total,Total new snow in the window (in),48,within_nino,16,0.14737034771593777,0.021718019385916405,0.5920815836832634,0.6509928978614332,False,2158
Uinta Mtns,Midwinter,mean_swe,Base (mean SWE in window),48,within_nino,16,-0.14765136261415962,0.021800924881818052,0.5922815436912617,0.6509928978614332,False,2158
Whitefish & Flathead Range,Midwinter,new_snow_in_total,Total new snow in the window (in),52,nested,52,,0.006006529138605256,0.5926738956977764,0.38014271330980004,False,2158
Central Cascades (Stevens/Snoqualmie),Holidays,new_snow_in_total,Total new snow in the window (in),45,nested,45,,0.0070338037717046975,0.5928602989721241,0.40723664075787896,False,2158
Elk Mtns (Aspen/Crested Butte),Midwinter,big_storm_days,Powder days per 30 (>= 6 in of new snow),46,within_nino,15,-0.16199996248285117,0.026243987844445187,0.592881423715257,0.6688990105175066,False,2158
Beartooth & Absaroka (Red Lodge),Spring,mean_swe,Base (mean SWE in window),53,within_nino,18,-0.13591197950821904,0.01847206617384255,0.5930813837232554,0.6189900709973589,False,2158
Whitefish & Flathead Range,Spring,days_with_base,Days per 30 with a skiable base,50,nested,50,,0.006238504277476859,0.5935982662754353,0.387328532677401,False,2158
Bridger/Gallatin/Madison (Big Sky),Midwinter,mean_depth,Base (mean snow depth),28,within_nina,12,-0.17043982267615412,0.029049733153878862,0.5936812637472505,0.732389290340833,False,2158
Bighorn Mtns,Spring,new_snow_in_total,Total new snow in the window (in),48,within_nina,16,-0.14418736517876898,0.02078999627719568,0.5940811837632474,0.6509928978614332,False,2158
Snowy Range & Sierra Madre,Holidays,storm_days,Storm days per 30 (>= 2 in of new snow),46,within_nina,16,-0.14550379007034567,0.021171352924835223,0.5940811837632474,0.6509928978614332,False,2158
Bitterroot & Lolo (Montana Snowbowl),Midwinter,days_with_base,Days per 30 with a skiable base,59,within_nino,20,-0.1288038301064269,0.016590426650085286,0.5944811037792441,0.5911839833526782,False,2158
N Sierra / Tahoe (Palisades/Heavenly/Rose),Holidays,mean_swe,Base (mean SWE in window),48,within_nina,16,0.14015286979165953,0.01964282691083787,0.5944811037792441,0.6509928978614332,False,2158
North Cascades (Mt Baker),Spring,big_storm_days,Powder days per 30 (>= 6 in of new snow),44,nested,44,,0.007129074816204114,0.5949814172628687,0.41159838137646865,False,2158
North Cascades (Mt Baker),Holidays,mean_depth,Base (mean snow depth),27,nested,27,,0.012478561742180094,0.5949953589356529,0.5167321619197414,False,2158
Central Oregon (Mt Bachelor),Spring,new_snow_in_total,Total new snow in the window (in),46,within_nina,16,-0.14893259315072688,0.02218091730259994,0.5954809038192361,0.6509928978614332,False,2158
Snowy Range & Sierra Madre,Midwinter,storm_days,Storm days per 30 (>= 2 in of new snow),46,nested,46,,0.006759418269782709,0.5957259160435388,0.40301026636269627,False,2158
Ruby Mtns & NE Nevada,Midwinter,days_with_base,Days per 30 with a skiable base,46,nested,46,,0.006750886604670607,0.5959588820392215,0.40301026636269627,False,2158
Tetons (Jackson/Targhee),Spring,days_with_base,Days per 30 with a skiable base,45,nested,45,,0.006885906999806135,0.596788310977612,0.40723664075787896,False,2158
White Mtns AZ (Sunrise Park),Holidays,storm_days,Storm days per 30 (>= 2 in of new snow),46,nested,46,,0.006719552433754443,0.5968161039846323,0.40301026636269627,False,2158
N Sierra / Tahoe (Palisades/Heavenly/Rose),Holidays,big_storm_days,Powder days per 30 (>= 6 in of new snow),48,nested,48,,0.006400868181783483,0.5971256804683281,0.3949367405566347,False,2158
Uinta Mtns,Midwinter,days_with_base,Days per 30 with a skiable base,48,within_nino,16,-0.14083487353404814,0.019834461603351332,0.5972805438912218,0.6509928978614332,False,2158
Front Range (Winter Park/Loveland/A-Basin),Midwinter,days_with_base,Days per 30 with a skiable base,48,within_nina,16,0.14461318412689655,0.020912973023319684,0.5980803839232154,0.6509928978614332,False,2158
Tetons (Jackson/Targhee),Spring,storm_days,Storm days per 30 (>= 2 in of new snow),46,nested,46,,0.006623132354446301,0.5994699361104003,0.40301026636269627,False,2158
W Central Idaho (Brundage/Tamarack),Holidays,storm_days,Storm days per 30 (>= 2 in of new snow),46,within_nino,15,0.148275482330586,0.02198561866036792,0.5996800639872025,0.6688990105175066,False,2158
Wasatch (Alta/Snowbird/Park City),Early season,days_with_base,Days per 30 with a skiable base,48,within_nino,16,-0.16364397375023673,0.02677935014476817,0.5998800239952009,0.6509928978614332,False,2158
Sangre de Cristo (Taos/Santa Fe),Spring,mean_swe,Base (mean SWE in window),47,nested,47,,0.006450228647208278,0.5999684899274189,0.39891242123069554,False,2158
Wasatch (Alta/Snowbird/Park City),Early season,new_snow_in_total,Total new snow in the window (in),48,nested,48,,0.00628294644616675,0.6005347435851789,0.3949367405566347,False,2158
San Juans (Telluride/Purgatory/Wolf Ck),Spring,big_storm_days,Powder days per 30 (>= 6 in of new snow),48,within_nina,16,0.14299083634959958,0.02044637927995797,0.6006798640271945,0.6509928978614332,False,2158
Gore & Tenmile (Vail/Summit/Copper),Midwinter,mean_swe,Base (mean SWE in window),48,nested,48,,0.006276050237864438,0.6007353598768231,0.3949367405566347,False,2158
Snowy Range & Sierra Madre,Midwinter,new_snow_in_total,Total new snow in the window (in),46,within_nino,15,0.14660453537359489,0.021492889792107634,0.6026794641071785,0.6688990105175066,False,2158
Front Range (Winter Park/Loveland/A-Basin),Holidays,new_snow_in_total,Total new snow in the window (in),48,nested,48,,0.006199249403775717,0.6029790364778107,0.3949367405566347,False,2158
Uinta Mtns,Spring,days_with_base,Days per 30 with a skiable base,48,within_nino,16,0.13886265080502264,0.019282835788597654,0.6036792641471705,0.6509928978614332,False,2158
Central Oregon (Mt Bachelor),Holidays,mean_swe,Base (mean SWE in window),46,within_nino,15,0.1453800254392053,0.02113535179670398,0.6044791041791642,0.6688990105175066,False,2158
Bighorn Mtns,Spring,mean_swe,Base (mean SWE in window),48,nested,48,,0.0061250392860516785,0.6051637515854129,0.3949367405566347,False,2158
S Washington Cascades (Crystal/White Pass),Holidays,mean_swe,Base (mean SWE in window),45,within_nina,16,-0.1346195900926804,0.018122434036721296,0.6056788642271546,0.6509928978614332,False,2158
Front Range (Winter Park/Loveland/A-Basin),Holidays,storm_days,Storm days per 30 (>= 2 in of new snow),48,nested,48,,0.006073336411096956,0.6066957306862024,0.3949367405566347,False,2158
Bridger/Gallatin/Madison (Big Sky),Midwinter,days_with_base,Days per 30 with a skiable base,60,within_nino,20,0.12087910081944285,0.014611757014917029,0.6072785442911418,0.5911839833526782,False,2158
North Cascades (Mt Baker),Spring,new_snow_in_total,Total new snow in the window (in),44,within_nino,15,-0.14110146253625505,0.019909622729870187,0.6074785042991402,0.6688990105175066,False,2158
San Francisco Peaks (AZ Snowbowl),Midwinter,mean_swe,Base (mean SWE in window),46,within_nina,16,-0.13408135575064029,0.017977809959929758,0.6076784643071386,0.6509928978614332,False,2158
N Sierra / Tahoe (Palisades/Heavenly/Rose),Early season,days_with_base,Days per 30 with a skiable base,48,nested,48,,0.006033775038631025,0.6078734952270128,0.3949367405566347,False,2158
Uinta Mtns,Midwinter,mean_depth,Base (mean snow depth),30,nested,30,,0.010192365857103066,0.6092329134045149,0.49235588997361723,False,2158
Park Range (Steamboat),Midwinter,mean_swe,Base (mean SWE in window),47,within_nino,16,-0.13639055030178973,0.018602382211625034,0.6092781443711258,0.6509928978614332,False,2158
Bridger/Gallatin/Madison (Big Sky),Early season,storm_days,Storm days per 30 (>= 2 in of new snow),60,within_nina,22,0.1124845987919408,0.01265278496538389,0.6094781043791242,0.5667539699566799,False,2158
Mt Hood,Holidays,big_storm_days,Powder days per 30 (>= 6 in of new snow),48,within_nina,16,-0.14511569551887715,0.02105856508592746,0.6094781043791242,0.6509928978614332,False,2158
E Cascades rain shadow (Mission Ridge),Midwinter,days_with_base,Days per 30 with a skiable base,45,within_nina,16,-0.13648842249258872,0.018629089474515397,0.6096780643871226,0.6509928978614332,False,2158
North Cascades (Mt Baker),Holidays,mean_swe,Base (mean SWE in window),44,nested,44,,0.0065614770430517345,0.6100823662814225,0.41159838137646865,False,2158
Mt Hood,Midwinter,mean_swe,Base (mean SWE in window),48,nested,48,,0.005945778570243027,0.6105106784975446,0.3949367405566347,False,2158
Elk Mtns (Aspen/Crested Butte),Holidays,storm_days,Storm days per 30 (>= 2 in of new snow),46,nested,46,,0.006228143490714446,0.6106037859676966,0.40301026636269627,False,2158
Selkirk & Cabinet (Schweitzer/Silver),Spring,days_with_base,Days per 30 with a skiable base,44,within_nina,15,-0.15404412141115398,0.023729591341334347,0.6114777044591082,0.6688990105175066,False,2158
Park Range (Steamboat),Holidays,big_storm_days,Powder days per 30 (>= 6 in of new snow),47,nested,47,,0.006043428778454933,0.6117431683485044,0.39891242123069554,False,2158
N Sierra / Tahoe (Palisades/Heavenly/Rose),Holidays,mean_swe,Base (mean SWE in window),48,nested,48,,0.005899057549079943,0.6119208070605952,0.3949367405566347,False,2158
Mt Hood,Early season,mean_swe,Base (mean SWE in window),48,within_nino,16,-0.14240399945509885,0.020278899060807792,0.6122775444911018,0.6509928978614332,False,2158
S Utah (Brian Head/Eagle Point),Spring,mean_swe,Base (mean SWE in window),47,within_nino,16,0.13749986232576347,0.01890621213960391,0.6122775444911018,0.6509928978614332,False,2158
San Juans (Telluride/Purgatory/Wolf Ck),Midwinter,days_with_base,Days per 30 with a skiable base,47,within_nina,16,-0.13496196028324667,0.01821473072349665,0.6124775044991002,0.6509928978614332,False,2158
Jemez & N New Mexico,Midwinter,mean_depth,Base (mean snow depth),25,nested,25,,0.012412870162873358,0.6127852800396931,0.5351255042517953,False,2158
Elk Mtns (Aspen/Crested Butte),Holidays,big_storm_days,Powder days per 30 (>= 6 in of new snow),46,within_nina,16,0.13402368258514663,0.017962347493684135,0.6130773845230953,0.6509928978614332,False,2158
Wasatch (Alta/Snowbird/Park City),Early season,big_storm_days,Powder days per 30 (>= 6 in of new snow),48,within_nino,16,-0.13471465301789434,0.01814803773773167,0.613877224555089,0.6509928978614332,False,2158
Central Oregon (Mt Bachelor),Midwinter,new_snow_in_total,Total new snow in the window (in),46,nested,46,,0.006090076785827817,0.6145997828915772,0.40301026636269627,False,2158
N Sierra / Tahoe (Palisades/Heavenly/Rose),Holidays,storm_days,Storm days per 30 (>= 2 in of new snow),48,within_nino,16,-0.13809652336738498,0.019070649766158708,0.6146770645870826,0.6509928978614332,False,2158
Gore & Tenmile (Vail/Summit/Copper),Holidays,new_snow_in_total,Total new snow in the window (in),48,nested,48,,0.005772961090965676,0.615761769275924,0.3949367405566347,False,2158
S Utah (Brian Head/Eagle Point),Midwinter,new_snow_in_total,Total new snow in the window (in),48,within_nino,16,0.12941005244095513,0.016746961672770757,0.615876824635073,0.6509928978614332,False,2158
San Juans (Telluride/Purgatory/Wolf Ck),Spring,days_with_base,Days per 30 with a skiable base,48,within_nina,16,-0.14283291694554656,0.020401242163173402,0.6166766646670666,0.6509928978614332,False,2158
Central Cascades (Stevens/Snoqualmie),Early season,mean_swe,Base (mean SWE in window),45,nested,45,,0.006128631799696309,0.6177844355640456,0.40723664075787896,False,2158
White Mtns AZ (Sunrise Park),Early season,mean_swe,Base (mean SWE in window),46,within_nina,16,0.14228682433319478,0.020245540378825432,0.618876224755049,0.6509928978614332,False,2158
Whitefish & Flathead Range,Holidays,days_with_base,Days per 30 with a skiable base,52,nested,52,,0.005184356435798889,0.6192576711311761,0.38014271330980004,False,2158
Mt Hood,Holidays,days_with_base,Days per 30 with a skiable base,48,within_nina,16,-0.13429400981213302,0.01803488107142128,0.6194761047790442,0.6509928978614332,False,2158
Beartooth & Absaroka (Red Lodge),Holidays,new_snow_in_total,Total new snow in the window (in),53,within_nino,18,-0.12730155008551994,0.016205684654176142,0.6206758648270346,0.6189900709973589,False,2158
Wasatch (Alta/Snowbird/Park City),Holidays,mean_depth,Base (mean snow depth),30,within_nina,12,0.15864393033350863,0.025167896631663137,0.6212757448510298,0.732389290340833,False,2158
Sangre de Cristo (Taos/Santa Fe),Spring,new_snow_in_total,Total new snow in the window (in),47,within_nino,16,0.1315913037680283,0.0173162712273695,0.621875624875025,0.6509928978614332,False,2158
E Cascades rain shadow (Mission Ridge),Spring,big_storm_days,Powder days per 30 (>= 6 in of new snow),45,within_nina,16,0.13460505530505987,0.018118520913678226,0.6222755448910218,0.6509928978614332,False,2158
S Washington Cascades (Crystal/White Pass),Midwinter,big_storm_days,Powder days per 30 (>= 6 in of new snow),45,nested,45,,0.005972908058906022,0.6223000425068942,0.40723664075787896,False,2158
Selkirk & Cabinet (Schweitzer/Silver),Holidays,days_with_base,Days per 30 with a skiable base,46,within_nino,15,0.1358543564236781,0.01845640615929177,0.6224755048990201,0.6688990105175066,False,2158
Elk Mtns (Aspen/Crested Butte),Spring,mean_swe,Base (mean SWE in window),46,nested,46,,0.005804990332834354,0.6230327590817214,0.40301026636269627,False,2158
Wasatch (Alta/Snowbird/Park City),Holidays,storm_days,Storm days per 30 (>= 2 in of new snow),48,nested,48,,0.005533195237237944,0.6232114768459742,0.3949367405566347,False,2158
Mt Hood,Early season,new_snow_in_total,Total new snow in the window (in),48,nested,48,,0.005532466818911878,0.6232344106261327,0.3949367405566347,False,2158
Central Cascades (Stevens/Snoqualmie),Spring,mean_swe,Base (mean SWE in window),45,nested,45,,0.005929371832716991,0.6235754719459,0.40723664075787896,False,2158
San Francisco Peaks (AZ Snowbowl),Midwinter,new_snow_in_total,Total new snow in the window (in),46,nested,46,,0.00577497499939411,0.6239354052225816,0.40301026636269627,False,2158
Beartooth & Absaroka (Red Lodge),Holidays,new_snow_in_total,Total new snow in the window (in),53,nested,53,,0.004943613062732915,0.6239363822381531,0.37669626558347646,False,2158
Sangre de Cristo (Taos/Santa Fe),Spring,storm_days,Storm days per 30 (>= 2 in of new snow),47,within_nino,16,0.133016245439029,0.017693321550696008,0.6240751849630074,0.6509928978614332,False,2158
Bighorn Mtns,Midwinter,days_with_base,Days per 30 with a skiable base,48,within_nino,16,-0.1297611142182059,0.01683794676315028,0.624875024995001,0.6509928978614332,False,2158
Selkirk & Cabinet (Schweitzer/Silver),Holidays,storm_days,Storm days per 30 (>= 2 in of new snow),46,within_nino,15,0.13716182527747836,0.0188133663134495,0.6252749450109978,0.6688990105175066,False,2158
Mt Hood,Early season,days_with_base,Days per 30 with a skiable base,48,within_nino,16,-0.1462983217375947,0.02140319894323677,0.625874825034993,0.6509928978614332,False,2158
San Juans (Telluride/Purgatory/Wolf Ck),Midwinter,days_with_base,Days per 30 with a skiable base,47,nested,47,,0.005571825840810507,0.6260303283918922,0.39891242123069554,False,2158
Central Cascades (Stevens/Snoqualmie),Early season,mean_swe,Base (mean SWE in window),45,within_nino,15,-0.1457773788538432,0.02125104418549693,0.6260747850429914,0.6688990105175066,False,2158
Sawtooth & Smoky (Sun Valley),Holidays,storm_days,Storm days per 30 (>= 2 in of new snow),46,within_nina,16,-0.13410295338292705,0.017983602106023504,0.6270745850829834,0.6509928978614332,False,2158
Elk Mtns (Aspen/Crested Butte),Spring,storm_days,Storm days per 30 (>= 2 in of new snow),46,within_nina,16,-0.1250759093460167,0.015643983098732987,0.627874425114977,0.6509928978614332,False,2158
Jemez & N New Mexico,Holidays,storm_days,Storm days per 30 (>= 2 in of new snow),46,within_nina,16,0.1286550986293463,0.016552134403326823,0.6286742651469706,0.6509928978614332,False,2158
Yellowstone & Wind River,Holidays,new_snow_in_total,Total new snow in the window (in),48,nested,48,,0.005358184721025867,0.6287759199456762,0.3949367405566347,False,2158
Uinta Mtns,Holidays,new_snow_in_total,Total new snow in the window (in),48,nested,48,,0.005357661652901532,0.6287927169728235,0.3949367405566347,False,2158
Tetons (Jackson/Targhee),Early season,mean_swe,Base (mean SWE in window),46,within_nino,15,-0.13490805508409504,0.01820018332657322,0.628874225154969,0.6688990105175066,False,2158
Bridger/Gallatin/Madison (Big Sky),Holidays,big_storm_days,Powder days per 30 (>= 6 in of new snow),60,nested,60,,0.004179253402622468,0.6297169669356194,0.35493516594241575,False,2158
S Utah (Brian Head/Eagle Point),Early season,big_storm_days,Powder days per 30 (>= 6 in of new snow),47,within_nino,16,0.13669536791628867,0.01868562360976952,0.6312737452509498,0.6509928978614332,False,2158
Bitterroot & Lolo (Montana Snowbowl),Early season,storm_days,Storm days per 30 (>= 2 in of new snow),59,within_nino,20,-0.11048728457292856,0.012207440052299297,0.6314737052589482,0.5911839833526782,False,2158
Front Range (Winter Park/Loveland/A-Basin),Early season,big_storm_days,Powder days per 30 (>= 6 in of new snow),48,within_nina,16,0.13409246454928728,0.017980789048901866,0.6314737052589482,0.6509928978614332,False,2158
Bridger/Gallatin/Madison (Big Sky),Spring,days_with_base,Days per 30 with a skiable base,60,within_nina,22,-0.1216741159929602,0.014804590502668333,0.6322735452909418,0.5667539699566799,False,2158
San Juans (Telluride/Purgatory/Wolf Ck),Spring,storm_days,Storm days per 30 (>= 2 in of new snow),48,within_nino,16,0.12767553610106458,0.016301042518694246,0.6326734653069386,0.6509928978614332,False,2158
Whitefish & Flathead Range,Holidays,new_snow_in_total,Total new snow in the window (in),52,within_nina,18,-0.11726962376410797,0.013752164657775437,0.6328734253149371,0.6189900709973589,False,2158
Wasatch (Alta/Snowbird/Park City),Holidays,new_snow_in_total,Total new snow in the window (in),48,within_nino,16,-0.13065281192765052,0.017070157264602016,0.6330733853229354,0.6509928978614332,False,2158
North Cascades (Mt Baker),Holidays,new_snow_in_total,Total new snow in the window (in),44,within_nina,16,-0.13222193012339353,0.01748263880555556,0.6330733853229354,0.6509928978614332,False,2158
Bitterroot & Lolo (Montana Snowbowl),Midwinter,storm_days,Storm days per 30 (>= 2 in of new snow),59,within_nino,20,-0.11492260662687091,0.013207205513914515,0.6336732653469306,0.5911839833526782,False,2158
San Juans (Telluride/Purgatory/Wolf Ck),Holidays,big_storm_days,Powder days per 30 (>= 6 in of new snow),47,nested,47,,0.005313014626503884,0.6341896863076286,0.39891242123069554,False,2158
Tetons (Jackson/Targhee),Spring,mean_swe,Base (mean SWE in window),46,within_nino,15,0.12571925214279722,0.015805330359344224,0.6352729454109178,0.6688990105175066,False,2158
Elk Mtns (Aspen/Crested Butte),Spring,mean_swe,Base (mean SWE in window),46,within_nina,16,-0.1264681555605148,0.01599419437087857,0.6354729054189162,0.6509928978614332,False,2158
White Mtns AZ (Sunrise Park),Midwinter,storm_days,Storm days per 30 (>= 2 in of new snow),46,nested,46,,0.0053698172443174055,0.6364121159455596,0.40301026636269627,False,2158
Blues & Wallowas (Anthony Lakes),Holidays,big_storm_days,Powder days per 30 (>= 6 in of new snow),48,nested,48,,0.00512240196269206,0.636451604834517,0.3949367405566347,False,2158
Park Range (Steamboat),Spring,days_with_base,Days per 30 with a skiable base,46,nested,46,,0.005363401786181591,0.6366142261597207,0.40301026636269627,False,2158
N Sierra / Tahoe (Palisades/Heavenly/Rose),Holidays,big_storm_days,Powder days per 30 (>= 6 in of new snow),48,within_nina,16,-0.1272011842629796,0.01618014127790449,0.6366726654669066,0.6509928978614332,False,2158
Jemez & N New Mexico,Holidays,big_storm_days,Powder days per 30 (>= 6 in of new snow),46,nested,46,,0.005349949183369758,0.6370385095829088,0.40301026636269627,False,2158
Black Hills (Terry Peak),Midwinter,big_storm_days,Powder days per 30 (>= 6 in of new snow),26,nested,26,,0.010294684080291995,0.6371057252993364,0.5256903151516702,False,2158
Black Hills (Terry Peak),Spring,new_snow_in_total,Total new snow in the window (in),26,nested,26,,0.010257109699323488,0.6377241852487272,0.5256903151516702,False,2158
Gore & Tenmile (Vail/Summit/Copper),Early season,new_snow_in_total,Total new snow in the window (in),48,within_nino,16,-0.12378086990795006,0.015321703755168857,0.637872425514897,0.6509928978614332,False,2158
Bitterroot & Lolo (Montana Snowbowl),Midwinter,days_with_base,Days per 30 with a skiable base,59,within_nina,22,0.12047266758280474,0.014513663634516972,0.637872425514897,0.5667539699566799,False,2158
N Sierra / Tahoe (Palisades/Heavenly/Rose),Midwinter,new_snow_in_total,Total new snow in the window (in),48,nested,48,,0.005076472512120305,0.6379717100216653,0.3949367405566347,False,2158
North Cascades (Mt Baker),Spring,days_with_base,Days per 30 with a skiable base,31,within_nina,13,-0.16485691196551625,0.027177801422805972,0.6400719856028795,0.7093821438227795,False,2158
Elk Mtns (Aspen/Crested Butte),Spring,new_snow_in_total,Total new snow in the window (in),46,within_nino,15,0.13434398449945384,0.018048306171189493,0.640871825634873,0.6688990105175066,False,2158
San Juans (Telluride/Purgatory/Wolf Ck),Holidays,mean_swe,Base (mean SWE in window),47,within_nino,16,0.12608300955460147,0.015896925298345726,0.6410717856428714,0.6509928978614332,False,2158
S Washington Cascades (Crystal/White Pass),Early season,big_storm_days,Powder days per 30 (>= 6 in of new snow),45,nested,45,,0.005340384359276417,0.6414253482308404,0.40723664075787896,False,2158
Whitefish & Flathead Range,Holidays,mean_swe,Base (mean SWE in window),52,nested,52,,0.004551369315027822,0.641568715749437,0.38014271330980004,False,2158
Whitefish & Flathead Range,Early season,days_with_base,Days per 30 with a skiable base,52,within_nino,18,-0.11618046925981998,0.013497901437431976,0.6420715856828634,0.6189900709973589,False,2158
San Francisco Peaks (AZ Snowbowl),Early season,mean_swe,Base (mean SWE in window),46,within_nina,16,0.12392313550570501,0.015356943513565325,0.6430713857228554,0.6509928978614332,False,2158
Ruby Mtns & NE Nevada,Holidays,big_storm_days,Powder days per 30 (>= 6 in of new snow),46,within_nina,16,0.12442885834117365,0.015482540788087858,0.6430713857228554,0.6509928978614332,False,2158
S Utah (Brian Head/Eagle Point),Midwinter,days_with_base,Days per 30 with a skiable base,48,within_nina,16,0.12668203280611712,0.016048337435890132,0.6434713057388523,0.6509928978614332,False,2158
Sawtooth & Smoky (Sun Valley),Holidays,mean_depth,Base (mean snow depth),29,within_nina,12,0.15058942791508503,0.02267717579979259,0.644871025794841,0.732389290340833,False,2158
Bighorn Mtns,Spring,new_snow_in_total,Total new snow in the window (in),48,nested,48,,0.004824389225789562,0.6464668631662149,0.3949367405566347,False,2158
White Mtns AZ (Sunrise Park),Early season,big_storm_days,Powder days per 30 (>= 6 in of new snow),46,nested,46,,0.005049492630829312,0.6466881643080966,0.40301026636269627,False,2158
San Juans (Telluride/Purgatory/Wolf Ck),Spring,new_snow_in_total,Total new snow in the window (in),48,within_nino,16,0.12733149449187606,0.01621330948953466,0.6470705858828234,0.6509928978614332,False,2158
Gore & Tenmile (Vail/Summit/Copper),Holidays,mean_swe,Base (mean SWE in window),48,within_nino,16,-0.1219149523964353,0.014863255617825083,0.6474705058988203,0.6509928978614332,False,2158
E Cascades rain shadow (Mission Ridge),Midwinter,mean_swe,Base (mean SWE in window),45,nested,45,,0.005139947233611752,0.6477711765800569,0.40723664075787896,False,2158
S Utah (Brian Head/Eagle Point),Holidays,new_snow_in_total,Total new snow in the window (in),47,nested,47,,0.004894751127096087,0.6479038087586761,0.39891242123069554,False,2158
Selkirk & Cabinet (Schweitzer/Silver),Holidays,mean_swe,Base (mean SWE in window),46,nested,46,,0.005003530712116571,0.6481945845790051,0.40301026636269627,False,2158
Tetons (Jackson/Targhee),Holidays,mean_swe,Base (mean SWE in window),46,nested,46,,0.004999175532857915,0.6483377578539465,0.40301026636269627,False,2158
San Francisco Peaks (AZ Snowbowl),Holidays,storm_days,Storm days per 30 (>= 2 in of new snow),46,within_nino,15,-0.13066335758394246,0.017072913015109215,0.6484703059388123,0.6688990105175066,False,2158
Tetons (Jackson/Targhee),Spring,big_storm_days,Powder days per 30 (>= 6 in of new snow),46,nested,46,,0.004993221188548981,0.6485336237393806,0.40301026636269627,False,2158
W Central Idaho (Brundage/Tamarack),Early season,storm_days,Storm days per 30 (>= 2 in of new snow),46,within_nina,16,-0.12249603174345033,0.015005277792892392,0.6486702659468107,0.6509928978614332,False,2158
Sangre de Cristo (Taos/Santa Fe),Early season,mean_swe,Base (mean SWE in window),47,within_nino,16,0.122643392184669,0.01504140164656253,0.648870225954809,0.6509928978614332,False,2158
Whitefish & Flathead Range,Midwinter,mean_swe,Base (mean SWE in window),52,within_nino,18,0.11794034391356223,0.013909924722449335,0.6494701059788043,0.6189900709973589,False,2158
E Cascades rain shadow (Mission Ridge),Early season,storm_days,Storm days per 30 (>= 2 in of new snow),45,within_nina,16,0.1219356629957375,0.014868305910210069,0.6496700659868027,0.6509928978614332,False,2158
S Washington Cascades (Crystal/White Pass),Early season,new_snow_in_total,Total new snow in the window (in),45,nested,45,,0.005075009705999184,0.6498589547635503,0.40723664075787896,False,2158
N Sierra / Tahoe (Palisades/Heavenly/Rose),Early season,big_storm_days,Powder days per 30 (>= 6 in of new snow),48,within_nino,16,0.12233882900939028,0.014966789083388832,0.6500699860027994,0.6509928978614332,False,2158
Ruby Mtns & NE Nevada,Midwinter,storm_days,Storm days per 30 (>= 2 in of new snow),46,within_nina,16,-0.12108525643748029,0.014661639326530362,0.6510697860427914,0.6509928978614332,False,2158
Uinta Mtns,Holidays,storm_days,Storm days per 30 (>= 2 in of new snow),48,nested,48,,0.0046873616433629195,0.6511972513757577,0.3949367405566347,False,2158
Jemez & N New Mexico,Midwinter,mean_swe,Base (mean SWE in window),46,within_nina,16,0.12107205474773187,0.014658442440837784,0.6512697460507898,0.6509928978614332,False,2158
Park Range (Steamboat),Spring,days_with_base,Days per 30 with a skiable base,46,within_nino,15,0.12827692901358934,0.016454970517157438,0.6514697060587883,0.6688990105175066,False,2158
N Sierra / Tahoe (Palisades/Heavenly/Rose),Early season,mean_depth,Base (mean snow depth),28,nested,28,,0.00861111009823519,0.6520810796878223,0.5082126283577936,False,2158
Central Oregon (Mt Bachelor),Holidays,days_with_base,Days per 30 with a skiable base,46,nested,46,,0.004866706582868453,0.6527288160384005,0.40301026636269627,False,2158
San Juans (Telluride/Purgatory/Wolf Ck),Midwinter,storm_days,Storm days per 30 (>= 2 in of new snow),47,within_nina,16,-0.1195915567491461,0.01430214044568423,0.652869426114777,0.6509928978614332,False,2158
Blues & Wallowas (Anthony Lakes),Early season,days_with_base,Days per 30 with a skiable base,48,nested,48,,0.004635315755611357,0.6530156554716453,0.3949367405566347,False,2158
Beartooth & Absaroka (Red Lodge),Early season,big_storm_days,Powder days per 30 (>= 6 in of new snow),53,within_nino,18,-0.11231760548589119,0.012615244502084295,0.6542691461707658,0.6189900709973589,False,2158
Blues & Wallowas (Anthony Lakes),Spring,storm_days,Storm days per 30 (>= 2 in of new snow),48,within_nina,16,0.11883839243419263,0.01412256351634317,0.6544691061787642,0.6509928978614332,False,2158
White Mtns AZ (Sunrise Park),Midwinter,big_storm_days,Powder days per 30 (>= 6 in of new snow),46,nested,46,,0.004798552279525244,0.6550158733375747,0.40301026636269627,False,2158
Chugach (Alyeska),Holidays,days_with_base,Days per 30 with a skiable base,43,within_nina,15,-0.12330163325846251,0.015203292764204387,0.6554689062187562,0.6688990105175066,False,2158
Blues & Wallowas (Anthony Lakes),Spring,days_with_base,Days per 30 with a skiable base,48,nested,48,,0.004552044077178263,0.6559505962849816,0.3949367405566347,False,2158
Whitefish & Flathead Range,Spring,big_storm_days,Powder days per 30 (>= 6 in of new snow),52,within_nina,18,-0.11309128136305434,0.012789637920337521,0.6560687862427514,0.6189900709973589,False,2158
Selkirk & Cabinet (Schweitzer/Silver),Midwinter,mean_swe,Base (mean SWE in window),46,nested,46,,0.004763983382426506,0.6561833158416992,0.40301026636269627,False,2158
Jemez & N New Mexico,Holidays,new_snow_in_total,Total new snow in the window (in),46,nested,46,,0.004757735727191403,0.6563948464488176,0.40301026636269627,False,2158
Gore & Tenmile (Vail/Summit/Copper),Spring,big_storm_days,Powder days per 30 (>= 6 in of new snow),48,nested,48,,0.004531293294960601,0.6566869405426836,0.3949367405566347,False,2158
Central Cascades (Stevens/Snoqualmie),Midwinter,mean_depth,Base (mean snow depth),27,nested,27,,0.008690291670061743,0.6576116969843095,0.5167321619197414,False,2158
San Juans (Telluride/Purgatory/Wolf Ck),Midwinter,days_with_base,Days per 30 with a skiable base,47,within_nino,16,-0.11587913400662485,0.013427973698125319,0.6582683463307338,0.6509928978614332,False,2158
E Cascades rain shadow (Mission Ridge),Early season,days_with_base,Days per 30 with a skiable base,43,nested,43,,0.005025316420535975,0.6596246518330351,0.4161028431113385,False,2158
North Cascades (Mt Baker),Spring,mean_depth,Base (mean snow depth),26,nested,26,,0.008977153912232699,0.6596606173917223,0.5256903151516702,False,2158
San Juans (Telluride/Purgatory/Wolf Ck),Spring,mean_depth,Base (mean snow depth),26,nested,26,,0.008952809251686566,0.660095334847022,0.5256903151516702,False,2158
W Central Idaho (Brundage/Tamarack),Midwinter,new_snow_in_total,Total new snow in the window (in),46,nested,46,,0.004648984771416428,0.6601036842317581,0.40301026636269627,False,2158
S Washington Cascades (Crystal/White Pass),Early season,mean_swe,Base (mean SWE in window),45,within_nina,16,0.1158061142733297,0.013411056103087496,0.6606678664267147,0.6509928978614332,False,2158
Ruby Mtns & NE Nevada,Midwinter,mean_swe,Base (mean SWE in window),46,within_nina,16,0.12428301771820117,0.015446268493142706,0.6608678264347131,0.6509928978614332,False,2158
Mt Hood,Spring,new_snow_in_total,Total new snow in the window (in),48,within_nino,16,-0.12017982119715137,0.014443189422979274,0.6610677864427115,0.6509928978614332,False,2158
Front Range (Winter Park/Loveland/A-Basin),Early season,days_with_base,Days per 30 with a skiable base,47,within_nino,16,0.11776287024433221,0.013868093608183425,0.6614677064587082,0.6509928978614332,False,2158
Bighorn Mtns,Midwinter,big_storm_days,Powder days per 30 (>= 6 in of new snow),48,within_nino,16,0.11679463851952693,0.013640987586906963,0.6624675064987002,0.6509928978614332,False,2158
Park Range (Steamboat),Spring,days_with_base,Days per 30 with a skiable base,46,within_nina,16,-0.13134302962444042,0.01725099143092663,0.6626674665066986,0.6509928978614332,False,2158
S Utah (Brian Head/Eagle Point),Midwinter,days_with_base,Days per 30 with a skiable base,48,nested,48,,0.004339391844230463,0.663593654272649,0.3949367405566347,False,2158
W Central Idaho (Brundage/Tamarack),Midwinter,mean_swe,Base (mean SWE in window),46,nested,46,,0.004525255659613702,0.6643864864067077,0.40301026636269627,False,2158
Yellowstone & Wind River,Midwinter,days_with_base,Days per 30 with a skiable base,48,within_nina,16,-0.12301740184024722,0.015133281155524859,0.6648670265946811,0.6509928978614332,False,2158
Blues & Wallowas (Anthony Lakes),Early season,mean_depth,Base (mean snow depth),28,nested,28,,0.007943610150803198,0.6650346930503663,0.5082126283577936,False,2158
S Washington Cascades (Crystal/White Pass),Midwinter,storm_days,Storm days per 30 (>= 2 in of new snow),45,nested,45,,0.0046066220930543415,0.6654132294296881,0.40723664075787896,False,2158
Sawtooth & Smoky (Sun Valley),Midwinter,new_snow_in_total,Total new snow in the window (in),46,nested,46,,0.004493258897562973,0.6655052766793711,0.40301026636269627,False,2158
Blues & Wallowas (Anthony Lakes),Midwinter,storm_days,Storm days per 30 (>= 2 in of new snow),48,nested,48,,0.004270769435830158,0.6661072785362083,0.3949367405566347,False,2158
N Sierra / Tahoe (Palisades/Heavenly/Rose),Spring,mean_depth,Base (mean snow depth),28,nested,28,,0.007882425058542128,0.6662537270581552,0.5082126283577936,False,2158
Jemez & N New Mexico,Midwinter,days_with_base,Days per 30 with a skiable base,46,within_nina,16,0.1214368952258301,0.014746919522089235,0.6668666266746651,0.6509928978614332,False,2158
Front Range (Winter Park/Loveland/A-Basin),Midwinter,mean_swe,Base (mean SWE in window),48,within_nina,16,0.11665606434560921,0.013608637348606917,0.6670665866826635,0.6509928978614332,False,2158
Uinta Mtns,Spring,mean_depth,Base (mean snow depth),30,within_nina,12,-0.1385343029581605,0.019191753096103395,0.668866226754649,0.732389290340833,False,2158
N Sierra / Tahoe (Palisades/Heavenly/Rose),Holidays,mean_depth,Base (mean snow depth),28,nested,28,,0.007752227409837026,0.6688663658801673,0.5082126283577936,False,2158
Gore & Tenmile (Vail/Summit/Copper),Spring,mean_depth,Base (mean snow depth),28,nested,28,,0.007738593843877828,0.6691414304529022,0.5082126283577936,False,2158
Yellowstone & Wind River,Early season,big_storm_days,Powder days per 30 (>= 6 in of new snow),48,within_nina,16,0.12340896038416005,0.015229771503099185,0.669866026794641,0.6509928978614332,False,2158
Sangre de Cristo (Taos/Santa Fe),Early season,storm_days,Storm days per 30 (>= 2 in of new snow),47,within_nina,16,-0.11382814568641354,0.012956846750407387,0.6700659868026395,0.6509928978614332,False,2158
Blues & Wallowas (Anthony Lakes),Spring,new_snow_in_total,Total new snow in the window (in),48,within_nina,16,0.1163613573283863,0.013539965479304401,0.6700659868026395,0.6509928978614332,False,2158
S Washington Cascades (Crystal/White Pass),Midwinter,big_storm_days,Powder days per 30 (>= 6 in of new snow),45,within_nino,15,0.11945250827118246,0.014268901732276915,0.6702659468106379,0.6688990105175066,False,2158
Selkirk & Cabinet (Schweitzer/Silver),Holidays,mean_swe,Base (mean SWE in window),46,within_nino,15,0.11614855870537939,0.013490487689336963,0.670865826834633,0.6688990105175066,False,2158
Chugach (Alyeska),Holidays,storm_days,Storm days per 30 (>= 2 in of new snow),43,nested,43,,0.004633295933344091,0.6723958437223473,0.4161028431113385,False,2158
Sawtooth & Smoky (Sun Valley),Spring,mean_depth,Base (mean snow depth),29,within_nina,12,-0.13749987001334824,0.018906214253687662,0.672865426914617,0.732389290340833,False,2158
Elk Mtns (Aspen/Crested Butte),Holidays,mean_swe,Base (mean SWE in window),46,within_nino,15,-0.12277987034658014,0.01507489656232303,0.6734653069386123,0.6688990105175066,False,2158
Bitterroot & Lolo (Montana Snowbowl),Midwinter,storm_days,Storm days per 30 (>= 2 in of new snow),59,within_nina,22,-0.09368273452281535,0.008776454747672299,0.6740651869626075,0.5667539699566799,False,2158
Sawtooth & Smoky (Sun Valley),Holidays,new_snow_in_total,Total new snow in the window (in),46,within_nina,16,-0.11254588695929568,0.012666576671454563,0.6744651069786043,0.6509928978614332,False,2158
Tetons (Jackson/Targhee),Holidays,storm_days,Storm days per 30 (>= 2 in of new snow),46,within_nina,16,-0.11700024640505167,0.013689057658842808,0.6744651069786043,0.6509928978614332,False,2158
Snowy Range & Sierra Madre,Holidays,days_with_base,Days per 30 with a skiable base,46,within_nino,15,-0.11726717609051539,0.013751590588243944,0.6746650669866027,0.6688990105175066,False,2158
Bighorn Mtns,Spring,mean_swe,Base (mean SWE in window),48,within_nina,16,0.11294794056104858,0.012757237276982162,0.6752649470105979,0.6509928978614332,False,2158
Tetons (Jackson/Targhee),Midwinter,days_with_base,Days per 30 with a skiable base,46,within_nino,15,-0.11923872146263698,0.014217872696044324,0.6764647070585883,0.6688990105175066,False,2158
Snowy Range & Sierra Madre,Early season,mean_swe,Base (mean SWE in window),46,within_nino,15,-0.11794311740028092,0.013910578942096448,0.6774645070985803,0.6688990105175066,False,2158
Sangre de Cristo (Taos/Santa Fe),Midwinter,days_with_base,Days per 30 with a skiable base,47,nested,47,,0.004052146155777299,0.6778301262793778,0.39891242123069554,False,2158
Bighorn Mtns,Midwinter,mean_swe,Base (mean SWE in window),48,nested,48,,0.003946382278789001,0.6783234215638014,0.3949367405566347,False,2158
Tetons (Jackson/Targhee),Spring,new_snow_in_total,Total new snow in the window (in),46,nested,46,,0.004116700194187849,0.6790397260142824,0.40301026636269627,False,2158
Yellowstone & Wind River,Midwinter,storm_days,Storm days per 30 (>= 2 in of new snow),48,within_nino,16,-0.11510395276744714,0.013248919942690703,0.6794641071785643,0.6509928978614332,False,2158
Tetons (Jackson/Targhee),Early season,new_snow_in_total,Total new snow in the window (in),46,nested,46,,0.004096632811195873,0.6797809556198767,0.40301026636269627,False,2158
Bitterroot & Lolo (Montana Snowbowl),Spring,mean_swe,Base (mean SWE in window),59,within_nina,22,-0.09780235835079085,0.009565301298976508,0.6808638272345531,0.5667539699566799,False,2158
Tetons (Jackson/Targhee),Holidays,mean_depth,Base (mean snow depth),24,nested,24,,0.008612537991821679,0.6812426466063007,0.5450809287304434,False,2158
N Sierra / Tahoe (Palisades/Heavenly/Rose),Holidays,new_snow_in_total,Total new snow in the window (in),48,nested,48,,0.0038407080097003013,0.682429220700123,0.3949367405566347,False,2158
Bitterroot & Lolo (Montana Snowbowl),Spring,new_snow_in_total,Total new snow in the window (in),59,within_nino,20,-0.09860843427979235,0.009723623311112126,0.6826634673065387,0.5911839833526782,False,2158
Sawtooth & Smoky (Sun Valley),Midwinter,storm_days,Storm days per 30 (>= 2 in of new snow),46,nested,46,,0.003990160391947296,0.6837495127542463,0.40301026636269627,False,2158
Black Hills (Terry Peak),Early season,new_snow_in_total,Total new snow in the window (in),26,nested,26,,0.007661140783377028,0.6842365138264803,0.5256903151516702,False,2158
Blues & Wallowas (Anthony Lakes),Holidays,big_storm_days,Powder days per 30 (>= 6 in of new snow),48,within_nino,16,0.10712215430973807,0.011475155943959333,0.6844631073785243,0.6509928978614332,False,2158
Snowy Range & Sierra Madre,Early season,new_snow_in_total,Total new snow in the window (in),46,within_nino,15,0.10899454641102925,0.01187981114734601,0.6860627874425115,0.6688990105175066,False,2158
San Francisco Peaks (AZ Snowbowl),Midwinter,storm_days,Storm days per 30 (>= 2 in of new snow),46,nested,46,,0.003917200750297039,0.6865045509232762,0.40301026636269627,False,2158
Yellowstone & Wind River,Midwinter,days_with_base,Days per 30 with a skiable base,48,within_nino,16,-0.10663834872304205,0.011371737418377124,0.6872625474905019,0.6509928978614332,False,2158
Bridger/Gallatin/Madison (Big Sky),Early season,new_snow_in_total,Total new snow in the window (in),60,within_nino,20,0.09215483621198589,0.008492513837257945,0.6884623075384922,0.5911839833526782,False,2158
Bridger/Gallatin/Madison (Big Sky),Early season,days_with_base,Days per 30 with a skiable base,60,within_nino,20,0.10518322110216605,0.011063510001427149,0.6888622275544891,0.5911839833526782,False,2158
Yellowstone & Wind River,Early season,storm_days,Storm days per 30 (>= 2 in of new snow),48,nested,48,,0.003674269709358524,0.6890311303833494,0.3949367405566347,False,2158
Bridger/Gallatin/Madison (Big Sky),Spring,big_storm_days,Powder days per 30 (>= 6 in of new snow),60,within_nino,20,0.09522199279547239,0.009067227911940996,0.6890621875624875,0.5911839833526782,False,2158
Central Oregon (Mt Bachelor),Spring,storm_days,Storm days per 30 (>= 2 in of new snow),46,within_nina,16,-0.10934731186125196,0.011956834611281894,0.6894621075784843,0.6509928978614332,False,2158
Elk Mtns (Aspen/Crested Butte),Holidays,days_with_base,Days per 30 with a skiable base,46,nested,46,,0.003820927277818285,0.690185768122378,0.40301026636269627,False,2158
Gore & Tenmile (Vail/Summit/Copper),Holidays,mean_depth,Base (mean snow depth),28,within_nina,12,0.12618187756280438,0.015921866225274556,0.6904619076184763,0.732389290340833,False,2158
Beartooth & Absaroka (Red Lodge),Holidays,storm_days,Storm days per 30 (>= 2 in of new snow),53,nested,53,,0.003256672184346751,0.6908050802149568,0.37669626558347646,False,2158
Sangre de Cristo (Taos/Santa Fe),Holidays,big_storm_days,Powder days per 30 (>= 6 in of new snow),47,nested,47,,0.0036829530709679387,0.6920958356649971,0.39891242123069554,False,2158
Bitterroot & Lolo (Montana Snowbowl),Midwinter,new_snow_in_total,Total new snow in the window (in),59,within_nina,22,-0.089884218731907,0.0080791727770453,0.6922615476904619,0.5667539699566799,False,2158
Bitterroot & Lolo (Montana Snowbowl),Early season,mean_swe,Base (mean SWE in window),59,within_nino,20,-0.09373281774049734,0.008785841121573292,0.6922615476904619,0.5911839833526782,False,2158
Mt Hood,Holidays,days_with_base,Days per 30 with a skiable base,48,nested,48,,0.003578435149881573,0.6929111469634033,0.3949367405566347,False,2158
Bighorn Mtns,Spring,days_with_base,Days per 30 with a skiable base,48,within_nina,16,0.11341870971623781,0.012863803713696217,0.6930613877224555,0.6509928978614332,False,2158
Elk Mtns (Aspen/Crested Butte),Early season,mean_swe,Base (mean SWE in window),46,nested,46,,0.003739537823396544,0.6933398199144498,0.40301026636269627,False,2158
Central Cascades (Stevens/Snoqualmie),Holidays,big_storm_days,Powder days per 30 (>= 6 in of new snow),45,within_nina,16,-0.1055327055461942,0.011137151939899729,0.6938612277544491,0.6509928978614332,False,2158
Whitefish & Flathead Range,Early season,big_storm_days,Powder days per 30 (>= 6 in of new snow),52,within_nino,18,-0.1062447604736724,0.011287949128108021,0.6942611477704459,0.6189900709973589,False,2158
Jemez & N New Mexico,Holidays,mean_swe,Base (mean SWE in window),46,within_nina,16,0.10525719692432156,0.011079077504365408,0.6942611477704459,0.6509928978614332,False,2158
Beartooth & Absaroka (Red Lodge),Early season,storm_days,Storm days per 30 (>= 2 in of new snow),53,nested,53,,0.003169132961729155,0.69478353226883,0.37669626558347646,False,2158
North Cascades (Mt Baker),Holidays,storm_days,Storm days per 30 (>= 2 in of new snow),44,nested,44,,0.003871676096919851,0.6954572601942766,0.41159838137646865,False,2158
S Utah (Brian Head/Eagle Point),Early season,new_snow_in_total,Total new snow in the window (in),47,within_nina,16,0.10713802328642584,0.011478556033722725,0.6968606278744252,0.6509928978614332,False,2158
Sawtooth & Smoky (Sun Valley),Holidays,storm_days,Storm days per 30 (>= 2 in of new snow),46,nested,46,,0.0036359275319778326,0.697412632707533,0.40301026636269627,False,2158
Yellowstone & Wind River,Holidays,days_with_base,Days per 30 with a skiable base,48,nested,48,,0.0034479270322929647,0.6982923543370879,0.3949367405566347,False,2158
Park Range (Steamboat),Midwinter,days_with_base,Days per 30 with a skiable base,47,within_nino,16,-0.10682962181521898,0.01141256809718271,0.6986602679464107,0.6509928978614332,False,2158
Yellowstone & Wind River,Midwinter,new_snow_in_total,Total new snow in the window (in),48,within_nino,16,-0.10195584828376265,0.010394994999261628,0.6988602279544092,0.6509928978614332,False,2158
Jemez & N New Mexico,Spring,big_storm_days,Powder days per 30 (>= 6 in of new snow),46,within_nina,16,0.10628939258720124,0.01129743497655619,0.6996600679864027,0.6509928978614332,False,2158
San Juans (Telluride/Purgatory/Wolf Ck),Spring,days_with_base,Days per 30 with a skiable base,48,within_nino,16,0.10749894833659548,0.011556023893474024,0.7000599880023995,0.6509928978614332,False,2158
Tetons (Jackson/Targhee),Holidays,mean_swe,Base (mean SWE in window),46,within_nino,15,-0.11200384832771858,0.012544862040218588,0.7000599880023995,0.6688990105175066,False,2158
Wasatch (Alta/Snowbird/Park City),Holidays,storm_days,Storm days per 30 (>= 2 in of new snow),48,within_nina,16,-0.09987772326297409,0.009975559604195236,0.7002599480103979,0.6509928978614332,False,2158
Front Range (Winter Park/Loveland/A-Basin),Early season,storm_days,Storm days per 30 (>= 2 in of new snow),48,nested,48,,0.0033906064348956664,0.700692732568096,0.3949367405566347,False,2158
Wasatch (Alta/Snowbird/Park City),Midwinter,new_snow_in_total,Total new snow in the window (in),48,nested,48,,0.003383508136205226,0.700991593454573,0.3949367405566347,False,2158
San Juans (Telluride/Purgatory/Wolf Ck),Holidays,days_with_base,Days per 30 with a skiable base,47,within_nina,16,0.10457627589843839,0.010936197480786307,0.7010597880423916,0.6509928978614332,False,2158
S Washington Cascades (Crystal/White Pass),Early season,mean_swe,Base (mean SWE in window),45,nested,45,,0.0036190085117009945,0.7015664487811073,0.40723664075787896,False,2158
White Mtns AZ (Sunrise Park),Early season,mean_swe,Base (mean SWE in window),46,within_nino,15,0.10943669739396614,0.011976390736498515,0.7018596280743852,0.6688990105175066,False,2158
Whitefish & Flathead Range,Early season,storm_days,Storm days per 30 (>= 2 in of new snow),52,within_nino,18,-0.0971715707203164,0.009442314156253451,0.7018596280743852,0.6189900709973589,False,2158
Central Oregon (Mt Bachelor),Spring,mean_swe,Base (mean SWE in window),46,nested,46,,0.0035216558719068348,0.7019824064979009,0.40301026636269627,False,2158
Central Cascades (Stevens/Snoqualmie),Spring,big_storm_days,Powder days per 30 (>= 6 in of new snow),45,nested,45,,0.0035826166066916278,0.7030016433730335,0.40723664075787896,False,2158
Whitefish & Flathead Range,Holidays,big_storm_days,Powder days per 30 (>= 6 in of new snow),52,within_nina,18,0.10178102107353004,0.010359376250770366,0.7032593481303739,0.6189900709973589,False,2158
Sawtooth & Smoky (Sun Valley),Spring,mean_swe,Base (mean SWE in window),46,nested,46,,0.0034860093318167017,0.7034252186004435,0.40301026636269627,False,2158
Yellowstone & Wind River,Holidays,mean_swe,Base (mean SWE in window),48,within_nino,16,0.09962674412196426,0.00992548814434334,0.7036592681463707,0.6509928978614332,False,2158
Snowy Range & Sierra Madre,Midwinter,mean_swe,Base (mean SWE in window),46,nested,46,,0.003478876585683194,0.7037149288006566,0.40301026636269627,False,2158
Tetons (Jackson/Targhee),Spring,mean_depth,Base (mean snow depth),24,nested,24,,0.007370643899349127,0.7040338376809675,0.5450809287304434,False,2158
Sawtooth & Smoky (Sun Valley),Holidays,storm_days,Storm days per 30 (>= 2 in of new snow),46,within_nino,15,0.10603553381534411,0.011243534431504984,0.7044591081783643,0.6688990105175066,False,2158
San Francisco Peaks (AZ Snowbowl),Midwinter,days_with_base,Days per 30 with a skiable base,46,within_nino,15,0.11071654871685055,0.01225815415977074,0.705258948210358,0.6688990105175066,False,2158
N Sierra / Tahoe (Palisades/Heavenly/Rose),Spring,big_storm_days,Powder days per 30 (>= 6 in of new snow),48,within_nino,16,0.10329924316788527,0.010670733639057892,0.7058588282343531,0.6509928978614332,False,2158
Mt Hood,Spring,mean_depth,Base (mean snow depth),29,nested,29,,0.0057574395141732635,0.706798570785532,0.5000974343469677,False,2158
Jemez & N New Mexico,Spring,days_with_base,Days per 30 with a skiable base,46,within_nino,15,0.10618855607126709,0.011276009440500636,0.707258548290342,0.6688990105175066,False,2158
Bitterroot & Lolo (Montana Snowbowl),Midwinter,days_with_base,Days per 30 with a skiable base,59,nested,59,,0.0025830655847187004,0.7073231382934004,0.3578147819208976,False,2158
Yellowstone & Wind River,Early season,mean_swe,Base (mean SWE in window),48,nested,48,,0.00322961810801528,0.7075608615761437,0.3949367405566347,False,2158
Front Range (Winter Park/Loveland/A-Basin),Holidays,mean_swe,Base (mean SWE in window),48,within_nino,16,-0.10262813009115208,0.010532533086006437,0.7076584683063387,0.6509928978614332,False,2158
Bridger/Gallatin/Madison (Big Sky),Midwinter,days_with_base,Days per 30 with a skiable base,60,within_nina,22,-0.0848185697216441,0.007194189769625402,0.7076584683063387,0.5667539699566799,False,2158
Blues & Wallowas (Anthony Lakes),Holidays,big_storm_days,Powder days per 30 (>= 6 in of new snow),48,within_nina,16,-0.0993720135808081,0.009874797083104311,0.7094581083783243,0.6509928978614332,False,2158
Bitterroot & Lolo (Montana Snowbowl),Early season,days_with_base,Days per 30 with a skiable base,43,within_nino,14,-0.11060664072048176,0.012233828971469735,0.7096580683863227,0.6882955938502429,False,2158
Wasatch (Alta/Snowbird/Park City),Midwinter,days_with_base,Days per 30 with a skiable base,48,within_nina,16,-0.0979882006841038,0.009601687473308201,0.7096580683863227,0.6509928978614332,False,2158
S Utah (Brian Head/Eagle Point),Holidays,new_snow_in_total,Total new snow in the window (in),47,within_nina,16,-0.10317553737437153,0.010645191512490337,0.7100579884023195,0.6509928978614332,False,2158
Central Cascades (Stevens/Snoqualmie),Midwinter,new_snow_in_total,Total new snow in the window (in),45,within_nino,15,0.10251208149382521,0.01050872685219666,0.7106578684263147,0.6688990105175066,False,2158
San Juans (Telluride/Purgatory/Wolf Ck),Holidays,days_with_base,Days per 30 with a skiable base,47,within_nino,16,0.1001735755586964,0.010034745240213855,0.7118576284743051,0.6509928978614332,False,2158
North Cascades (Mt Baker),Early season,days_with_base,Days per 30 with a skiable base,44,within_nino,15,-0.10287580272107794,0.010583430785506146,0.7118576284743051,0.6688990105175066,False,2158
Central Cascades (Stevens/Snoqualmie),Spring,big_storm_days,Powder days per 30 (>= 6 in of new snow),45,within_nino,15,-0.1059724310355784,0.011230156139590419,0.7120575884823035,0.6688990105175066,False,2158
Central Cascades (Stevens/Snoqualmie),Early season,big_storm_days,Powder days per 30 (>= 6 in of new snow),45,within_nino,15,-0.11461364269531434,0.013136287091889182,0.712257548490302,0.6688990105175066,False,2158
Mt Hood,Early season,mean_depth,Base (mean snow depth),30,within_nina,12,0.12036439757311077,0.014487588203137872,0.7134573085382924,0.732389290340833,False,2158
Blues & Wallowas (Anthony Lakes),Midwinter,big_storm_days,Powder days per 30 (>= 6 in of new snow),48,within_nino,16,-0.10583312947806336,0.011200651295120524,0.7138572285542891,0.6509928978614332,False,2158
Yellowstone & Wind River,Spring,mean_swe,Base (mean SWE in window),48,within_nino,16,0.10505308626233154,0.011036150933240872,0.7138572285542891,0.6509928978614332,False,2158
Elk Mtns (Aspen/Crested Butte),Early season,days_with_base,Days per 30 with a skiable base,41,nested,41,,0.003675738593128892,0.7138876460076311,0.4255722531985657,False,2158
N Sierra / Tahoe (Palisades/Heavenly/Rose),Early season,mean_depth,Base (mean snow depth),28,within_nina,12,0.11575683998460165,0.013399646003220671,0.7140571885622875,0.732389290340833,False,2158
North Cascades (Mt Baker),Midwinter,mean_swe,Base (mean SWE in window),44,within_nino,15,0.10232263165302467,0.010469920948400567,0.7144571085782844,0.6688990105175066,False,2158
Sawtooth & Smoky (Sun Valley),Midwinter,big_storm_days,Powder days per 30 (>= 6 in of new snow),46,within_nino,15,0.10935309944343909,0.011958100357886678,0.7146570685862828,0.6688990105175066,False,2158
Sawtooth & Smoky (Sun Valley),Early season,big_storm_days,Powder days per 30 (>= 6 in of new snow),46,within_nino,15,0.10122367901542424,0.010246233193417638,0.7150569886022795,0.6688990105175066,False,2158
Central Cascades (Stevens/Snoqualmie),Spring,new_snow_in_total,Total new snow in the window (in),45,within_nino,15,-0.1021129862330502,0.010427061957431098,0.7150569886022795,0.6688990105175066,False,2158
Beartooth & Absaroka (Red Lodge),Holidays,storm_days,Storm days per 30 (>= 2 in of new snow),53,within_nino,18,-0.09162828317554093,0.008395742277697118,0.715256948610278,0.6189900709973589,False,2158
Sawtooth & Smoky (Sun Valley),Holidays,big_storm_days,Powder days per 30 (>= 6 in of new snow),46,nested,46,,0.0031909241669898897,0.7157050906021811,0.40301026636269627,False,2158
S Utah (Brian Head/Eagle Point),Midwinter,mean_swe,Base (mean SWE in window),48,nested,48,,0.0030437768293433603,0.7157356176356939,0.3949367405566347,False,2158
E Cascades rain shadow (Mission Ridge),Holidays,mean_swe,Base (mean SWE in window),45,within_nino,15,0.10035679218058915,0.010071485736777961,0.7158568286342731,0.6688990105175066,False,2158
Snowy Range & Sierra Madre,Holidays,mean_depth,Base (mean snow depth),24,nested,24,,0.006739681042253541,0.71645589243632,0.5450809287304434,False,2158
Tetons (Jackson/Targhee),Midwinter,new_snow_in_total,Total new snow in the window (in),46,within_nino,15,0.09930219936545863,0.009860926798817293,0.7164567086582684,0.6688990105175066,False,2158
Gore & Tenmile (Vail/Summit/Copper),Holidays,storm_days,Storm days per 30 (>= 2 in of new snow),48,nested,48,,0.003024693688425315,0.7165908418706273,0.3949367405566347,False,2158
Sangre de Cristo (Taos/Santa Fe),Spring,mean_swe,Base (mean SWE in window),47,within_nino,16,-0.09967194347313939,0.009934496315712693,0.7168566286742651,0.6509928978614332,False,2158
Chugach (Alyeska),Holidays,big_storm_days,Powder days per 30 (>= 6 in of new snow),43,nested,43,,0.0033958725126197083,0.7174231486101577,0.4161028431113385,False,2158
Bridger/Gallatin/Madison (Big Sky),Spring,days_with_base,Days per 30 with a skiable base,60,within_nino,20,0.09187904284466575,0.008441758514051925,0.7178564287142571,0.5911839833526782,False,2158
Gore & Tenmile (Vail/Summit/Copper),Midwinter,mean_depth,Base (mean snow depth),28,nested,28,,0.005532524300239257,0.7180113844084757,0.5082126283577936,False,2158
N Sierra / Tahoe (Palisades/Heavenly/Rose),Holidays,new_snow_in_total,Total new snow in the window (in),48,within_nina,16,-0.09587545465484111,0.009192102805272493,0.7180563887222555,0.6509928978614332,False,2158
E Cascades rain shadow (Mission Ridge),Holidays,mean_swe,Base (mean SWE in window),45,nested,45,,0.0031987503614793167,0.7186733873210135,0.40723664075787896,False,2158
Bitterroot & Lolo (Montana Snowbowl),Holidays,new_snow_in_total,Total new snow in the window (in),59,nested,59,,0.0023563640593568603,0.7199099274110594,0.3578147819208976,False,2158
Sangre de Cristo (Taos/Santa Fe),Early season,storm_days,Storm days per 30 (>= 2 in of new snow),47,nested,47,,0.003012250754291293,0.7202815406419245,0.39891242123069554,False,2158
Central Oregon (Mt Bachelor),Early season,mean_depth,Base (mean snow depth),23,nested,23,,0.006860424059019877,0.7211393999692597,0.5556053417105351,False,2158
Jemez & N New Mexico,Midwinter,storm_days,Storm days per 30 (>= 2 in of new snow),46,nested,46,,0.0030565219017358192,0.7215110336616939,0.40301026636269627,False,2158
N Sierra / Tahoe (Palisades/Heavenly/Rose),Early season,mean_swe,Base (mean SWE in window),48,within_nino,16,0.09436918817206834,0.008905543676255243,0.7224555088982204,0.6509928978614332,False,2158
Blues & Wallowas (Anthony Lakes),Holidays,days_with_base,Days per 30 with a skiable base,48,within_nina,16,0.10318022134248123,0.010646158076283418,0.7226554689062188,0.6509928978614332,False,2158
Selkirk & Cabinet (Schweitzer/Silver),Midwinter,big_storm_days,Powder days per 30 (>= 6 in of new snow),46,nested,46,,0.003014741130592685,0.7233450251832215,0.40301026636269627,False,2158
Park Range (Steamboat),Early season,days_with_base,Days per 30 with a skiable base,47,within_nino,16,0.10067128895551758,0.010134708419965315,0.7240551889622076,0.6509928978614332,False,2158
North Cascades (Mt Baker),Midwinter,big_storm_days,Powder days per 30 (>= 6 in of new snow),44,nested,44,,0.0031368748956058716,0.7246171562707302,0.41159838137646865,False,2158
Central Oregon (Mt Bachelor),Early season,days_with_base,Days per 30 with a skiable base,46,within_nina,16,-0.10995542068484306,0.012090194537980811,0.7252549490101979,0.6509928978614332,False,2158
Central Oregon (Mt Bachelor),Early season,big_storm_days,Powder days per 30 (>= 6 in of new snow),46,nested,46,,0.0029703452906705676,0.7253094856806495,0.40301026636269627,False,2158
Bridger/Gallatin/Madison (Big Sky),Early season,mean_swe,Base (mean SWE in window),60,nested,60,,0.002212459894500391,0.72587519624674,0.35493516594241575,False,2158
Mt Hood,Holidays,big_storm_days,Powder days per 30 (>= 6 in of new snow),48,nested,48,,0.0027688823304122885,0.7283611531875724,0.3949367405566347,False,2158
San Juans (Telluride/Purgatory/Wolf Ck),Early season,storm_days,Storm days per 30 (>= 2 in of new snow),48,nested,48,,0.002756597026641928,0.7289414546654358,0.3949367405566347,False,2158
Central Cascades (Stevens/Snoqualmie),Holidays,mean_swe,Base (mean SWE in window),45,within_nino,15,0.09949502518218717,0.009899260036004059,0.7300539892021596,0.6688990105175066,False,2158
Gore & Tenmile (Vail/Summit/Copper),Midwinter,days_with_base,Days per 30 with a skiable base,48,within_nina,16,0.09398604139217195,0.00883337597657106,0.7300539892021596,0.6509928978614332,False,2158
S Utah (Brian Head/Eagle Point),Holidays,mean_swe,Base (mean SWE in window),47,within_nino,16,0.09333486577357182,0.008711397168970668,0.7300539892021596,0.6509928978614332,False,2158
N Sierra / Tahoe (Palisades/Heavenly/Rose),Early season,mean_swe,Base (mean SWE in window),48,nested,48,,0.0027266793552579885,0.7303606916308671,0.3949367405566347,False,2158
Central Oregon (Mt Bachelor),Spring,big_storm_days,Powder days per 30 (>= 6 in of new snow),46,within_nina,16,-0.09254376687299017,0.008564348787042353,0.7306538692261547,0.6509928978614332,False,2158
Bighorn Mtns,Early season,new_snow_in_total,Total new snow in the window (in),48,within_nino,16,-0.09612967130988877,0.009240913706147252,0.73125374925015,0.6509928978614332,False,2158
Wasatch (Alta/Snowbird/Park City),Holidays,new_snow_in_total,Total new snow in the window (in),48,within_nina,16,-0.09308113961036962,0.00866409855116512,0.7314537092581483,0.6509928978614332,False,2158
E Cascades rain shadow (Mission Ridge),Midwinter,big_storm_days,Powder days per 30 (>= 6 in of new snow),45,within_nina,16,0.09664454426836963,0.009340167936840857,0.7316536692661467,0.6509928978614332,False,2158
San Juans (Telluride/Purgatory/Wolf Ck),Early season,storm_days,Storm days per 30 (>= 2 in of new snow),48,within_nino,16,0.09312234542548933,0.008671771217544155,0.7318536292741452,0.6509928978614332,False,2158
Blues & Wallowas (Anthony Lakes),Holidays,new_snow_in_total,Total new snow in the window (in),48,within_nino,16,0.09240277876944011,0.008538273524314093,0.7330533893221356,0.6509928978614332,False,2158
Beartooth & Absaroka (Red Lodge),Early season,mean_swe,Base (mean SWE in window),53,nested,53,,0.002393877602420075,0.7331392725226471,0.37669626558347646,False,2158
Central Oregon (Mt Bachelor),Early season,big_storm_days,Powder days per 30 (>= 6 in of new snow),46,within_nina,16,0.0949308867670416,0.009011873262376874,0.7334533093381324,0.6509928978614332,False,2158
Yellowstone & Wind River,Early season,mean_depth,Base (mean snow depth),28,nested,28,,0.004899209700462873,0.7340321496113034,0.5082126283577936,False,2158
W Central Idaho (Brundage/Tamarack),Early season,days_with_base,Days per 30 with a skiable base,46,nested,46,,0.0027499494399968166,0.7353133476846079,0.40301026636269627,False,2158
Bitterroot & Lolo (Montana Snowbowl),Spring,days_with_base,Days per 30 with a skiable base,56,nested,56,,0.002215776822424098,0.7353624015807371,0.3668923661652048,False,2158
San Francisco Peaks (AZ Snowbowl),Early season,mean_swe,Base (mean SWE in window),46,within_nino,15,0.09332440522945798,0.008709444611432084,0.7354529094181164,0.6688990105175066,False,2158
W Central Idaho (Brundage/Tamarack),Early season,storm_days,Storm days per 30 (>= 2 in of new snow),46,nested,46,,0.002743232969876374,0.7356250963626205,0.40301026636269627,False,2158
Park Range (Steamboat),Holidays,new_snow_in_total,Total new snow in the window (in),47,within_nina,16,-0.0866476218983463,0.00750781038063878,0.7366526694661067,0.6509928978614332,False,2158
Whitefish & Flathead Range,Holidays,new_snow_in_total,Total new snow in the window (in),52,within_nino,18,0.08558307828170529,0.007324463288172496,0.737252549490102,0.6189900709973589,False,2158
S Washington Cascades (Crystal/White Pass),Midwinter,mean_depth,Base (mean snow depth),29,nested,29,,0.0045438324145455206,0.7383279863782022,0.5000974343469677,False,2158
Bitterroot & Lolo (Montana Snowbowl),Holidays,mean_depth,Base (mean snow depth),26,nested,26,,0.00516362439910209,0.7386274005920794,0.5256903151516702,False,2158
Selkirk & Cabinet (Schweitzer/Silver),Early season,mean_swe,Base (mean SWE in window),46,nested,46,,0.0026679896840233613,0.739146888524217,0.40301026636269627,False,2158
Gore & Tenmile (Vail/Summit/Copper),Spring,days_with_base,Days per 30 with a skiable base,48,nested,48,,0.002543970855926245,0.7392223429380411,0.3949367405566347,False,2158
Central Oregon (Mt Bachelor),Midwinter,mean_depth,Base (mean snow depth),23,nested,23,,0.005954510056165477,0.739542127689742,0.5556053417105351,False,2158
Beartooth & Absaroka (Red Lodge),Early season,days_with_base,Days per 30 with a skiable base,46,within_nina,16,0.10030070374622772,0.01006023117198854,0.7396520695860828,0.6509928978614332,False,2158
Selkirk & Cabinet (Schweitzer/Silver),Spring,mean_swe,Base (mean SWE in window),46,nested,46,,0.0026509606285292147,0.7399515484628135,0.40301026636269627,False,2158
Park Range (Steamboat),Holidays,mean_depth,Base (mean snow depth),24,nested,24,,0.005623879075729859,0.7401297924568896,0.5450809287304434,False,2158
Park Range (Steamboat),Spring,new_snow_in_total,Total new snow in the window (in),47,within_nina,16,-0.09134712915417718,0.008344298004709927,0.74125174965007,0.6509928978614332,False,2158
White Mtns AZ (Sunrise Park),Midwinter,mean_depth,Base (mean snow depth),25,nested,25,,0.0052685106761119925,0.7420611554102833,0.5351255042517953,False,2158
Wasatch (Alta/Snowbird/Park City),Early season,new_snow_in_total,Total new snow in the window (in),48,within_nino,16,0.09122946332538259,0.008322814978637327,0.7424515096980604,0.6509928978614332,False,2158
N Sierra / Tahoe (Palisades/Heavenly/Rose),Holidays,mean_depth,Base (mean snow depth),28,within_nina,12,0.10136649807862975,0.01027516693272485,0.7424515096980604,0.732389290340833,False,2158
N Sierra / Tahoe (Palisades/Heavenly/Rose),Early season,days_with_base,Days per 30 with a skiable base,48,within_nino,16,0.08865424836907203,0.007859575753885111,0.7434513097380524,0.6509928978614332,False,2158
Whitefish & Flathead Range,Holidays,days_with_base,Days per 30 with a skiable base,52,within_nino,18,0.08440860717924015,0.007124812965939272,0.7440511897620475,0.6189900709973589,False,2158
Beartooth & Absaroka (Red Lodge),Holidays,big_storm_days,Powder days per 30 (>= 6 in of new snow),53,within_nina,19,0.08002903709938304,0.006404646779054427,0.7444511097780444,0.6046192670424827,False,2158
Yellowstone & Wind River,Holidays,storm_days,Storm days per 30 (>= 2 in of new snow),48,within_nina,16,0.09034227908660183,0.008161727390561455,0.745250949810038,0.6509928978614332,False,2158
Park Range (Steamboat),Spring,mean_swe,Base (mean SWE in window),47,within_nina,16,-0.08458974362359835,0.007155424726306097,0.745250949810038,0.6509928978614332,False,2158
Wasatch (Alta/Snowbird/Park City),Midwinter,days_with_base,Days per 30 with a skiable base,48,within_nino,16,0.08999616474123179,0.008099309668130932,0.7458508298340332,0.6509928978614332,False,2158
Central Cascades (Stevens/Snoqualmie),Midwinter,storm_days,Storm days per 30 (>= 2 in of new snow),45,nested,45,,0.0025897457266580762,0.7458760857383822,0.40723664075787896,False,2158
Snowy Range & Sierra Madre,Holidays,mean_swe,Base (mean SWE in window),46,within_nino,15,-0.0925164867865052,0.008559300327317592,0.7464507098580284,0.6688990105175066,False,2158
Bridger/Gallatin/Madison (Big Sky),Holidays,mean_swe,Base (mean SWE in window),60,nested,60,,0.0018811781740958773,0.7464853730016046,0.35493516594241575,False,2158
Snowy Range & Sierra Madre,Midwinter,mean_depth,Base (mean snow depth),24,nested,24,,0.005322874201327368,0.7469537467642214,0.5450809287304434,False,2158
W Central Idaho (Brundage/Tamarack),Midwinter,days_with_base,Days per 30 with a skiable base,46,within_nino,15,0.09525740069484899,0.009073972387139017,0.747250549890022,0.6688990105175066,False,2158
Elk Mtns (Aspen/Crested Butte),Spring,new_snow_in_total,Total new snow in the window (in),46,within_nina,16,-0.0898923970578302,0.0080806430488026,0.747250549890022,0.6509928978614332,False,2158
E Cascades rain shadow (Mission Ridge),Spring,days_with_base,Days per 30 with a skiable base,45,within_nina,16,-0.08837362813644924,0.007809898149999412,0.747250549890022,0.6509928978614332,False,2158
Front Range (Winter Park/Loveland/A-Basin),Spring,mean_depth,Base (mean snow depth),28,nested,28,,0.00438586637497889,0.7478828308516212,0.5082126283577936,False,2158
Wasatch (Alta/Snowbird/Park City),Midwinter,mean_depth,Base (mean snow depth),30,within_nina,12,-0.10065562996733148,0.010131555844120357,0.7480503899220156,0.732389290340833,False,2158
S Utah (Brian Head/Eagle Point),Midwinter,mean_depth,Base (mean snow depth),29,within_nina,12,0.10494686712600675,0.011013844919563715,0.748250349930014,0.732389290340833,False,2158
Whitefish & Flathead Range,Spring,storm_days,Storm days per 30 (>= 2 in of new snow),52,within_nino,18,-0.08215531383489767,0.006749495591310529,0.7484503099380124,0.6189900709973589,False,2158
San Juans (Telluride/Purgatory/Wolf Ck),Holidays,mean_swe,Base (mean SWE in window),47,nested,47,,0.0023933712878860527,0.7496237452889126,0.39891242123069554,False,2158
N Sierra / Tahoe (Palisades/Heavenly/Rose),Midwinter,mean_swe,Base (mean SWE in window),48,nested,48,,0.0023098295918202155,0.7511099876438458,0.3949367405566347,False,2158
Chugach (Alyeska),Spring,new_snow_in_total,Total new snow in the window (in),43,within_nino,15,-0.09559382690720031,0.009138179742763774,0.7516496700659868,0.6688990105175066,False,2158
Bitterroot & Lolo (Montana Snowbowl),Spring,storm_days,Storm days per 30 (>= 2 in of new snow),59,nested,59,,0.001819814553935616,0.7527019302300516,0.3578147819208976,False,2158
Gore & Tenmile (Vail/Summit/Copper),Midwinter,mean_swe,Base (mean SWE in window),48,within_nina,16,0.08746375976560329,0.007649909272335165,0.7528494301139772,0.6509928978614332,False,2158
N Sierra / Tahoe (Palisades/Heavenly/Rose),Holidays,storm_days,Storm days per 30 (>= 2 in of new snow),48,within_nina,16,-0.08341928600996225,0.006958777278411883,0.7528494301139772,0.6509928978614332,False,2158
Park Range (Steamboat),Spring,mean_swe,Base (mean SWE in window),47,nested,47,,0.002321139870824059,0.7533105017442571,0.39891242123069554,False,2158
San Juans (Telluride/Purgatory/Wolf Ck),Spring,days_with_base,Days per 30 with a skiable base,48,nested,48,,0.0022598642697550693,0.7537315127937405,0.3949367405566347,False,2158
Yellowstone & Wind River,Holidays,new_snow_in_total,Total new snow in the window (in),48,within_nino,16,-0.08375202056667237,0.007014400949000312,0.7540491901619676,0.6509928978614332,False,2158
Bighorn Mtns,Holidays,new_snow_in_total,Total new snow in the window (in),48,within_nino,16,-0.0937953432691841,0.008797566418984078,0.754249150169966,0.6509928978614332,False,2158
Central Oregon (Mt Bachelor),Holidays,mean_swe,Base (mean SWE in window),46,nested,46,,0.0023582096397249904,0.7542568553447654,0.40301026636269627,False,2158
Front Range (Winter Park/Loveland/A-Basin),Spring,days_with_base,Days per 30 with a skiable base,48,within_nino,16,-0.08308732789139732,0.006903504056132571,0.7546490701859628,0.6509928978614332,False,2158
Tetons (Jackson/Targhee),Holidays,days_with_base,Days per 30 with a skiable base,46,nested,46,,0.0023455319092869496,0.7548978182925219,0.40301026636269627,False,2158
White Mtns AZ (Sunrise Park),Midwinter,storm_days,Storm days per 30 (>= 2 in of new snow),46,within_nino,15,0.0867569266545107,0.007526764322536148,0.7554489102179565,0.6688990105175066,False,2158
Mt Hood,Early season,big_storm_days,Powder days per 30 (>= 6 in of new snow),48,within_nino,16,-0.0856785526331228,0.007340814381306793,0.7556488702259548,0.6509928978614332,False,2158
E Cascades rain shadow (Mission Ridge),Spring,big_storm_days,Powder days per 30 (>= 6 in of new snow),45,within_nino,15,0.0952985954211624,0.009081822289246394,0.7560487902419516,0.6688990105175066,False,2158
Bridger/Gallatin/Madison (Big Sky),Spring,new_snow_in_total,Total new snow in the window (in),60,within_nina,22,-0.07426070647387477,0.005514652525998986,0.7566486702659468,0.5667539699566799,False,2158
San Juans (Telluride/Purgatory/Wolf Ck),Midwinter,mean_depth,Base (mean snow depth),26,nested,26,,0.004435817789513787,0.7571641902029113,0.5256903151516702,False,2158
Blues & Wallowas (Anthony Lakes),Holidays,days_with_base,Days per 30 with a skiable base,48,nested,48,,0.0021862183558939464,0.7576540102880772,0.3949367405566347,False,2158
Black Hills (Terry Peak),Spring,storm_days,Storm days per 30 (>= 2 in of new snow),26,nested,26,,0.004409104217500267,0.7578751406318169,0.5256903151516702,False,2158
S Utah (Brian Head/Eagle Point),Holidays,days_with_base,Days per 30 with a skiable base,47,nested,47,,0.0022320147436579144,0.7579472029960974,0.39891242123069554,False,2158
White Mtns AZ (Sunrise Park),Spring,mean_depth,Base (mean snow depth),25,nested,25,,0.004619320685403438,0.7579828521626912,0.5351255042517953,False,2158
Uinta Mtns,Spring,mean_swe,Base (mean SWE in window),48,nested,48,,0.0021798575343384796,0.7579961632115043,0.3949367405566347,False,2158
S Utah (Brian Head/Eagle Point),Holidays,mean_depth,Base (mean snow depth),29,within_nina,12,0.09943278177335772,0.00988687809118818,0.759248150369926,0.732389290340833,False,2158
Wasatch (Alta/Snowbird/Park City),Spring,mean_swe,Base (mean SWE in window),48,within_nino,16,0.08125945137730363,0.006603098438140373,0.7596480703859229,0.6509928978614332,False,2158
Beartooth & Absaroka (Red Lodge),Holidays,mean_swe,Base (mean SWE in window),53,within_nino,18,0.07765128096291646,0.006029721435181792,0.7600479904019196,0.6189900709973589,False,2158
Sawtooth & Smoky (Sun Valley),Midwinter,mean_depth,Base (mean snow depth),29,nested,29,,0.003782502917939454,0.7605635861551072,0.5000974343469677,False,2158
Chugach (Alyeska),Holidays,big_storm_days,Powder days per 30 (>= 6 in of new snow),43,within_nina,15,-0.08521344818767597,0.007261331752033737,0.7630473905218956,0.6688990105175066,False,2158
S Washington Cascades (Crystal/White Pass),Early season,storm_days,Storm days per 30 (>= 2 in of new snow),45,nested,45,,0.002239396034477887,0.763157046412696,0.40723664075787896,False,2158
Elk Mtns (Aspen/Crested Butte),Spring,big_storm_days,Powder days per 30 (>= 6 in of new snow),46,within_nina,16,-0.0818587904175796,0.006700861568629221,0.763247350529894,0.6509928978614332,False,2158
Front Range (Winter Park/Loveland/A-Basin),Midwinter,mean_depth,Base (mean snow depth),28,nested,28,,0.00383613445318671,0.7637408516747002,0.5082126283577936,False,2158
Mt Hood,Holidays,new_snow_in_total,Total new snow in the window (in),48,nested,48,,0.0020738633598690387,0.763779777607025,0.3949367405566347,False,2158
Jemez & N New Mexico,Midwinter,new_snow_in_total,Total new snow in the window (in),46,within_nina,16,-0.0819386500073738,0.006713942365030898,0.7644471105778844,0.6509928978614332,False,2158
Bridger/Gallatin/Madison (Big Sky),Holidays,days_with_base,Days per 30 with a skiable base,60,nested,60,,0.0016109292035110254,0.764836209817939,0.35493516594241575,False,2158
Uinta Mtns,Holidays,mean_depth,Base (mean snow depth),30,nested,30,,0.0034902189436040653,0.7652300165819428,0.49235588997361723,False,2158
Tetons (Jackson/Targhee),Early season,days_with_base,Days per 30 with a skiable base,46,within_nina,16,0.08096634017376365,0.006555548241133614,0.765246950609878,0.6509928978614332,False,2158
Park Range (Steamboat),Holidays,days_with_base,Days per 30 with a skiable base,47,nested,47,,0.002094767802530389,0.7652894855111275,0.39891242123069554,False,2158
Yellowstone & Wind River,Early season,new_snow_in_total,Total new snow in the window (in),48,within_nino,16,-0.07952305983554858,0.00632391704560824,0.7660467906418716,0.6509928978614332,False,2158
Black Hills (Terry Peak),Early season,mean_depth,Base (mean snow depth),23,nested,23,,0.004767967937568057,0.7661549917142153,0.5556053417105351,False,2158
Whitefish & Flathead Range,Holidays,storm_days,Storm days per 30 (>= 2 in of new snow),52,within_nino,18,0.07457366316317204,0.005561231237574243,0.7664467106578684,0.6189900709973589,False,2158
Snowy Range & Sierra Madre,Midwinter,mean_swe,Base (mean SWE in window),46,within_nino,15,-0.08424557938243968,0.007097317645482945,0.7670465906818636,0.6688990105175066,False,2158
Elk Mtns (Aspen/Crested Butte),Spring,mean_swe,Base (mean SWE in window),46,within_nino,15,-0.08752944833471916,0.007661404325780272,0.7674465106978604,0.6688990105175066,False,2158
Sawtooth & Smoky (Sun Valley),Early season,big_storm_days,Powder days per 30 (>= 6 in of new snow),46,nested,46,,0.002088146528361436,0.7683435530531011,0.40301026636269627,False,2158
San Francisco Peaks (AZ Snowbowl),Holidays,new_snow_in_total,Total new snow in the window (in),46,nested,46,,0.002082970961039687,0.768622912174724,0.40301026636269627,False,2158
S Utah (Brian Head/Eagle Point),Early season,days_with_base,Days per 30 with a skiable base,47,within_nino,16,-0.09449989545822424,0.00893023024161531,0.7688462307538493,0.6509928978614332,False,2158
Sangre de Cristo (Taos/Santa Fe),Spring,days_with_base,Days per 30 with a skiable base,47,within_nino,16,-0.08160906885737339,0.006660040119767511,0.7690461907618477,0.6509928978614332,False,2158
Central Cascades (Stevens/Snoqualmie),Spring,big_storm_days,Powder days per 30 (>= 6 in of new snow),45,within_nina,16,0.08730172827830393,0.0076215917603788125,0.769246150769846,0.6509928978614332,False,2158
Elk Mtns (Aspen/Crested Butte),Midwinter,days_with_base,Days per 30 with a skiable base,46,within_nina,16,0.080193488136948,0.0064309955395708196,0.7694461107778444,0.6509928978614332,False,2158
Chugach (Alyeska),Midwinter,big_storm_days,Powder days per 30 (>= 6 in of new snow),43,within_nina,15,0.08417852326788312,0.007086023779561541,0.770245950809838,0.6688990105175066,False,2158
Sangre de Cristo (Taos/Santa Fe),Early season,big_storm_days,Powder days per 30 (>= 6 in of new snow),47,nested,47,,0.0020013188313409203,0.7704394225066071,0.39891242123069554,False,2158
Gore & Tenmile (Vail/Summit/Copper),Spring,mean_swe,Base (mean SWE in window),48,within_nina,16,-0.07910297438585963,0.006257280556689965,0.7710457908418317,0.6509928978614332,False,2158
Bitterroot & Lolo (Montana Snowbowl),Early season,mean_depth,Base (mean snow depth),26,nested,26,,0.003920970421023831,0.7713024350728266,0.5256903151516702,False,2158
S Washington Cascades (Crystal/White Pass),Spring,big_storm_days,Powder days per 30 (>= 6 in of new snow),45,within_nino,15,0.07833735518531137,0.006136741217429631,0.7720455908818237,0.6688990105175066,False,2158
Elk Mtns (Aspen/Crested Butte),Holidays,mean_depth,Base (mean snow depth),24,nested,24,,0.004281938792760455,0.77233749330427,0.5450809287304434,False,2158
E Cascades rain shadow (Mission Ridge),Early season,new_snow_in_total,Total new snow in the window (in),45,within_nino,15,0.08705384243100082,0.00757837148200152,0.7724455108978204,0.6688990105175066,False,2158
Elk Mtns (Aspen/Crested Butte),Midwinter,days_with_base,Days per 30 with a skiable base,46,nested,46,,0.0019935067711131017,0.7735125558289007,0.40301026636269627,False,2158
Snowy Range & Sierra Madre,Early season,days_with_base,Days per 30 with a skiable base,46,nested,46,,0.0019902042164794843,0.7736953038633888,0.40301026636269627,False,2158
Sangre de Cristo (Taos/Santa Fe),Midwinter,mean_depth,Base (mean snow depth),27,nested,27,,0.003660032112681864,0.7739073912005272,0.5167321619197414,False,2158
White Mtns AZ (Sunrise Park),Holidays,mean_swe,Base (mean SWE in window),46,within_nina,16,0.0764711634948108,0.005847838846250084,0.7746450709858028,0.6509928978614332,False,2158
Selkirk & Cabinet (Schweitzer/Silver),Midwinter,mean_depth,Base (mean snow depth),25,nested,25,,0.00398635845679559,0.7747273345865127,0.5351255042517953,False,2158
Park Range (Steamboat),Midwinter,mean_swe,Base (mean SWE in window),47,nested,47,,0.0019035328631533063,0.7759696786955708,0.39891242123069554,False,2158
Elk Mtns (Aspen/Crested Butte),Early season,mean_swe,Base (mean SWE in window),46,within_nino,15,0.08428774573455948,0.00710442408101375,0.7760447910417917,0.6688990105175066,False,2158
Whitefish & Flathead Range,Spring,big_storm_days,Powder days per 30 (>= 6 in of new snow),52,within_nino,18,0.07096685827767626,0.005036294973803788,0.7762447510497901,0.6189900709973589,False,2158
W Central Idaho (Brundage/Tamarack),Spring,days_with_base,Days per 30 with a skiable base,46,nested,46,,0.0019427541723290966,0.7763392506324353,0.40301026636269627,False,2158
Sangre de Cristo (Taos/Santa Fe),Midwinter,mean_swe,Base (mean SWE in window),47,within_nino,16,-0.07872852544105029,0.006198180718122102,0.7764447110577885,0.6509928978614332,False,2158
Chugach (Alyeska),Spring,mean_swe,Base (mean SWE in window),43,within_nina,15,0.08133482815789296,0.006615354271473977,0.7768446310737852,0.6688990105175066,False,2158
Black Hills (Terry Peak),Midwinter,mean_depth,Base (mean snow depth),23,nested,23,,0.004286307141001137,0.7779804137500662,0.5556053417105351,False,2158
S Utah (Brian Head/Eagle Point),Midwinter,big_storm_days,Powder days per 30 (>= 6 in of new snow),48,within_nina,16,-0.07572238870577327,0.00573388015130822,0.7780443911217756,0.6509928978614332,False,2158
San Juans (Telluride/Purgatory/Wolf Ck),Spring,mean_swe,Base (mean SWE in window),48,within_nina,16,-0.07767285072856538,0.006033071740301999,0.7784443111377725,0.6509928978614332,False,2158
Bighorn Mtns,Holidays,days_with_base,Days per 30 with a skiable base,48,within_nino,16,0.08040528893146992,0.00646501048815316,0.7784443111377725,0.6509928978614332,False,2158
Central Cascades (Stevens/Snoqualmie),Early season,new_snow_in_total,Total new snow in the window (in),45,nested,45,,0.0019468643323908132,0.7787513070340137,0.40723664075787896,False,2158
E Cascades rain shadow (Mission Ridge),Holidays,big_storm_days,Powder days per 30 (>= 6 in of new snow),45,within_nina,16,-0.0799498640703698,0.006391980764870608,0.7800439912017596,0.6509928978614332,False,2158
Mt Hood,Midwinter,big_storm_days,Powder days per 30 (>= 6 in of new snow),48,within_nino,16,0.07629293996983828,0.005820612689241348,0.7802439512097581,0.6509928978614332,False,2158
Central Cascades (Stevens/Snoqualmie),Spring,storm_days,Storm days per 30 (>= 2 in of new snow),45,within_nino,15,-0.08192684414627621,0.0067120077917682324,0.7802439512097581,0.6688990105175066,False,2158
Whitefish & Flathead Range,Early season,new_snow_in_total,Total new snow in the window (in),52,within_nino,18,-0.07163243407470714,0.005131205611467265,0.7804439112177565,0.6189900709973589,False,2158
S Utah (Brian Head/Eagle Point),Holidays,mean_swe,Base (mean SWE in window),47,within_nina,16,0.07560389962136907,0.00571594963795805,0.7810437912417516,0.6509928978614332,False,2158
Uinta Mtns,Holidays,mean_swe,Base (mean SWE in window),48,nested,48,,0.0017737065305964226,0.7810869657920636,0.3949367405566347,False,2158
Yellowstone & Wind River,Early season,mean_swe,Base (mean SWE in window),48,within_nino,16,0.07733034635526417,0.0059799824674251194,0.7812437512497501,0.6509928978614332,False,2158
Wasatch (Alta/Snowbird/Park City),Early season,storm_days,Storm days per 30 (>= 2 in of new snow),48,nested,48,,0.001762443525959413,0.781766066352624,0.3949367405566347,False,2158
Beartooth & Absaroka (Red Lodge),Early season,storm_days,Storm days per 30 (>= 2 in of new snow),53,within_nino,18,0.07389289335313326,0.005460159688097525,0.7818436312737452,0.6189900709973589,False,2158
Bridger/Gallatin/Madison (Big Sky),Early season,storm_days,Storm days per 30 (>= 2 in of new snow),60,nested,60,,0.0013774803662957248,0.7820893661368011,0.35493516594241575,False,2158
Chugach (Alyeska),Early season,days_with_base,Days per 30 with a skiable base,43,nested,43,,0.001984729170049176,0.7821052362040183,0.4161028431113385,False,2158
White Mtns AZ (Sunrise Park),Midwinter,new_snow_in_total,Total new snow in the window (in),46,within_nina,16,-0.07311121761659925,0.005345250141381733,0.7840431913617276,0.6509928978614332,False,2158
San Juans (Telluride/Purgatory/Wolf Ck),Early season,days_with_base,Days per 30 with a skiable base,46,within_nino,15,-0.08956391003529626,0.008021693980810643,0.7842431513697261,0.6688990105175066,False,2158
Park Range (Steamboat),Midwinter,days_with_base,Days per 30 with a skiable base,47,within_nina,16,-0.08013310481983191,0.006421314488066167,0.7844431113777245,0.6509928978614332,False,2158
Bridger/Gallatin/Madison (Big Sky),Early season,new_snow_in_total,Total new snow in the window (in),60,nested,60,,0.0013446662268240942,0.784637505462105,0.35493516594241575,False,2158
Mt Hood,Spring,storm_days,Storm days per 30 (>= 2 in of new snow),48,within_nino,16,-0.07618985538144968,0.005804894063046216,0.7848430313937212,0.6509928978614332,False,2158
North Cascades (Mt Baker),Midwinter,mean_depth,Base (mean snow depth),27,nested,27,,0.0033007293255836964,0.7850235731480165,0.5167321619197414,False,2158
Bighorn Mtns,Holidays,mean_swe,Base (mean SWE in window),48,within_nino,16,-0.07442212728896473,0.005538653030214869,0.785242951409718,0.6509928978614332,False,2158
Wasatch (Alta/Snowbird/Park City),Holidays,days_with_base,Days per 30 with a skiable base,48,nested,48,,0.0016834731816446882,0.7865944121707908,0.3949367405566347,False,2158
Beartooth & Absaroka (Red Lodge),Holidays,mean_swe,Base (mean SWE in window),53,within_nina,19,-0.06717741058508461,0.004512804492917038,0.787242551489702,0.6046192670424827,False,2158
Bitterroot & Lolo (Montana Snowbowl),Holidays,days_with_base,Days per 30 with a skiable base,59,within_nino,20,-0.06390274807483638,0.004083561211516005,0.7880423915216956,0.5911839833526782,False,2158
Central Oregon (Mt Bachelor),Early season,big_storm_days,Powder days per 30 (>= 6 in of new snow),46,within_nino,15,-0.07732300341865397,0.005978846857681174,0.788242351529694,0.6688990105175066,False,2158
S Utah (Brian Head/Eagle Point),Holidays,big_storm_days,Powder days per 30 (>= 6 in of new snow),47,within_nino,16,-0.0757527036577174,0.005738472111453951,0.7894421115776845,0.6509928978614332,False,2158
White Mtns AZ (Sunrise Park),Midwinter,days_with_base,Days per 30 with a skiable base,46,within_nina,16,-0.07663585103809338,0.005873053664332838,0.7898420315936813,0.6509928978614332,False,2158
Central Cascades (Stevens/Snoqualmie),Midwinter,mean_swe,Base (mean SWE in window),45,nested,45,,0.0017471166549299438,0.7901384347002093,0.40723664075787896,False,2158
Park Range (Steamboat),Spring,big_storm_days,Powder days per 30 (>= 6 in of new snow),47,nested,47,,0.0016574423960352346,0.7906033000841836,0.39891242123069554,False,2158
Snowy Range & Sierra Madre,Midwinter,big_storm_days,Powder days per 30 (>= 6 in of new snow),46,nested,46,,0.001685171011867745,0.7913385475601343,0.40301026636269627,False,2158
Park Range (Steamboat),Early season,storm_days,Storm days per 30 (>= 2 in of new snow),47,within_nino,16,0.06912705472162634,0.004778549694486722,0.7914417116576684,0.6509928978614332,False,2158
Central Oregon (Mt Bachelor),Midwinter,storm_days,Storm days per 30 (>= 2 in of new snow),46,nested,46,,0.0016593194184540945,0.7929098272691848,0.40301026636269627,False,2158
Sawtooth & Smoky (Sun Valley),Midwinter,mean_swe,Base (mean SWE in window),46,nested,46,,0.0016582353865329694,0.7929759998343376,0.40301026636269627,False,2158
Mt Hood,Early season,storm_days,Storm days per 30 (>= 2 in of new snow),48,within_nina,16,-0.06983214477680717,0.004876528444128957,0.7930413917216557,0.6509928978614332,False,2158
Jemez & N New Mexico,Early season,big_storm_days,Powder days per 30 (>= 6 in of new snow),46,nested,46,,0.0016494011506161688,0.7935161302074589,0.40301026636269627,False,2158
Yellowstone & Wind River,Holidays,storm_days,Storm days per 30 (>= 2 in of new snow),48,nested,48,,0.0015648908503099175,0.7940782190605744,0.3949367405566347,False,2158
Elk Mtns (Aspen/Crested Butte),Early season,mean_depth,Base (mean snow depth),23,nested,23,,0.003668298982585308,0.7942511488857074,0.5556053417105351,False,2158
Central Cascades (Stevens/Snoqualmie),Early season,new_snow_in_total,Total new snow in the window (in),45,within_nino,15,-0.07370730002274088,0.005432766076642338,0.7946410717856429,0.6688990105175066,False,2158
Wasatch (Alta/Snowbird/Park City),Early season,mean_depth,Base (mean snow depth),30,nested,30,,0.0026269687882611915,0.7956232994178455,0.49235588997361723,False,2158
Blues & Wallowas (Anthony Lakes),Spring,mean_swe,Base (mean SWE in window),48,nested,48,,0.0015335988717264022,0.7961031371340677,0.3949367405566347,False,2158
Tetons (Jackson/Targhee),Midwinter,storm_days,Storm days per 30 (>= 2 in of new snow),46,within_nino,15,0.07702725618236693,0.0059331981949839845,0.7966406718656269,0.6688990105175066,False,2158
Whitefish & Flathead Range,Spring,new_snow_in_total,Total new snow in the window (in),52,within_nina,18,-0.06477420206247615,0.00419569725283049,0.7984403119376124,0.6189900709973589,False,2158
Mt Hood,Early season,days_with_base,Days per 30 with a skiable base,48,within_nina,16,-0.0734485807457233,0.005394694013561035,0.7986402719456108,0.6509928978614332,False,2158
Park Range (Steamboat),Early season,mean_swe,Base (mean SWE in window),47,within_nino,16,0.06972259114590149,0.0048612397160985405,0.7986402719456108,0.6509928978614332,False,2158
North Cascades (Mt Baker),Midwinter,storm_days,Storm days per 30 (>= 2 in of new snow),44,nested,44,,0.0016294429265410614,0.7996404540860227,0.41159838137646865,False,2158
Snowy Range & Sierra Madre,Midwinter,days_with_base,Days per 30 with a skiable base,46,nested,46,,0.001542813965747048,0.8001583356095798,0.40301026636269627,False,2158
Snowy Range & Sierra Madre,Midwinter,mean_swe,Base (mean SWE in window),46,within_nina,16,0.06493964831673898,0.00421715792350174,0.8004399120175965,0.6509928978614332,False,2158
S Washington Cascades (Crystal/White Pass),Early season,days_with_base,Days per 30 with a skiable base,45,within_nina,16,0.06605614002658097,0.004363413635211273,0.8004399120175965,0.6509928978614332,False,2158
Sawtooth & Smoky (Sun Valley),Early season,new_snow_in_total,Total new snow in the window (in),46,within_nino,15,0.06929363966768254,0.004801608498394627,0.8008398320335933,0.6688990105175066,False,2158
Beartooth & Absaroka (Red Lodge),Midwinter,days_with_base,Days per 30 with a skiable base,53,within_nina,19,-0.06561344612043489,0.004305124311799212,0.8008398320335933,0.6046192670424827,False,2158
Wasatch (Alta/Snowbird/Park City),Midwinter,new_snow_in_total,Total new snow in the window (in),48,within_nino,16,0.06878427579390076,0.004731276596491402,0.8010397920415917,0.6509928978614332,False,2158
Mt Hood,Early season,storm_days,Storm days per 30 (>= 2 in of new snow),48,nested,48,,0.0014569848440881498,0.8011556098509947,0.3949367405566347,False,2158
Mt Hood,Early season,mean_depth,Base (mean snow depth),30,nested,30,,0.0024611743964311097,0.8020473906856499,0.49235588997361723,False,2158
Sawtooth & Smoky (Sun Valley),Holidays,days_with_base,Days per 30 with a skiable base,46,nested,46,,0.0014910002896666168,0.8034753364669496,0.40301026636269627,False,2158
Ruby Mtns & NE Nevada,Holidays,storm_days,Storm days per 30 (>= 2 in of new snow),46,nested,46,,0.0014810744404014382,0.8041177078027608,0.40301026636269627,False,2158
E Cascades rain shadow (Mission Ridge),Early season,mean_swe,Base (mean SWE in window),45,nested,45,,0.0015141230695139066,0.8043385184512973,0.40723664075787896,False,2158
White Mtns AZ (Sunrise Park),Spring,big_storm_days,Powder days per 30 (>= 6 in of new snow),46,within_nina,16,-0.0722600357838582,0.005221512771484468,0.8048390321935612,0.6509928978614332,False,2158
Black Hills (Terry Peak),Early season,storm_days,Storm days per 30 (>= 2 in of new snow),26,nested,26,,0.0028311120282437114,0.8049661470534334,0.5256903151516702,False,2158
Elk Mtns (Aspen/Crested Butte),Early season,days_with_base,Days per 30 with a skiable base,41,within_nino,14,0.070030773085166,0.0049043091789060115,0.8050389922015597,0.6882955938502429,False,2158
S Utah (Brian Head/Eagle Point),Midwinter,mean_swe,Base (mean SWE in window),48,within_nina,16,0.06428284823922566,0.004132284577747317,0.8052389522095581,0.6509928978614332,False,2158
Chugach (Alyeska),Holidays,storm_days,Storm days per 30 (>= 2 in of new snow),43,within_nina,15,-0.06531887359110713,0.004266555247211033,0.8054389122175565,0.6688990105175066,False,2158
Sangre de Cristo (Taos/Santa Fe),Spring,big_storm_days,Powder days per 30 (>= 6 in of new snow),47,within_nino,16,0.06423271121739811,0.004125841190337661,0.8054389122175565,0.6509928978614332,False,2158
Beartooth & Absaroka (Red Lodge),Midwinter,big_storm_days,Powder days per 30 (>= 6 in of new snow),53,nested,53,,0.0012485003986577327,0.805560518190956,0.37669626558347646,False,2158
Uinta Mtns,Early season,days_with_base,Days per 30 with a skiable base,48,within_nino,16,-0.0747077278116179,0.005581244594774787,0.8062387522495501,0.6509928978614332,False,2158
Central Cascades (Stevens/Snoqualmie),Holidays,storm_days,Storm days per 30 (>= 2 in of new snow),45,nested,45,,0.0014734810325049523,0.8069317030060188,0.40723664075787896,False,2158
Snowy Range & Sierra Madre,Early season,big_storm_days,Powder days per 30 (>= 6 in of new snow),46,nested,46,,0.0014307518001404295,0.8074100677255275,0.40301026636269627,False,2158
Bitterroot & Lolo (Montana Snowbowl),Midwinter,big_storm_days,Powder days per 30 (>= 6 in of new snow),59,nested,59,,0.0010887368315647932,0.8074928306051496,0.3578147819208976,False,2158
Front Range (Winter Park/Loveland/A-Basin),Early season,new_snow_in_total,Total new snow in the window (in),48,nested,48,,0.0013551238342768797,0.8080965389978711,0.3949367405566347,False,2158
San Juans (Telluride/Purgatory/Wolf Ck),Holidays,new_snow_in_total,Total new snow in the window (in),47,nested,47,,0.0013847235196531114,0.808249941917663,0.39891242123069554,False,2158
Wasatch (Alta/Snowbird/Park City),Holidays,new_snow_in_total,Total new snow in the window (in),48,nested,48,,0.0013503990340483455,0.8084250850585483,0.3949367405566347,False,2158
Bridger/Gallatin/Madison (Big Sky),Spring,big_storm_days,Powder days per 30 (>= 6 in of new snow),60,within_nina,22,-0.06250557896947281,0.003906947402309002,0.8084383123375325,0.5667539699566799,False,2158
Front Range (Winter Park/Loveland/A-Basin),Holidays,big_storm_days,Powder days per 30 (>= 6 in of new snow),48,nested,48,,0.0013500954256873048,0.808446217675934,0.3949367405566347,False,2158
Ruby Mtns & NE Nevada,Midwinter,new_snow_in_total,Total new snow in the window (in),46,within_nina,16,-0.06714913217630596,0.004509005952031008,0.8086382723455309,0.6509928978614332,False,2158
Black Hills (Terry Peak),Midwinter,mean_swe,Base (mean SWE in window),26,nested,26,,0.0027186302358198073,0.8088085600670123,0.5256903151516702,False,2158
San Juans (Telluride/Purgatory/Wolf Ck),Early season,new_snow_in_total,Total new snow in the window (in),48,within_nina,16,-0.06666582789951525,0.004444332609527786,0.8102379524095181,0.6509928978614332,False,2158
E Cascades rain shadow (Mission Ridge),Spring,big_storm_days,Powder days per 30 (>= 6 in of new snow),45,nested,45,,0.0014224922383531458,0.8102391474198642,0.40723664075787896,False,2158
Front Range (Winter Park/Loveland/A-Basin),Early season,mean_depth,Base (mean snow depth),28,nested,28,,0.002441355945531089,0.8105641952509479,0.5082126283577936,False,2158
Wasatch (Alta/Snowbird/Park City),Holidays,mean_depth,Base (mean snow depth),30,nested,30,,0.0022501584167069146,0.8105646996077027,0.49235588997361723,False,2158
N Sierra / Tahoe (Palisades/Heavenly/Rose),Midwinter,mean_swe,Base (mean SWE in window),48,within_nina,16,-0.06441797860895214,0.004149675968063415,0.8106378724255149,0.6509928978614332,False,2158
Park Range (Steamboat),Midwinter,mean_swe,Base (mean SWE in window),47,within_nina,16,0.06406159600064547,0.004103888082149915,0.8108378324335133,0.6509928978614332,False,2158
Bridger/Gallatin/Madison (Big Sky),Holidays,storm_days,Storm days per 30 (>= 2 in of new snow),60,within_nina,22,0.052980204304168145,0.002806902048111397,0.8108378324335133,0.5667539699566799,False,2158
Beartooth & Absaroka (Red Lodge),Midwinter,mean_swe,Base (mean SWE in window),53,within_nino,18,-0.06018682890169516,0.003622454373241928,0.8108378324335133,0.6189900709973589,False,2158
Selkirk & Cabinet (Schweitzer/Silver),Holidays,big_storm_days,Powder days per 30 (>= 6 in of new snow),46,nested,46,,0.0013783658587332502,0.8109031261103284,0.40301026636269627,False,2158
San Juans (Telluride/Purgatory/Wolf Ck),Spring,mean_swe,Base (mean SWE in window),48,nested,48,,0.0013078789281938301,0.8114095229157325,0.3949367405566347,False,2158
S Utah (Brian Head/Eagle Point),Spring,big_storm_days,Powder days per 30 (>= 6 in of new snow),47,within_nino,16,0.06407260070747862,0.0041052981614199905,0.8116376724655069,0.6509928978614332,False,2158
W Central Idaho (Brundage/Tamarack),Early season,mean_swe,Base (mean SWE in window),46,within_nina,16,-0.06763590469855084,0.004574615604391452,0.8116376724655069,0.6509928978614332,False,2158
Gore & Tenmile (Vail/Summit/Copper),Spring,days_with_base,Days per 30 with a skiable base,48,within_nino,16,-0.06573541670285235,0.0043211450090976395,0.8126374725054989,0.6509928978614332,False,2158
Central Oregon (Mt Bachelor),Early season,new_snow_in_total,Total new snow in the window (in),46,within_nino,15,-0.06862126362353746,0.004708877821291025,0.8140371925614877,0.6688990105175066,False,2158
Bridger/Gallatin/Madison (Big Sky),Midwinter,big_storm_days,Powder days per 30 (>= 6 in of new snow),60,within_nina,22,-0.05306697676510038,0.0028161040229877036,0.8150369926014797,0.5667539699566799,False,2158
Sawtooth & Smoky (Sun Valley),Midwinter,days_with_base,Days per 30 with a skiable base,46,nested,46,,0.0012970915626658956,0.8164640105202041,0.40301026636269627,False,2158
Elk Mtns (Aspen/Crested Butte),Spring,big_storm_days,Powder days per 30 (>= 6 in of new snow),46,nested,46,,0.0012864682985796615,0.8172042751845369,0.40301026636269627,False,2158
San Juans (Telluride/Purgatory/Wolf Ck),Holidays,storm_days,Storm days per 30 (>= 2 in of new snow),47,nested,47,,0.0012518293471699949,0.8175186883371869,0.39891242123069554,False,2158
Jemez & N New Mexico,Holidays,storm_days,Storm days per 30 (>= 2 in of new snow),46,nested,46,,0.0012702540528318218,0.818340361388346,0.40301026636269627,False,2158
S Utah (Brian Head/Eagle Point),Holidays,big_storm_days,Powder days per 30 (>= 6 in of new snow),47,nested,47,,0.001232881542951464,0.8188816736063173,0.39891242123069554,False,2158
Mt Hood,Holidays,mean_depth,Base (mean snow depth),29,within_nina,12,-0.07698666750593505,0.005926946973669396,0.8190361927614477,0.732389290340833,False,2158
Central Cascades (Stevens/Snoqualmie),Holidays,big_storm_days,Powder days per 30 (>= 6 in of new snow),45,nested,45,,0.0012901960732802412,0.8191241183084554,0.40723664075787896,False,2158
S Utah (Brian Head/Eagle Point),Holidays,storm_days,Storm days per 30 (>= 2 in of new snow),47,nested,47,,0.0012261107340438824,0.819371389238229,0.39891242123069554,False,2158
Bridger/Gallatin/Madison (Big Sky),Holidays,mean_swe,Base (mean SWE in window),60,within_nina,22,0.05062310995107274,0.0025626992611184,0.8202359528094381,0.5667539699566799,False,2158
San Francisco Peaks (AZ Snowbowl),Spring,mean_swe,Base (mean SWE in window),46,within_nina,16,0.06506196556777413,0.004233059363542227,0.8202359528094381,0.6509928978614332,False,2158
S Utah (Brian Head/Eagle Point),Spring,days_with_base,Days per 30 with a skiable base,47,within_nina,16,0.06307466019621859,0.003978412758868442,0.8204359128174366,0.6509928978614332,False,2158
Bridger/Gallatin/Madison (Big Sky),Spring,mean_depth,Base (mean snow depth),28,within_nina,12,-0.07122835700093562,0.005073478841052735,0.8204359128174366,0.732389290340833,False,2158
E Cascades rain shadow (Mission Ridge),Early season,new_snow_in_total,Total new snow in the window (in),45,nested,45,,0.0012668683493633269,0.8207397443094792,0.40723664075787896,False,2158
Park Range (Steamboat),Spring,big_storm_days,Powder days per 30 (>= 6 in of new snow),47,within_nina,16,-0.06299433664248988,0.003968286449027343,0.8214357128574286,0.6509928978614332,False,2158
Selkirk & Cabinet (Schweitzer/Silver),Holidays,storm_days,Storm days per 30 (>= 2 in of new snow),46,nested,46,,0.0012237083868104487,0.8216446716394847,0.40301026636269627,False,2158
Bitterroot & Lolo (Montana Snowbowl),Spring,storm_days,Storm days per 30 (>= 2 in of new snow),59,within_nina,22,-0.05171658785610993,0.0026746054594787368,0.8218356328734253,0.5667539699566799,False,2158
San Juans (Telluride/Purgatory/Wolf Ck),Holidays,storm_days,Storm days per 30 (>= 2 in of new snow),47,within_nina,16,0.061432951397906804,0.0037740075174575796,0.8220355928814237,0.6509928978614332,False,2158
Sawtooth & Smoky (Sun Valley),Early season,days_with_base,Days per 30 with a skiable base,46,within_nino,15,0.06122162331228245,0.0037480871609910063,0.8224355128974206,0.6688990105175066,False,2158
Beartooth & Absaroka (Red Lodge),Holidays,mean_swe,Base (mean SWE in window),53,nested,53,,0.0010354822634549767,0.8226294784538097,0.37669626558347646,False,2158
Whitefish & Flathead Range,Spring,storm_days,Storm days per 30 (>= 2 in of new snow),52,within_nina,18,-0.05631387589074827,0.0031712526178385996,0.8226354729054189,0.6189900709973589,False,2158
White Mtns AZ (Sunrise Park),Midwinter,new_snow_in_total,Total new snow in the window (in),46,nested,46,,0.001201643364312779,0.8232341219517298,0.40301026636269627,False,2158
Uinta Mtns,Early season,big_storm_days,Powder days per 30 (>= 6 in of new snow),48,within_nino,16,-0.06627927394105412,0.004392942154153296,0.8232353529294141,0.6509928978614332,False,2158
San Juans (Telluride/Purgatory/Wolf Ck),Holidays,days_with_base,Days per 30 with a skiable base,47,nested,47,,0.0011669158095563923,0.823714697184811,0.39891242123069554,False,2158
W Central Idaho (Brundage/Tamarack),Holidays,days_with_base,Days per 30 with a skiable base,46,nested,46,,0.0011884430861437382,0.8241923229834409,0.40301026636269627,False,2158
Tetons (Jackson/Targhee),Spring,days_with_base,Days per 30 with a skiable base,45,within_nino,14,-0.07602465402836767,0.005779748020133,0.8244351129774046,0.6882955938502429,False,2158
N Sierra / Tahoe (Palisades/Heavenly/Rose),Midwinter,days_with_base,Days per 30 with a skiable base,48,nested,48,,0.0011286025826573501,0.8245924822966134,0.3949367405566347,False,2158
San Juans (Telluride/Purgatory/Wolf Ck),Early season,big_storm_days,Powder days per 30 (>= 6 in of new snow),48,nested,48,,0.0011256007447712035,0.8248222503530032,0.3949367405566347,False,2158
S Utah (Brian Head/Eagle Point),Holidays,mean_swe,Base (mean SWE in window),47,nested,47,,0.0011464271905463623,0.8252448252096367,0.39891242123069554,False,2158
Bridger/Gallatin/Madison (Big Sky),Early season,new_snow_in_total,Total new snow in the window (in),60,within_nina,22,-0.04928054634221589,0.002428572247787288,0.8262347530493901,0.5667539699566799,False,2158
White Mtns AZ (Sunrise Park),Early season,storm_days,Storm days per 30 (>= 2 in of new snow),46,within_nina,16,-0.0592665726647074,0.003512526635421042,0.8264347130573885,0.6509928978614332,False,2158
Beartooth & Absaroka (Red Lodge),Holidays,days_with_base,Days per 30 with a skiable base,53,within_nino,18,0.05792703226820391,0.0033555410674015367,0.8270345930813837,0.6189900709973589,False,2158
Bridger/Gallatin/Madison (Big Sky),Early season,mean_swe,Base (mean SWE in window),60,within_nina,22,0.048070904531151724,0.0023108118624431033,0.8270345930813837,0.5667539699566799,False,2158
Chugach (Alyeska),Holidays,storm_days,Storm days per 30 (>= 2 in of new snow),43,within_nino,15,0.06080518124993766,0.0036972700668377705,0.8284343131373725,0.6688990105175066,False,2158
Central Cascades (Stevens/Snoqualmie),Early season,big_storm_days,Powder days per 30 (>= 6 in of new snow),45,nested,45,,0.0011555752045466713,0.8286714269107457,0.40723664075787896,False,2158
Wasatch (Alta/Snowbird/Park City),Spring,mean_depth,Base (mean snow depth),30,nested,30,,0.0018343093039941854,0.8286795461675109,0.49235588997361723,False,2158
S Washington Cascades (Crystal/White Pass),Early season,new_snow_in_total,Total new snow in the window (in),45,within_nina,16,-0.060020187155481915,0.003602422866179076,0.8294341131773645,0.6509928978614332,False,2158
Uinta Mtns,Spring,mean_swe,Base (mean SWE in window),48,within_nina,16,-0.05431449432939238,0.002950064294257597,0.8298340331933614,0.6509928978614332,False,2158
Snowy Range & Sierra Madre,Midwinter,days_with_base,Days per 30 with a skiable base,46,within_nina,16,-0.06138683532589395,0.0037683435513284217,0.8300339932013597,0.6509928978614332,False,2158
Bridger/Gallatin/Madison (Big Sky),Midwinter,mean_swe,Base (mean SWE in window),60,within_nina,22,-0.04590905083582718,0.002107640948646564,0.8302339532093581,0.5667539699566799,False,2158
Chugach (Alyeska),Early season,big_storm_days,Powder days per 30 (>= 6 in of new snow),43,nested,43,,0.0011919488563751604,0.8303188635240956,0.4161028431113385,False,2158
Snowy Range & Sierra Madre,Spring,big_storm_days,Powder days per 30 (>= 6 in of new snow),46,within_nina,16,-0.053865497745747434,0.002901491847397122,0.8304339132173565,0.6509928978614332,False,2158
W Central Idaho (Brundage/Tamarack),Early season,mean_swe,Base (mean SWE in window),46,nested,46,,0.0010851396624505483,0.8318917813515274,0.40301026636269627,False,2158
S Utah (Brian Head/Eagle Point),Midwinter,new_snow_in_total,Total new snow in the window (in),48,within_nina,16,0.05798250590357205,0.0033619709908577675,0.8346330733853229,0.6509928978614332,False,2158
Park Range (Steamboat),Midwinter,days_with_base,Days per 30 with a skiable base,47,nested,47,,0.00102364494104958,0.8347300354249219,0.39891242123069554,False,2158
White Mtns AZ (Sunrise Park),Spring,storm_days,Storm days per 30 (>= 2 in of new snow),46,within_nina,16,0.056283971280795084,0.003167885423137366,0.8350329934013198,0.6509928978614332,False,2158
San Juans (Telluride/Purgatory/Wolf Ck),Holidays,big_storm_days,Powder days per 30 (>= 6 in of new snow),47,within_nina,16,-0.05746499823795231,0.003302226022487862,0.8350329934013198,0.6509928978614332,False,2158
Sangre de Cristo (Taos/Santa Fe),Early season,new_snow_in_total,Total new snow in the window (in),47,nested,47,,0.0010183797424745868,0.8351497213738477,0.39891242123069554,False,2158
Selkirk & Cabinet (Schweitzer/Silver),Early season,mean_swe,Base (mean SWE in window),46,within_nino,15,-0.05962730452754824,0.003555415445220975,0.8352329534093181,0.6688990105175066,False,2158
Bighorn Mtns,Midwinter,big_storm_days,Powder days per 30 (>= 6 in of new snow),48,within_nina,16,0.05599171210920154,0.0031350718249197065,0.8356328734253149,0.6509928978614332,False,2158
Whitefish & Flathead Range,Spring,new_snow_in_total,Total new snow in the window (in),52,within_nino,18,-0.05468932039216049,0.0029909217649563813,0.8358328334333134,0.6189900709973589,False,2158
Whitefish & Flathead Range,Early season,days_with_base,Days per 30 with a skiable base,52,within_nina,18,-0.05854682676563656,0.0034277309243254572,0.8358328334333134,0.6189900709973589,False,2158
S Washington Cascades (Crystal/White Pass),Midwinter,mean_swe,Base (mean SWE in window),45,nested,45,,0.0010536843768648276,0.836291160556839,0.40723664075787896,False,2158
San Francisco Peaks (AZ Snowbowl),Midwinter,mean_depth,Base (mean snow depth),24,nested,24,,0.002185525297934871,0.8363316623658704,0.5450809287304434,False,2158
Uinta Mtns,Early season,mean_swe,Base (mean SWE in window),48,nested,48,,0.000972007279931838,0.8370381286340759,0.3949367405566347,False,2158
Sawtooth & Smoky (Sun Valley),Spring,days_with_base,Days per 30 with a skiable base,46,nested,46,,0.0010015078210991396,0.838410088068464,0.40301026636269627,False,2158
Elk Mtns (Aspen/Crested Butte),Spring,big_storm_days,Powder days per 30 (>= 6 in of new snow),46,within_nino,15,0.06473467331872487,0.00419057792968203,0.8384323135372925,0.6688990105175066,False,2158
Bitterroot & Lolo (Montana Snowbowl),Midwinter,mean_swe,Base (mean SWE in window),59,within_nina,22,-0.04749111680136229,0.0022554061750406354,0.8386322735452909,0.5667539699566799,False,2158
S Utah (Brian Head/Eagle Point),Midwinter,big_storm_days,Powder days per 30 (>= 6 in of new snow),48,within_nino,16,0.05628147817248865,0.0031676047852803165,0.8388322335532894,0.6509928978614332,False,2158
Ruby Mtns & NE Nevada,Holidays,big_storm_days,Powder days per 30 (>= 6 in of new snow),46,within_nino,15,-0.05603265572800063,0.003139658507932642,0.8400319936012798,0.6688990105175066,False,2158
Whitefish & Flathead Range,Spring,mean_depth,Base (mean snow depth),25,nested,25,,0.0019790442610411224,0.8402677035630336,0.5351255042517953,False,2158
San Francisco Peaks (AZ Snowbowl),Midwinter,storm_days,Storm days per 30 (>= 2 in of new snow),46,within_nina,16,-0.055666641951392745,0.0030987750261445585,0.8414317136572685,0.6509928978614332,False,2158
Elk Mtns (Aspen/Crested Butte),Early season,storm_days,Storm days per 30 (>= 2 in of new snow),46,nested,46,,0.000961698560691486,0.8416123631369485,0.40301026636269627,False,2158
Snowy Range & Sierra Madre,Early season,mean_depth,Base (mean snow depth),24,nested,24,,0.0020335387085843393,0.8420534141891375,0.5450809287304434,False,2158
Ruby Mtns & NE Nevada,Holidays,storm_days,Storm days per 30 (>= 2 in of new snow),46,within_nina,16,-0.053829360298670775,0.0028976000301641136,0.8426314737052589,0.6509928978614332,False,2158
S Utah (Brian Head/Eagle Point),Early season,big_storm_days,Powder days per 30 (>= 6 in of new snow),47,nested,47,,0.0009216633636538918,0.8430697591846805,0.39891242123069554,False,2158
Beartooth & Absaroka (Red Lodge),Spring,new_snow_in_total,Total new snow in the window (in),53,within_nino,18,0.050012047673185595,0.0025012049124649885,0.8438312337532493,0.6189900709973589,False,2158
Central Oregon (Mt Bachelor),Holidays,storm_days,Storm days per 30 (>= 2 in of new snow),46,nested,46,,0.0009225951132666636,0.8448255971793086,0.40301026636269627,False,2158
Uinta Mtns,Spring,mean_depth,Base (mean snow depth),30,nested,30,,0.0014770811300419812,0.8460452814252767,0.49235588997361723,False,2158
Uinta Mtns,Spring,days_with_base,Days per 30 with a skiable base,48,nested,48,,0.0008472679694676579,0.8477213105687992,0.3949367405566347,False,2158
Bighorn Mtns,Early season,mean_swe,Base (mean SWE in window),48,nested,48,,0.0008444811300453879,0.8479690016420284,0.3949367405566347,False,2158
Uinta Mtns,Midwinter,mean_swe,Base (mean SWE in window),48,within_nina,16,0.054189983257546905,0.0029365542854532137,0.8482303539292142,0.6509928978614332,False,2158
Beartooth & Absaroka (Red Lodge),Midwinter,days_with_base,Days per 30 with a skiable base,53,within_nino,18,-0.04702671292970187,0.002211511728972589,0.8482303539292142,0.6189900709973589,False,2158
Yellowstone & Wind River,Holidays,mean_depth,Base (mean snow depth),28,nested,28,,0.0015557078922144784,0.8482899741114281,0.5082126283577936,False,2158
Whitefish & Flathead Range,Midwinter,mean_swe,Base (mean SWE in window),52,nested,52,,0.0007675084922525928,0.8485426262093384,0.38014271330980004,False,2158
Whitefish & Flathead Range,Midwinter,storm_days,Storm days per 30 (>= 2 in of new snow),52,nested,52,,0.0007554560373349085,0.8497226990808697,0.38014271330980004,False,2158
North Cascades (Mt Baker),Early season,new_snow_in_total,Total new snow in the window (in),44,nested,44,,0.0009073718847095052,0.8498041411466485,0.41159838137646865,False,2158
Bitterroot & Lolo (Montana Snowbowl),Holidays,storm_days,Storm days per 30 (>= 2 in of new snow),59,within_nina,22,0.04608026367094057,0.002123390699983405,0.8500299940011997,0.5667539699566799,False,2158
Wasatch (Alta/Snowbird/Park City),Midwinter,mean_depth,Base (mean snow depth),30,nested,30,,0.0013946305874854663,0.8503546870726565,0.49235588997361723,False,2158
Selkirk & Cabinet (Schweitzer/Silver),Holidays,big_storm_days,Powder days per 30 (>= 6 in of new snow),46,within_nino,15,0.0541568564408764,0.002932965099557696,0.8512297540491902,0.6688990105175066,False,2158
North Cascades (Mt Baker),Early season,mean_swe,Base (mean SWE in window),44,within_nina,16,0.049406424292302346,0.0024409947613510032,0.8514297140571886,0.6509928978614332,False,2158
Selkirk & Cabinet (Schweitzer/Silver),Early season,days_with_base,Days per 30 with a skiable base,46,within_nino,15,-0.05524303821000413,0.0030517932706719767,0.851629674065187,0.6688990105175066,False,2158
Bitterroot & Lolo (Montana Snowbowl),Spring,storm_days,Storm days per 30 (>= 2 in of new snow),59,within_nino,20,0.043981257052260386,0.001934350971897004,0.8518296340731853,0.5911839833526782,False,2158
Park Range (Steamboat),Spring,storm_days,Storm days per 30 (>= 2 in of new snow),47,within_nina,16,-0.053810337562993436,0.0028955524286433023,0.8520295940811837,0.6509928978614332,False,2158
Elk Mtns (Aspen/Crested Butte),Holidays,new_snow_in_total,Total new snow in the window (in),46,within_nina,16,0.050658545321012854,0.0025662882140411133,0.8522295540891822,0.6509928978614332,False,2158
Jemez & N New Mexico,Early season,storm_days,Storm days per 30 (>= 2 in of new snow),46,within_nina,16,-0.048714123109998723,0.0023730657903761115,0.852629474105179,0.6509928978614332,False,2158
San Juans (Telluride/Purgatory/Wolf Ck),Holidays,mean_swe,Base (mean SWE in window),47,within_nina,16,-0.04953944973399506,0.002454157079947023,0.8528294341131774,0.6509928978614332,False,2158
Gore & Tenmile (Vail/Summit/Copper),Early season,storm_days,Storm days per 30 (>= 2 in of new snow),48,within_nino,16,-0.04789969235709455,0.002294380527904302,0.8534293141371726,0.6509928978614332,False,2158
Chugach (Alyeska),Early season,mean_depth,Base (mean snow depth),22,nested,22,,0.0019414289086883833,0.85365994049227,0.5667539699566799,False,2158
Wasatch (Alta/Snowbird/Park City),Early season,mean_swe,Base (mean SWE in window),48,within_nino,16,-0.051001076273665555,0.0026011097810722515,0.8542291541691661,0.6509928978614332,False,2158
Front Range (Winter Park/Loveland/A-Basin),Spring,days_with_base,Days per 30 with a skiable base,48,nested,48,,0.0007715278072176177,0.8546102293283987,0.3949367405566347,False,2158
Yellowstone & Wind River,Midwinter,mean_swe,Base (mean SWE in window),48,within_nino,16,-0.051530620796728085,0.002655404879696185,0.8552289542091581,0.6509928978614332,False,2158
Selkirk & Cabinet (Schweitzer/Silver),Early season,mean_swe,Base (mean SWE in window),46,within_nina,16,0.04893311004466357,0.002394449258643155,0.8552289542091581,0.6509928978614332,False,2158
North Cascades (Mt Baker),Midwinter,mean_swe,Base (mean SWE in window),44,nested,44,,0.0008420712610452793,0.8552499800135676,0.41159838137646865,False,2158
White Mtns AZ (Sunrise Park),Spring,days_with_base,Days per 30 with a skiable base,46,within_nina,16,0.04830486695527808,0.0023333601715671165,0.855628874225155,0.6509928978614332,False,2158
Sangre de Cristo (Taos/Santa Fe),Spring,mean_swe,Base (mean SWE in window),47,within_nina,16,0.048515193318251895,0.0023537239827073533,0.8558288342331534,0.6509928978614332,False,2158
Yellowstone & Wind River,Midwinter,big_storm_days,Powder days per 30 (>= 6 in of new snow),48,within_nino,16,-0.05019378388642868,0.0025194159408375074,0.8558288342331534,0.6509928978614332,False,2158
Beartooth & Absaroka (Red Lodge),Early season,days_with_base,Days per 30 with a skiable base,46,nested,46,,0.0007882629501714016,0.8564386866836873,0.40301026636269627,False,2158
Wasatch (Alta/Snowbird/Park City),Early season,mean_swe,Base (mean SWE in window),48,nested,48,,0.0007440967991130792,0.8571909092145195,0.3949367405566347,False,2158
San Francisco Peaks (AZ Snowbowl),Holidays,storm_days,Storm days per 30 (>= 2 in of new snow),46,within_nina,16,-0.05201682262190277,0.002705749835678496,0.8574285142971406,0.6509928978614332,False,2158
Mt Hood,Midwinter,storm_days,Storm days per 30 (>= 2 in of new snow),48,nested,48,,0.0007412720602869657,0.857459424763256,0.3949367405566347,False,2158
San Juans (Telluride/Purgatory/Wolf Ck),Spring,big_storm_days,Powder days per 30 (>= 6 in of new snow),48,within_nino,16,0.04956692181825205,0.002456879738536711,0.857628474305139,0.6509928978614332,False,2158
Snowy Range & Sierra Madre,Holidays,days_with_base,Days per 30 with a skiable base,46,nested,46,,0.0007745027140360927,0.8576842289316031,0.40301026636269627,False,2158
Yellowstone & Wind River,Spring,storm_days,Storm days per 30 (>= 2 in of new snow),48,nested,48,,0.0007376411406239706,0.85780535074978,0.3949367405566347,False,2158
White Mtns AZ (Sunrise Park),Midwinter,storm_days,Storm days per 30 (>= 2 in of new snow),46,within_nina,16,-0.04757005497232852,0.002262910130070357,0.8590281943611278,0.6509928978614332,False,2158
Wasatch (Alta/Snowbird/Park City),Holidays,mean_swe,Base (mean SWE in window),48,nested,48,,0.000713072665791423,0.86016947044269,0.3949367405566347,False,2158
Uinta Mtns,Holidays,days_with_base,Days per 30 with a skiable base,48,nested,48,,0.0007044262660794876,0.8610114350064662,0.3949367405566347,False,2158
Jemez & N New Mexico,Early season,new_snow_in_total,Total new snow in the window (in),46,within_nina,16,-0.048595403556531525,0.002361513246822157,0.8610277944411118,0.6509928978614332,False,2158
W Central Idaho (Brundage/Tamarack),Spring,mean_swe,Base (mean SWE in window),46,nested,46,,0.000737240855165516,0.8611155083137156,0.40301026636269627,False,2158
Wasatch (Alta/Snowbird/Park City),Holidays,big_storm_days,Powder days per 30 (>= 6 in of new snow),48,nested,48,,0.0007027318441692994,0.8611770559264714,0.3949367405566347,False,2158
Central Cascades (Stevens/Snoqualmie),Early season,storm_days,Storm days per 30 (>= 2 in of new snow),45,within_nino,15,-0.04877471227322951,0.0023789725573363256,0.8624275144971005,0.6688990105175066,False,2158
Blues & Wallowas (Anthony Lakes),Holidays,mean_swe,Base (mean SWE in window),48,nested,48,,0.0006888649069679418,0.8625402740675374,0.3949367405566347,False,2158
E Cascades rain shadow (Mission Ridge),Early season,storm_days,Storm days per 30 (>= 2 in of new snow),45,nested,45,,0.0007347797730459813,0.8630090127977911,0.40723664075787896,False,2158
Selkirk & Cabinet (Schweitzer/Silver),Holidays,days_with_base,Days per 30 with a skiable base,46,nested,46,,0.0007153614179574065,0.8631720113227459,0.40301026636269627,False,2158
Chugach (Alyeska),Holidays,new_snow_in_total,Total new snow in the window (in),43,nested,43,,0.0007650008960621805,0.8637067615499925,0.4161028431113385,False,2158
Central Cascades (Stevens/Snoqualmie),Early season,new_snow_in_total,Total new snow in the window (in),45,within_nina,16,0.0470013804396243,0.0022091297632302973,0.8638272345530894,0.6509928978614332,False,2158
Elk Mtns (Aspen/Crested Butte),Midwinter,storm_days,Storm days per 30 (>= 2 in of new snow),46,within_nino,15,0.049669856465190586,0.0024670946412726352,0.8640271945610878,0.6688990105175066,False,2158
Elk Mtns (Aspen/Crested Butte),Spring,days_with_base,Days per 30 with a skiable base,46,nested,46,,0.000704271961882165,0.8642266964169303,0.40301026636269627,False,2158
Tetons (Jackson/Targhee),Midwinter,big_storm_days,Powder days per 30 (>= 6 in of new snow),46,within_nino,15,0.05263549524700603,0.0027704953598975944,0.8652269546090782,0.6688990105175066,False,2158
S Washington Cascades (Crystal/White Pass),Spring,storm_days,Storm days per 30 (>= 2 in of new snow),45,within_nino,15,-0.05040538386195769,0.002540702722271305,0.8652269546090782,0.6688990105175066,False,2158
Bitterroot & Lolo (Montana Snowbowl),Holidays,storm_days,Storm days per 30 (>= 2 in of new snow),59,within_nino,20,0.04030418730494057,0.0016244275143117326,0.8654269146170765,0.5911839833526782,False,2158
S Washington Cascades (Crystal/White Pass),Spring,mean_swe,Base (mean SWE in window),45,nested,45,,0.0007060564263857425,0.8656882773900816,0.40723664075787896,False,2158
White Mtns AZ (Sunrise Park),Spring,new_snow_in_total,Total new snow in the window (in),46,within_nina,16,0.045014450233145945,0.0020263007297923728,0.8658268346330734,0.6509928978614332,False,2158
Blues & Wallowas (Anthony Lakes),Early season,mean_swe,Base (mean SWE in window),48,nested,48,,0.000648348256833021,0.8666062816898625,0.3949367405566347,False,2158
Bitterroot & Lolo (Montana Snowbowl),Spring,big_storm_days,Powder days per 30 (>= 6 in of new snow),59,nested,59,,0.0005167529709820582,0.8667062310531354,0.3578147819208976,False,2158
Sawtooth & Smoky (Sun Valley),Early season,storm_days,Storm days per 30 (>= 2 in of new snow),46,nested,46,,0.0006775388654220896,0.866804841393763,0.40301026636269627,False,2158
San Francisco Peaks (AZ Snowbowl),Holidays,new_snow_in_total,Total new snow in the window (in),46,within_nina,16,-0.04277592266829451,0.0018297795601239122,0.8674265146970606,0.6509928978614332,False,2158
Selkirk & Cabinet (Schweitzer/Silver),Early season,storm_days,Storm days per 30 (>= 2 in of new snow),46,within_nino,15,-0.04753281457268789,0.0022593684612015304,0.8680263947210558,0.6688990105175066,False,2158
Blues & Wallowas (Anthony Lakes),Early season,mean_swe,Base (mean SWE in window),48,within_nina,16,-0.04501834170404808,0.0020266510897824345,0.8682263547290542,0.6509928978614332,False,2158
Snowy Range & Sierra Madre,Spring,mean_swe,Base (mean SWE in window),46,within_nina,16,-0.043496780850332394,0.0018919699443418429,0.8684263147370526,0.6509928978614332,False,2158
Sangre de Cristo (Taos/Santa Fe),Holidays,new_snow_in_total,Total new snow in the window (in),47,nested,47,,0.0006297827928066622,0.8700193171856806,0.39891242123069554,False,2158
North Cascades (Mt Baker),Early season,big_storm_days,Powder days per 30 (>= 6 in of new snow),44,within_nino,15,0.05001521841860521,0.002501522073460786,0.8700259948010398,0.6688990105175066,False,2158
Bridger/Gallatin/Madison (Big Sky),Holidays,new_snow_in_total,Total new snow in the window (in),60,within_nino,20,-0.041491372760059604,0.001721534013514216,0.870625874825035,0.5911839833526782,False,2158
San Juans (Telluride/Purgatory/Wolf Ck),Early season,new_snow_in_total,Total new snow in the window (in),48,nested,48,,0.0006087128124102947,0.8707122010126325,0.3949367405566347,False,2158
Wasatch (Alta/Snowbird/Park City),Holidays,big_storm_days,Powder days per 30 (>= 6 in of new snow),48,within_nina,16,-0.0447226815005896,0.0020001182406031793,0.8708258348330334,0.6509928978614332,False,2158
Whitefish & Flathead Range,Holidays,big_storm_days,Powder days per 30 (>= 6 in of new snow),52,nested,52,,0.0005541724138079599,0.8710922567847185,0.38014271330980004,False,2158
Selkirk & Cabinet (Schweitzer/Silver),Holidays,new_snow_in_total,Total new snow in the window (in),46,nested,46,,0.0006270966553144806,0.8718158966809888,0.40301026636269627,False,2158
S Utah (Brian Head/Eagle Point),Early season,mean_depth,Base (mean snow depth),29,nested,29,,0.0010594323143253888,0.8719606528379819,0.5000974343469677,False,2158
San Francisco Peaks (AZ Snowbowl),Midwinter,mean_swe,Base (mean SWE in window),46,within_nino,15,0.04790846364684986,0.0022952208890015344,0.8730253949210158,0.6688990105175066,False,2158
San Francisco Peaks (AZ Snowbowl),Holidays,mean_swe,Base (mean SWE in window),46,within_nina,16,0.043382028309525054,0.0018820003802484332,0.873625274945011,0.6509928978614332,False,2158
Yellowstone & Wind River,Midwinter,mean_swe,Base (mean SWE in window),48,within_nina,16,-0.04516823253446458,0.0020401692302874645,0.8742251549690062,0.6509928978614332,False,2158
Chugach (Alyeska),Spring,storm_days,Storm days per 30 (>= 2 in of new snow),43,nested,43,,0.0006408875853571343,0.8751565820098081,0.4161028431113385,False,2158
Beartooth & Absaroka (Red Lodge),Holidays,big_storm_days,Powder days per 30 (>= 6 in of new snow),53,within_nino,18,-0.041408940306407224,0.0017147003372995969,0.8752249550089982,0.6189900709973589,False,2158
Mt Hood,Midwinter,mean_depth,Base (mean snow depth),30,nested,30,,0.0009577430720957967,0.8757733809282272,0.49235588997361723,False,2158
Bridger/Gallatin/Madison (Big Sky),Spring,mean_depth,Base (mean snow depth),28,nested,28,,0.0010290719051687439,0.8763741733647206,0.5082126283577936,False,2158
Front Range (Winter Park/Loveland/A-Basin),Early season,new_snow_in_total,Total new snow in the window (in),48,within_nino,16,-0.043694679578417044,0.0019092250234605355,0.876624675064987,0.6509928978614332,False,2158
Yellowstone & Wind River,Holidays,storm_days,Storm days per 30 (>= 2 in of new snow),48,within_nino,16,-0.04080170464509838,0.0016647791019458425,0.8768246350729854,0.6509928978614332,False,2158
Bridger/Gallatin/Madison (Big Sky),Spring,mean_swe,Base (mean SWE in window),60,within_nino,20,0.03766164345880787,0.0014183993880183656,0.8770245950809838,0.5911839833526782,False,2158
Blues & Wallowas (Anthony Lakes),Midwinter,days_with_base,Days per 30 with a skiable base,48,nested,48,,0.0005438757768873189,0.8777362478431716,0.3949367405566347,False,2158
North Cascades (Mt Baker),Early season,storm_days,Storm days per 30 (>= 2 in of new snow),44,within_nino,15,0.04316243315178614,0.0018629956355824071,0.8778244351129774,0.6688990105175066,False,2158
Elk Mtns (Aspen/Crested Butte),Holidays,mean_swe,Base (mean SWE in window),46,nested,46,,0.0005631607797817632,0.8784744149789669,0.40301026636269627,False,2158
Front Range (Winter Park/Loveland/A-Basin),Holidays,mean_depth,Base (mean snow depth),28,nested,28,,0.0009902810913876437,0.8787093798651978,0.5082126283577936,False,2158
San Juans (Telluride/Purgatory/Wolf Ck),Early season,mean_swe,Base (mean SWE in window),48,within_nina,16,0.04261772800362312,0.0018162707401908026,0.879624075184963,0.6509928978614332,False,2158
San Francisco Peaks (AZ Snowbowl),Early season,big_storm_days,Powder days per 30 (>= 6 in of new snow),46,within_nina,16,-0.039905173703303445,0.001592422888290821,0.8798240351929614,0.6509928978614332,False,2158
Blues & Wallowas (Anthony Lakes),Midwinter,new_snow_in_total,Total new snow in the window (in),48,nested,48,,0.0005224307528021414,0.8801529775227594,0.3949367405566347,False,2158
Uinta Mtns,Midwinter,new_snow_in_total,Total new snow in the window (in),48,within_nino,16,-0.04216886962440588,0.0017782135654001408,0.8804239152169566,0.6509928978614332,False,2158
N Sierra / Tahoe (Palisades/Heavenly/Rose),Spring,mean_depth,Base (mean snow depth),28,within_nina,12,-0.04960575855233796,0.0024607312815528508,0.880623875224955,0.732389290340833,False,2158
Wasatch (Alta/Snowbird/Park City),Midwinter,big_storm_days,Powder days per 30 (>= 6 in of new snow),48,within_nino,16,-0.041015026567669526,0.001682232404346637,0.8818236352729454,0.6509928978614332,False,2158
Wasatch (Alta/Snowbird/Park City),Midwinter,days_with_base,Days per 30 with a skiable base,48,nested,48,,0.0005052491195878698,0.8821260699398222,0.3949367405566347,False,2158
Front Range (Winter Park/Loveland/A-Basin),Early season,mean_swe,Base (mean SWE in window),48,nested,48,,0.0005041028086458119,0.882258919870716,0.3949367405566347,False,2158
S Washington Cascades (Crystal/White Pass),Holidays,storm_days,Storm days per 30 (>= 2 in of new snow),45,nested,45,,0.0005372263874368877,0.8827134767415868,0.40723664075787896,False,2158
Wasatch (Alta/Snowbird/Park City),Midwinter,mean_swe,Base (mean SWE in window),48,nested,48,,0.0004954426225799339,0.8832676034714133,0.3949367405566347,False,2158
Central Cascades (Stevens/Snoqualmie),Early season,storm_days,Storm days per 30 (>= 2 in of new snow),45,nested,45,,0.0005288837999018863,0.8836214158094259,0.40723664075787896,False,2158
Front Range (Winter Park/Loveland/A-Basin),Spring,mean_swe,Base (mean SWE in window),48,within_nina,16,-0.040149787984638204,0.0016120054752113983,0.883623275344931,0.6509928978614332,False,2158
Park Range (Steamboat),Holidays,mean_swe,Base (mean SWE in window),47,within_nino,16,0.04004220112252283,0.0016033778707365688,0.8838232353529294,0.6509928978614332,False,2158
Mt Hood,Early season,mean_swe,Base (mean SWE in window),48,within_nina,16,-0.04121053471471937,0.00169830817147309,0.8840231953609278,0.6509928978614332,False,2158
Sawtooth & Smoky (Sun Valley),Holidays,mean_swe,Base (mean SWE in window),46,nested,46,,0.0005039879774271087,0.8849908223310325,0.40301026636269627,False,2158
Central Cascades (Stevens/Snoqualmie),Holidays,days_with_base,Days per 30 with a skiable base,45,within_nina,16,-0.039802679193252644,0.0015842532709609868,0.8850229954009198,0.6509928978614332,False,2158
Jemez & N New Mexico,Spring,mean_depth,Base (mean snow depth),25,nested,25,,0.0010182686033900902,0.8850752281139851,0.5351255042517953,False,2158
San Juans (Telluride/Purgatory/Wolf Ck),Holidays,new_snow_in_total,Total new snow in the window (in),47,within_nina,16,-0.042037627712405705,0.0017671621436868201,0.8852229554089183,0.6509928978614332,False,2158
Park Range (Steamboat),Holidays,days_with_base,Days per 30 with a skiable base,47,within_nino,16,-0.03827755536325581,0.0014651712445871137,0.8852229554089183,0.6509928978614332,False,2158
S Washington Cascades (Crystal/White Pass),Early season,new_snow_in_total,Total new snow in the window (in),45,within_nino,15,-0.043072226749061186,0.001855216717122542,0.8854229154169166,0.6688990105175066,False,2158
Ruby Mtns & NE Nevada,Early season,days_with_base,Days per 30 with a skiable base,46,within_nino,15,-0.041701336394842886,0.0017390014571158478,0.8854229154169166,0.6688990105175066,False,2158
Front Range (Winter Park/Loveland/A-Basin),Holidays,mean_swe,Base (mean SWE in window),48,nested,48,,0.000471602658598097,0.88609176017618,0.3949367405566347,False,2158
Wasatch (Alta/Snowbird/Park City),Holidays,days_with_base,Days per 30 with a skiable base,48,within_nino,16,0.038552584451529016,0.0014863017678922769,0.8882223555288942,0.6509928978614332,False,2158
Snowy Range & Sierra Madre,Holidays,new_snow_in_total,Total new snow in the window (in),46,within_nina,16,-0.03830264710296077,0.0014670927750939488,0.889622075584883,0.6509928978614332,False,2158
S Washington Cascades (Crystal/White Pass),Holidays,new_snow_in_total,Total new snow in the window (in),45,nested,45,,0.00046841018771327374,0.8904338443747164,0.40723664075787896,False,2158
N Sierra / Tahoe (Palisades/Heavenly/Rose),Midwinter,mean_depth,Base (mean snow depth),28,nested,28,,0.000796708824298672,0.8911307098550448,0.5082126283577936,False,2158
Central Oregon (Mt Bachelor),Early season,storm_days,Storm days per 30 (>= 2 in of new snow),46,within_nina,16,-0.03690992756976803,0.0013623427532055224,0.8912217556488702,0.6509928978614332,False,2158
Central Oregon (Mt Bachelor),Early season,storm_days,Storm days per 30 (>= 2 in of new snow),46,within_nino,15,-0.03874356122838363,0.0015010635366575111,0.8912217556488702,0.6688990105175066,False,2158
Ruby Mtns & NE Nevada,Holidays,new_snow_in_total,Total new snow in the window (in),46,within_nina,16,0.03632501080694929,0.0013195064101249826,0.8918216356728654,0.6509928978614332,False,2158
Gore & Tenmile (Vail/Summit/Copper),Holidays,mean_depth,Base (mean snow depth),28,nested,28,,0.0007862372587709979,0.8918443947313502,0.5082126283577936,False,2158
San Francisco Peaks (AZ Snowbowl),Spring,days_with_base,Days per 30 with a skiable base,46,within_nina,16,-0.037431748177778654,0.0014011357716446355,0.8926214757048591,0.6509928978614332,False,2158
Park Range (Steamboat),Midwinter,mean_depth,Base (mean snow depth),24,nested,24,,0.0009330625728211948,0.8926580779484173,0.5450809287304434,False,2158
Uinta Mtns,Midwinter,storm_days,Storm days per 30 (>= 2 in of new snow),48,within_nino,16,0.03753466259584266,0.0014088508961837504,0.8934213157368527,0.6509928978614332,False,2158
Wasatch (Alta/Snowbird/Park City),Early season,storm_days,Storm days per 30 (>= 2 in of new snow),48,within_nino,16,0.037315556619697585,0.0013924507658378562,0.8934213157368527,0.6509928978614332,False,2158
S Washington Cascades (Crystal/White Pass),Spring,new_snow_in_total,Total new snow in the window (in),45,within_nino,15,0.037883268533655,0.001435142034793015,0.8938212357528494,0.6688990105175066,False,2158
Elk Mtns (Aspen/Crested Butte),Early season,new_snow_in_total,Total new snow in the window (in),46,nested,46,,0.0004250847690224882,0.8943211379538736,0.40301026636269627,False,2158
W Central Idaho (Brundage/Tamarack),Holidays,big_storm_days,Powder days per 30 (>= 6 in of new snow),46,nested,46,,0.00042304453042836944,0.8945736202608798,0.40301026636269627,False,2158
Bridger/Gallatin/Madison (Big Sky),Spring,storm_days,Storm days per 30 (>= 2 in of new snow),60,within_nina,22,-0.029936146585353113,0.0008961728723797488,0.8946210757848431,0.5667539699566799,False,2158
S Utah (Brian Head/Eagle Point),Holidays,mean_depth,Base (mean snow depth),29,nested,29,,0.0007138085480409859,0.8947621783128473,0.5000974343469677,False,2158
Bridger/Gallatin/Madison (Big Sky),Spring,days_with_base,Days per 30 with a skiable base,60,nested,60,,0.0003146500961608136,0.8948569145956383,0.35493516594241575,False,2158
Sangre de Cristo (Taos/Santa Fe),Spring,big_storm_days,Powder days per 30 (>= 6 in of new snow),47,within_nina,16,0.03702012208453395,0.0013704894391537985,0.8954209158168366,0.6509928978614332,False,2158
Yellowstone & Wind River,Early season,new_snow_in_total,Total new snow in the window (in),48,nested,48,,0.00039558636360212987,0.8956197654987172,0.3949367405566347,False,2158
Whitefish & Flathead Range,Midwinter,days_with_base,Days per 30 with a skiable base,51,nested,51,,0.0003675207047634853,0.8959782660207577,0.3836852887827403,False,2158
E Cascades rain shadow (Mission Ridge),Early season,big_storm_days,Powder days per 30 (>= 6 in of new snow),45,within_nino,15,0.03767425861651786,0.0014193497623042701,0.8960207958408318,0.6688990105175066,False,2158
Bighorn Mtns,Midwinter,days_with_base,Days per 30 with a skiable base,48,nested,48,,0.0003906367853580425,0.8962712371665249,0.3949367405566347,False,2158
Beartooth & Absaroka (Red Lodge),Early season,days_with_base,Days per 30 with a skiable base,46,within_nino,15,-0.041136241609249544,0.0016921903737345534,0.8972205558888222,0.6688990105175066,False,2158
Jemez & N New Mexico,Midwinter,storm_days,Storm days per 30 (>= 2 in of new snow),46,within_nina,16,-0.03411784957534488,0.001164027659645861,0.8974205158968206,0.6509928978614332,False,2158
Beartooth & Absaroka (Red Lodge),Early season,mean_swe,Base (mean SWE in window),53,within_nina,19,-0.03153264608385449,0.000994307769049624,0.8986202759448111,0.6046192670424827,False,2158
Snowy Range & Sierra Madre,Spring,mean_depth,Base (mean snow depth),24,nested,24,,0.0008256697946509301,0.8989917422695248,0.5450809287304434,False,2158
Bridger/Gallatin/Madison (Big Sky),Holidays,storm_days,Storm days per 30 (>= 2 in of new snow),60,within_nino,20,-0.030332793670247955,0.0009200783718418344,0.8990201959608078,0.5911839833526782,False,2158
Selkirk & Cabinet (Schweitzer/Silver),Spring,new_snow_in_total,Total new snow in the window (in),46,within_nino,15,-0.03549046891528235,0.0012595733838266226,0.8998200359928015,0.6688990105175066,False,2158
Mt Hood,Early season,storm_days,Storm days per 30 (>= 2 in of new snow),48,within_nino,16,0.035432365329946376,0.001255452512874786,0.9006198760247951,0.6509928978614332,False,2158
Sawtooth & Smoky (Sun Valley),Holidays,new_snow_in_total,Total new snow in the window (in),46,nested,46,,0.0003727038383865721,0.9010117467375109,0.40301026636269627,False,2158
Tetons (Jackson/Targhee),Midwinter,mean_swe,Base (mean SWE in window),46,within_nino,15,-0.033804426529989766,0.001142739253021476,0.9012197560487902,0.6688990105175066,False,2158
Elk Mtns (Aspen/Crested Butte),Spring,days_with_base,Days per 30 with a skiable base,46,within_nino,15,0.03187880087605351,0.0010162579452950703,0.9014197160567886,0.6688990105175066,False,2158
San Francisco Peaks (AZ Snowbowl),Holidays,storm_days,Storm days per 30 (>= 2 in of new snow),46,nested,46,,0.00036956833994483907,0.9014269555834753,0.40301026636269627,False,2158
North Cascades (Mt Baker),Early season,storm_days,Storm days per 30 (>= 2 in of new snow),44,nested,44,,0.00038711384975562564,0.9015736216519946,0.41159838137646865,False,2158
Snowy Range & Sierra Madre,Early season,big_storm_days,Powder days per 30 (>= 6 in of new snow),46,within_nino,15,-0.03408150011040243,0.001161548649775361,0.9020195960807839,0.6688990105175066,False,2158
Gore & Tenmile (Vail/Summit/Copper),Early season,mean_depth,Base (mean snow depth),28,nested,28,,0.0006429342648372026,0.9021449316201852,0.5082126283577936,False,2158
Whitefish & Flathead Range,Early season,mean_depth,Base (mean snow depth),25,nested,25,,0.0007364476974251478,0.902177141518241,0.5351255042517953,False,2158
Tetons (Jackson/Targhee),Early season,mean_swe,Base (mean SWE in window),46,nested,46,,0.00036257436868081136,0.9023595989482722,0.40301026636269627,False,2158
Blues & Wallowas (Anthony Lakes),Early season,storm_days,Storm days per 30 (>= 2 in of new snow),48,nested,48,,0.00034320750348800893,0.9027398488831458,0.3949367405566347,False,2158
Park Range (Steamboat),Early season,mean_depth,Base (mean snow depth),24,nested,24,,0.0007586228197443099,0.9031602047524822,0.5450809287304434,False,2158
S Washington Cascades (Crystal/White Pass),Spring,big_storm_days,Powder days per 30 (>= 6 in of new snow),45,within_nina,16,-0.030588148238186185,0.0009356348126412527,0.9038192361527695,0.6509928978614332,False,2158
Beartooth & Absaroka (Red Lodge),Early season,mean_depth,Base (mean snow depth),25,nested,25,,0.0007103523647383508,0.9039179749134912,0.5351255042517953,False,2158
Bighorn Mtns,Midwinter,new_snow_in_total,Total new snow in the window (in),48,within_nina,16,-0.03156747972644145,0.0009965057762792921,0.9044191161767646,0.6509928978614332,False,2158
Central Oregon (Mt Bachelor),Holidays,days_with_base,Days per 30 with a skiable base,46,within_nino,15,0.0333487756014024,0.0011121408341126919,0.9044191161767646,0.6688990105175066,False,2158
S Washington Cascades (Crystal/White Pass),Holidays,mean_swe,Base (mean SWE in window),45,nested,45,,0.00035500861269219545,0.9045442225534439,0.40723664075787896,False,2158
Whitefish & Flathead Range,Early season,mean_swe,Base (mean SWE in window),52,nested,52,,0.0003023036654378275,0.9046073543317111,0.38014271330980004,False,2158
San Juans (Telluride/Purgatory/Wolf Ck),Early season,mean_swe,Base (mean SWE in window),48,within_nino,16,0.032590144381341994,0.0010621175107967172,0.904619076184763,0.6509928978614332,False,2158
Yellowstone & Wind River,Holidays,mean_swe,Base (mean SWE in window),48,nested,48,,0.0003265461955440857,0.9051189605868923,0.3949367405566347,False,2158
W Central Idaho (Brundage/Tamarack),Midwinter,mean_depth,Base (mean snow depth),25,nested,25,,0.0006900990078225031,0.9052915453713715,0.5351255042517953,False,2158
San Francisco Peaks (AZ Snowbowl),Holidays,mean_depth,Base (mean snow depth),24,nested,24,,0.0007206212871316257,0.9056061063850577,0.5450809287304434,False,2158
Tetons (Jackson/Targhee),Holidays,days_with_base,Days per 30 with a skiable base,46,within_nino,15,-0.03207007723960466,0.0010284898541542088,0.907618476304739,0.6688990105175066,False,2158
Sawtooth & Smoky (Sun Valley),Early season,storm_days,Storm days per 30 (>= 2 in of new snow),46,within_nino,15,-0.032700291064023446,0.0010693090356718516,0.9078184363127374,0.6688990105175066,False,2158
Uinta Mtns,Midwinter,days_with_base,Days per 30 with a skiable base,48,within_nina,16,0.03058271553528659,0.0009353024895122597,0.9078184363127374,0.6509928978614332,False,2158
Gore & Tenmile (Vail/Summit/Copper),Holidays,mean_swe,Base (mean SWE in window),48,nested,48,,0.00030632473877574345,0.9080906842884435,0.3949367405566347,False,2158
Selkirk & Cabinet (Schweitzer/Silver),Midwinter,days_with_base,Days per 30 with a skiable base,45,nested,45,,0.0003281851870758921,0.9082052458204288,0.40723664075787896,False,2158
Tetons (Jackson/Targhee),Holidays,big_storm_days,Powder days per 30 (>= 6 in of new snow),46,within_nina,16,-0.029989629618791664,0.0008993778846723063,0.908618276344731,0.6509928978614332,False,2158
Beartooth & Absaroka (Red Lodge),Early season,new_snow_in_total,Total new snow in the window (in),53,within_nino,18,-0.029716359636702674,0.0008830620300578519,0.9088182363527294,0.6189900709973589,False,2158
Sangre de Cristo (Taos/Santa Fe),Holidays,mean_swe,Base (mean SWE in window),47,within_nina,16,-0.03112757022506167,0.0009689256281161458,0.9088182363527294,0.6509928978614332,False,2158
Bridger/Gallatin/Madison (Big Sky),Spring,big_storm_days,Powder days per 30 (>= 6 in of new snow),60,nested,60,,0.00023599924273707897,0.9088768031106196,0.35493516594241575,False,2158
Gore & Tenmile (Vail/Summit/Copper),Early season,storm_days,Storm days per 30 (>= 2 in of new snow),48,nested,48,,0.0002988056424954336,0.9092209323860531,0.3949367405566347,False,2158
Snowy Range & Sierra Madre,Spring,new_snow_in_total,Total new snow in the window (in),46,within_nina,16,0.03103204426263633,0.0009629877711182204,0.9094181163767247,0.6509928978614332,False,2158
S Washington Cascades (Crystal/White Pass),Holidays,days_with_base,Days per 30 with a skiable base,45,within_nina,16,-0.030714173577122025,0.0009433604585255808,0.9100179964007199,0.6509928978614332,False,2158
Selkirk & Cabinet (Schweitzer/Silver),Early season,days_with_base,Days per 30 with a skiable base,46,within_nina,16,-0.034841232173976514,0.0012139114594009362,0.910617876424715,0.6509928978614332,False,2158
Chugach (Alyeska),Midwinter,days_with_base,Days per 30 with a skiable base,43,within_nina,15,-0.03399161578726838,0.001155429943829273,0.9108178364327134,0.6688990105175066,False,2158
Wasatch (Alta/Snowbird/Park City),Spring,mean_swe,Base (mean SWE in window),48,nested,48,,0.00028384575413899693,0.9115133131085229,0.3949367405566347,False,2158
Central Oregon (Mt Bachelor),Early season,new_snow_in_total,Total new snow in the window (in),46,within_nina,16,-0.03180903541445334,0.0010118147339979466,0.912617476504699,0.6509928978614332,False,2158
San Francisco Peaks (AZ Snowbowl),Early season,mean_depth,Base (mean snow depth),24,nested,24,,0.000612212921056058,0.9129672559341998,0.5450809287304434,False,2158
Ruby Mtns & NE Nevada,Holidays,new_snow_in_total,Total new snow in the window (in),46,within_nino,15,-0.031004213618432072,0.0009612612620973688,0.9138172365526894,0.6688990105175066,False,2158
Wasatch (Alta/Snowbird/Park City),Midwinter,mean_swe,Base (mean SWE in window),48,within_nino,16,-0.027807790611504173,0.0007732732186932596,0.9138172365526894,0.6509928978614332,False,2158
W Central Idaho (Brundage/Tamarack),Early season,new_snow_in_total,Total new snow in the window (in),46,nested,46,,0.0002788484593505363,0.9143243963647526,0.40301026636269627,False,2158
North Cascades (Mt Baker),Spring,big_storm_days,Powder days per 30 (>= 6 in of new snow),44,within_nino,15,-0.030950273712535288,0.0009579194428808529,0.914617076584683,0.6688990105175066,False,2158
Bitterroot & Lolo (Montana Snowbowl),Holidays,big_storm_days,Powder days per 30 (>= 6 in of new snow),59,nested,59,,0.00020973745270073908,0.9148506415499001,0.3578147819208976,False,2158
Uinta Mtns,Early season,mean_depth,Base (mean snow depth),30,nested,30,,0.0004438657611967819,0.9152563727960719,0.49235588997361723,False,2158
Selkirk & Cabinet (Schweitzer/Silver),Midwinter,big_storm_days,Powder days per 30 (>= 6 in of new snow),46,within_nino,15,0.029459073743513524,0.000867837025825768,0.9156168766246751,0.6688990105175066,False,2158
Bridger/Gallatin/Madison (Big Sky),Midwinter,days_with_base,Days per 30 with a skiable base,60,nested,60,,0.000201324585298786,0.9158106056588818,0.35493516594241575,False,2158
Bridger/Gallatin/Madison (Big Sky),Holidays,storm_days,Storm days per 30 (>= 2 in of new snow),60,nested,60,,0.00019728882374332233,0.9166556864378367,0.35493516594241575,False,2158
S Washington Cascades (Crystal/White Pass),Early season,storm_days,Storm days per 30 (>= 2 in of new snow),45,within_nina,16,0.02972697192660128,0.0008836928599249405,0.9172165566886623,0.6509928978614332,False,2158
Wasatch (Alta/Snowbird/Park City),Spring,mean_depth,Base (mean snow depth),30,within_nina,12,-0.032331527007023526,0.0010453276386058917,0.9184163167366527,0.732389290340833,False,2158
Park Range (Steamboat),Spring,mean_depth,Base (mean snow depth),24,nested,24,,0.0005360802025308888,0.9185398125696524,0.5450809287304434,False,2158
E Cascades rain shadow (Mission Ridge),Holidays,mean_swe,Base (mean SWE in window),45,within_nina,16,0.02728049887553904,0.0007442256188982868,0.9186162767446511,0.6509928978614332,False,2158
Sawtooth & Smoky (Sun Valley),Early season,mean_swe,Base (mean SWE in window),46,nested,46,,0.00024248351803907435,0.9200866534924901,0.40301026636269627,False,2158
S Utah (Brian Head/Eagle Point),Midwinter,days_with_base,Days per 30 with a skiable base,48,within_nino,16,0.028365112064091758,0.0008045795824084838,0.9202159568086383,0.6509928978614332,False,2158
Uinta Mtns,Holidays,big_storm_days,Powder days per 30 (>= 6 in of new snow),48,nested,48,,0.0002220322159287101,0.921705291872635,0.3949367405566347,False,2158
Bitterroot & Lolo (Montana Snowbowl),Spring,new_snow_in_total,Total new snow in the window (in),59,within_nina,22,0.021343622809688077,0.00045555023464223716,0.9220155968806238,0.5667539699566799,False,2158
Whitefish & Flathead Range,Holidays,mean_depth,Base (mean snow depth),25,nested,25,,0.0004664524102708941,0.9220808961457357,0.5351255042517953,False,2158
Park Range (Steamboat),Midwinter,storm_days,Storm days per 30 (>= 2 in of new snow),47,within_nino,16,0.026696341171401485,0.000712694631939866,0.9224155168966207,0.6509928978614332,False,2158
San Francisco Peaks (AZ Snowbowl),Midwinter,storm_days,Storm days per 30 (>= 2 in of new snow),46,within_nino,15,0.02913251233005142,0.000848703274660598,0.9226154769046191,0.6688990105175066,False,2158
Yellowstone & Wind River,Early season,storm_days,Storm days per 30 (>= 2 in of new snow),48,within_nino,16,-0.025215269055655746,0.0006358097935491102,0.9228154369126175,0.6509928978614332,False,2158
Elk Mtns (Aspen/Crested Butte),Holidays,big_storm_days,Powder days per 30 (>= 6 in of new snow),46,nested,46,,0.00021800227714503865,0.924215651059415,0.40301026636269627,False,2158
Whitefish & Flathead Range,Holidays,storm_days,Storm days per 30 (>= 2 in of new snow),52,nested,52,,0.00018973186364362046,0.9243624188929249,0.38014271330980004,False,2158
San Francisco Peaks (AZ Snowbowl),Spring,big_storm_days,Powder days per 30 (>= 6 in of new snow),46,within_nina,16,0.025425018544774452,0.0006464315680021248,0.9244151169766047,0.6509928978614332,False,2158
Mt Hood,Spring,big_storm_days,Powder days per 30 (>= 6 in of new snow),48,within_nina,16,-0.025960489158632152,0.0006739469973554575,0.9246150769846031,0.6509928978614332,False,2158
N Sierra / Tahoe (Palisades/Heavenly/Rose),Holidays,big_storm_days,Powder days per 30 (>= 6 in of new snow),48,within_nino,16,-0.026053171999945782,0.0006787677712587589,0.9250149970005999,0.6509928978614332,False,2158
Snowy Range & Sierra Madre,Early season,mean_swe,Base (mean SWE in window),46,nested,46,,0.00021199057798657387,0.9252648902974642,0.40301026636269627,False,2158
White Mtns AZ (Sunrise Park),Midwinter,big_storm_days,Powder days per 30 (>= 6 in of new snow),46,within_nino,15,-0.029736885159272804,0.0008842823389757792,0.9254149170165967,0.6688990105175066,False,2158
Mt Hood,Holidays,storm_days,Storm days per 30 (>= 2 in of new snow),48,nested,48,,0.0001961768117146666,0.9263917032263685,0.3949367405566347,False,2158
Selkirk & Cabinet (Schweitzer/Silver),Midwinter,new_snow_in_total,Total new snow in the window (in),46,nested,46,,0.0002054313326756554,0.9264269583735493,0.40301026636269627,False,2158
Uinta Mtns,Holidays,mean_swe,Base (mean SWE in window),48,within_nino,16,0.024441526091326538,0.0005973881976729959,0.9270145970805839,0.6509928978614332,False,2158
Blues & Wallowas (Anthony Lakes),Early season,days_with_base,Days per 30 with a skiable base,48,within_nino,16,-0.03034028504320889,0.0009205328965031651,0.9276144771045791,0.6509928978614332,False,2158
San Francisco Peaks (AZ Snowbowl),Early season,new_snow_in_total,Total new snow in the window (in),46,within_nina,16,-0.024471255551735314,0.0005988423482783364,0.9278144371125775,0.6509928978614332,False,2158
Chugach (Alyeska),Spring,big_storm_days,Powder days per 30 (>= 6 in of new snow),43,within_nina,15,-0.024936481111804677,0.0006218280902393914,0.9278144371125775,0.6688990105175066,False,2158
Bitterroot & Lolo (Montana Snowbowl),Holidays,mean_swe,Base (mean SWE in window),59,within_nino,20,-0.020687492366383512,0.0004279723404091761,0.9284143171365726,0.5911839833526782,False,2158
S Utah (Brian Head/Eagle Point),Holidays,days_with_base,Days per 30 with a skiable base,47,within_nino,16,-0.027150924006725613,0.0007371726744189892,0.9284143171365726,0.6509928978614332,False,2158
E Cascades rain shadow (Mission Ridge),Early season,new_snow_in_total,Total new snow in the window (in),45,within_nina,16,0.02396398238877575,0.0005742724519295542,0.9284143171365726,0.6509928978614332,False,2158
San Francisco Peaks (AZ Snowbowl),Early season,mean_swe,Base (mean SWE in window),46,nested,46,,0.00019368721987348894,0.928555332005898,0.40301026636269627,False,2158
Blues & Wallowas (Anthony Lakes),Early season,mean_depth,Base (mean snow depth),28,within_nina,12,-0.02912270811809369,0.0008481321281316802,0.9288142371525695,0.732389290340833,False,2158
Black Hills (Terry Peak),Early season,mean_swe,Base (mean SWE in window),26,nested,26,,0.00037060823791070055,0.9288558554032819,0.5256903151516702,False,2158
Central Oregon (Mt Bachelor),Spring,big_storm_days,Powder days per 30 (>= 6 in of new snow),46,nested,46,,0.00019203539893546915,0.9288598520943732,0.40301026636269627,False,2158
E Cascades rain shadow (Mission Ridge),Early season,mean_swe,Base (mean SWE in window),45,within_nino,15,0.02562950057180778,0.0006568712995602954,0.9292141571685663,0.6688990105175066,False,2158
S Utah (Brian Head/Eagle Point),Holidays,storm_days,Storm days per 30 (>= 2 in of new snow),47,within_nina,16,-0.025525257157896847,0.0006515387529767643,0.9298140371925615,0.6509928978614332,False,2158
Bitterroot & Lolo (Montana Snowbowl),Early season,days_with_base,Days per 30 with a skiable base,43,within_nina,16,-0.024651141987385074,0.0006076788012822193,0.9298140371925615,0.6509928978614332,False,2158
Chugach (Alyeska),Spring,new_snow_in_total,Total new snow in the window (in),43,within_nina,15,0.022672358017696168,0.0005140358180825917,0.9300139972005599,0.6688990105175066,False,2158
E Cascades rain shadow (Mission Ridge),Holidays,storm_days,Storm days per 30 (>= 2 in of new snow),45,nested,45,,0.00018959547891275055,0.9301666099640824,0.40723664075787896,False,2158
Gore & Tenmile (Vail/Summit/Copper),Early season,big_storm_days,Powder days per 30 (>= 6 in of new snow),48,within_nina,16,0.023927614055568015,0.0005725307143922161,0.9302139572085583,0.6509928978614332,False,2158
Wasatch (Alta/Snowbird/Park City),Holidays,mean_swe,Base (mean SWE in window),48,within_nino,16,0.02286299958229016,0.0005227167498998,0.9306138772245551,0.6509928978614332,False,2158
Park Range (Steamboat),Spring,mean_swe,Base (mean SWE in window),47,within_nino,16,-0.023606530072679998,0.0005572682620723451,0.9308138372325535,0.6509928978614332,False,2158
San Francisco Peaks (AZ Snowbowl),Midwinter,days_with_base,Days per 30 with a skiable base,46,within_nina,16,0.022749702437067313,0.0005175489609751064,0.9310137972405519,0.6509928978614332,False,2158
Elk Mtns (Aspen/Crested Butte),Early season,big_storm_days,Powder days per 30 (>= 6 in of new snow),46,within_nina,16,-0.028913216653917863,0.0008359740972763933,0.9310137972405519,0.6509928978614332,False,2158
S Washington Cascades (Crystal/White Pass),Midwinter,new_snow_in_total,Total new snow in the window (in),45,nested,45,,0.00018253788079511548,0.9314755521532874,0.40723664075787896,False,2158
Park Range (Steamboat),Early season,days_with_base,Days per 30 with a skiable base,47,nested,47,,0.00017348610308562374,0.9315667350001335,0.39891242123069554,False,2158
San Juans (Telluride/Purgatory/Wolf Ck),Holidays,mean_depth,Base (mean snow depth),26,nested,26,,0.00033987673755438315,0.9318624044831656,0.5256903151516702,False,2158
Whitefish & Flathead Range,Early season,mean_swe,Base (mean SWE in window),52,within_nina,18,0.02359075641619098,0.0005565237882880558,0.9324135172965407,0.6189900709973589,False,2158
North Cascades (Mt Baker),Early season,days_with_base,Days per 30 with a skiable base,44,within_nina,16,-0.023744072342839644,0.0005637809714220025,0.9334133173365327,0.6509928978614332,False,2158
White Mtns AZ (Sunrise Park),Early season,mean_swe,Base (mean SWE in window),46,nested,46,,0.00016655691541879073,0.9337357697216752,0.40301026636269627,False,2158
S Washington Cascades (Crystal/White Pass),Spring,big_storm_days,Powder days per 30 (>= 6 in of new snow),45,nested,45,,0.00016859658066764753,0.9341383286915171,0.40723664075787896,False,2158
North Cascades (Mt Baker),Holidays,days_with_base,Days per 30 with a skiable base,44,nested,44,,0.00017250505952165607,0.9342065560663475,0.41159838137646865,False,2158
San Francisco Peaks (AZ Snowbowl),Spring,storm_days,Storm days per 30 (>= 2 in of new snow),46,within_nina,16,-0.02063126143162589,0.0004256489482600939,0.9348130373925215,0.6509928978614332,False,2158
Chugach (Alyeska),Midwinter,mean_swe,Base (mean SWE in window),43,within_nina,15,0.022780042282257554,0.000518930326381442,0.9350129974005199,0.6688990105175066,False,2158
Bighorn Mtns,Spring,big_storm_days,Powder days per 30 (>= 6 in of new snow),48,within_nina,16,0.023383565114547474,0.0005467911174662816,0.9350129974005199,0.6509928978614332,False,2158
Black Hills (Terry Peak),Early season,big_storm_days,Powder days per 30 (>= 6 in of new snow),26,nested,26,,0.0003071433161973471,0.9352195481829405,0.5256903151516702,False,2158
Gore & Tenmile (Vail/Summit/Copper),Holidays,days_with_base,Days per 30 with a skiable base,48,within_nino,16,0.020749154397996225,0.0004305274082318861,0.9360127974405119,0.6509928978614332,False,2158
Chugach (Alyeska),Spring,storm_days,Storm days per 30 (>= 2 in of new snow),43,within_nina,15,0.019845836167124552,0.0003938572131723489,0.9360127974405119,0.6688990105175066,False,2158
Front Range (Winter Park/Loveland/A-Basin),Holidays,days_with_base,Days per 30 with a skiable base,48,within_nino,16,0.020231581859636034,0.0004093169045431539,0.9368126374725055,0.6509928978614332,False,2158
Bighorn Mtns,Holidays,days_with_base,Days per 30 with a skiable base,48,nested,48,,0.00014344940491913775,0.9370330776625021,0.3949367405566347,False,2158
Bighorn Mtns,Holidays,storm_days,Storm days per 30 (>= 2 in of new snow),48,within_nino,16,-0.021226495515515087,0.0004505641118701821,0.9372125574885023,0.6509928978614332,False,2158
S Utah (Brian Head/Eagle Point),Holidays,big_storm_days,Powder days per 30 (>= 6 in of new snow),47,within_nina,16,-0.02140057524325536,0.00045798462074223413,0.9384123175364927,0.6509928978614332,False,2158
Whitefish & Flathead Range,Spring,mean_swe,Base (mean SWE in window),52,nested,52,,0.00012529965995797653,0.9385025953975416,0.38014271330980004,False,2158
E Cascades rain shadow (Mission Ridge),Early season,storm_days,Storm days per 30 (>= 2 in of new snow),45,within_nino,15,0.021132403442977905,0.00044657847527678445,0.9386122775444911,0.6688990105175066,False,2158
North Cascades (Mt Baker),Early season,mean_swe,Base (mean SWE in window),44,nested,44,,0.0001500396333107295,0.9386313675179786,0.41159838137646865,False,2158
Whitefish & Flathead Range,Midwinter,big_storm_days,Powder days per 30 (>= 6 in of new snow),52,within_nina,18,0.019543693220152373,0.0003819559446834298,0.9394121175764847,0.6189900709973589,False,2158
N Sierra / Tahoe (Palisades/Heavenly/Rose),Holidays,new_snow_in_total,Total new snow in the window (in),48,within_nino,16,-0.02049130987718553,0.0004198937804828412,0.9404119176164767,0.6509928978614332,False,2158
North Cascades (Mt Baker),Early season,mean_swe,Base (mean SWE in window),44,within_nino,15,0.021302656461603703,0.00045380317232110597,0.9414117176564687,0.6688990105175066,False,2158
Bighorn Mtns,Midwinter,storm_days,Storm days per 30 (>= 2 in of new snow),48,within_nina,16,0.020635160990332815,0.0004258098690969532,0.9422115576884623,0.6509928978614332,False,2158
Chugach (Alyeska),Holidays,new_snow_in_total,Total new snow in the window (in),43,within_nino,15,0.022241579714260298,0.0004946878681857952,0.9424115176964607,0.6688990105175066,False,2158
San Francisco Peaks (AZ Snowbowl),Spring,mean_depth,Base (mean snow depth),24,nested,24,,0.0002631490208691309,0.9428801916752924,0.5450809287304434,False,2158
Yellowstone & Wind River,Spring,days_with_base,Days per 30 with a skiable base,48,within_nino,16,0.020349335673316298,0.0004140954623453033,0.9432113577284543,0.6509928978614332,False,2158
Snowy Range & Sierra Madre,Spring,mean_swe,Base (mean SWE in window),46,nested,46,,0.000122014254147317,0.9432674918928543,0.40301026636269627,False,2158
E Cascades rain shadow (Mission Ridge),Holidays,days_with_base,Days per 30 with a skiable base,45,within_nino,15,0.02061973854452805,0.00042517361764469574,0.9434113177364527,0.6688990105175066,False,2158
S Utah (Brian Head/Eagle Point),Midwinter,mean_swe,Base (mean SWE in window),48,within_nino,16,0.020231017949614398,0.00040929408727761996,0.9434113177364527,0.6509928978614332,False,2158
San Francisco Peaks (AZ Snowbowl),Midwinter,mean_swe,Base (mean SWE in window),46,nested,46,,0.00012099038307279979,0.9435056406980609,0.40301026636269627,False,2158
Ruby Mtns & NE Nevada,Holidays,big_storm_days,Powder days per 30 (>= 6 in of new snow),46,nested,46,,0.00011989605077608558,0.9437613007169832,0.40301026636269627,False,2158
Uinta Mtns,Spring,mean_swe,Base (mean SWE in window),48,within_nino,16,0.01773090717772605,0.00031438506934513714,0.9444111177764447,0.6509928978614332,False,2158
White Mtns AZ (Sunrise Park),Early season,new_snow_in_total,Total new snow in the window (in),46,within_nina,16,-0.018421755171206294,0.0003393610635878658,0.94501099780044,0.6509928978614332,False,2158
San Juans (Telluride/Purgatory/Wolf Ck),Early season,mean_depth,Base (mean snow depth),26,nested,26,,0.00021921003591025967,0.9452567115566592,0.5256903151516702,False,2158
Sangre de Cristo (Taos/Santa Fe),Midwinter,mean_swe,Base (mean SWE in window),47,nested,47,,0.0001080845998885771,0.9459605671535779,0.39891242123069554,False,2158
Central Cascades (Stevens/Snoqualmie),Midwinter,big_storm_days,Powder days per 30 (>= 6 in of new snow),45,within_nino,15,-0.020013126846359548,0.00040052524616847725,0.9466106778644271,0.6688990105175066,False,2158
Selkirk & Cabinet (Schweitzer/Silver),Spring,big_storm_days,Powder days per 30 (>= 6 in of new snow),46,within_nina,16,0.0214542264106321,0.00046028383087866396,0.9468106378724255,0.6509928978614332,False,2158
S Utah (Brian Head/Eagle Point),Early season,mean_swe,Base (mean SWE in window),47,nested,47,,0.00010441029747851093,0.946885702982238,0.39891242123069554,False,2158
Gore & Tenmile (Vail/Summit/Copper),Holidays,big_storm_days,Powder days per 30 (>= 6 in of new snow),48,nested,48,,0.00010094396086510702,0.9471636994173666,0.3949367405566347,False,2158
Tetons (Jackson/Targhee),Holidays,new_snow_in_total,Total new snow in the window (in),46,within_nino,15,-0.01932679093712544,0.000373524847927354,0.9472105578884223,0.6688990105175066,False,2158
Elk Mtns (Aspen/Crested Butte),Midwinter,mean_swe,Base (mean SWE in window),46,within_nina,16,-0.01970640588827142,0.0003883424330332985,0.9474105178964207,0.6509928978614332,False,2158
Beartooth & Absaroka (Red Lodge),Spring,storm_days,Storm days per 30 (>= 2 in of new snow),53,within_nino,18,-0.01465746553204599,0.00021484129582311626,0.9478104379124175,0.6189900709973589,False,2158
Tetons (Jackson/Targhee),Early season,mean_depth,Base (mean snow depth),24,nested,24,,0.00021512942284992144,0.9483466723432014,0.5450809287304434,False,2158
Ruby Mtns & NE Nevada,Early season,mean_swe,Base (mean SWE in window),46,nested,46,,9.658362841240743e-05,0.9495161987127174,0.40301026636269627,False,2158
North Cascades (Mt Baker),Spring,storm_days,Storm days per 30 (>= 2 in of new snow),44,within_nino,15,0.01657148892141088,0.0002746142450724435,0.9496100779844031,0.6688990105175066,False,2158
Sangre de Cristo (Taos/Santa Fe),Holidays,mean_depth,Base (mean snow depth),27,nested,27,,0.00017470389415865381,0.9499999245442614,0.5167321619197414,False,2158
North Cascades (Mt Baker),Early season,new_snow_in_total,Total new snow in the window (in),44,within_nino,15,0.018180758536428508,0.00033053998095991803,0.9500099980003999,0.6688990105175066,False,2158
Ruby Mtns & NE Nevada,Holidays,storm_days,Storm days per 30 (>= 2 in of new snow),46,within_nino,15,-0.01683430726654795,0.0002833939011445491,0.9500099980003999,0.6688990105175066,False,2158
Whitefish & Flathead Range,Holidays,big_storm_days,Powder days per 30 (>= 6 in of new snow),52,within_nino,18,0.01577472433343077,0.00024884192779573284,0.9502099580083984,0.6189900709973589,False,2158
Beartooth & Absaroka (Red Lodge),Holidays,mean_depth,Base (mean snow depth),25,nested,25,,0.00017929282839402048,0.9516477807713775,0.5351255042517953,False,2158
Whitefish & Flathead Range,Early season,mean_swe,Base (mean SWE in window),52,within_nino,18,0.01584560823830507,0.0002510833004418415,0.9518096380723855,0.6189900709973589,False,2158
S Washington Cascades (Crystal/White Pass),Holidays,big_storm_days,Powder days per 30 (>= 6 in of new snow),45,nested,45,,8.966490257099976e-05,0.9519445894974915,0.40723664075787896,False,2158
Park Range (Steamboat),Early season,new_snow_in_total,Total new snow in the window (in),47,within_nino,16,0.014217335262347057,0.00020213262196197706,0.9524095180963807,0.6509928978614332,False,2158
Gore & Tenmile (Vail/Summit/Copper),Early season,days_with_base,Days per 30 with a skiable base,46,within_nino,15,-0.01701779234141165,0.000289605256175409,0.9528094381123775,0.6688990105175066,False,2158
W Central Idaho (Brundage/Tamarack),Spring,mean_depth,Base (mean snow depth),25,nested,25,,0.0001695126247786585,0.9529835945680509,0.5351255042517953,False,2158
Chugach (Alyeska),Spring,days_with_base,Days per 30 with a skiable base,37,within_nina,13,-0.02085188148405335,0.0004348009614250069,0.9530093981203759,0.7093821438227795,False,2158
Bridger/Gallatin/Madison (Big Sky),Midwinter,mean_swe,Base (mean SWE in window),60,within_nino,20,0.011487047382891424,0.0001319522575767927,0.9552089582083584,0.5911839833526782,False,2158
N Sierra / Tahoe (Palisades/Heavenly/Rose),Spring,mean_swe,Base (mean SWE in window),48,within_nina,16,-0.016507788371197225,0.0002725070769082343,0.9552089582083584,0.6509928978614332,False,2158
S Washington Cascades (Crystal/White Pass),Early season,mean_swe,Base (mean SWE in window),45,within_nino,15,-0.015374840342070982,0.00023638571554417335,0.9566086782643471,0.6688990105175066,False,2158
E Cascades rain shadow (Mission Ridge),Spring,new_snow_in_total,Total new snow in the window (in),45,within_nina,16,0.014202533078948405,0.00020171194585862366,0.9572085582883423,0.6509928978614332,False,2158
North Cascades (Mt Baker),Early season,big_storm_days,Powder days per 30 (>= 6 in of new snow),44,nested,44,,7.020289727030774e-05,0.9580008547349763,0.41159838137646865,False,2158
Snowy Range & Sierra Madre,Holidays,mean_swe,Base (mean SWE in window),46,nested,46,,6.637034561996669e-05,0.9581423567196437,0.40301026636269627,False,2158
Central Oregon (Mt Bachelor),Early season,mean_swe,Base (mean SWE in window),46,within_nina,16,-0.01581919644062701,0.0002502469760271463,0.9584083183363328,0.6509928978614332,False,2158
S Utah (Brian Head/Eagle Point),Early season,big_storm_days,Powder days per 30 (>= 6 in of new snow),47,within_nina,16,0.01549783188662503,0.00024018279318609154,0.9598080383923215,0.6509928978614332,False,2158
Wasatch (Alta/Snowbird/Park City),Early season,big_storm_days,Powder days per 30 (>= 6 in of new snow),48,nested,48,,5.736536610557906e-05,0.960157228079045,0.3949367405566347,False,2158
North Cascades (Mt Baker),Holidays,mean_swe,Base (mean SWE in window),44,within_nino,15,-0.014330706224496096,0.00020536914089281115,0.9614077184563088,0.6688990105175066,False,2158
S Washington Cascades (Crystal/White Pass),Early season,storm_days,Storm days per 30 (>= 2 in of new snow),45,within_nino,15,0.014187250579370226,0.00020127807900184082,0.9616076784643072,0.6688990105175066,False,2158
Tetons (Jackson/Targhee),Early season,storm_days,Storm days per 30 (>= 2 in of new snow),46,nested,46,,5.497371855517078e-05,0.9619023421279265,0.40301026636269627,False,2158
Wasatch (Alta/Snowbird/Park City),Midwinter,mean_swe,Base (mean SWE in window),48,within_nina,16,0.012510982473347176,0.00015652468244840023,0.9620075984803039,0.6509928978614332,False,2158
Sangre de Cristo (Taos/Santa Fe),Holidays,storm_days,Storm days per 30 (>= 2 in of new snow),47,nested,47,,5.3173740282322564e-05,0.9620824409624396,0.39891242123069554,False,2158
S Washington Cascades (Crystal/White Pass),Early season,big_storm_days,Powder days per 30 (>= 6 in of new snow),45,within_nina,16,-0.011395152711334464,0.00012984950531463318,0.9622075584883023,0.6509928978614332,False,2158
Sangre de Cristo (Taos/Santa Fe),Spring,days_with_base,Days per 30 with a skiable base,47,nested,47,,5.134584756143363e-05,0.962739399190409,0.39891242123069554,False,2158
Yellowstone & Wind River,Holidays,mean_depth,Base (mean snow depth),28,within_nina,12,0.012457359238549955,0.00015518579919828593,0.9640071985602879,0.732389290340833,False,2158
Black Hills (Terry Peak),Holidays,new_snow_in_total,Total new snow in the window (in),26,nested,26,,9.457023984184969e-05,0.9640285216504667,0.5256903151516702,False,2158
W Central Idaho (Brundage/Tamarack),Early season,big_storm_days,Powder days per 30 (>= 6 in of new snow),46,nested,46,,4.871383755752021e-05,0.9641354809196981,0.40301026636269627,False,2158
Park Range (Steamboat),Early season,big_storm_days,Powder days per 30 (>= 6 in of new snow),47,nested,47,,4.489669581969167e-05,0.9651563602834432,0.39891242123069554,False,2158
Sawtooth & Smoky (Sun Valley),Early season,new_snow_in_total,Total new snow in the window (in),46,nested,46,,4.5712025621587966e-05,0.9652573643197321,0.40301026636269627,False,2158
Ruby Mtns & NE Nevada,Holidays,new_snow_in_total,Total new snow in the window (in),46,nested,46,,4.527040695541587e-05,0.9654254921685294,0.40301026636269627,False,2158
W Central Idaho (Brundage/Tamarack),Holidays,mean_swe,Base (mean SWE in window),46,nested,46,,4.518300274581522e-05,0.965458864915293,0.40301026636269627,False,2158
Tetons (Jackson/Targhee),Holidays,storm_days,Storm days per 30 (>= 2 in of new snow),46,within_nino,15,0.012157810332459117,0.00014781235208004967,0.9662067586482703,0.6688990105175066,False,2158
Bridger/Gallatin/Madison (Big Sky),Early season,storm_days,Storm days per 30 (>= 2 in of new snow),60,within_nino,20,0.010206714109003966,0.00010417701290294063,0.9666066786642672,0.5911839833526782,False,2158
Selkirk & Cabinet (Schweitzer/Silver),Spring,mean_depth,Base (mean snow depth),25,nested,25,,7.569713396522164e-05,0.968571973739068,0.5351255042517953,False,2158
Bighorn Mtns,Early season,big_storm_days,Powder days per 30 (>= 6 in of new snow),48,within_nino,16,-0.010398789924991434,0.00010813483190410336,0.9686062787442512,0.6509928978614332,False,2158
North Cascades (Mt Baker),Spring,mean_swe,Base (mean SWE in window),44,nested,44,,3.441995868523597e-05,0.9705851589708623,0.41159838137646865,False,2158
Mt Hood,Holidays,mean_swe,Base (mean SWE in window),48,nested,48,,2.986978862517538e-05,0.9712442760909612,0.3949367405566347,False,2158
Selkirk & Cabinet (Schweitzer/Silver),Midwinter,storm_days,Storm days per 30 (>= 2 in of new snow),46,nested,46,,3.062389433140783e-05,0.9715605355060146,0.40301026636269627,False,2158
Sawtooth & Smoky (Sun Valley),Holidays,big_storm_days,Powder days per 30 (>= 6 in of new snow),46,within_nina,16,-0.010377696522139336,0.00010769658510562287,0.9716056788642271,0.6509928978614332,False,2158
Chugach (Alyeska),Spring,new_snow_in_total,Total new snow in the window (in),43,nested,43,,3.271694952823956e-05,0.97168689378564,0.4161028431113385,False,2158
Wasatch (Alta/Snowbird/Park City),Midwinter,storm_days,Storm days per 30 (>= 2 in of new snow),48,nested,48,,2.8767680073556962e-05,0.9717795457130072,0.3949367405566347,False,2158
White Mtns AZ (Sunrise Park),Midwinter,new_snow_in_total,Total new snow in the window (in),46,within_nino,15,-0.0102750337415528,0.00010557631839004852,0.9722055588882224,0.6688990105175066,False,2158
Wasatch (Alta/Snowbird/Park City),Holidays,big_storm_days,Powder days per 30 (>= 6 in of new snow),48,within_nino,16,0.009814760056712316,9.632951497083554e-05,0.9724055188962207,0.6509928978614332,False,2158
Bitterroot & Lolo (Montana Snowbowl),Holidays,storm_days,Storm days per 30 (>= 2 in of new snow),59,nested,59,,2.14304264966647e-05,0.9727365602230021,0.3578147819208976,False,2158
Bitterroot & Lolo (Montana Snowbowl),Holidays,new_snow_in_total,Total new snow in the window (in),59,within_nino,20,0.009179379228335517,8.426100301759755e-05,0.973005398920216,0.5911839833526782,False,2158
Sangre de Cristo (Taos/Santa Fe),Early season,mean_swe,Base (mean SWE in window),47,within_nina,16,-0.010197696070909429,0.0001039930051546416,0.9732053589282144,0.6509928978614332,False,2158
Yellowstone & Wind River,Holidays,big_storm_days,Powder days per 30 (>= 6 in of new snow),48,within_nina,16,-0.010873706780856333,0.000118237499156041,0.9734053189362127,0.6509928978614332,False,2158
Uinta Mtns,Early season,big_storm_days,Powder days per 30 (>= 6 in of new snow),48,nested,48,,2.4126385492275158e-05,0.9741552806891118,0.3949367405566347,False,2158
Chugach (Alyeska),Holidays,new_snow_in_total,Total new snow in the window (in),43,within_nina,15,0.00784356839671462,6.152156519394035e-05,0.9742051589682064,0.6688990105175066,False,2158
E Cascades rain shadow (Mission Ridge),Holidays,big_storm_days,Powder days per 30 (>= 6 in of new snow),45,within_nino,15,0.009256603517647056,8.568470868291585e-05,0.9752049590081984,0.6688990105175066,False,2158
Selkirk & Cabinet (Schweitzer/Silver),Spring,storm_days,Storm days per 30 (>= 2 in of new snow),46,within_nino,15,-0.008314023322468502,6.912298380655019e-05,0.9752049590081984,0.6688990105175066,False,2158
Snowy Range & Sierra Madre,Early season,days_with_base,Days per 30 with a skiable base,46,within_nino,15,-0.008391417922485827,7.041589474981636e-05,0.9758048390321936,0.6688990105175066,False,2158
White Mtns AZ (Sunrise Park),Holidays,mean_depth,Base (mean snow depth),25,nested,25,,4.180060980885327e-05,0.9766430941967448,0.5351255042517953,False,2158
Mt Hood,Early season,new_snow_in_total,Total new snow in the window (in),48,within_nino,16,-0.009590143482545003,9.197085201580039e-05,0.9776044791041791,0.6509928978614332,False,2158
Park Range (Steamboat),Spring,big_storm_days,Powder days per 30 (>= 6 in of new snow),47,within_nino,16,0.007067026752115528,4.994286711511656e-05,0.9784043191361728,0.6509928978614332,False,2158
Whitefish & Flathead Range,Holidays,new_snow_in_total,Total new snow in the window (in),52,nested,52,,1.5410789375704745e-05,0.9784146037142217,0.38014271330980004,False,2158
Yellowstone & Wind River,Holidays,new_snow_in_total,Total new snow in the window (in),48,within_nina,16,0.007518804423944243,5.653241996552352e-05,0.9788042391521695,0.6509928978614332,False,2158
Ruby Mtns & NE Nevada,Early season,mean_swe,Base (mean SWE in window),46,within_nino,15,0.008101043680614295,6.56269087152208e-05,0.9788042391521695,0.6688990105175066,False,2158
Blues & Wallowas (Anthony Lakes),Midwinter,mean_swe,Base (mean SWE in window),48,nested,48,,1.5947093385332495e-05,0.9789868422796709,0.3949367405566347,False,2158
Central Cascades (Stevens/Snoqualmie),Holidays,mean_swe,Base (mean SWE in window),45,within_nina,16,-0.006626645249007853,4.391242725619835e-05,0.9792041591681664,0.6509928978614332,False,2158
Snowy Range & Sierra Madre,Spring,storm_days,Storm days per 30 (>= 2 in of new snow),46,within_nina,16,0.007384790719896806,5.4535133976673985e-05,0.9798040391921615,0.6509928978614332,False,2158
Selkirk & Cabinet (Schweitzer/Silver),Early season,big_storm_days,Powder days per 30 (>= 6 in of new snow),46,within_nino,15,0.0066791855016897685,4.461151896598281e-05,0.9808038392321535,0.6688990105175066,False,2158
Front Range (Winter Park/Loveland/A-Basin),Early season,storm_days,Storm days per 30 (>= 2 in of new snow),48,within_nino,16,0.006581511685051218,4.3316296060465724e-05,0.9812037592481504,0.6509928978614332,False,2158
North Cascades (Mt Baker),Holidays,storm_days,Storm days per 30 (>= 2 in of new snow),44,within_nino,15,0.00715692012348311,5.122150565391749e-05,0.9814037192561488,0.6688990105175066,False,2158
Sangre de Cristo (Taos/Santa Fe),Early season,big_storm_days,Powder days per 30 (>= 6 in of new snow),47,within_nino,16,0.006270683355607853,3.932146974629737e-05,0.9818036392721455,0.6509928978614332,False,2158
Gore & Tenmile (Vail/Summit/Copper),Early season,mean_swe,Base (mean SWE in window),48,nested,48,,1.1211638532520378e-05,0.9823802602118148,0.3949367405566347,False,2158
Bridger/Gallatin/Madison (Big Sky),Holidays,new_snow_in_total,Total new snow in the window (in),60,nested,60,,8.563317976566988e-06,0.9826066623179606,0.35493516594241575,False,2158
Ruby Mtns & NE Nevada,Midwinter,big_storm_days,Powder days per 30 (>= 6 in of new snow),46,within_nina,16,0.005444092563205369,2.9638143836748003e-05,0.9828034393121375,0.6509928978614332,False,2158
Front Range (Winter Park/Loveland/A-Basin),Early season,mean_swe,Base (mean SWE in window),48,within_nino,16,-0.004764072631484619,2.2696388038060784e-05,0.9828034393121375,0.6509928978614332,False,2158
Gore & Tenmile (Vail/Summit/Copper),Early season,mean_swe,Base (mean SWE in window),48,within_nino,16,-0.005414447402593959,2.931624067545647e-05,0.9830033993201359,0.6509928978614332,False,2158
Central Oregon (Mt Bachelor),Holidays,new_snow_in_total,Total new snow in the window (in),46,nested,46,,1.0099331392807621e-05,0.9836658350777718,0.40301026636269627,False,2158
Selkirk & Cabinet (Schweitzer/Silver),Early season,new_snow_in_total,Total new snow in the window (in),46,within_nino,15,0.004572240678982705,2.0905384826544228e-05,0.9842031593681264,0.6688990105175066,False,2158
Blues & Wallowas (Anthony Lakes),Holidays,storm_days,Storm days per 30 (>= 2 in of new snow),48,within_nino,16,0.0049548446174830585,2.4550485183400838e-05,0.9846030793841232,0.6509928978614332,False,2158
Blues & Wallowas (Anthony Lakes),Spring,mean_depth,Base (mean snow depth),28,nested,28,,1.471866251861249e-05,0.9851600026372354,0.5082126283577936,False,2158
Gore & Tenmile (Vail/Summit/Copper),Early season,new_snow_in_total,Total new snow in the window (in),48,nested,48,,7.756101475051847e-06,0.9853446163343017,0.3949367405566347,False,2158
Whitefish & Flathead Range,Holidays,mean_swe,Base (mean SWE in window),52,within_nino,18,0.004082004601844315,1.6662761569478166e-05,0.9856028794241152,0.6189900709973589,False,2158
E Cascades rain shadow (Mission Ridge),Spring,storm_days,Storm days per 30 (>= 2 in of new snow),45,within_nina,16,-0.004885266536037337,2.3865829128126243e-05,0.9856028794241152,0.6509928978614332,False,2158
W Central Idaho (Brundage/Tamarack),Midwinter,big_storm_days,Powder days per 30 (>= 6 in of new snow),46,within_nino,15,0.006172761988436482,3.810299056588631e-05,0.9860027994401119,0.6688990105175066,False,2158
Uinta Mtns,Holidays,days_with_base,Days per 30 with a skiable base,48,within_nino,16,-0.0062088020386542025,3.854922275519658e-05,0.9868026394721056,0.6509928978614332,False,2158
White Mtns AZ (Sunrise Park),Midwinter,mean_swe,Base (mean SWE in window),46,within_nina,16,0.0034524673732540087,1.1919530963383435e-05,0.9882023595280944,0.6509928978614332,False,2158
Blues & Wallowas (Anthony Lakes),Early season,new_snow_in_total,Total new snow in the window (in),48,nested,48,,4.83469976374261e-06,0.988429048136934,0.3949367405566347,False,2158
S Utah (Brian Head/Eagle Point),Early season,mean_swe,Base (mean SWE in window),47,within_nino,16,-0.004212687319546092,1.774673445226444e-05,0.9886022795440912,0.6509928978614332,False,2158
Central Oregon (Mt Bachelor),Spring,storm_days,Storm days per 30 (>= 2 in of new snow),46,nested,46,,3.820117741966492e-06,0.9899536760380833,0.40301026636269627,False,2158
White Mtns AZ (Sunrise Park),Holidays,big_storm_days,Powder days per 30 (>= 6 in of new snow),46,within_nino,15,-0.004032912163818547,1.6264380521075592e-05,0.9906018796240752,0.6688990105175066,False,2158
Sangre de Cristo (Taos/Santa Fe),Early season,mean_depth,Base (mean snow depth),25,nested,25,,2.6737625813057546e-06,0.9940920171143172,0.5351255042517953,False,2158
Central Cascades (Stevens/Snoqualmie),Holidays,mean_swe,Base (mean SWE in window),45,nested,45,,9.993011691154057e-07,0.994923907915587,0.40723664075787896,False,2158
San Francisco Peaks (AZ Snowbowl),Holidays,big_storm_days,Powder days per 30 (>= 6 in of new snow),46,within_nina,16,0.002350245731385009,5.523654997893456e-06,0.9954009198160368,0.6509928978614332,False,2158
Tetons (Jackson/Targhee),Holidays,big_storm_days,Powder days per 30 (>= 6 in of new snow),46,within_nino,15,-0.001860392245702086,3.461059307868451e-06,0.9954009198160368,0.6688990105175066,False,2158
Wasatch (Alta/Snowbird/Park City),Spring,mean_swe,Base (mean SWE in window),48,within_nina,16,-0.0010932603811539387,1.1952182610008554e-06,0.996000799840032,0.6509928978614332,False,2158
Central Oregon (Mt Bachelor),Holidays,big_storm_days,Powder days per 30 (>= 6 in of new snow),46,nested,46,,4.3108435471019444e-07,0.9966251090289037,0.40301026636269627,False,2158
Sangre de Cristo (Taos/Santa Fe),Early season,mean_swe,Base (mean SWE in window),47,nested,47,,3.8294311850106186e-07,0.9967810402433718,0.39891242123069554,False,2158
Uinta Mtns,Holidays,big_storm_days,Powder days per 30 (>= 6 in of new snow),48,within_nina,16,0.0015392499532407124,2.3692904185515354e-06,0.9968006398720256,0.6509928978614332,False,2158
Yellowstone & Wind River,Holidays,days_with_base,Days per 30 with a skiable base,48,within_nino,16,-0.0005350371397793778,2.862647409432974e-07,0.997000599880024,0.6509928978614332,False,2158
Black Hills (Terry Peak),Holidays,storm_days,Storm days per 30 (>= 2 in of new snow),26,nested,26,,3.2681446395106346e-07,0.9978847188757635,0.5256903151516702,False,2158
Blues & Wallowas (Anthony Lakes),Midwinter,mean_depth,Base (mean snow depth),28,nested,28,,5.259730435063095e-08,0.9991128342900896,0.5082126283577936,False,2158
Uinta Mtns,Early season,mean_swe,Base (mean SWE in window),48,within_nino,16,-0.00016005975096729008,2.5619123879710918e-08,0.9992001599680064,0.6509928978614332,False,2158
Uinta Mtns,Holidays,new_snow_in_total,Total new snow in the window (in),48,within_nina,16,-0.00043156703772857563,1.862501080538178e-07,0.9994001199760048,0.6509928978614332,False,2158
E Cascades rain shadow (Mission Ridge),Holidays,new_snow_in_total,Total new snow in the window (in),45,nested,45,,1.1486750844046895e-08,0.9994557697429054,0.40723664075787896,False,2158
Central Oregon (Mt Bachelor),Spring,new_snow_in_total,Total new snow in the window (in),46,nested,46,,1.1171317199973133e-08,0.9994567096089458,0.40301026636269627,False,2158
Central Cascades (Stevens/Snoqualmie),Early season,big_storm_days,Powder days per 30 (>= 6 in of new snow),45,within_nina,16,0.0001909951509871001,3.647914770058517e-08,0.9998000399920016,0.6509928978614332,False,2158
