region,window,metric,metric_label,unit,n_winters,all_winters,n_nino,mean_nino,n_nina,mean_nina,n_neutral,mean_neutral,nino_minus_all,nina_minus_all,nino_minus_nina,pct_change_nino,pct_change_nina
Beartooth & Absaroka (Red Lodge),Early season,big_storm_days_per_window,Powder days (>= 6 in of new snow),days,53,1.1179725446452495,18,1.014412746958261,19,1.3564965639402553,16,0.9512300441302917,-0.10355979768698864,0.23852401929500577,-0.3420838169819944,-9.263178973670575,21.33540939242772
Beartooth & Absaroka (Red Lodge),Early season,storm_days_per_window,Storm days (>= 2 in of new snow),days,53,6.8937613892732905,18,6.0211018697073175,19,7.812222607712303,16,6.784830651888683,-0.872659519565973,0.9184612184390124,-1.7911207380049854,-12.65868471925694,13.32307816554458
Beartooth & Absaroka (Red Lodge),Early season,new_snow_in_total,Total new snow in the window,in,53,43.21959908222309,18,38.65949053882499,19,48.20300596412527,16,42.43192552128713,-4.560108543398101,4.983406881902177,-9.543515425300278,-10.551020000724039,11.530432923316798
Beartooth & Absaroka (Red Lodge),Early season,days_with_base_per_window,Days with a skiable base,days,53,2.5585969061121654,18,1.5300311386716825,19,4.13467544287032,16,1.844140132082401,-1.028565767440483,1.5760785367581542,-2.6046443041986374,-40.20038345951912,61.59932942125824
Beartooth & Absaroka (Red Lodge),Early season,mean_swe_in,Average base (snow water equivalent),in,53,4.2512014584100255,18,3.9896934291750545,19,4.722536857897756,16,3.9856872044076868,-0.26150802923497096,0.47133539948773073,-0.7328434287227017,-6.1513911253873275,11.087110410994566
Beartooth & Absaroka (Red Lodge),Early season,mean_depth_in,Average base (snow depth),in,25,16.83229880795287,9,15.783425042919552,9,19.087006647081868,7,15.281940712687001,-1.0488737650333189,2.254707839128997,-3.303581604162316,-6.231316215333288,13.395127218533574
Beartooth & Absaroka (Red Lodge),Holidays,big_storm_days_per_window,Powder days (>= 6 in of new snow),days,53,0.43048831804464227,18,0.3256291328939577,19,0.4499053428387607,16,0.5253971843961468,-0.1048591851506846,0.019417024794118443,-0.12427620994480304,-24.358195276232916,4.51046497203784
Beartooth & Absaroka (Red Lodge),Holidays,storm_days_per_window,Storm days (>= 2 in of new snow),days,53,3.391244355089237,18,2.446587795226303,19,3.7840017718819654,16,3.987583552493673,-0.944656559862934,0.39275741679272835,-1.3374139766556623,-27.85575030726668,11.581513322781287
Beartooth & Absaroka (Red Lodge),Holidays,new_snow_in_total,Total new snow in the window,in,53,20.379373603775026,18,15.76427834031058,19,22.199752760391416,16,23.409655526690543,-4.615095263464445,1.82037915661639,-6.435474420080835,-22.645913231648866,8.932458828269322
Beartooth & Absaroka (Red Lodge),Holidays,days_with_base_per_window,Days with a skiable base,days,53,6.224008727960351,18,4.392851701703996,19,7.53633318702058,16,6.725675087364728,-1.8311570262563555,1.3123244590602292,-3.1434814853165847,-29.42086212106643,21.08487498040972
Beartooth & Absaroka (Red Lodge),Holidays,mean_swe_in,Average base (snow water equivalent),in,53,8.07735968947961,18,7.23522036493686,19,8.81252285616656,16,8.15176016914945,-0.8421393245427504,0.7351631666869487,-1.5773024912296991,-10.42592328331742,9.10152815956017
Beartooth & Absaroka (Red Lodge),Holidays,mean_depth_in,Average base (snow depth),in,25,30.437931276433652,9,27.150746810055367,9,32.91283581806048,7,31.48229117968552,-3.287184466378285,2.4749045416268274,-5.762089008005113,-10.799631671825752,8.130988006872215
Beartooth & Absaroka (Red Lodge),Midwinter,big_storm_days_per_window,Powder days (>= 6 in of new snow),days,53,1.1795637869998097,18,0.8819637317935093,19,1.461681535196186,16,1.1793490231237,-0.2976000552063004,0.28211774819637636,-0.5797178034026768,-25.229670365113403,23.917125237791137
Beartooth & Absaroka (Red Lodge),Midwinter,storm_days_per_window,Storm days (>= 2 in of new snow),days,53,8.497941707813423,18,7.39574472107696,19,9.186701631405972,16,8.92001090862579,-1.1021969867364634,0.6887599235925492,-1.7909569103290126,-12.970164124838012,8.10502057173762
Beartooth & Absaroka (Red Lodge),Midwinter,new_snow_in_total,Total new snow in the window,in,53,52.00477837651803,18,46.19248942589782,19,56.57572562226735,16,53.11560359163842,-5.812288950620214,4.570947245749316,-10.38323619636953,-11.176451726298797,8.78947548368605
Beartooth & Absaroka (Red Lodge),Midwinter,days_with_base_per_window,Days with a skiable base,days,53,31.76526224004269,18,28.32511123502165,19,34.12372060076382,16,32.834762817335026,-3.4401510050210398,2.3584583607211265,-5.798609365742166,-10.82991533022652,7.4246462783741745
Beartooth & Absaroka (Red Lodge),Midwinter,mean_swe_in,Average base (snow water equivalent),in,53,12.389060518675564,18,11.03138295658966,19,13.623070170066896,16,12.451061314994995,-1.3576775620859038,1.2340096513913323,-2.591687213477236,-10.958680523348066,9.960478032463858
Beartooth & Absaroka (Red Lodge),Midwinter,mean_depth_in,Average base (snow depth),in,25,43.060862252054804,9,38.884296891108164,9,46.69674213778718,7,43.756029291615974,-4.17656536094664,3.635879885732379,-7.812445246679019,-9.699214420044132,8.443583559590426
Beartooth & Absaroka (Red Lodge),Spring,big_storm_days_per_window,Powder days (>= 6 in of new snow),days,53,1.0012620184568253,18,0.9093034141236126,19,0.9948208985430718,16,1.112364278229272,-0.09195860433321268,-0.0064411199137535124,-0.08551748441945917,-9.184269715427936,-0.6433001347320412
Beartooth & Absaroka (Red Lodge),Spring,storm_days_per_window,Storm days (>= 2 in of new snow),days,53,7.33272185450589,18,6.55600669707313,19,8.00484188522449,16,7.4083838701394065,-0.7767151574327604,0.6721200307185997,-1.4488351881513601,-10.592453564231079,9.166037442230106
Beartooth & Absaroka (Red Lodge),Spring,new_snow_in_total,Total new snow in the window,in,53,45.015101871079175,18,40.74282591138176,19,48.34971287694149,16,45.861561756277226,-4.272275959697417,3.334611005862314,-7.606886965559731,-9.490761504734534,7.407760656440277
Beartooth & Absaroka (Red Lodge),Spring,days_with_base_per_window,Days with a skiable base,days,53,36.04448056785728,18,34.622997264963885,19,37.99878698651531,16,35.32291041145592,-1.4214833028933924,1.9543064186580352,-3.3757897215514276,-3.943692017470776,5.421929759755758
Beartooth & Absaroka (Red Lodge),Spring,mean_swe_in,Average base (snow water equivalent),in,53,17.81626003882088,18,15.737769523160502,19,19.684688189163495,16,17.935803440406936,-2.078490515660377,1.8684281503426163,-3.9469186660029933,-11.666256055599963,10.487207451347198
Beartooth & Absaroka (Red Lodge),Spring,mean_depth_in,Average base (snow depth),in,25,53.778794673146805,9,48.18592760500944,9,58.88693678644667,7,54.40201247222354,-5.592867068137366,5.108142113299863,-10.701009181437229,-10.399762772909513,9.498431759852169
Bighorn Mtns,Early season,big_storm_days_per_window,Powder days (>= 6 in of new snow),days,48,0.3299968570858894,16,0.3117594655277739,16,0.30396755839101935,16,0.3742635473388749,-0.01823739155811549,-0.02602929869487003,0.007791907136754539,-5.526534924958023,-7.887741393881002
Bighorn Mtns,Early season,storm_days_per_window,Storm days (>= 2 in of new snow),days,48,3.6311727776940983,16,3.4153800289928458,16,3.7123520130498417,16,3.765786291039608,-0.21579274870125253,0.08117923535574345,-0.296971984056996,-5.9427838308010035,2.235620289247009
Bighorn Mtns,Early season,new_snow_in_total,Total new snow in the window,in,48,27.152457580196188,16,25.800126491532225,16,27.833797470490076,16,27.823448778566277,-1.3523310886639628,0.6813398902938879,-2.0336709789578507,-4.980510823632751,2.5093120513364777
Bighorn Mtns,Early season,days_with_base_per_window,Days with a skiable base,days,48,0.012950561745963984,16,0.0,16,0.0,16,0.03885168523789195,-0.012950561745963984,-0.012950561745963984,0.0,-100.0,-100.0
Bighorn Mtns,Early season,mean_swe_in,Average base (snow water equivalent),in,48,2.7878917575123032,16,2.981441487757797,16,2.632779585020071,16,2.7494541997590405,0.19354973024549382,-0.15511217249223241,0.34866190273772624,6.942512374232293,-5.563780303674429
Bighorn Mtns,Early season,mean_depth_in,Average base (snow depth),in,23,11.670300785201023,8,11.731940369226248,9,12.44278846142975,6,10.4293831588243,0.06163958402522418,0.7724876762287263,-0.7108480922035021,0.5281747673837905,6.619261066589726
Bighorn Mtns,Holidays,big_storm_days_per_window,Powder days (>= 6 in of new snow),days,48,0.1298733528028874,16,0.05265687427827851,16,0.14952417039080101,16,0.18743901373958266,-0.07721647852460889,0.01965081758791362,-0.09686729611252251,-59.455212988766526,15.130754049091385
Bighorn Mtns,Holidays,storm_days_per_window,Storm days (>= 2 in of new snow),days,48,1.8116241728959481,16,1.0986225078002378,16,2.132483248871706,16,2.2037667620159,-0.7130016650957103,0.3208590759757579,-1.0338607410714682,-39.35704081249649,17.711127990904032
Bighorn Mtns,Holidays,new_snow_in_total,Total new snow in the window,in,48,12.341152967408078,16,8.481423812811508,16,14.275825952135609,16,14.266209137277123,-3.85972915459657,1.9346729847275306,-5.7944021393241005,-31.275271968427763,15.6765983683764
Bighorn Mtns,Holidays,days_with_base_per_window,Days with a skiable base,days,48,0.35250012766987276,16,0.08834259940263844,16,0.27298744254415885,16,0.6961703410628212,-0.2641575282672343,-0.07951268512571391,-0.1846448431415204,-74.93827874996572,-22.556781936879183
Bighorn Mtns,Holidays,mean_swe_in,Average base (snow water equivalent),in,48,4.677811800100915,16,4.471316331421687,16,4.616119222745315,16,4.9459998461357415,-0.2064954686792273,-0.06169257735559963,-0.14480289132362767,-4.414360335633267,-1.318834104319219
Bighorn Mtns,Holidays,mean_depth_in,Average base (snow depth),in,23,19.96657113783395,8,18.49874214294589,9,21.53595259128049,6,19.56960428418154,-1.467828994888059,1.5693814534465425,-3.0372104483346014,-7.351432475587767,7.860044885086839
Bighorn Mtns,Midwinter,big_storm_days_per_window,Powder days (>= 6 in of new snow),days,48,0.40444169210611003,16,0.3283241760186661,16,0.47087298971736347,16,0.4141279105823005,-0.07611751608744394,0.06643129761125344,-0.14254881369869737,-18.820393043819433,16.425432616829326
Bighorn Mtns,Midwinter,storm_days_per_window,Storm days (>= 2 in of new snow),days,48,4.9530180174202405,16,4.641784420818567,16,5.0385190775089574,16,5.178750553933197,-0.3112335966016735,0.08550106008871694,-0.39673465669039043,-6.283716221241979,1.7262416528266502
Bighorn Mtns,Midwinter,new_snow_in_total,Total new snow in the window,in,48,33.90449469374713,16,31.26271240648891,16,36.42956184828091,16,34.021209826471576,-2.6417822872582235,2.5250671545337795,-5.166849441792003,-7.7918350092545,7.447588224930741
Bighorn Mtns,Midwinter,days_with_base_per_window,Days with a skiable base,days,48,8.78848200043233,16,5.551660451670886,16,10.468512758414587,16,10.345272791211515,-3.2368215487614442,1.6800307579822569,-4.916852306743701,-36.830268851915676,19.116279215222967
Bighorn Mtns,Midwinter,mean_swe_in,Average base (snow water equivalent),in,48,6.903937733512175,16,6.4310148026386145,16,7.053618580691898,16,7.227179817206012,-0.47292293087356096,0.14968084717972285,-0.6226037780532838,-6.850046294275823,2.1680503642604134
Bighorn Mtns,Midwinter,mean_depth_in,Average base (snow depth),in,23,28.848248223804315,8,26.414961609672662,9,31.567758434847875,6,28.01336505941453,-2.433286614131653,2.719510211043559,-5.152796825175212,-8.43478118759326,9.426950953644173
Bighorn Mtns,Spring,big_storm_days_per_window,Powder days (>= 6 in of new snow),days,48,0.8241693778350269,16,0.9950371023451713,16,0.6137449349591181,16,0.8637260962007911,0.17086772451014443,-0.21042444287590878,0.3812921673860532,20.73211273136465,-25.53169876666168
Bighorn Mtns,Spring,storm_days_per_window,Storm days (>= 2 in of new snow),days,48,6.444639477762756,16,5.612856712031912,16,6.813758668607895,16,6.907303052648461,-0.8317827657308436,0.3691191908451392,-1.2009019565759829,-12.906583348857792,5.727538245060657
Bighorn Mtns,Spring,new_snow_in_total,Total new snow in the window,in,48,40.684077840335476,16,38.44522602280449,16,40.99366207942189,16,42.613345418780064,-2.2388518175309855,0.3095842390864121,-2.5484360566173976,-5.503017240103983,0.760946924498017
Bighorn Mtns,Spring,days_with_base_per_window,Days with a skiable base,days,48,23.868910717870857,16,21.696219038997896,16,24.627353696893017,16,25.283159417721663,-2.1726916788729618,0.7584429790221598,-2.9311346578951216,-9.102600887631832,3.177534944878348
Bighorn Mtns,Spring,mean_swe_in,Average base (snow water equivalent),in,48,10.246394647710284,16,9.523764284203766,16,10.535118541591862,16,10.680301117335222,-0.7226303635065179,0.2887238938815777,-1.0113542573880956,-7.052532996745356,2.8178096180015624
Bighorn Mtns,Spring,mean_depth_in,Average base (snow depth),in,23,37.1707836951678,8,33.765954334636376,9,40.9185032839036,6,36.088976792772684,-3.404829360531423,3.747719588735798,-7.152548949267221,-9.15996119009471,10.082433610951822
Bitterroot & Lolo (Montana Snowbowl),Early season,big_storm_days_per_window,Powder days (>= 6 in of new snow),days,59,0.9254210538356303,20,0.7920453685621294,22,0.9541499691255099,17,1.045155028488141,-0.13337568527350097,0.02872891528987953,-0.1621046005633805,-14.412432559286753,3.104415570707585
Bitterroot & Lolo (Montana Snowbowl),Early season,storm_days_per_window,Storm days (>= 2 in of new snow),days,59,6.201506740885636,20,5.689081179200756,22,6.236770983454968,17,6.758724264248707,-0.5124255616848794,0.03526424256933236,-0.5476898042542118,-8.262920336868005,0.568639913536501
Bitterroot & Lolo (Montana Snowbowl),Early season,new_snow_in_total,Total new snow in the window,in,59,39.49956530474194,20,36.00188483875584,22,40.93788116117191,17,41.753133568169154,-3.4976804659861003,1.4383158564299663,-4.935996322416067,-8.85498470426509,3.6413460384519616
Bitterroot & Lolo (Montana Snowbowl),Early season,days_with_base_per_window,Days with a skiable base,days,59,2.7985566879732198,20,2.0746525669501885,22,2.8067487328653984,17,3.6396071251986735,-0.7239041210230313,0.008192044892178618,-0.7320961659152099,-25.86705226068869,0.29272392184813983
Bitterroot & Lolo (Montana Snowbowl),Early season,mean_swe_in,Average base (snow water equivalent),in,59,3.177962644225546,20,2.866803259711305,22,3.2982966625787298,17,3.3883061316675933,-0.3111593845142413,0.12033401835318358,-0.4314934028674249,-9.791159285010076,3.786514563720065
Bitterroot & Lolo (Montana Snowbowl),Early season,mean_depth_in,Average base (snow depth),in,26,13.823464841959305,9,12.515696212602466,10,14.526108354325867,7,14.501105204894444,-1.3077686293568398,0.7026435123665618,-2.0104121417234015,-9.460498104551043,5.082976810804915
Bitterroot & Lolo (Montana Snowbowl),Holidays,big_storm_days_per_window,Powder days (>= 6 in of new snow),days,59,0.6103346222752787,20,0.49587425764585547,22,0.7622108056065925,17,0.5484482257634878,-0.11446036462942322,0.1518761833313138,-0.266336547960737,-18.753706647465638,24.88408453138895
Bitterroot & Lolo (Montana Snowbowl),Holidays,storm_days_per_window,Storm days (>= 2 in of new snow),days,59,3.704315815925584,20,3.055407887372458,22,4.386255667135594,17,3.5852265126574823,-0.6489079285531258,0.6819398512100103,-1.3308477797631362,-17.517618928800367,18.409333466607155
Bitterroot & Lolo (Montana Snowbowl),Holidays,new_snow_in_total,Total new snow in the window,in,59,23.19128501692768,20,19.724424164121874,22,27.01206076600431,17,22.325411521423593,-3.466860852805805,3.820775749076631,-7.287636601882436,-14.94898126721003,16.47504977101436
Bitterroot & Lolo (Montana Snowbowl),Holidays,days_with_base_per_window,Days with a skiable base,days,59,5.900202491234632,20,4.7941868401413155,22,6.375707938337294,17,6.586037384505677,-1.1060156510933163,0.4755054471026625,-1.5815210981959789,-18.745384632754863,8.059137763645834
Bitterroot & Lolo (Montana Snowbowl),Holidays,mean_swe_in,Average base (snow water equivalent),in,59,7.51927116668404,20,6.683228203050914,22,7.950662725770797,17,7.944579694493086,-0.8360429636331261,0.43139155908675697,-1.267434522719883,-11.118670215504634,5.737145921776864
Bitterroot & Lolo (Montana Snowbowl),Holidays,mean_depth_in,Average base (snow depth),in,26,31.60552248192496,9,28.020116602307795,10,33.68124262530767,7,33.25001555088601,-3.5854058796171664,2.075720143382707,-5.661126022999873,-11.344238595225383,6.5675868657757555
Bitterroot & Lolo (Montana Snowbowl),Midwinter,big_storm_days_per_window,Powder days (>= 6 in of new snow),days,59,1.5171594876709855,20,0.8356983822801434,22,2.0470444598979434,17,1.6331449417194428,-0.6814611053908421,0.5298849722269579,-1.2113460776178,-44.91690629288839,34.92612190959517
Bitterroot & Lolo (Montana Snowbowl),Midwinter,storm_days_per_window,Storm days (>= 2 in of new snow),days,59,9.16858900468503,20,7.0506631139400895,22,10.597880406493944,17,9.81059529733812,-2.1179258907449405,1.4292914018089142,-3.5472172925538548,-23.099801830605646,15.589000674788288
Bitterroot & Lolo (Montana Snowbowl),Midwinter,new_snow_in_total,Total new snow in the window,in,59,57.98453042988305,20,45.69513330900135,22,67.65700292777967,17,59.925327339524735,-12.289397120881702,9.67247249789662,-21.961869618778323,-21.194268591590088,16.68112585578824
Bitterroot & Lolo (Montana Snowbowl),Midwinter,days_with_base_per_window,Days with a skiable base,days,59,26.326043767350395,20,22.79606365142721,22,29.444390652785128,17,26.443453816697446,-3.529980115923184,3.1183468854347325,-6.6483270013579165,-13.408699564273578,11.845102564564264
Bitterroot & Lolo (Montana Snowbowl),Midwinter,mean_swe_in,Average base (snow water equivalent),in,59,13.112757761205813,20,11.364083802800481,22,14.464982765545466,17,13.42008300077254,-1.7486739584053321,1.3522250043396529,-3.100898962744985,-13.335668897802691,10.312285401475348
Bitterroot & Lolo (Montana Snowbowl),Midwinter,mean_depth_in,Average base (snow depth),in,26,48.353611386510025,9,43.46420429807177,10,52.26000025340183,7,49.059436404656665,-4.889407088438254,3.9063888668918025,-8.795795955330057,-10.111772312837692,8.078794437227144
Bitterroot & Lolo (Montana Snowbowl),Spring,big_storm_days_per_window,Powder days (>= 6 in of new snow),days,59,0.6813058263657208,20,0.5801959638390788,22,0.6741342760963022,17,0.8095394355692537,-0.101109862526642,-0.007171550269418625,-0.09393831225722338,-14.840598540891804,-1.0526183678295715
Bitterroot & Lolo (Montana Snowbowl),Spring,storm_days_per_window,Storm days (>= 2 in of new snow),days,59,6.1641325376433445,20,5.010585404474599,22,6.613625362851244,17,6.9395502146316455,-1.153547133168745,0.44949282520789957,-1.6030399583766446,-18.71385999772429,7.292069443071199
Bitterroot & Lolo (Montana Snowbowl),Spring,new_snow_in_total,Total new snow in the window,in,59,37.50209722619381,20,31.84250720521145,22,40.09095119553591,17,40.810156819965634,-5.65959002098236,2.5888539693420967,-8.248443990324457,-15.091396054056808,6.9032245149582705
Bitterroot & Lolo (Montana Snowbowl),Spring,days_with_base_per_window,Days with a skiable base,days,59,30.31684337051925,20,25.781803473868695,22,34.248487038803326,17,30.56417497232876,-4.535039896650556,3.9316436682840745,-8.46668356493463,-14.958812964876568,12.968512652301028
Bitterroot & Lolo (Montana Snowbowl),Spring,mean_swe_in,Average base (snow water equivalent),in,59,18.735097838790743,20,15.382184995385902,22,21.030146103839638,17,19.709638723321397,-3.352912843404841,2.2950482650488944,-5.647961108453735,-17.896425587181533,12.24999348707446
Bitterroot & Lolo (Montana Snowbowl),Spring,mean_depth_in,Average base (snow depth),in,26,58.39340225845766,9,50.30028374076731,10,63.786839339557574,7,61.093930236773964,-8.09311851769035,5.393437081099911,-13.486555598790261,-13.859645447389816,9.236380948018368
Black Hills (Terry Peak),Early season,big_storm_days_per_window,Powder days (>= 6 in of new snow),days,26,0.25716640086726844,9,0.10028557334166067,10,0.4391878131237017,7,0.19883973303385957,-0.15688082752560778,0.18202141225643326,-0.33890223978204104,-61.00362527785224,70.77962425985041
Black Hills (Terry Peak),Early season,storm_days_per_window,Storm days (>= 2 in of new snow),days,26,2.443882906226599,9,2.1761367493516897,10,2.968266058409026,7,2.0390091762337295,-0.2677461568749093,0.5243831521824269,-0.7921293090573363,-10.955768633298165,21.456967142181306
Black Hills (Terry Peak),Early season,new_snow_in_total,Total new snow in the window,in,26,21.869696675366477,9,18.46905081938276,10,27.368942201946936,7,18.38589059508775,-3.4006458559837185,5.499245526580459,-8.899891382564178,-15.549579431589136,25.14550433968608
Black Hills (Terry Peak),Early season,days_with_base_per_window,Days with a skiable base,days,26,0.0,9,0.0,10,0.0,7,0.0,0.0,0.0,0.0,,
Black Hills (Terry Peak),Early season,mean_swe_in,Average base (snow water equivalent),in,26,1.1587078841984957,9,1.1100749912879766,10,1.3906719708181157,7,0.8898586227697057,-0.04863289291051909,0.23196408661961998,-0.28059697953013907,-4.197165961648699,20.019203267963842
Black Hills (Terry Peak),Early season,mean_depth_in,Average base (snow depth),in,23,5.0450342056376,8,4.967922103195615,9,5.262161557372886,6,4.822159314623981,-0.0771121024419843,0.21712735173528674,-0.29423945417727104,-1.5284753145145176,4.303783540112704
Black Hills (Terry Peak),Holidays,big_storm_days_per_window,Powder days (>= 6 in of new snow),days,26,0.11007541601000116,9,0.2744536316692237,10,0.03918781312370168,7,0.0,0.16437821565922256,-0.07088760288629947,0.23526581854552203,149.33235922931928,-64.39912330638734
Black Hills (Terry Peak),Holidays,storm_days_per_window,Storm days (>= 2 in of new snow),days,26,1.1265685558789706,9,1.2397684638326567,10,1.068266058409026,7,1.0643150991812962,0.11319990795368606,-0.05830249746994465,0.1715024054236307,10.048204111765333,-5.175228543855097
Black Hills (Terry Peak),Holidays,new_snow_in_total,Total new snow in the window,in,26,10.33533648950535,9,11.0698500626813,10,10.301405238075828,7,9.439435111749873,0.7345135731759509,-0.03393125142952158,0.7684448246054725,7.106818185569349,-0.32830330646685635
Black Hills (Terry Peak),Holidays,days_with_base_per_window,Days with a skiable base,days,26,0.0,9,0.0,10,0.0,7,0.0,0.0,0.0,0.0,,
Black Hills (Terry Peak),Holidays,mean_swe_in,Average base (snow water equivalent),in,26,2.3944095217505668,9,2.1977989021449575,10,2.769866109614389,7,2.1108280500094625,-0.19661061960560922,0.3754565878638223,-0.5720672074694315,-8.211236123963708,15.680550233918375
Black Hills (Terry Peak),Holidays,mean_depth_in,Average base (snow depth),in,23,11.29470726968571,8,10.493183771003412,9,12.070873954422485,6,11.199155240823602,-0.8015234986822968,0.7761666847367756,-1.5776901834190724,-7.096452165994031,6.871950429560567
Black Hills (Terry Peak),Midwinter,big_storm_days_per_window,Powder days (>= 6 in of new snow),days,26,0.19148522855092853,9,0.15465312569300185,10,0.2881186102399088,7,0.10079310124114817,-0.03683210285792668,0.09663338168898028,-0.13346548454690696,-19.234957775414305,50.46518857890863
Black Hills (Terry Peak),Midwinter,storm_days_per_window,Storm days (>= 2 in of new snow),days,26,4.447039600454941,9,3.9280862060382242,10,5.607539407763432,7,3.456408525692873,-0.5189533944167168,1.160499807308491,-1.6794532017252077,-11.66963735523351,26.09600794177253
Black Hills (Terry Peak),Midwinter,new_snow_in_total,Total new snow in the window,in,26,30.680374918145226,9,28.892509470082643,10,35.770424829945775,7,25.70755919165349,-1.7878654480625826,5.090049911800548,-6.877915359863131,-5.827391134666967,16.59057272077256
Black Hills (Terry Peak),Midwinter,days_with_base_per_window,Days with a skiable base,days,26,0.0,9,0.0,10,0.0,7,0.0,0.0,0.0,0.0,,
Black Hills (Terry Peak),Midwinter,mean_swe_in,Average base (snow water equivalent),in,26,4.13467860843426,9,3.8909702453597483,10,4.631841699138755,7,3.737784945666498,-0.24370836307451205,0.49716309070449505,-0.7408714537790071,-5.894251673573263,12.024225769092197
Black Hills (Terry Peak),Midwinter,mean_depth_in,Average base (snow depth),in,23,18.748900297655066,8,17.089095054587805,9,20.767631015172412,6,17.933877878802047,-1.659805243067261,2.0187307175173466,-3.6785359605846075,-8.852813854233647,10.76719533129007
Black Hills (Terry Peak),Spring,big_storm_days_per_window,Powder days (>= 6 in of new snow),days,26,0.4282701942267745,9,0.5250476332713309,10,0.4370494073561158,7,0.2913003252704284,0.09677743904455638,0.008779213129341323,0.08799822591521506,22.59728562695902,2.049923914315788
Black Hills (Terry Peak),Spring,storm_days_per_window,Storm days (>= 2 in of new snow),days,26,3.921713983137143,9,3.4184486714729885,10,4.529444829131196,7,3.700582460999552,-0.5032653116641543,0.6077308459940536,-1.110996157658208,-12.832789791099742,15.496562181923943
Black Hills (Terry Peak),Spring,new_snow_in_total,Total new snow in the window,in,26,24.03605994429175,9,23.788390606402057,10,26.08494155024231,7,21.427518227363418,-0.24766933788969325,2.048881605950559,-2.296550943840252,-1.0304073898289285,8.524199102095938
Black Hills (Terry Peak),Spring,days_with_base_per_window,Days with a skiable base,days,26,0.4439408703389804,9,0.0,10,1.154246262881349,7,0.0,-0.4439408703389804,0.7103053925423686,-1.154246262881349,-100.0,160.0
Black Hills (Terry Peak),Spring,mean_swe_in,Average base (snow water equivalent),in,26,5.105404744801927,9,4.615243502778501,10,6.230040625282243,7,4.128989369574452,-0.4901612420234258,1.1246358804803158,-1.6147971225037416,-9.600830228445336,22.02833931286966
Black Hills (Terry Peak),Spring,mean_depth_in,Average base (snow depth),in,23,17.718974521537245,8,15.172365245017915,9,21.85656369064731,6,14.908069803231252,-2.5466092765193302,4.137589169110065,-6.684198445629395,-14.37221591703262,23.351177372487697
Blues & Wallowas (Anthony Lakes),Early season,big_storm_days_per_window,Powder days (>= 6 in of new snow),days,48,0.6532507154751611,16,0.5118234081787613,16,0.7533932726499688,16,0.6945354655967533,-0.14142730729639985,0.10014255717480769,-0.24156986447120754,-21.649774572926194,15.32988097869377
Blues & Wallowas (Anthony Lakes),Early season,storm_days_per_window,Storm days (>= 2 in of new snow),days,48,5.7849277614701435,16,5.092862043818179,16,6.50660557563973,16,5.755315664952519,-0.6920657176519649,0.7216778141695865,-1.4137435318215514,-11.963256002285632,12.475139602887351
Blues & Wallowas (Anthony Lakes),Early season,new_snow_in_total,Total new snow in the window,in,48,33.33606707774053,16,30.13366225133722,16,37.01877368823337,16,32.855765293651,-3.20240482640331,3.6827066104928363,-6.885111436896146,-9.606426633757433,11.047213823708338
Blues & Wallowas (Anthony Lakes),Early season,days_with_base_per_window,Days with a skiable base,days,48,0.41441264037468434,16,0.27923310554290054,16,0.5014329531231851,16,0.4625718624579672,-0.1351795348317838,0.0870203127485008,-0.2221998475802846,-32.61954913092502,20.99846970638319
Blues & Wallowas (Anthony Lakes),Early season,mean_swe_in,Average base (snow water equivalent),in,48,2.093669857658528,16,1.9441756722012358,16,2.2819840687204573,16,2.054849832053891,-0.1494941854572922,0.18831421106192936,-0.33780839651922157,-7.140294106563687,8.994455853347004
Blues & Wallowas (Anthony Lakes),Early season,mean_depth_in,Average base (snow depth),in,28,8.082257940592935,9,6.349041447843038,12,9.14070128653136,7,8.496204838234076,-1.7332164927498974,1.058443345938425,-2.7916598386883225,-21.444706485360502,13.095886740045998
Blues & Wallowas (Anthony Lakes),Holidays,big_storm_days_per_window,Powder days (>= 6 in of new snow),days,48,0.45687849981858375,16,0.36495273765540726,16,0.5449273274245483,16,0.4607554343757956,-0.0919257621631765,0.08804882760596455,-0.17997458976914105,-20.120395728772127,19.271825581839984
Blues & Wallowas (Anthony Lakes),Holidays,storm_days_per_window,Storm days (>= 2 in of new snow),days,48,3.686099165429955,16,3.1637781562765066,16,4.193653832804689,16,3.700865507208671,-0.5223210091534485,0.5075546673747335,-1.029875676528182,-14.170020547792932,13.769425199810955
Blues & Wallowas (Anthony Lakes),Holidays,new_snow_in_total,Total new snow in the window,in,48,20.310278336929226,16,18.355965534697567,16,22.55269355073402,16,20.022175925356095,-1.9543128022316587,2.2424152138047937,-4.196728016036452,-9.622284686656526,11.040790168431691
Blues & Wallowas (Anthony Lakes),Holidays,days_with_base_per_window,Days with a skiable base,days,48,2.7792285930615512,16,2.066414470116065,16,3.1011411664867996,16,3.1701301425817885,-0.7128141229454861,0.32191257342524837,-1.0347266963707344,-25.64791268789668,11.582803020554524
Blues & Wallowas (Anthony Lakes),Holidays,mean_swe_in,Average base (snow water equivalent),in,48,6.034840049828873,16,5.561747806858931,16,6.394849389453144,16,6.147922953174539,-0.47309224296994135,0.3600093396242716,-0.833101582594213,-7.8393501578116656,5.965515848833148
Blues & Wallowas (Anthony Lakes),Holidays,mean_depth_in,Average base (snow depth),in,28,24.274284937851185,9,21.456192299640357,12,25.572833189014542,7,25.67146418498504,-2.8180926382108282,1.298548251163357,-4.116640889374185,-11.609374469426873,5.3494809609757645
Blues & Wallowas (Anthony Lakes),Midwinter,big_storm_days_per_window,Powder days (>= 6 in of new snow),days,48,0.8432887743644669,16,0.6335131071735078,16,0.8736151642591052,16,1.0227380516607871,-0.20977566719095908,0.030326389894638317,-0.2401020570855974,-24.875899403386892,3.5962046236763188
Blues & Wallowas (Anthony Lakes),Midwinter,storm_days_per_window,Storm days (>= 2 in of new snow),days,48,8.225903017146388,16,8.145615242871246,16,8.228354905740398,16,8.303738902827517,-0.080287774275142,0.002451888594009688,-0.08273966286915169,-0.9760359939545492,0.02980692319006044
Blues & Wallowas (Anthony Lakes),Midwinter,new_snow_in_total,Total new snow in the window,in,48,47.694846080692464,16,45.96686385580594,16,48.72904117916534,16,48.38863320710611,-1.7279822248865244,1.0341950984728783,-2.7621773233594027,-3.6229957047414305,2.168358184285104
Blues & Wallowas (Anthony Lakes),Midwinter,days_with_base_per_window,Days with a skiable base,days,48,27.369872266797362,16,24.25136580909871,16,30.226802163514254,16,27.631448827779124,-3.1185064576986505,2.856929896716892,-5.975436354415542,-11.393938661093932,10.438228826455502
Blues & Wallowas (Anthony Lakes),Midwinter,mean_swe_in,Average base (snow water equivalent),in,48,10.747554844479,16,10.045675335521977,16,11.409313762266255,16,10.787675435648772,-0.7018795089570222,0.6617589177872549,-1.3636384267442772,-6.530597136869475,6.1572974259089195
Blues & Wallowas (Anthony Lakes),Midwinter,mean_depth_in,Average base (snow depth),in,28,37.521147147418176,9,33.85934318952067,12,39.66545768492507,7,38.553219886131735,-3.6618039578975043,2.1443105375068967,-5.806114495404401,-9.75930704759775,5.714938642686052
Blues & Wallowas (Anthony Lakes),Spring,big_storm_days_per_window,Powder days (>= 6 in of new snow),days,48,0.3826790819923201,16,0.31303441787150516,16,0.4722060139980538,16,0.36279681410740144,-0.06964466412081494,0.0895269320057337,-0.15917159612654863,-18.19923465851019,23.39478069708822
Blues & Wallowas (Anthony Lakes),Spring,storm_days_per_window,Storm days (>= 2 in of new snow),days,48,5.203645448141457,16,4.843233126593647,16,6.147694187093467,16,4.620009030737254,-0.3604123215478099,0.9440487389520102,-1.3044610604998201,-6.926150621513527,18.142064988097687
Blues & Wallowas (Anthony Lakes),Spring,new_snow_in_total,Total new snow in the window,in,48,29.809688727207703,16,27.209030470733907,16,36.047538000174015,16,26.172497710715184,-2.600658256473796,6.2378492729663115,-8.838507529440108,-8.72420467141658,20.92557668095656
Blues & Wallowas (Anthony Lakes),Spring,days_with_base_per_window,Days with a skiable base,days,48,32.75339907232074,16,29.28625323264518,16,36.393587980748244,16,32.5803560035688,-3.4671458396755597,3.640188908427504,-7.107334748103064,-10.585606190123874,11.11392713895077
Blues & Wallowas (Anthony Lakes),Spring,mean_swe_in,Average base (snow water equivalent),in,48,14.419676862518836,16,13.005773997934307,16,15.996644215259703,16,14.256612374362497,-1.4139028645845286,1.5769673527408674,-2.990870217325396,-9.805371355163278,10.936218389469527
Blues & Wallowas (Anthony Lakes),Spring,mean_depth_in,Average base (snow depth),in,28,41.36865906170424,9,35.486732129218026,12,47.026344659145956,7,39.232246950715,-5.881926932486216,5.657685597441713,-11.539612529927929,-14.218316633645077,13.676260545459982
Bridger/Gallatin/Madison (Big Sky),Early season,big_storm_days_per_window,Powder days (>= 6 in of new snow),days,60,0.8462446911707322,20,0.6975530604351247,22,1.102280748843962,18,0.6985246548319038,-0.14869163073560754,0.2560360576732299,-0.40472768840883744,-17.570760831586547,30.255558509799137
Bridger/Gallatin/Madison (Big Sky),Early season,storm_days_per_window,Storm days (>= 2 in of new snow),days,60,6.379465099996549,20,5.485400816442485,22,7.344621978534989,18,6.193233674620752,-0.8940642835540649,0.9651568785384397,-1.8592211620925045,-14.014721760207584,15.129119188048568
Bridger/Gallatin/Madison (Big Sky),Early season,new_snow_in_total,Total new snow in the window,in,60,41.856355417250704,20,36.966330278224405,22,47.63740726217868,18,40.22398665014572,-4.890025139026299,5.781051844927973,-10.671076983954272,-11.682873700491662,13.81164649262646
Bridger/Gallatin/Madison (Big Sky),Early season,days_with_base_per_window,Days with a skiable base,days,60,1.12414225708027,20,0.5503392189088822,22,1.9961995910087105,18,0.6958533358026067,-0.5738030381713878,0.8720573339284405,-1.4458603720998284,-51.043632116608094,77.57535386966339
Bridger/Gallatin/Madison (Big Sky),Early season,mean_swe_in,Average base (snow water equivalent),in,60,3.7313065735564086,20,3.518174579448421,22,4.0895142750868905,18,3.530310487361362,-0.21313199410798767,0.35820770153048187,-0.5713396956384695,-5.711993638326154,9.600060849169637
Bridger/Gallatin/Madison (Big Sky),Early season,mean_depth_in,Average base (snow depth),in,28,15.163987897790403,9,14.00861729131525,12,16.792374530283777,7,13.857944450412672,-1.1553706064751523,1.628386632493374,-2.7837572389685263,-7.619173889234674,10.73851181805976
Bridger/Gallatin/Madison (Big Sky),Holidays,big_storm_days_per_window,Powder days (>= 6 in of new snow),days,60,0.415724790655473,20,0.299628485538714,22,0.43744047074418085,18,0.5181792984545625,-0.116096305116759,0.021715680088707834,-0.13781198520546684,-27.9262405625871,5.223571116475574
Bridger/Gallatin/Madison (Big Sky),Holidays,storm_days_per_window,Storm days (>= 2 in of new snow),days,60,3.342916573336054,20,2.527251683934487,22,3.801190027890311,18,3.6890988948825925,-0.815664889401567,0.45827345455425705,-1.273938343955824,-24.399797946126323,13.708791245631488
Bridger/Gallatin/Madison (Big Sky),Holidays,new_snow_in_total,Total new snow in the window,in,60,21.19634657089596,20,17.040409103949234,22,23.30972189098175,18,23.23104058739859,-4.155937466946728,2.1133753200857868,-6.269312787032515,-19.60685749804221,9.970469736457302
Bridger/Gallatin/Madison (Big Sky),Holidays,days_with_base_per_window,Days with a skiable base,days,60,3.9664546008447554,20,2.485348406678158,22,5.5101575283748785,18,3.725380127381936,-1.4811061941665975,1.543702927530123,-3.0248091216967206,-37.34080793087003,38.9189612103805
Bridger/Gallatin/Madison (Big Sky),Holidays,mean_swe_in,Average base (snow water equivalent),in,60,7.1655507485536845,20,6.3990743132258805,22,7.906593430615154,18,7.111472398620563,-0.766476435327804,0.7410426820614697,-1.5075191173892737,-10.696685603441043,10.341740754694172
Bridger/Gallatin/Madison (Big Sky),Holidays,mean_depth_in,Average base (snow depth),in,28,28.57570942170554,9,25.312033588825745,12,30.697488067987695,7,29.134529241781582,-3.2636758328797946,2.1217786462821557,-5.38545447916195,-11.421154186292123,7.425112759127145
Bridger/Gallatin/Madison (Big Sky),Midwinter,big_storm_days_per_window,Powder days (>= 6 in of new snow),days,60,0.9622671514257509,20,0.7821352159555098,22,1.0327655219672123,18,1.0762490712864552,-0.1801319354702411,0.07049837054146135,-0.25063030601170244,-18.71953492367968,7.326278407925166
Bridger/Gallatin/Madison (Big Sky),Midwinter,storm_days_per_window,Storm days (>= 2 in of new snow),days,60,8.592993690091681,20,7.718180876977979,22,9.237722925099318,18,8.77700552854202,-0.8748128131137021,0.6447292350076363,-1.5195420481213384,-10.180535965276245,7.5029641386918975
Bridger/Gallatin/Madison (Big Sky),Midwinter,new_snow_in_total,Total new snow in the window,in,60,52.97959960032002,20,49.043709833758854,22,55.663179487436906,18,54.0728794789118,-3.935889766561168,2.6835798871168848,-6.619469653678053,-7.429066652548641,5.065307981490812
Bridger/Gallatin/Madison (Big Sky),Midwinter,days_with_base_per_window,Days with a skiable base,days,60,29.91927209937896,20,25.117276181151816,22,34.71317131082549,18,29.395612972307806,-4.801995918227146,4.793899211446526,-9.595895129673671,-16.049842062590894,16.02278021846004
Bridger/Gallatin/Madison (Big Sky),Midwinter,mean_swe_in,Average base (snow water equivalent),in,60,11.225065620990588,20,10.096945800815941,22,12.240572004489247,18,11.23735761913072,-1.1281198201746463,1.0155063834986588,-2.143626203673305,-10.05000646112118,9.046774582766695
Bridger/Gallatin/Madison (Big Sky),Midwinter,mean_depth_in,Average base (snow depth),in,28,40.81109982379173,9,37.39422892937924,12,43.785713662894636,7,40.10488153528849,-3.41687089441249,2.9746138391029078,-6.391484733515398,-8.37240581401962,7.288737260074504
Bridger/Gallatin/Madison (Big Sky),Spring,big_storm_days_per_window,Powder days (>= 6 in of new snow),days,60,1.3122454476159815,20,1.1197789451389208,22,1.5226171430890054,18,1.2689761559012414,-0.19246650247706065,0.21037169547302392,-0.4028381979500846,-14.66695905302805,16.031428865325168
Bridger/Gallatin/Madison (Big Sky),Spring,storm_days_per_window,Storm days (>= 2 in of new snow),days,60,8.5730284734989,20,7.882770514991902,22,9.54855962336781,18,8.147665910889117,-0.6902579585069972,0.9755311498689103,-1.6657891083759075,-8.0515066599946,11.379072784891475
Bridger/Gallatin/Madison (Big Sky),Spring,new_snow_in_total,Total new snow in the window,in,60,51.32980844845871,20,47.62545443236319,22,55.81961596286562,18,49.958214837623046,-3.7043540160955146,4.4898075144069125,-8.194161530502427,-7.216769608277676,8.746978900019116
Bridger/Gallatin/Madison (Big Sky),Spring,days_with_base_per_window,Days with a skiable base,days,60,38.63043475992091,20,36.497923337892615,22,40.82590129091444,18,38.316543913182485,-2.132511422028294,2.195466530993528,-4.327977953021822,-5.52028843392872,5.683256076815696
Bridger/Gallatin/Madison (Big Sky),Spring,mean_swe_in,Average base (snow water equivalent),in,60,16.58805622927553,20,14.907404133643832,22,18.067732044884583,18,16.64695478312191,-1.6806520956316984,1.4796758156090526,-3.160327911240751,-10.131700015976493,8.920127802542881
Bridger/Gallatin/Madison (Big Sky),Spring,mean_depth_in,Average base (snow depth),in,28,51.794966078698664,9,47.33513522221853,12,56.54168562146364,7,49.39180082086169,-4.4598308564801314,4.746719542764978,-9.20655039924511,-8.610548850835706,9.164441840839677
Central Cascades (Stevens/Snoqualmie),Early season,big_storm_days_per_window,Powder days (>= 6 in of new snow),days,45,2.3107069826341986,15,2.1067118991900746,16,2.510842099296229,14,2.3005472958534403,-0.20399508344412398,0.2001351166620302,-0.4041302001061542,-8.828254078826136,8.661207074982602
Central Cascades (Stevens/Snoqualmie),Early season,storm_days_per_window,Storm days (>= 2 in of new snow),days,45,9.498973009045509,15,8.366845882482151,16,10.296647237669763,14,9.800338669078528,-1.1321271265633577,0.7976742286242544,-1.929801355187612,-11.918416080193893,8.397478631265292
Central Cascades (Stevens/Snoqualmie),Early season,new_snow_in_total,Total new snow in the window,in,45,56.6681955785014,15,51.33980967250793,16,60.70865320224999,14,57.75951462206745,-5.328385905993464,4.040457623748594,-9.368843529742058,-9.40278025724703,7.130026962216263
Central Cascades (Stevens/Snoqualmie),Early season,days_with_base_per_window,Days with a skiable base,days,45,4.759032906512711,15,4.535424187105272,16,5.364299628447552,14,4.306880280809435,-0.22360871940743898,0.6052667219348411,-0.8288754413422801,-4.698616794631356,12.718271418265187
Central Cascades (Stevens/Snoqualmie),Early season,mean_swe_in,Average base (snow water equivalent),in,45,3.8024167549503898,15,3.388924092576665,16,4.3095385370956265,14,3.6658768564705433,-0.41349266237372495,0.5071217821452367,-0.9206144445189617,-10.874469818054434,13.336827991960948
Central Cascades (Stevens/Snoqualmie),Early season,mean_depth_in,Average base (snow depth),in,27,10.345773144538828,9,8.081982839733847,11,11.959106057719104,7,10.721123244290514,-2.2637903048049814,1.613332913180276,-3.8771232179852575,-21.881306241476572,15.594126129006588
Central Cascades (Stevens/Snoqualmie),Holidays,big_storm_days_per_window,Powder days (>= 6 in of new snow),days,45,1.4876355572170246,15,1.311410319217633,16,1.7735217976852504,14,1.3497211802526876,-0.1762252379993916,0.28588624046822586,-0.46211147846761746,-11.84599528725051,19.21749174932629
Central Cascades (Stevens/Snoqualmie),Holidays,storm_days_per_window,Storm days (>= 2 in of new snow),days,45,5.535957657306166,15,4.863839360626231,16,6.2255812722977275,14,5.467943129472881,-0.6721182966799351,0.6896236149915618,-1.3617419116714968,-12.140958047121197,12.457169250227562
Central Cascades (Stevens/Snoqualmie),Holidays,new_snow_in_total,Total new snow in the window,in,45,34.37796851532456,15,31.05465875900393,16,38.2028295599914,14,33.5673877746203,-3.3233097563206293,3.8248610446668394,-7.148170800987469,-9.666975391053743,11.125907695685518
Central Cascades (Stevens/Snoqualmie),Holidays,days_with_base_per_window,Days with a skiable base,days,45,11.496610340430916,15,9.923667549007757,16,12.654556684978747,14,11.858538937472494,-1.5729427914231593,1.157946344547831,-2.7308891359709904,-13.681796154223683,10.072067420390878
Central Cascades (Stevens/Snoqualmie),Holidays,mean_swe_in,Average base (snow water equivalent),in,45,11.469137765800413,15,10.40637439236875,16,12.122219329937359,14,11.861433878320678,-1.0627633734316628,0.6530815641369454,-1.7158449375686082,-9.266288322045405,5.694251629659171
Central Cascades (Stevens/Snoqualmie),Holidays,mean_depth_in,Average base (snow depth),in,27,32.95254304290461,9,28.159593529274435,11,35.18900970492411,7,35.60045909154134,-4.792949513630173,2.2364666620195024,-7.029416175649676,-14.545006457892173,6.786931919359292
Central Cascades (Stevens/Snoqualmie),Midwinter,big_storm_days_per_window,Powder days (>= 6 in of new snow),days,45,3.6956531267057704,15,2.64696448803033,16,4.39809182622189,14,4.0164610115538935,-1.0486886386754404,0.7024386995161196,-1.75112733819156,-28.376273495402963,19.007159910114698
Central Cascades (Stevens/Snoqualmie),Midwinter,storm_days_per_window,Storm days (>= 2 in of new snow),days,45,13.01724847444356,15,11.486889864129413,16,14.51566230502334,14,12.944445464831828,-1.5303586103141473,1.4984138305797803,-3.0287724408939276,-11.756390863389157,11.510987391241542
Central Cascades (Stevens/Snoqualmie),Midwinter,new_snow_in_total,Total new snow in the window,in,45,85.19226432654129,15,70.88816940453425,16,96.20328372894593,14,87.93405814022928,-14.304094922007039,11.011019402404642,-25.31511432441168,-16.79036827472921,12.92490520054672
Central Cascades (Stevens/Snoqualmie),Midwinter,days_with_base_per_window,Days with a skiable base,days,45,44.703373279022756,15,40.53383442781606,16,47.58614951242099,14,45.87613492428907,-4.1695388512066955,2.882776233398232,-7.052315084604928,-9.327123537595023,6.448677184616372
Central Cascades (Stevens/Snoqualmie),Midwinter,mean_swe_in,Average base (snow water equivalent),in,45,20.40859861106521,15,17.890006397674618,16,22.300635069915053,14,20.94476288672673,-2.5185922133905905,1.8920364588498444,-4.410628672240435,-12.340838591558418,9.270780884602303
Central Cascades (Stevens/Snoqualmie),Midwinter,mean_depth_in,Average base (snow depth),in,27,49.88507738959355,9,41.09535793608466,11,57.02084257923398,7,49.9727999603843,-8.789719453508887,7.135765189640431,-15.925484643149318,-17.619937491251637,14.304408378303954
Central Cascades (Stevens/Snoqualmie),Spring,big_storm_days_per_window,Powder days (>= 6 in of new snow),days,45,1.742516776625589,15,1.2086531962223215,16,1.9917429358775607,14,2.0296835736268375,-0.5338635804032674,0.24922615925197178,-0.7830897396552392,-30.637500170133375,14.302654791915527
Central Cascades (Stevens/Snoqualmie),Spring,storm_days_per_window,Storm days (>= 2 in of new snow),days,45,8.674658120825233,15,6.447609176988597,16,10.7657028387077,14,8.671016597355957,-2.2270489438366363,2.0910447178824665,-4.318093661719103,-25.673045701826158,24.105211856851163
Central Cascades (Stevens/Snoqualmie),Spring,new_snow_in_total,Total new snow in the window,in,45,51.32655806570553,15,38.884508899637645,16,62.018378811312346,14,52.438101320084755,-12.442049166067882,10.691820745606819,-23.1338699116747,-24.240957576271203,20.830971622760522
Central Cascades (Stevens/Snoqualmie),Spring,days_with_base_per_window,Days with a skiable base,days,45,40.67968561005877,15,36.27459997865772,16,43.50344217783372,14,42.172269851959946,-4.40508563140105,2.82375656777495,-7.228842199176,-10.828711100736273,6.94144147239114
Central Cascades (Stevens/Snoqualmie),Spring,mean_swe_in,Average base (snow water equivalent),in,45,29.187993667499182,15,23.178485884734005,16,33.90358960393665,14,30.23749950739046,-6.009507782765176,4.71559593643747,-10.725103719202647,-20.588971791702015,16.155944084941623
Central Cascades (Stevens/Snoqualmie),Spring,mean_depth_in,Average base (snow depth),in,27,63.51510874144016,9,47.56272425145468,11,78.28861722773888,7,60.80980403580925,-15.952384489985477,14.773508486298724,-30.7258929762842,-25.115889441243155,23.259833414501912
Central Oregon (Mt Bachelor),Early season,big_storm_days_per_window,Powder days (>= 6 in of new snow),days,46,2.400896235507218,15,1.9062319301106336,16,2.679384436759231,15,2.598506459568322,-0.49466430539658446,0.2784882012520131,-0.7731525066485976,-20.603318797410697,11.599343492376262
Central Oregon (Mt Bachelor),Early season,storm_days_per_window,Storm days (>= 2 in of new snow),days,46,9.586042146803674,15,8.153603887007495,16,10.621286527749678,15,9.914219733590778,-1.4324382597961787,1.0352443809460041,-2.467682640742183,-14.942958082797542,10.799497489077817
Central Oregon (Mt Bachelor),Early season,new_snow_in_total,Total new snow in the window,in,46,57.95979353021633,15,49.863670683169595,16,64.0554653879075,15,59.553866395725805,-8.096122847046736,6.095671857691173,-14.191794704737909,-13.968515679452796,10.517069655386713
Central Oregon (Mt Bachelor),Early season,days_with_base_per_window,Days with a skiable base,days,46,4.020276818365284,15,2.185229756089493,16,5.401912355517787,15,4.381579307678405,-1.835047062275791,1.381635537152503,-3.216682599428294,-45.644793758802756,34.366676713428426
Central Oregon (Mt Bachelor),Early season,mean_swe_in,Average base (snow water equivalent),in,46,3.69509929043654,15,3.145361901054898,16,4.29460252248832,15,3.605366565629615,-0.549737389381642,0.5995032320517804,-1.1492406214334223,-14.87747273272042,16.22427937466749
Central Oregon (Mt Bachelor),Early season,mean_depth_in,Average base (snow depth),in,23,11.92963825314373,8,9.411698574574304,9,13.987443002020264,6,12.20018403458816,-2.5179396785694266,2.057804748876533,-4.57574442744596,-21.106588692292426,17.249515075063194
Central Oregon (Mt Bachelor),Holidays,big_storm_days_per_window,Powder days (>= 6 in of new snow),days,46,1.5562799620564574,15,0.9857528449337208,16,1.951954021198358,15,1.7047547494278332,-0.5705271171227365,0.39567405914190057,-0.9662011762646371,-36.6596712052275,25.424349653584155
Central Oregon (Mt Bachelor),Holidays,storm_days_per_window,Storm days (>= 2 in of new snow),days,46,5.558383852019262,15,4.670723846019699,16,6.143988547214627,15,5.821398849810435,-0.887660005999563,0.5856046951953644,-1.4732647011949274,-15.969750014243653,10.535520949720386
Central Oregon (Mt Bachelor),Holidays,new_snow_in_total,Total new snow in the window,in,46,34.5211097514348,15,28.173622249641316,16,39.35651979731365,15,35.71082653762416,-6.347487501793484,4.835410045878852,-11.182897547672336,-18.38726375686594,14.00711066560622
Central Oregon (Mt Bachelor),Holidays,days_with_base_per_window,Days with a skiable base,days,46,9.947125500862755,15,7.8653775112996005,16,11.543641700236565,15,10.325922877760517,-2.081747989563155,1.5965161993738093,-3.6782641889369643,-20.928136368467417,16.050025700744772
Central Oregon (Mt Bachelor),Holidays,mean_swe_in,Average base (snow water equivalent),in,46,10.556209419217675,15,8.823927441398848,16,11.621974957368034,15,11.151674823009449,-1.7322819778188272,1.0657655381503588,-2.798047515969186,-16.410075899642464,10.096100748154191
Central Oregon (Mt Bachelor),Holidays,mean_depth_in,Average base (snow depth),in,22,34.21527158341344,7,26.32668069692369,9,37.590763910719716,6,38.355389126692074,-7.888590886489748,3.375492327306276,-11.264083213796024,-23.055759961624577,9.865455310144654
Central Oregon (Mt Bachelor),Midwinter,big_storm_days_per_window,Powder days (>= 6 in of new snow),days,46,3.3764050157941674,15,2.628834444776865,16,4.2309697106563,15,3.212439912291865,-0.7475705710173024,0.8545646948621326,-1.602135265879435,-22.141021812262224,25.3098988677201
Central Oregon (Mt Bachelor),Midwinter,storm_days_per_window,Storm days (>= 2 in of new snow),days,46,12.695584787229647,15,11.393158801664702,16,14.37965829778209,15,12.20166569487198,-1.3024259855649447,1.6840735105524427,-2.9864994961173874,-10.258889270504822,13.265032991992888
Central Oregon (Mt Bachelor),Midwinter,new_snow_in_total,Total new snow in the window,in,46,79.71400966952451,15,70.88260498880982,16,92.39104424770403,15,75.02324413351438,-8.831404680714698,12.677034578179516,-21.508439258894214,-11.078861441455045,15.90314504405877
Central Oregon (Mt Bachelor),Midwinter,days_with_base_per_window,Days with a skiable base,days,46,42.27146100779796,15,39.510353841273805,16,46.76934695371064,15,40.2348231653486,-2.7611071665241553,4.497885945912678,-7.258993112436833,-6.531847020889116,10.640479034029456
Central Oregon (Mt Bachelor),Midwinter,mean_swe_in,Average base (snow water equivalent),in,46,18.21549678432092,15,15.404298376236643,16,20.633972557253994,15,18.446987701276587,-2.8111984080842767,2.418475772933075,-5.2296741810173515,-15.433004333453205,13.277023413464025
Central Oregon (Mt Bachelor),Midwinter,mean_depth_in,Average base (snow depth),in,23,51.252805935979815,8,43.122759726005654,9,56.45750100757902,6,54.28582494187987,-8.13004620997416,5.204695071599204,-13.334741281573365,-15.862636321081522,10.154946595705256
Central Oregon (Mt Bachelor),Spring,big_storm_days_per_window,Powder days (>= 6 in of new snow),days,46,1.9017662554075678,15,1.3963735779193767,16,2.4425200268711915,15,1.8303549100012269,-0.5053926774881912,0.5407537714636237,-1.0461464489518149,-26.574910352475488,28.43429206539027
Central Oregon (Mt Bachelor),Spring,storm_days_per_window,Storm days (>= 2 in of new snow),days,46,9.139235390900671,15,7.7962240063534285,16,11.157126309317722,15,8.329829795803057,-1.3430113845472427,2.0178909184170504,-3.360902302964293,-14.695008139131525,22.079428224664507
Central Oregon (Mt Bachelor),Spring,new_snow_in_total,Total new snow in the window,in,46,54.47367586321566,15,45.52803539651674,16,66.66508635444211,15,50.415145139273044,-8.945640466698919,12.19141049122645,-21.137050957925368,-16.421951199257375,22.380370514813965
Central Oregon (Mt Bachelor),Spring,days_with_base_per_window,Days with a skiable base,days,46,39.78394244886464,15,37.527801757290256,16,42.95330191820465,15,38.65943303980968,-2.2561406915743873,3.1693594693400087,-5.425500160914396,-5.670983197490457,7.966428851071435
Central Oregon (Mt Bachelor),Spring,mean_swe_in,Average base (snow water equivalent),in,46,25.872753971059513,15,21.183382683457747,16,30.781200584868877,15,25.326448870597957,-4.689371287601766,4.908446613809364,-9.59781790141113,-18.124747341729282,18.971488768840786
Central Oregon (Mt Bachelor),Spring,mean_depth_in,Average base (snow depth),in,23,66.14550466274731,8,55.07068709758922,9,79.98204407546825,6,60.15711896387669,-11.074817565158092,13.836539412720938,-24.91135697787903,-16.74311447410477,20.91833675359889
Chugach (Alyeska),Early season,big_storm_days_per_window,Powder days (>= 6 in of new snow),days,43,2.431909893503905,15,2.694825556640143,15,2.788249280132487,13,1.7173848360829576,0.26291566313623793,0.3563393866285818,-0.09342372349234385,10.811077492572227,14.652655823327674
Chugach (Alyeska),Early season,storm_days_per_window,Storm days (>= 2 in of new snow),days,43,8.850511170033972,15,10.096763704043136,15,9.297193102128846,13,6.897125247606237,1.2462525340091641,0.44668193209487406,0.7995706019142901,14.081136219891134,5.046961960878012
Chugach (Alyeska),Early season,new_snow_in_total,Total new snow in the window,in,43,57.379179913434434,15,64.97340538339186,15,60.2940880730876,13,45.253256494652945,7.594225469957429,2.914908159653166,4.679317310304263,13.235158608775027,5.080079854837183
Chugach (Alyeska),Early season,days_with_base_per_window,Days with a skiable base,days,43,5.368773081467155,15,5.7737164424199365,15,6.677502631681348,13,3.3914581839668023,0.4049433609527817,1.308729550214193,-0.9037861892614112,7.542568009637699,24.37669706570182
Chugach (Alyeska),Early season,mean_swe_in,Average base (snow water equivalent),in,43,4.702577414307633,15,4.59881445510524,15,5.168834483486709,13,4.284314979719154,-0.10376295920239365,0.4662570691790755,-0.5700200283814691,-2.2065125155982317,9.914925967204374
Chugach (Alyeska),Early season,mean_depth_in,Average base (snow depth),in,22,18.02494579744258,8,14.400336898626133,9,24.18643432021845,5,12.733640694552328,-3.6246088988164473,6.161488522775869,-9.786097421592316,-20.108847702225628,34.183118174203194
Chugach (Alyeska),Holidays,big_storm_days_per_window,Powder days (>= 6 in of new snow),days,43,1.3438468239965895,15,1.6145155493256074,15,1.1096625969012863,13,1.3017493260346111,0.27066872532901787,-0.23418422709530318,0.504852952424321,20.141337576261204,-17.426407750761445
Chugach (Alyeska),Holidays,storm_days_per_window,Storm days (>= 2 in of new snow),days,43,4.456250009270166,15,5.694529477743978,15,3.602696825971144,13,4.012335064837712,1.238279468473812,-0.853553183299022,2.091832651772834,27.787477495604307,-19.15406858958559
Chugach (Alyeska),Holidays,new_snow_in_total,Total new snow in the window,in,43,29.264951588681264,15,36.735222961496284,15,23.170580077669577,13,27.67737482506203,7.47027137281502,-6.094371511011687,13.564642883826707,25.526341125759046,-20.824813232798213
Chugach (Alyeska),Holidays,days_with_base_per_window,Days with a skiable base,days,43,10.722172692240497,15,12.116046532185143,15,10.618726364393547,13,9.233217870589312,1.3938738399446464,-0.10344632784694952,1.497320167791596,12.999919698676143,-0.9647888615132298
Chugach (Alyeska),Holidays,mean_swe_in,Average base (snow water equivalent),in,43,10.227488944408954,15,11.302069720811884,15,10.368441841578154,13,8.824950090287263,1.0745807764029305,0.1409528971691998,0.9336278792337307,10.506789909466194,1.3781769692965964
Chugach (Alyeska),Holidays,mean_depth_in,Average base (snow depth),in,20,33.821620205622686,7,35.44585166899282,8,40.05449758466802,5,21.575092350431994,1.624231463370137,6.232877379045334,-4.608645915675197,4.802346704549997,18.42867769536702
Chugach (Alyeska),Midwinter,big_storm_days_per_window,Powder days (>= 6 in of new snow),days,43,3.096054095068618,15,3.210063465092233,15,3.1351694512561012,13,2.9193717186711967,0.11400937002361511,0.0391153561874833,0.07489401383613181,3.6824088508404538,1.26339382279483
Chugach (Alyeska),Midwinter,storm_days_per_window,Storm days (>= 2 in of new snow),days,43,10.726353882238095,15,10.622259772781742,15,10.414235708680025,13,11.206598824177814,-0.10409410945635322,-0.3121181735580709,0.2080240641017177,-0.970451941071271,-2.9098254354157693
Chugach (Alyeska),Midwinter,new_snow_in_total,Total new snow in the window,in,43,69.44413431066548,15,69.14433589369956,15,69.85281778019527,13,69.31849771155326,-0.29979841696591336,0.40868346952979095,-0.7084818864957043,-0.4317116484233705,0.5885068243510725
Chugach (Alyeska),Midwinter,days_with_base_per_window,Days with a skiable base,days,43,38.66246199867558,15,39.783391086791,15,38.10412048940381,13,38.01332248462524,1.1209290881154175,-0.5583415092717701,1.6792705973871875,2.89926980892685,-1.4441437001370905
Chugach (Alyeska),Midwinter,mean_swe_in,Average base (snow water equivalent),in,43,16.110096513824143,15,17.270840145661122,15,15.945701840645038,13,14.96046309998813,1.1607436318369793,-0.16439467317910506,1.3251383050160843,7.205069385158184,-1.0204449926047139
Chugach (Alyeska),Midwinter,mean_depth_in,Average base (snow depth),in,21,46.543643540417804,7,43.70636020564044,9,52.946828909921024,5,38.990106544000284,-2.8372833347773607,6.40318536950322,-9.24046870428058,-6.095963098190855,13.757378843671292
Chugach (Alyeska),Spring,big_storm_days_per_window,Powder days (>= 6 in of new snow),days,43,2.215497639623402,15,2.737278378852786,15,2.3362479510938106,13,1.4741156580467185,0.5217807392293841,0.12075031147040871,0.40103042775897535,23.55140126974264,5.450256832182149
Chugach (Alyeska),Spring,storm_days_per_window,Storm days (>= 2 in of new snow),days,43,8.042638306444367,15,8.61963552260839,15,8.465801966286662,13,6.888606526437076,0.5769972161640222,0.4231636598422952,0.15383355632172702,7.174228085100988,5.261503050600008
Chugach (Alyeska),Spring,new_snow_in_total,Total new snow in the window,in,43,52.733445272930105,15,59.19000397635984,15,54.98664365001284,13,42.68372556464647,6.456558703429735,2.2531983770827324,4.203360326347003,12.243764218349126,4.272807068495061
Chugach (Alyeska),Spring,days_with_base_per_window,Days with a skiable base,days,43,37.95577216446042,15,38.48962838767667,15,38.138062184127826,13,37.12944957651773,0.5338562232162474,0.18229001966740555,0.3515662035488418,1.4065218352114552,0.4802695592057835
Chugach (Alyeska),Spring,mean_swe_in,Average base (snow water equivalent),in,43,22.85958569559797,15,24.60932960126805,15,23.118312376691506,13,20.54211963394764,1.7497439056700799,0.2587266810935347,1.4910172245765452,7.654311539018946,1.1318082687008506
Chugach (Alyeska),Spring,mean_depth_in,Average base (snow depth),in,21,58.985008561134485,8,55.48806125737355,8,68.73477760797834,5,48.9804937722018,-3.4969473037609333,9.74976904684386,-13.246716350604792,-5.928535722999096,16.529232231506413
E Cascades rain shadow (Mission Ridge),Early season,big_storm_days_per_window,Powder days (>= 6 in of new snow),days,45,0.9778282094305983,15,1.0732257348468535,16,0.9123864762390824,14,0.9504071272749146,0.09539752541625512,-0.06544173319151592,0.16083925860777104,9.756061902919154,-6.69255934328418
E Cascades rain shadow (Mission Ridge),Early season,storm_days_per_window,Storm days (>= 2 in of new snow),days,45,6.105996634683457,15,5.545671223921075,16,6.359796565570489,14,6.416288225200831,-0.5603254107623821,0.25379993088703223,-0.8141253416494143,-9.176641329600569,4.15656846984472
E Cascades rain shadow (Mission Ridge),Early season,new_snow_in_total,Total new snow in the window,in,45,37.27056261688552,15,35.32364874333366,16,38.07472491763398,14,38.43749913769284,-1.946913873551857,0.8041623007484588,-2.751076174300316,-5.223730839710488,2.1576339187971665
E Cascades rain shadow (Mission Ridge),Early season,days_with_base_per_window,Days with a skiable base,days,45,0.6164717524716476,15,0.574024984765387,16,0.627725341303657,14,0.6490891877774878,-0.04244676770626066,0.011253588832009331,-0.05370035653826999,-6.88543595648575,1.8254832904978722
E Cascades rain shadow (Mission Ridge),Early season,mean_swe_in,Average base (snow water equivalent),in,45,2.28764740699041,15,1.931212139699673,16,2.4291472451460585,14,2.507828235481172,-0.35643526729073693,0.14149983815564848,-0.4979351054463854,-15.580865574020303,6.185386686919697
E Cascades rain shadow (Mission Ridge),Early season,mean_depth_in,Average base (snow depth),in,25,7.862548865068238,9,5.939362326187464,9,8.524586928098401,7,9.484025476876168,-1.923186538880774,0.6620380630301632,-2.5852246019109373,-24.460090129615786,8.42014560916077
E Cascades rain shadow (Mission Ridge),Holidays,big_storm_days_per_window,Powder days (>= 6 in of new snow),days,45,0.5702160422773438,15,0.5630572819987892,16,0.6452834074333585,14,0.4920948681117786,-0.0071587602785545545,0.07506736515601475,-0.08222612543456931,-1.2554470144269723,13.164723471512437
E Cascades rain shadow (Mission Ridge),Holidays,storm_days_per_window,Storm days (>= 2 in of new snow),days,45,3.6495130916803995,15,3.219335574660069,16,4.188773733192447,14,3.494119698188411,-0.4301775170203306,0.5392606415120471,-0.9694381585323777,-11.787257812582817,14.776235294000475
E Cascades rain shadow (Mission Ridge),Holidays,new_snow_in_total,Total new snow in the window,in,45,22.03789773850644,15,20.936447116591623,16,24.285070772525835,14,20.64982565167872,-1.1014506219148181,2.2471730340193936,-3.3486236559342117,-4.9979840862509874,10.196857525538595
E Cascades rain shadow (Mission Ridge),Holidays,days_with_base_per_window,Days with a skiable base,days,45,3.417104169099831,15,3.5345099513847584,16,2.9158059942034757,14,3.864224459390386,0.11740578228492726,-0.5012981748963554,0.6187039571812827,3.4358268426992526,-14.670263184525995
E Cascades rain shadow (Mission Ridge),Holidays,mean_swe_in,Average base (snow water equivalent),in,45,6.70003227294754,15,6.577078239531898,16,6.572668671383572,14,6.977327139108836,-0.1229540334156427,-0.1273636015639683,0.004409568148325604,-1.835125987558141,-1.9009401205158274
E Cascades rain shadow (Mission Ridge),Holidays,mean_depth_in,Average base (snow depth),in,25,23.801776724419383,9,22.48186076621706,9,23.96925676852094,7,25.283480042548927,-1.3199159582023228,0.1674800441015556,-1.4873960023038784,-5.5454513899719,0.703645135573975
E Cascades rain shadow (Mission Ridge),Midwinter,big_storm_days_per_window,Powder days (>= 6 in of new snow),days,45,1.2354225689925173,15,1.0586588473965122,16,1.4912957188665268,14,1.1323858137036555,-0.17676372159600517,0.25587314987400944,-0.4326368714700146,-14.307956324624648,20.711387042465404
E Cascades rain shadow (Mission Ridge),Midwinter,storm_days_per_window,Storm days (>= 2 in of new snow),days,45,7.775562419669257,15,8.144908555516896,16,8.040203573342133,14,7.077387384206363,0.3693461358476382,0.26464115367287544,0.10470498217476276,4.750089008524078,3.403498543120592
E Cascades rain shadow (Mission Ridge),Midwinter,new_snow_in_total,Total new snow in the window,in,45,49.68608853672037,15,49.07827474120776,16,53.67837883511075,14,45.774700119466296,-0.6078137955126124,3.9922902983903796,-4.600104093902992,-1.223307797842467,8.035026334262332
E Cascades rain shadow (Mission Ridge),Midwinter,days_with_base_per_window,Days with a skiable base,days,45,29.05924282836522,15,30.050983473365687,16,27.907097557272007,14,29.313401018542702,0.9917406450004655,-1.1521452710932145,2.14388591609368,3.4128234202730523,-3.964815180829784
E Cascades rain shadow (Mission Ridge),Midwinter,mean_swe_in,Average base (snow water equivalent),in,45,11.448304454803466,15,11.459313834066798,16,11.608068009507129,14,11.253921771645713,0.011009379263331454,0.15976355470366244,-0.14875417544033098,0.09616602446934534,1.395521540629792
E Cascades rain shadow (Mission Ridge),Midwinter,mean_depth_in,Average base (snow depth),in,25,34.751250629923945,9,33.333299483605956,9,37.76960438546728,7,32.69359013234851,-1.4179511463179892,3.0183537555433375,-4.436304901861327,-4.080288106514953,8.685597498883288
E Cascades rain shadow (Mission Ridge),Spring,big_storm_days_per_window,Powder days (>= 6 in of new snow),days,45,0.4990425439176002,15,0.3915537201818463,16,0.5332915220232577,14,0.5750674515137282,-0.10748882373575391,0.03424897810565747,-0.14173780184141138,-21.53901005953152,6.862937543720222
E Cascades rain shadow (Mission Ridge),Spring,storm_days_per_window,Storm days (>= 2 in of new snow),days,45,4.228493939001682,15,3.353911044711782,16,5.090011696834326,14,4.1809553167892695,-0.8745828942899001,0.8615177578326438,-1.736100652122544,-20.683082603551824,20.37410411982386
E Cascades rain shadow (Mission Ridge),Spring,new_snow_in_total,Total new snow in the window,in,45,27.461132174656388,15,23.135094629681525,16,32.961940673430234,14,25.80953411710221,-4.326037544974863,5.500808498773846,-9.82684604374871,-15.753310961327811,20.031251675233143
E Cascades rain shadow (Mission Ridge),Spring,days_with_base_per_window,Days with a skiable base,days,45,33.41178511805309,15,32.14613193174894,16,36.219713000557235,14,31.558781666231397,-1.2656531863041494,2.8079278825041456,-4.073581068808295,-3.788044194083753,8.4040043732562
E Cascades rain shadow (Mission Ridge),Spring,mean_swe_in,Average base (snow water equivalent),in,45,15.001683665548423,15,14.149020929393442,16,16.255531507373412,14,14.482281920771621,-0.852662736154981,1.2538478418249888,-2.1065105779799698,-5.683780268698326,8.35804746839495
E Cascades rain shadow (Mission Ridge),Spring,mean_depth_in,Average base (snow depth),in,25,37.461524638685646,9,32.22180594746484,9,45.94597771314913,7,33.2897232888022,-5.2397186912208085,8.484453074463481,-13.72417176568429,-13.986933905540708,22.64844572209905
Elk Mtns (Aspen/Crested Butte),Early season,big_storm_days_per_window,Powder days (>= 6 in of new snow),days,46,1.0821920292177427,15,0.9168269182561297,16,1.183453839995095,15,1.1395445420168473,-0.165365110961613,0.10126181077735219,-0.2666269217389652,-15.280570037199993,9.357101886118011
Elk Mtns (Aspen/Crested Butte),Early season,storm_days_per_window,Storm days (>= 2 in of new snow),days,46,6.380814924619077,15,6.500811955594371,16,6.260498398462822,15,6.38915552154379,0.11999703097529402,-0.12031652615625532,0.24031355713154934,1.8805909964934082,-1.8855981183851371
Elk Mtns (Aspen/Crested Butte),Early season,new_snow_in_total,Total new snow in the window,in,46,39.063167901305675,15,39.02539002429268,16,39.35985060228134,15,38.784484230611284,-0.03777787701299218,0.2966827009756656,-0.3344605779886578,-0.09670971158416843,0.7594947284491719
Elk Mtns (Aspen/Crested Butte),Early season,days_with_base_per_window,Days with a skiable base,days,46,0.7341452541829423,15,0.9259141073912027,16,0.26169107177670115,15,1.0463275288746727,0.19176885320826043,-0.47245418240624115,0.6642230356145016,26.121377495205245,-64.35431949118204
Elk Mtns (Aspen/Crested Butte),Early season,mean_swe_in,Average base (snow water equivalent),in,46,2.8125156634184774,15,3.1874738622131376,16,2.5209378432418026,15,2.7485738061456013,0.3749581987946602,-0.2915778201766748,0.666536018971335,13.331772820739301,-10.367153647147195
Elk Mtns (Aspen/Crested Butte),Early season,mean_depth_in,Average base (snow depth),in,23,12.34497301764421,8,13.882278009156204,9,12.021739862337313,6,10.780082761921902,1.537304991511995,-0.32323315530689634,1.8605381468188913,12.452882556444493,-2.618338289155523
Elk Mtns (Aspen/Crested Butte),Holidays,big_storm_days_per_window,Powder days (>= 6 in of new snow),days,46,0.594981452607856,15,0.27276622640634013,16,0.8391271736223131,15,0.6567745763939505,-0.3222152262015158,0.2441457210144572,-0.566360947215973,-54.15550766989764,41.03417340899369
Elk Mtns (Aspen/Crested Butte),Holidays,storm_days_per_window,Storm days (>= 2 in of new snow),days,46,3.2288443079335396,15,2.324526988419195,16,3.9804925523329144,15,3.331403500088551,-0.9043173195143446,0.7516482443993748,-1.6559655639137194,-28.007461285524407,23.27917275393281
Elk Mtns (Aspen/Crested Butte),Holidays,new_snow_in_total,Total new snow in the window,in,46,20.555802620367,15,14.641578050478717,16,25.262944078995023,15,21.449076301052063,-5.914224569888283,4.707141458628023,-10.621366028516306,-28.771557496997858,22.89933186050403
Elk Mtns (Aspen/Crested Butte),Holidays,days_with_base_per_window,Days with a skiable base,days,46,2.5293961587967355,15,1.9898414821463324,16,2.9709044175996002,15,2.5980086927240817,-0.5395546766504031,0.4415082588028647,-0.9810629354532678,-21.331363012232764,17.455085367603925
Elk Mtns (Aspen/Crested Butte),Holidays,mean_swe_in,Average base (snow water equivalent),in,46,6.015685493632417,15,5.858836710933186,16,6.169400993171465,15,6.008571076823328,-0.15684878269923086,0.1537154995390475,-0.31056428223827837,-2.6073301681953747,2.555244945929352
Elk Mtns (Aspen/Crested Butte),Holidays,mean_depth_in,Average base (snow depth),in,24,28.14243695858009,9,28.430909218015813,9,29.67546090079904,6,25.410192656098104,0.2884722594357214,1.53302394221895,-1.2445516827832286,1.0250436373377811,5.447374527213999
Elk Mtns (Aspen/Crested Butte),Midwinter,big_storm_days_per_window,Powder days (>= 6 in of new snow),days,46,1.337474862740715,15,1.0894162243492007,16,1.4991356856852376,15,1.413095289991405,-0.2480586383915142,0.16166082294452266,-0.40971946133603687,-18.54678882586246,12.087017666504174
Elk Mtns (Aspen/Crested Butte),Midwinter,storm_days_per_window,Storm days (>= 2 in of new snow),days,46,8.20227904500098,15,8.310726351543117,16,8.70157682193741,15,7.561247443059986,0.10844730654213741,0.4992977769364302,-0.39085047039429277,1.3221606573874427,6.087305420811497
Elk Mtns (Aspen/Crested Butte),Midwinter,new_snow_in_total,Total new snow in the window,in,46,51.69045822573371,15,50.747015737769544,16,54.786903266620875,15,49.33102600341826,-0.9434424879641625,3.0964450408871684,-4.039887528851331,-1.825177257752528,5.990360981837122
Elk Mtns (Aspen/Crested Butte),Midwinter,days_with_base_per_window,Days with a skiable base,days,46,21.414147761057844,15,17.386534908754058,16,24.790299501171557,15,21.840532090573674,-4.027612852303786,3.3761517401137127,-7.403764592417499,-18.80818651876541,15.765986943703302
Elk Mtns (Aspen/Crested Butte),Midwinter,mean_swe_in,Average base (snow water equivalent),in,46,9.845460237287352,15,9.314873141242744,16,10.370848031456912,15,9.81563368621776,-0.5305870960446075,0.5253877941695606,-1.0559748902141681,-5.389154831331647,5.33634570154251
Elk Mtns (Aspen/Crested Butte),Midwinter,mean_depth_in,Average base (snow depth),in,23,41.00625143874804,8,40.89139315062273,9,42.991741009367075,6,38.18116146698656,-0.11485828812530485,1.9854895706190376,-2.1003478587443425,-0.280099458242047,4.841919221962554
Elk Mtns (Aspen/Crested Butte),Spring,big_storm_days_per_window,Powder days (>= 6 in of new snow),days,46,1.164161291647941,15,1.3075066187464657,16,1.149114152327475,15,1.0368662464912461,0.14334532709852477,-0.015047139320465863,0.15839246641899063,12.313184446771183,-1.2925304619229974
Elk Mtns (Aspen/Crested Butte),Spring,storm_days_per_window,Storm days (>= 2 in of new snow),days,46,7.507501234291982,15,7.639312926047482,16,7.708546029837553,15,7.161241760621207,0.1318116917554999,0.2010447955455712,-0.0692331037900713,1.7557332012604165,2.6779189143154545
Elk Mtns (Aspen/Crested Butte),Spring,new_snow_in_total,Total new snow in the window,in,46,44.43066355000831,15,45.744997907349635,16,44.727079715578995,15,42.800151949391584,1.3143343573413233,0.2964161655706832,1.0179181917706401,2.958169544017709,0.6671432337197848
Elk Mtns (Aspen/Crested Butte),Spring,days_with_base_per_window,Days with a skiable base,days,46,34.08169762406751,15,35.20620159587417,16,36.22920579563954,15,30.66651826925068,1.1245039718066607,2.147508171572028,-1.0230041997653672,3.2994365016975227,6.301059868730012
Elk Mtns (Aspen/Crested Butte),Spring,mean_swe_in,Average base (snow water equivalent),in,46,14.887814503188293,15,14.667371551792083,16,15.582284541776378,15,14.367489413423877,-0.22044295139621006,0.6944700385880846,-0.9149129899842947,-1.4806938342024694,4.6646876103901
Elk Mtns (Aspen/Crested Butte),Spring,mean_depth_in,Average base (snow depth),in,24,46.997692747969914,9,48.51839127222585,9,49.53322972523037,6,40.91333949569529,1.520698524255934,2.535536977260456,-1.014838453004522,3.235687616434365,5.3950243703612015
Front Range (Winter Park/Loveland/A-Basin),Early season,big_storm_days_per_window,Powder days (>= 6 in of new snow),days,48,0.6843467129439298,16,0.662251417883035,16,0.7772407548940273,16,0.6135479660547272,-0.022095295060894804,0.09289404195009754,-0.11498933701099234,-3.2286697141928298,13.57411969591919
Front Range (Winter Park/Loveland/A-Basin),Early season,storm_days_per_window,Storm days (>= 2 in of new snow),days,48,5.510470992733019,16,5.208751422210077,16,5.792493838266651,16,5.53016771772233,-0.30171957052294207,0.282022845533632,-0.5837424160565741,-5.475386240501717,5.117944471635039
Front Range (Winter Park/Loveland/A-Basin),Early season,new_snow_in_total,Total new snow in the window,in,48,36.764895299413524,16,35.54156292247836,16,38.65173972277289,16,36.101383252989336,-1.2233323769351614,1.8868444233593635,-3.110176800294525,-3.3274469217777862,5.132190389753299
Front Range (Winter Park/Loveland/A-Basin),Early season,days_with_base_per_window,Days with a skiable base,days,48,0.14719187196297248,16,0.03681869441839656,16,0.29417747154553986,16,0.1105794499249811,-0.11037317754457593,0.14698559958256738,-0.2573587771271433,-74.9859187688987,99.85986156867615
Front Range (Winter Park/Loveland/A-Basin),Early season,mean_swe_in,Average base (snow water equivalent),in,48,2.7316448641505446,16,3.0816906138584654,16,2.7644086339809695,16,2.3488353446121994,0.3500457497079208,0.03276376983042484,0.31728197987749596,12.81446773340992,1.1994154240329238
Front Range (Winter Park/Loveland/A-Basin),Early season,mean_depth_in,Average base (snow depth),in,28,12.067378177458822,9,14.7143439386938,12,11.55924034216176,7,9.535229916380251,2.646965761234977,-0.5081378352970631,3.15510359653204,21.934886951495056,-4.210838740814768
Front Range (Winter Park/Loveland/A-Basin),Holidays,big_storm_days_per_window,Powder days (>= 6 in of new snow),days,48,0.36503412069284136,16,0.28396308030399026,16,0.4848476780983154,16,0.32629160367621846,-0.0810710403888511,0.11981355740547406,-0.20088459779432516,-22.209167799157186,32.82256386829422
Front Range (Winter Park/Loveland/A-Basin),Holidays,storm_days_per_window,Storm days (>= 2 in of new snow),days,48,2.7688769070702057,16,1.9722910303558607,16,3.365927061625766,16,2.96841262922899,-0.796585876714345,0.5970501545555602,-1.3936360312699052,-28.76927734419316,21.56289985412565
Front Range (Winter Park/Loveland/A-Basin),Holidays,new_snow_in_total,Total new snow in the window,in,48,18.333768182656367,16,14.288379531871866,16,21.79903977099554,16,18.913885245101696,-4.045388650784501,3.4652715883391743,-7.510660239123675,-22.0652329105558,18.901033076317066
Front Range (Winter Park/Loveland/A-Basin),Holidays,days_with_base_per_window,Days with a skiable base,days,48,1.108884776340867,16,0.20737447200207831,16,2.18895690464276,16,0.930322952377763,-0.9015103043387886,1.080072128301893,-1.9815824326406817,-81.29882595319063,97.40165536999699
Front Range (Winter Park/Loveland/A-Basin),Holidays,mean_swe_in,Average base (snow water equivalent),in,48,5.511430815345315,16,5.4541475446408505,16,5.870815499639191,16,5.209329401755903,-0.05728327070446415,0.35938468429387616,-0.4166679549983403,-1.0393538923680585,6.52071478958335
Front Range (Winter Park/Loveland/A-Basin),Holidays,mean_depth_in,Average base (snow depth),in,28,23.14941489617606,9,25.366212570505212,12,22.76073098562542,7,20.96556173298254,2.2167976743291504,-0.3886839105506432,2.6054815848797936,9.576041918430224,-1.6790226115600357
Front Range (Winter Park/Loveland/A-Basin),Midwinter,big_storm_days_per_window,Powder days (>= 6 in of new snow),days,48,0.8120801748651821,16,0.7554930232677177,16,0.819968384364555,16,0.8607791169632737,-0.056587151597464413,0.007888209499372856,-0.06447536109683727,-6.968173014057233,0.9713584623196128
Front Range (Winter Park/Loveland/A-Basin),Midwinter,storm_days_per_window,Storm days (>= 2 in of new snow),days,48,7.1285053611905385,16,7.14220207766397,16,7.100593708315688,16,7.14272029759196,0.01369671647343118,-0.027911652874850645,0.041608369348281826,0.19214008799095128,-0.3915498615854179
Front Range (Winter Park/Loveland/A-Basin),Midwinter,new_snow_in_total,Total new snow in the window,in,48,46.659716121723356,16,46.576484309232725,16,46.92259652780166,16,46.48006752813568,-0.08323181249063083,0.26288040607830254,-0.34611221856893337,-0.1783804519373846,0.5633990686795314
Front Range (Winter Park/Loveland/A-Basin),Midwinter,days_with_base_per_window,Days with a skiable base,days,48,19.05760115772591,16,17.247196969469112,16,21.700266279053853,16,18.225340224654754,-1.810404188256797,2.642665121327944,-4.453069309584741,-9.49964359770885,13.866724880306428
Front Range (Winter Park/Loveland/A-Basin),Midwinter,mean_swe_in,Average base (snow water equivalent),in,48,8.786614060397163,16,8.541516899905828,16,9.33342057122363,16,8.484904710062033,-0.24509716049133523,0.5468065108264675,-0.7919036713178027,-2.7894381021698886,6.223176607824645
Front Range (Winter Park/Loveland/A-Basin),Midwinter,mean_depth_in,Average base (snow depth),in,28,34.04945114116039,9,35.82207062321571,12,33.62294351652097,7,32.50152487789969,1.772619482055319,-0.42650762463942016,2.199127106694739,5.20601484795302,-1.2526123339587112
Front Range (Winter Park/Loveland/A-Basin),Spring,big_storm_days_per_window,Powder days (>= 6 in of new snow),days,48,1.0920917514625414,16,1.2810055194686947,16,0.9002672122407579,16,1.0950025226781719,0.18891376800615323,-0.19182453922178355,0.3807383072279368,17.298342172547116,-17.56487391877926
Front Range (Winter Park/Loveland/A-Basin),Spring,storm_days_per_window,Storm days (>= 2 in of new snow),days,48,7.3461441836397485,16,7.471063349851099,16,7.029742018801849,16,7.5376271822663,0.12491916621135069,-0.31640216483789985,0.44132133104925053,1.7004725620489762,-4.307050840936994
Front Range (Winter Park/Loveland/A-Basin),Spring,new_snow_in_total,Total new snow in the window,in,48,46.62106298553266,16,48.893280764073964,16,43.82669610754622,16,47.14321208497778,2.272217778541304,-2.794366877986441,5.066584656527745,4.873800881044718,-5.993786282508365
Front Range (Winter Park/Loveland/A-Basin),Spring,days_with_base_per_window,Days with a skiable base,days,48,34.138371045830816,16,36.252312977812096,16,35.17112554619496,16,30.991674613485387,2.11394193198128,1.0327545003641418,1.0811874316171384,6.1922753406813404,3.025201463120977
Front Range (Winter Park/Loveland/A-Basin),Spring,mean_swe_in,Average base (snow water equivalent),in,48,13.240840654452692,16,13.469671296590025,16,13.507903665105776,16,12.744947001662274,0.22883064213733384,0.267063010653084,-0.03823236851575018,1.7282183821189752,2.0169641612843883
Front Range (Winter Park/Loveland/A-Basin),Spring,mean_depth_in,Average base (snow depth),in,28,42.61295185288572,9,46.565904207943035,12,42.30326964961002,7,38.06146831628471,3.952952355057313,-0.30968220327569895,4.262634558333012,9.276410535238764,-0.7267325773272557
Gore & Tenmile (Vail/Summit/Copper),Early season,big_storm_days_per_window,Powder days (>= 6 in of new snow),days,48,0.718413234506725,16,0.6947920290096454,16,0.7811886211000225,16,0.679259053410507,-0.023621205497079578,0.06277538659329751,-0.08639659209037709,-3.2879691467958976,8.73806099026004
Gore & Tenmile (Vail/Summit/Copper),Early season,storm_days_per_window,Storm days (>= 2 in of new snow),days,48,5.7385304571454485,16,5.48120755225991,16,6.113925502369552,16,5.620458316806884,-0.25732290488553833,0.3753950452241037,-0.632717950109642,-4.484125453497026,6.5416581479788585
Gore & Tenmile (Vail/Summit/Copper),Early season,new_snow_in_total,Total new snow in the window,in,48,37.97261585162257,16,37.20172106318462,16,39.430118441957475,16,37.28600804972561,-0.7708947884379498,1.4575025903349044,-2.228397378772854,-2.03013348211303,3.838299147022354
Gore & Tenmile (Vail/Summit/Copper),Early season,days_with_base_per_window,Days with a skiable base,days,48,0.1897096606589718,16,0.0,16,0.4058611137050103,16,0.16326786827190515,-0.1897096606589718,0.21615145304603853,-0.4058611137050103,-100.0,113.938031566352
Gore & Tenmile (Vail/Summit/Copper),Early season,mean_swe_in,Average base (snow water equivalent),in,48,2.889008865838722,16,3.202508721681678,16,2.9095066840505144,16,2.555011191783974,0.3134998558429558,0.020497818211792307,0.2930020376311635,10.851467420192293,0.7095103948682929
Gore & Tenmile (Vail/Summit/Copper),Early season,mean_depth_in,Average base (snow depth),in,28,12.073761461468196,9,14.434516715270279,12,11.752911228296897,7,9.58853367773059,2.3607552538020826,-0.32085023317129924,2.681605486973382,19.55277368478845,-2.657417360739237
Gore & Tenmile (Vail/Summit/Copper),Holidays,big_storm_days_per_window,Powder days (>= 6 in of new snow),days,48,0.3752702674359378,16,0.23823351247490646,16,0.43356798543555874,16,0.454009304397348,-0.13703675496103132,0.05829771799962097,-0.1953344729606523,-36.516816505966545,15.534861953744562
Gore & Tenmile (Vail/Summit/Copper),Holidays,storm_days_per_window,Storm days (>= 2 in of new snow),days,48,2.9083999738934985,16,2.0676227013033146,16,3.561383608424326,16,3.096193611952856,-0.8407772725901839,0.6529836345308278,-1.4937609071210116,-28.90858479360487,22.451644904145468
Gore & Tenmile (Vail/Summit/Copper),Holidays,new_snow_in_total,Total new snow in the window,in,48,18.468899689133313,16,13.994760562249297,16,21.70883779956482,16,19.703100705585825,-4.474139126884015,3.239938110431506,-7.7140772373155215,-24.225260855775282,17.5426699206007
Gore & Tenmile (Vail/Summit/Copper),Holidays,days_with_base_per_window,Days with a skiable base,days,48,1.2567042109134865,16,0.09389350324050089,16,2.382811586568071,16,1.2934075429318874,-1.1628107076729857,1.1261073756545843,-2.28891808332757,-92.52859165863299,89.607989364182
Gore & Tenmile (Vail/Summit/Copper),Holidays,mean_swe_in,Average base (snow water equivalent),in,48,5.725137789472174,16,5.579099142023038,16,6.0729026844079,16,5.523411541985585,-0.14603864744913597,0.34776489493572615,-0.4938035423848621,-2.5508320117235104,6.074349783776787
Gore & Tenmile (Vail/Summit/Copper),Holidays,mean_depth_in,Average base (snow depth),in,28,23.16422799982632,9,24.893715527117052,12,23.23950791053119,7,20.811549903529862,1.7294875272907326,0.07527991070487161,1.654207616585861,7.466199725299284,0.32498346461378314
Gore & Tenmile (Vail/Summit/Copper),Midwinter,big_storm_days_per_window,Powder days (>= 6 in of new snow),days,48,0.7883335766985814,16,0.7756089804430258,16,0.821864846146994,16,0.767526903505724,-0.012724596255555554,0.03353126944841256,-0.04625586570396811,-1.6141131916319214,4.25343667192717
Gore & Tenmile (Vail/Summit/Copper),Midwinter,storm_days_per_window,Storm days (>= 2 in of new snow),days,48,7.35815124542269,16,7.639201822669721,16,7.292929885438377,16,7.14232202815997,0.2810505772470311,-0.06522135998431278,0.34627193723134386,3.819581412136169,-0.8863824323383575
Gore & Tenmile (Vail/Summit/Copper),Midwinter,new_snow_in_total,Total new snow in the window,in,48,47.239818435689266,16,47.84598131262771,16,47.36398226542953,16,46.509491729010556,0.6061628769384413,0.12416382974026163,0.48199904719817965,1.2831608947939788,0.26283722895610656
Gore & Tenmile (Vail/Summit/Copper),Midwinter,days_with_base_per_window,Days with a skiable base,days,48,19.827376224607097,16,17.343886576299195,16,22.31859985895749,16,19.819642238564597,-2.483489648307902,2.491223634350394,-4.974713282658296,-12.525558703151685,12.56456530672283
Gore & Tenmile (Vail/Summit/Copper),Midwinter,mean_swe_in,Average base (snow water equivalent),in,48,9.013995555541404,16,8.679026822630519,16,9.489209381492962,16,8.873750462500732,-0.3349687329108857,0.4752138259515579,-0.8101825588624436,-3.7160960513782566,5.271955405607201
Gore & Tenmile (Vail/Summit/Copper),Midwinter,mean_depth_in,Average base (snow depth),in,28,34.04180688268844,9,35.382791176703755,12,34.301276454245595,7,31.872879239142186,1.340984294015314,0.25946957155715467,1.0815147224581594,3.9392277226543335,0.7622085762113434
Gore & Tenmile (Vail/Summit/Copper),Spring,big_storm_days_per_window,Powder days (>= 6 in of new snow),days,48,1.0055223965918325,16,1.0556889728015966,16,0.9631821826073177,16,0.9976960343665835,0.05016657620976406,-0.04234021398451482,0.09250679019427888,4.989105800109589,-4.210767868326438
Gore & Tenmile (Vail/Summit/Copper),Spring,storm_days_per_window,Storm days (>= 2 in of new snow),days,48,7.33966260415153,16,7.424932655861554,16,7.183129178787529,16,7.410925977805508,0.08527005171002333,-0.1565334253640014,0.24180347707402472,1.1617707285589949,-2.1327060085222644
Gore & Tenmile (Vail/Summit/Copper),Spring,new_snow_in_total,Total new snow in the window,in,48,46.125200263365286,16,47.26624382388723,16,44.85526370892056,16,46.25409325728809,1.1410435605219433,-1.269936554444726,2.4109801149666694,2.473796436669808,-2.7532380286560336
Gore & Tenmile (Vail/Summit/Copper),Spring,days_with_base_per_window,Days with a skiable base,days,48,35.27354810086606,16,37.221966771249285,16,36.53725463075164,16,32.061422900597236,1.9484186703832265,1.2637065298855816,0.6847121404976448,5.523738822110123,3.582589781645908
Gore & Tenmile (Vail/Summit/Copper),Spring,mean_swe_in,Average base (snow water equivalent),in,48,13.564620209418555,16,13.694923367472509,16,13.81188602239055,16,13.187051238392614,0.13030315805395354,0.24726581297199424,-0.1169626549180407,0.9606104412969698,1.8228731004227154
Gore & Tenmile (Vail/Summit/Copper),Spring,mean_depth_in,Average base (snow depth),in,28,42.1779807713171,9,45.30297725037909,12,42.84686535503061,7,37.01346886901423,3.124996479061984,0.6688845837135062,2.456111895348478,7.409070851459823,1.5858620338894398
Jemez & N New Mexico,Early season,big_storm_days_per_window,Powder days (>= 6 in of new snow),days,46,0.48515358229804584,15,0.5840629866278981,16,0.4005365369382351,15,0.4765023596853251,0.09890940432985229,-0.08461704535981074,0.18352644968966303,20.38723569994975,-17.441290438174626
Jemez & N New Mexico,Early season,storm_days_per_window,Storm days (>= 2 in of new snow),days,46,3.3921076959943943,15,4.340823852483011,16,2.747453942938405,15,3.131022209432169,0.9487161564886164,-0.6446537530559895,1.593369909544606,27.968338316879436,-19.004519043343926
Jemez & N New Mexico,Early season,new_snow_in_total,Total new snow in the window,in,46,19.68858651787075,15,25.283946859697902,16,15.765895459004815,15,18.27742997216725,5.595360341827153,-3.9226910588659347,9.518051400693087,28.41930951593914,-19.92368042929554
Jemez & N New Mexico,Early season,days_with_base_per_window,Days with a skiable base,days,46,0.0,15,0.0,16,0.0,15,0.0,0.0,0.0,0.0,,
Jemez & N New Mexico,Early season,mean_swe_in,Average base (snow water equivalent),in,46,1.2803343963662386,15,1.6761289624830618,16,0.8967457833802844,15,1.2937010174344326,0.3957945661168232,-0.38358861298595415,0.7793831791027773,30.913374446561885,-29.9600334158506
Jemez & N New Mexico,Early season,mean_depth_in,Average base (snow depth),in,25,4.361557655991657,9,5.7121284302332285,9,2.848215586258918,7,4.570835035908869,1.3505707742415716,-1.5133420697327389,2.8639128439743105,30.96533121340802,-34.697284527553975
Jemez & N New Mexico,Holidays,big_storm_days_per_window,Powder days (>= 6 in of new snow),days,46,0.39601816437670356,15,0.41776391775315586,16,0.501545442446525,15,0.2617099810591081,0.021745753376452293,0.10552727806982143,-0.08378152469336914,5.491099987971037,26.64708025095559
Jemez & N New Mexico,Holidays,storm_days_per_window,Storm days (>= 2 in of new snow),days,46,1.9747256288145467,15,2.4734233320311576,16,1.9495093943661703,15,1.5029252423428716,0.4986977032166109,-0.025216234448376396,0.5239139376649873,25.254024961228943,-1.2769487609027501
Jemez & N New Mexico,Holidays,new_snow_in_total,Total new snow in the window,in,46,12.443380592376252,15,15.164354824124711,16,12.565747272035779,15,9.591881902324298,2.7209742317484586,0.12236667965952641,2.5986075520889322,21.866840860075687,0.9833877437976736
Jemez & N New Mexico,Holidays,days_with_base_per_window,Days with a skiable base,days,46,0.12667002699624316,15,0.1440040676209924,16,0.22115708010731377,15,0.008549796386351954,0.017334040624749247,0.09448705311107061,-0.07715301248632137,13.684405881798185,74.59306305656108
Jemez & N New Mexico,Holidays,mean_swe_in,Average base (snow water equivalent),in,46,3.317303985183901,15,4.190561834400466,16,2.944120088843997,15,2.8421089587299018,0.8732578492165648,-0.3731838963399041,1.246441745556469,26.324324002768595,-11.249614084408849
Jemez & N New Mexico,Holidays,mean_depth_in,Average base (snow depth),in,25,13.430791351228843,9,16.721908002564298,9,12.22663115129757,7,10.747561627994887,3.2911166513354555,-1.2041601999312732,4.495276851266729,24.504264605632017,-8.965668280008678
Jemez & N New Mexico,Midwinter,big_storm_days_per_window,Powder days (>= 6 in of new snow),days,46,0.7308774691071116,15,1.046960888417255,16,0.6798829477297936,15,0.4691882059327739,0.3160834193101434,-0.05099452137731797,0.36707794068746136,43.24711496392027,-6.97716423515097
Jemez & N New Mexico,Midwinter,storm_days_per_window,Storm days (>= 2 in of new snow),days,46,5.122753183038304,15,6.399498805586796,16,4.097258056205332,15,4.939869029111648,1.2767456225484919,-1.025495126832972,2.302240749381464,24.923036049752728,-20.01843716047922
Jemez & N New Mexico,Midwinter,new_snow_in_total,Total new snow in the window,in,46,30.13703774594462,15,37.678754615352254,16,25.35311181864129,15,27.698175198993887,7.541716869407633,-4.783925927303333,12.325642796710966,25.024745076089904,-15.873908934354638
Jemez & N New Mexico,Midwinter,days_with_base_per_window,Days with a skiable base,days,46,7.675838582919012,15,10.64386028962472,16,6.66301291371742,15,5.788164256695003,2.9680217067057084,-1.0128256692015922,3.9808473759073006,38.667067769122,-13.19498395205217
Jemez & N New Mexico,Midwinter,mean_swe_in,Average base (snow water equivalent),in,46,5.909216201211096,15,7.444175020642731,16,5.268395592180241,15,5.0577993647457085,1.534958819431635,-0.6408206090308548,2.17577942846249,25.975675405429318,-10.844426523089787
Jemez & N New Mexico,Midwinter,mean_depth_in,Average base (snow depth),in,25,21.221051578840296,9,26.977490181189626,9,19.411483182312036,7,16.146504171356074,5.756438602349331,-1.8095683965282596,7.56600699887759,27.126076108731237,-8.527232450311732
Jemez & N New Mexico,Spring,big_storm_days_per_window,Powder days (>= 6 in of new snow),days,46,0.519632455971866,15,0.5826681161591516,16,0.46650654118245766,15,0.5132644382266159,0.06303566018728557,-0.05312591478940837,0.11616157497669394,12.130816592160372,-10.223748378081432
Jemez & N New Mexico,Spring,storm_days_per_window,Storm days (>= 2 in of new snow),days,46,3.6843815588700015,15,4.189868380374238,16,3.2503092591800726,15,3.6419051903683566,0.5054868215042361,-0.4340722996899289,0.939559121194165,13.719719671468248,-11.781415490068262
Jemez & N New Mexico,Spring,new_snow_in_total,Total new snow in the window,in,46,20.85738180506036,15,23.62903301439237,16,18.467664196036296,15,20.634762712020674,2.77165120933201,-2.389717609024064,5.161368818356074,13.288586435424792,-11.45741891939801
Jemez & N New Mexico,Spring,days_with_base_per_window,Days with a skiable base,days,46,15.011027226767068,15,23.77653200414123,16,10.17473926781564,15,11.404229605607775,8.765504777374163,-4.836287958951427,13.60179273632559,58.393770425943025,-32.21823454112155
Jemez & N New Mexico,Spring,mean_swe_in,Average base (snow water equivalent),in,46,7.235258991334843,15,9.632932421650084,16,5.946961033473128,15,6.211770049405425,2.3976734303152414,-1.2882979578617144,3.685971388176956,33.138736749945856,-17.80583057779435
Jemez & N New Mexico,Spring,mean_depth_in,Average base (snow depth),in,25,18.34540631581036,9,25.61931996825136,9,16.459363536137783,7,11.418143765108104,7.273913652440999,-1.8860427796725787,9.159956432113578,39.64978222462277,-10.280735935770238
Mt Hood,Early season,big_storm_days_per_window,Powder days (>= 6 in of new snow),days,48,2.2899153894392987,16,1.6999345333605653,16,2.6972107311462055,16,2.4726009038111254,-0.5899808560787334,0.40729534170690673,-0.9972761977856401,-25.764308096256528,17.786479954031652
Mt Hood,Early season,storm_days_per_window,Storm days (>= 2 in of new snow),days,48,8.62437384683462,16,6.883162322295407,16,9.873587593783054,16,9.116371624425401,-1.7412115245392137,1.249213746948433,-2.9904252714876467,-20.189425405976404,14.484689197545958
Mt Hood,Early season,new_snow_in_total,Total new snow in the window,in,48,51.31560537876317,16,41.62752712631274,16,58.00569601958723,16,54.313592990389544,-9.688078252450431,6.69009064082406,-16.37816889327449,-18.87939970880635,13.037146480966463
Mt Hood,Early season,days_with_base_per_window,Days with a skiable base,days,48,4.402978179249513,16,3.2000125395966674,16,5.243820188033057,16,4.765101810118818,-1.2029656396528456,0.840842008783544,-2.0438076484363896,-27.321635281369733,19.09711959841839
Mt Hood,Early season,mean_swe_in,Average base (snow water equivalent),in,48,3.494683482033549,16,2.8954148372903488,16,4.071662061218612,16,3.5169735475916832,-0.5992686447432001,0.5769785791850635,-1.1762472239282635,-17.148009192365738,16.510181312595464
Mt Hood,Early season,mean_depth_in,Average base (snow depth),in,30,11.704749877043607,10,7.154631142431756,12,13.451109268478978,8,14.772859208155365,-4.550118734611851,1.7463593914353712,-6.296478126047222,-38.874121894188846,14.920091499438923
Mt Hood,Holidays,big_storm_days_per_window,Powder days (>= 6 in of new snow),days,48,1.5268442079558433,16,0.846810202809406,16,2.1828378152705854,16,1.550884605787539,-0.6800340051464373,0.6559936073147421,-1.3360276124611794,-44.5385325891811,42.96401714704042
Mt Hood,Holidays,storm_days_per_window,Storm days (>= 2 in of new snow),days,48,5.27640698188624,16,4.3202981838586485,16,6.3718916005039254,16,5.137031161296145,-0.9561087980275911,1.0954846186176859,-2.051593416645277,-18.120452067285303,20.761943162808603
Mt Hood,Holidays,new_snow_in_total,Total new snow in the window,in,48,32.912813870765845,16,25.661921135978943,16,40.223841250548276,16,32.85267922577033,-7.250892734786902,7.311027379782431,-14.561920114569332,-22.03060717706475,22.213316091688856
Mt Hood,Holidays,days_with_base_per_window,Days with a skiable base,days,48,8.704266991167154,16,5.8111108952380945,16,10.711654272481132,16,9.590035805782238,-2.8931560959290596,2.007387281313978,-4.900543377243038,-33.23836572183451,23.062106014797322
Mt Hood,Holidays,mean_swe_in,Average base (snow water equivalent),in,48,10.495837229425243,16,7.879977320934831,16,12.10776162282383,16,11.499772744517072,-2.615859908490412,1.6119243933985867,-4.227784301888999,-24.92283227446409,15.357749535973477
Mt Hood,Holidays,mean_depth_in,Average base (snow depth),in,29,32.35315270482915,10,22.589619484030486,12,36.96775981498114,7,38.39030225999526,-9.763533220798664,4.614607110151994,-14.378140330950657,-30.177996283315295,14.26323781256471
Mt Hood,Midwinter,big_storm_days_per_window,Powder days (>= 6 in of new snow),days,48,3.8595500554947377,16,3.149830326157846,16,4.687495358929428,16,3.741324481396938,-0.7097197293368915,0.82794530343469,-1.5376650327715815,-18.3886649773199,21.451860748792893
Mt Hood,Midwinter,storm_days_per_window,Storm days (>= 2 in of new snow),days,48,12.717168241936179,16,11.18736026722194,16,14.431260486875619,16,12.53288397171098,-1.5298079747142381,1.7140922449394402,-3.2439002196536784,-12.029470284662414,13.478568595853309
Mt Hood,Midwinter,new_snow_in_total,Total new snow in the window,in,48,82.26400041899238,16,70.22762177805978,16,95.03656372790381,16,81.52781575101352,-12.036378640932597,12.77256330891143,-24.808941949844026,-14.631404477813048,15.526309496082584
Mt Hood,Midwinter,days_with_base_per_window,Days with a skiable base,days,48,37.4279816963632,16,32.07356076569938,16,41.60094121418285,16,38.60944310920735,-5.354420930663814,4.172959517819656,-9.52738044848347,-14.305930183737619,11.149304153435383
Mt Hood,Midwinter,mean_swe_in,Average base (snow water equivalent),in,48,18.942513625226468,16,15.185995090222637,16,21.89095307553429,16,19.75059270992247,-3.7565185350038313,2.9484394503078235,-6.704957985311655,-19.831151289241426,15.565196407626042
Mt Hood,Midwinter,mean_depth_in,Average base (snow depth),in,30,53.61683690072796,10,39.22355085149798,12,60.118651318762204,8,61.85572283521408,-14.393286049229978,6.501814418034243,-20.89510046726422,-26.84471311852893,12.126441606528205
Mt Hood,Spring,big_storm_days_per_window,Powder days (>= 6 in of new snow),days,48,1.843821448935907,16,1.5492326597989101,16,2.2292675571320806,16,1.7529641298767304,-0.29458878913699693,0.38544610819617353,-0.6800348973331705,-15.977077894771638,20.904741531161786
Mt Hood,Spring,storm_days_per_window,Storm days (>= 2 in of new snow),days,48,8.483117080165865,16,6.975329374636784,16,10.47575554116489,16,7.998266324695921,-1.507787705529081,1.992638460999025,-3.500426166528106,-17.77398203137378,23.4894607980592
Mt Hood,Spring,new_snow_in_total,Total new snow in the window,in,48,50.510937243686875,16,42.25761204809886,16,62.05128559784711,16,47.22391408511465,-8.253325195588012,11.540348354160237,-19.79367354974825,-16.339679376310833,22.847226727321537
Mt Hood,Spring,days_with_base_per_window,Days with a skiable base,days,48,36.318944130201196,16,31.30110211786593,16,41.72601724759543,16,35.929713025142206,-5.017842012335265,5.4070731173942335,-10.424915129729499,-13.816045957576872,14.88774865813887
Mt Hood,Spring,mean_swe_in,Average base (snow water equivalent),in,48,27.183189381061002,16,20.784725932391623,16,33.33729756316699,16,27.427544647624394,-6.3984634486693786,6.15410818210599,-12.552571630775368,-23.538310236426117,22.639389719271367
Mt Hood,Spring,mean_depth_in,Average base (snow depth),in,29,69.3204531007147,10,50.187498182687804,12,85.31381331147408,7,69.23605690802273,-19.132954918026897,15.993360210759377,-35.126315128786274,-27.60073551485432,23.071632534661667
N Sierra / Tahoe (Palisades/Heavenly/Rose),Early season,big_storm_days_per_window,Powder days (>= 6 in of new snow),days,48,2.1156930882931877,16,1.9727580631065276,16,2.453854952558274,16,1.9204662492147613,-0.14293502518666013,0.3381618642650861,-0.4810968894517462,-6.755943287689775,15.98350281221056
N Sierra / Tahoe (Palisades/Heavenly/Rose),Early season,storm_days_per_window,Storm days (>= 2 in of new snow),days,48,5.67600549028941,16,5.415681952012813,16,5.960329741928108,16,5.652004776927313,-0.26032353827659716,0.2843242516386981,-0.5446477899152953,-4.586386301457289,5.009231441462205
N Sierra / Tahoe (Palisades/Heavenly/Rose),Early season,new_snow_in_total,Total new snow in the window,in,48,40.80227116190613,16,38.45048069852126,16,44.057896450841355,16,39.89843633635576,-2.351790463384866,3.255625288935228,-5.607415752320094,-5.763871462087992,7.979029588859625
N Sierra / Tahoe (Palisades/Heavenly/Rose),Early season,days_with_base_per_window,Days with a skiable base,days,48,2.522877598886486,16,2.216711671920252,16,3.2241596388983487,16,2.127761485840858,-0.306165926966234,0.7012820400118627,-1.0074479669780967,-12.135583870631116,27.796910968704353
N Sierra / Tahoe (Palisades/Heavenly/Rose),Early season,mean_swe_in,Average base (snow water equivalent),in,48,2.6822112192120784,16,2.6482672848209985,16,2.8560885985501265,16,2.5422777742651097,-0.0339439343910799,0.17387737933804814,-0.20782131372912804,-1.2655205581106774,6.482613229435602
N Sierra / Tahoe (Palisades/Heavenly/Rose),Early season,mean_depth_in,Average base (snow depth),in,28,9.505813867384676,9,9.507390292656478,12,9.669247538014348,7,9.223615028098639,0.0015764252718017957,0.16343367062967218,-0.16185724535787038,0.016583801174675387,1.7193022387112815
N Sierra / Tahoe (Palisades/Heavenly/Rose),Holidays,big_storm_days_per_window,Powder days (>= 6 in of new snow),days,48,1.7338165219641348,16,1.4080171035963946,16,1.823024558902347,16,1.9704079033936621,-0.3257994183677402,0.08920803693821222,-0.4150074553059524,-18.790882093952014,5.14518323064276
N Sierra / Tahoe (Palisades/Heavenly/Rose),Holidays,storm_days_per_window,Storm days (>= 2 in of new snow),days,48,3.845380904430287,16,3.6870399195435297,16,3.655765709388347,16,4.1933370843589834,-0.1583409848867574,-0.18961519504194024,0.031274210155182836,-4.117693118627905,-4.9309860259482585
N Sierra / Tahoe (Palisades/Heavenly/Rose),Holidays,new_snow_in_total,Total new snow in the window,in,48,31.850610576281507,16,27.784824681083833,16,31.994768381339163,16,35.772238666421515,-4.065785895197674,0.14415780505765596,-4.20994370025533,-12.765174110117002,0.4526060959252295
N Sierra / Tahoe (Palisades/Heavenly/Rose),Holidays,days_with_base_per_window,Days with a skiable base,days,48,6.576478663878667,16,6.026102101217273,16,7.295864980146153,16,6.407468910272576,-0.5503765626613948,0.7193863162674852,-1.26976287892888,-8.368864110885664,10.938776707643212
N Sierra / Tahoe (Palisades/Heavenly/Rose),Holidays,mean_swe_in,Average base (snow water equivalent),in,48,8.400260151123478,16,8.005283819198429,16,8.763940237781227,16,8.431556396390777,-0.394976331925049,0.36368008665774987,-0.7586564185827989,-4.7019535683335185,4.329390758322052
N Sierra / Tahoe (Palisades/Heavenly/Rose),Holidays,mean_depth_in,Average base (snow depth),in,28,29.47982736252204,9,29.15160019655608,12,28.8673660610942,7,30.951767378354607,-0.3282271659659628,-0.6124613014278424,0.2842341354618796,-1.1133958212497568,-2.0775606786845358
N Sierra / Tahoe (Palisades/Heavenly/Rose),Midwinter,big_storm_days_per_window,Powder days (>= 6 in of new snow),days,48,4.287406812535121,16,4.804714785983894,16,4.119456793856093,16,3.9380488577653754,0.5173079734487729,-0.16795001867902748,0.6852579921278004,12.06575433747775,-3.9172867428393046
N Sierra / Tahoe (Palisades/Heavenly/Rose),Midwinter,storm_days_per_window,Storm days (>= 2 in of new snow),days,48,10.220598784503922,16,11.223099322262541,16,9.932390918662712,16,9.506306112586515,1.0025005377586194,-0.28820786584121016,1.2907084035998295,9.808628231044272,-2.8198726113599117
N Sierra / Tahoe (Palisades/Heavenly/Rose),Midwinter,new_snow_in_total,Total new snow in the window,in,48,79.0970727604543,16,84.38067137285073,16,75.75838164933832,16,77.15216525917383,5.283598612396432,-3.3386911111159776,8.62228972351241,6.679891465007592,-4.221004639738329
N Sierra / Tahoe (Palisades/Heavenly/Rose),Midwinter,days_with_base_per_window,Days with a skiable base,days,48,34.530695542941594,16,34.33796626808466,16,35.93075307995831,16,33.32336728078182,-0.19272927485693714,1.400057537016714,-1.5927868118736512,-0.5581389885913632,4.054530367845137
N Sierra / Tahoe (Palisades/Heavenly/Rose),Midwinter,mean_swe_in,Average base (snow water equivalent),in,48,16.087575193712237,16,16.11146247999045,16,15.975505643433497,16,16.175757457712756,0.023887286278213793,-0.11206955027873988,0.13595683655695368,0.14848282597336385,-0.6966217651156142
N Sierra / Tahoe (Palisades/Heavenly/Rose),Midwinter,mean_depth_in,Average base (snow depth),in,28,47.28726610184402,9,45.44844855171251,12,48.53275757284599,7,47.516331858866856,-1.838817550131509,1.2454914710019693,-3.0843090211334783,-3.8886104055396054,2.6338834398239825
N Sierra / Tahoe (Palisades/Heavenly/Rose),Spring,big_storm_days_per_window,Powder days (>= 6 in of new snow),days,48,2.4604702767458675,16,2.3558798257427704,16,3.0450559013011143,16,1.9804751031937182,-0.10459045100309705,0.5845856245552468,-0.6891760755583438,-4.2508317207320525,23.759101261259673
N Sierra / Tahoe (Palisades/Heavenly/Rose),Spring,storm_days_per_window,Storm days (>= 2 in of new snow),days,48,7.002858489472511,16,7.2211099176206,16,7.856215637045965,16,5.931249913750964,0.21825142814808896,0.8533571475734538,-0.6351057194253649,3.116604861803065,12.185840237330467
N Sierra / Tahoe (Palisades/Heavenly/Rose),Spring,new_snow_in_total,Total new snow in the window,in,48,47.979810096701904,16,49.78362362767075,16,54.08230588551437,16,40.073500776920596,1.8038135309688457,6.102495788812469,-4.298682257843623,3.7595261993186555,12.718882747791346
N Sierra / Tahoe (Palisades/Heavenly/Rose),Spring,days_with_base_per_window,Days with a skiable base,days,48,35.737933856491914,16,34.88805290320349,16,37.60872194229822,16,34.71702672397404,-0.8498809532884266,1.8707880858063035,-2.72066903909473,-2.378092020375831,5.2347404674220375
N Sierra / Tahoe (Palisades/Heavenly/Rose),Spring,mean_swe_in,Average base (snow water equivalent),in,48,23.85384806673243,16,24.25838414837136,16,24.808161914753562,16,22.49499813707238,0.4045360816389305,0.9543138480211333,-0.5497777663822028,1.6958944339178272,4.000670438377023
N Sierra / Tahoe (Palisades/Heavenly/Rose),Spring,mean_depth_in,Average base (snow depth),in,28,57.83541161134338,9,55.11732470918422,12,65.04056246062646,7,48.978407601062706,-2.7180869021591647,7.205150849283079,-9.923237751442244,-4.699693192165439,12.458026403792237
North Cascades (Mt Baker),Early season,big_storm_days_per_window,Powder days (>= 6 in of new snow),days,44,3.5894036888467427,15,3.839299510105796,16,3.299944295912252,13,3.657320071005671,0.24989582125905319,-0.28945939293449063,0.5393552141935438,6.96204280492461,-8.064275239754169
North Cascades (Mt Baker),Early season,storm_days_per_window,Storm days (>= 2 in of new snow),days,44,12.227672655628776,15,11.220953552802307,16,12.900710037075228,13,12.560917920186757,-1.0067191028264695,0.6730373814464521,-1.6797564842729216,-8.23312114397375,5.504214909912821
North Cascades (Mt Baker),Early season,new_snow_in_total,Total new snow in the window,in,44,77.35726991353937,15,75.91988181103676,16,77.2825481178775,13,79.10775993416468,-1.4373881025026094,-0.07472179566187265,-1.3626663068407368,-1.8581163788602526,-0.09659311367294589
North Cascades (Mt Baker),Early season,days_with_base_per_window,Days with a skiable base,days,44,10.888573492927371,15,9.854803134818669,16,11.653923920453638,13,11.139415687635854,-1.0337703581087023,0.7653504275262666,-1.799120785634969,-9.494084406742386,7.028932008617995
North Cascades (Mt Baker),Early season,mean_swe_in,Average base (snow water equivalent),in,44,6.214233474358131,15,5.646637812204391,16,6.419026526043595,13,6.617098559384184,-0.5675956621537397,0.20479305168546436,-0.772388713839204,-9.13380008163222,3.295548075728157
North Cascades (Mt Baker),Early season,mean_depth_in,Average base (snow depth),in,27,18.669561403433143,9,16.12203115663644,11,18.75715863296239,7,21.807304645768664,-2.547530246796704,0.08759722952924776,-2.635127476325952,-13.64536740712205,0.46919811149467877
North Cascades (Mt Baker),Holidays,big_storm_days_per_window,Powder days (>= 6 in of new snow),days,44,2.012557318492489,15,1.9060901669471606,16,2.4075577296409976,13,1.6492496796312415,-0.10646715154532838,0.3950004111485086,-0.501467562693837,-5.290142574675978,19.62679062698123
North Cascades (Mt Baker),Holidays,storm_days_per_window,Storm days (>= 2 in of new snow),days,44,6.665770976888072,15,6.244675251200196,16,7.394678607657779,13,6.2545335763498295,-0.42109572568787623,0.7289076307697071,-1.1500033564575833,-6.3172846344094715,10.935083627940651
North Cascades (Mt Baker),Holidays,new_snow_in_total,Total new snow in the window,in,44,42.18753495922985,15,40.828036441019044,16,46.14183429229463,13,38.88935714723951,-1.3594985182108061,3.9542993330647818,-5.313797851275588,-3.22251233575185,9.3731462074905
North Cascades (Mt Baker),Holidays,days_with_base_per_window,Days with a skiable base,days,44,15.953242315811423,15,14.590644106909348,16,16.73012708502965,13,16.569305148583695,-1.3625982089020745,0.7768847692182277,-2.139482978120302,-8.541199224132571,4.869760979235232
North Cascades (Mt Baker),Holidays,mean_swe_in,Average base (snow water equivalent),in,44,16.130849475184473,15,15.566789235477218,16,15.977599454186606,13,16.970303623767123,-0.5640602397072545,-0.15325002099786644,-0.41081021870938805,-3.4967795129140518,-0.9500430912434255
North Cascades (Mt Baker),Holidays,mean_depth_in,Average base (snow depth),in,27,49.063849562184124,9,42.63191245478694,11,49.84931166622287,7,56.0991853939196,-6.431937107397182,0.7854621040387428,-7.217399211435925,-13.10932013038493,1.6008978322078835
North Cascades (Mt Baker),Midwinter,big_storm_days_per_window,Powder days (>= 6 in of new snow),days,44,4.589713911782585,15,3.5596153500191323,16,5.1390739853486025,13,5.1021537001976265,-1.0300985617634528,0.5493600735660173,-1.5794586353294702,-22.443633341045782,11.969375087970418
North Cascades (Mt Baker),Midwinter,storm_days_per_window,Storm days (>= 2 in of new snow),days,44,16.007601613072122,15,14.541891264397396,16,17.427823820835613,13,15.950840067372528,-1.465710348674726,1.4202222077634907,-2.885932556438217,-9.15633949484224,8.872173621585567
North Cascades (Mt Baker),Midwinter,new_snow_in_total,Total new snow in the window,in,44,102.49442458295903,15,89.94759323024594,16,111.31695225333503,13,106.11304208793445,-12.546831352713085,8.822527670376004,-21.36935902308909,-12.241476942541079,8.607812284691688
North Cascades (Mt Baker),Midwinter,days_with_base_per_window,Days with a skiable base,days,44,50.7315289318073,15,48.70845938648757,16,51.49334298316688,13,52.12822265165671,-2.0230695453197285,0.7618140513595861,-2.7848835966793146,-3.9877953373711916,1.5016579775933963
North Cascades (Mt Baker),Midwinter,mean_swe_in,Average base (snow water equivalent),in,44,27.653783357724322,15,25.591798244582275,16,29.12926157613122,13,28.217023757925862,-2.061985113142047,1.4754782184068986,-3.5374633315489454,-7.456430414849866,5.335538357700934
North Cascades (Mt Baker),Midwinter,mean_depth_in,Average base (snow depth),in,27,71.24185501069407,9,60.30158858854678,11,78.87991792641402,7,73.30524154303774,-10.940266422147289,7.638062915719956,-18.578329337867245,-15.356515380607442,10.72131391662024
North Cascades (Mt Baker),Spring,big_storm_days_per_window,Powder days (>= 6 in of new snow),days,44,2.688717500619235,15,1.9872489066550545,16,3.1247431675843367,13,2.9614573650823948,-0.7014685939641805,0.4360256669651017,-1.1374942609292822,-26.08933790190402,16.2168642434425
North Cascades (Mt Baker),Spring,storm_days_per_window,Storm days (>= 2 in of new snow),days,44,11.452056676825885,15,10.000988899643817,16,12.845708689419734,13,11.411101634997383,-1.4510677771820681,1.393652012593849,-2.844719789775917,-12.670805062626131,12.16944739204802
North Cascades (Mt Baker),Spring,new_snow_in_total,Total new snow in the window,in,44,69.23359323374952,15,60.33040669415325,16,76.8042147541149,13,70.18881275437248,-8.90318653959627,7.570621520365378,-16.473808059961648,-12.859633775668609,10.934896149048788
North Cascades (Mt Baker),Spring,days_with_base_per_window,Days with a skiable base,days,44,44.52518660638595,15,43.34063315404304,16,44.96859969614388,13,45.34623986400263,-1.1845534523429109,0.44341308975793225,-1.6279665421008431,-2.6604121007165373,0.9958702558123281
North Cascades (Mt Baker),Spring,mean_swe_in,Average base (snow water equivalent),in,44,40.09596350776404,15,35.36404129371236,16,43.850249786211805,13,40.93521371973411,-4.731922214051679,3.754286278447765,-8.486208492499443,-11.801492719174602,9.363252432432004
North Cascades (Mt Baker),Spring,mean_depth_in,Average base (snow depth),in,26,91.59719407894113,9,73.30929773934275,10,104.81582447143356,7,96.22644595486406,-18.287896339598376,13.218630392492429,-31.506526732090805,-19.96556392746849,14.431261268877108
Park Range (Steamboat),Early season,big_storm_days_per_window,Powder days (>= 6 in of new snow),days,47,1.6678849144876295,16,1.4011997664181124,16,1.8495464209109789,15,1.7585767989102086,-0.26668514806951715,0.18166150642334933,-0.4483466544928665,-15.989421437476231,10.891729090262523
Park Range (Steamboat),Early season,storm_days_per_window,Storm days (>= 2 in of new snow),days,47,8.194584405391105,16,7.671390266752985,16,8.72480697022354,15,8.187087417450504,-0.5231941386381198,0.5302225648324352,-1.053416703470555,-6.38463298143488,6.47040214124354
Park Range (Steamboat),Early season,new_snow_in_total,Total new snow in the window,in,47,47.876999511734084,16,44.81354686167333,16,50.63437504657121,15,48.20348176797259,-3.0634526500607535,2.7573755348371236,-5.820828184897877,-6.398589471568571,5.759290605004024
Park Range (Steamboat),Early season,days_with_base_per_window,Days with a skiable base,days,47,3.1324450045150387,16,2.70436587636922,16,3.3288948670319143,15,3.3795162211859093,-0.4280791281458187,0.19644986251687557,-0.6245289906626943,-13.665974263835269,6.27145447832977
Park Range (Steamboat),Early season,mean_swe_in,Average base (snow water equivalent),in,47,4.060815283632977,16,4.089097369618959,16,4.160412801311194,15,3.924410373057833,0.02828208598598181,0.0995975176782169,-0.07131543169223509,0.6964632471703922,2.4526483162049355
Park Range (Steamboat),Early season,mean_depth_in,Average base (snow depth),in,24,15.497556053291794,9,16.189456004190276,9,15.601577092205881,6,14.303674568572928,0.6918999508984829,0.10402103891408743,0.5878789119843955,4.464574598209104,0.6712093091090489
Park Range (Steamboat),Holidays,big_storm_days_per_window,Powder days (>= 6 in of new snow),days,47,0.8470303027265967,16,0.4665474500105232,16,1.1196199894624357,15,0.9621163464388468,-0.3804828527160735,0.27258968673583894,-0.6530725394519125,-44.919627018218414,32.181810480495294
Park Range (Steamboat),Holidays,storm_days_per_window,Storm days (>= 2 in of new snow),days,47,4.270221524194568,16,2.720749737553291,16,5.41740319244083,15,4.699330983815916,-1.549471786641277,1.1471816682462617,-2.6966534548875387,-36.28551300821641,26.86468750500335
Park Range (Steamboat),Holidays,new_snow_in_total,Total new snow in the window,in,47,25.00066350515555,16,17.409441112220094,16,30.547316780974565,15,27.181537230079748,-7.591222392935457,5.546653275819015,-13.137875668754472,-30.364083702698615,22.186024281616376
Park Range (Steamboat),Holidays,days_with_base_per_window,Days with a skiable base,days,47,6.482244275412019,16,5.00410016211456,16,7.554605154673216,15,6.915079725050697,-1.4781441132974589,1.072360879261197,-2.550504992558656,-22.802968393280835,16.543049501062445
Park Range (Steamboat),Holidays,mean_swe_in,Average base (snow water equivalent),in,47,8.75943066047767,16,7.956807979648398,16,9.380978599365577,15,8.952577051881795,-0.8026226808292725,0.6215479388879057,-1.4241706197171782,-9.162954899006001,7.095757281261604
Park Range (Steamboat),Holidays,mean_depth_in,Average base (snow depth),in,24,32.94743734620034,9,31.535812144840456,9,34.51146871113403,6,32.71882810083961,-1.4116252013598825,1.5640313649336903,-2.975656566293573,-4.284476472409707,4.747050122591893
Park Range (Steamboat),Midwinter,big_storm_days_per_window,Powder days (>= 6 in of new snow),days,47,2.0853056203425466,16,2.3365358292345455,16,2.064151060059894,15,1.8398915951592438,0.2512302088919989,-0.021154560282652835,0.2723847691746517,12.047644548655178,-1.0144585079657455
Park Range (Steamboat),Midwinter,storm_days_per_window,Storm days (>= 2 in of new snow),days,47,11.309544527610333,16,11.812061694094858,16,11.82282119876436,15,10.226031100795861,0.5025171664845249,0.5132766711540278,-0.010759504669502817,4.44330154284918,4.538438041434382
Park Range (Steamboat),Midwinter,new_snow_in_total,Total new snow in the window,in,47,66.52095848985641,16,69.39128123471787,16,68.04743825546261,15,61.83103581202429,2.870322744861454,1.5264797656061972,1.3438429792552569,4.314914893024492,2.294735073366337
Park Range (Steamboat),Midwinter,days_with_base_per_window,Days with a skiable base,days,47,37.01854818225151,16,35.35003356400506,16,39.16446268287849,15,36.50932164104557,-1.6685146182464479,2.1459145006269793,-3.814429118873427,-4.507239479063133,5.796862940334962
Park Range (Steamboat),Midwinter,mean_swe_in,Average base (snow water equivalent),in,47,14.636218059741564,16,13.647227937703937,16,15.578414465027599,15,14.686131357609932,-0.9889901220376274,0.942196405286035,-1.9311865273236624,-6.757142576045292,6.437430772349886
Park Range (Steamboat),Midwinter,mean_depth_in,Average base (snow depth),in,24,49.67384863578229,9,47.595634571808205,9,52.46805630311368,6,48.59985823074634,-2.0782140639740874,2.794207667331385,-4.872421731305472,-4.183718638778991,5.62510806806822
Park Range (Steamboat),Spring,big_storm_days_per_window,Powder days (>= 6 in of new snow),days,47,1.2655200878768986,16,1.1800761918337308,16,1.257072198742144,15,1.3656713254000166,-0.08544389604316782,-0.008447889134754583,-0.07699600690841324,-6.751682321101112,-0.6675428715578269
Park Range (Steamboat),Spring,storm_days_per_window,Storm days (>= 2 in of new snow),days,47,9.027069737857351,16,9.129632012460785,16,9.237682295700743,15,8.693016583247402,0.10256227460343403,0.21061255784339217,-0.10805028323995813,1.1361635345887782,2.3331220867845293
Park Range (Steamboat),Spring,new_snow_in_total,Total new snow in the window,in,47,49.21106892819002,16,49.32351708324433,16,49.87971671733095,15,48.37789992104846,0.1124481550543095,0.6686477891409268,-0.5561996340866173,0.22850175276297402,1.3587345361602159
Park Range (Steamboat),Spring,days_with_base_per_window,Days with a skiable base,days,47,40.83459106425808,16,41.09107670491572,16,42.138623349312226,15,39.17003861016551,0.2564856406576439,1.3040322850541486,-1.0475466443965047,0.6281087528317187,3.1934500899056366
Park Range (Steamboat),Spring,mean_swe_in,Average base (snow water equivalent),in,47,21.462133817566475,16,20.993658605093835,16,22.359609964234533,15,21.004532821091363,-0.4684752124726401,0.8974761466680583,-1.3659513591406984,-2.182798860797333,4.181672494901163
Park Range (Steamboat),Spring,mean_depth_in,Average base (snow depth),in,24,57.86002070605306,9,57.75043867104417,9,61.92349633681743,6,51.92918031241984,-0.1095820350088843,4.063475630764373,-4.173057665773257,-0.1893916277106004,7.022941888334427
Ruby Mtns & NE Nevada,Early season,big_storm_days_per_window,Powder days (>= 6 in of new snow),days,46,1.0082458515094168,15,1.0822684377980143,16,1.0473192973565495,15,0.8925449229838777,0.07402258628859748,0.03907344584713268,0.0349491404414648,7.341719896767274,3.8753887049112983
Ruby Mtns & NE Nevada,Early season,storm_days_per_window,Storm days (>= 2 in of new snow),days,46,5.209391384100086,15,4.978403126711312,16,5.5819693023403705,15,5.04296319536589,-0.23098825738877427,0.3725779182402844,-0.6035661756290587,-4.4340737786334925,7.152043123069101
Ruby Mtns & NE Nevada,Early season,new_snow_in_total,Total new snow in the window,in,46,29.471755764870547,15,29.065290468200775,16,31.553615744446354,15,27.657570416659485,-0.40646529666977216,2.081859979575807,-2.488325276245579,-1.3791689233332567,7.063915689941085
Ruby Mtns & NE Nevada,Early season,days_with_base_per_window,Days with a skiable base,days,46,0.2013784993603479,15,0.0,16,0.4793195181351703,15,0.10628657869421865,-0.2013784993603479,0.2779410187748224,-0.4793195181351703,-100.0,138.01921240731517
Ruby Mtns & NE Nevada,Early season,mean_swe_in,Average base (snow water equivalent),in,46,1.931409975963697,15,2.036182646209722,16,2.0947011952180854,15,1.6524600051796565,0.10477267024602499,0.1632912192543885,-0.05851854900836351,5.424672728727498,8.454508430967001
Ruby Mtns & NE Nevada,Early season,mean_depth_in,Average base (snow depth),in,26,7.526904406585377,9,8.1442815786138,10,7.400818012375074,7,6.913257177134974,0.6173771720284229,-0.12608639421030254,0.7434635662387254,8.202271992298353,-1.6751427598839714
Ruby Mtns & NE Nevada,Holidays,big_storm_days_per_window,Powder days (>= 6 in of new snow),days,46,0.646080974916773,15,0.3896307698017102,16,0.7443193205474964,15,0.7977436113590639,-0.2564502051150628,0.09823834563072342,-0.3546885507457862,-39.693198696664645,15.205268293711685
Ruby Mtns & NE Nevada,Holidays,storm_days_per_window,Storm days (>= 2 in of new snow),days,46,3.2241072558752926,15,2.552486175148553,16,3.7915285917730763,15,3.290478911644396,-0.6716210807267395,0.5674213358977838,-1.2390424166245233,-20.831226365154077,17.599331872839265
Ruby Mtns & NE Nevada,Holidays,new_snow_in_total,Total new snow in the window,in,46,18.563508009240877,15,14.037215658315084,16,21.09970466964798,15,20.3845239223991,-4.526292350925793,2.5361966604071036,-7.062489011332897,-24.382742468032514,13.662270402472366
Ruby Mtns & NE Nevada,Holidays,days_with_base_per_window,Days with a skiable base,days,46,1.7467040028026093,15,0.5960567580056366,16,3.0021603749651455,15,1.5581977839595436,-1.1506472447969727,1.2554563721625362,-2.406103616959509,-65.87534252802674,71.87573682479345
Ruby Mtns & NE Nevada,Holidays,mean_swe_in,Average base (snow water equivalent),in,46,5.337232443025135,15,4.997717644505283,16,5.80164929378498,15,5.181369267401155,-0.33951479851985233,0.46441685075984473,-0.8039316492796971,-6.361251868719735,8.701454465727073
Ruby Mtns & NE Nevada,Holidays,mean_depth_in,Average base (snow depth),in,26,21.525991194811883,9,21.964883609478253,10,21.091254192470902,7,21.582753807870805,0.43889241466636975,-0.4347370023409809,0.8736294170073506,2.0388952624497496,-2.0195910999246327
Ruby Mtns & NE Nevada,Midwinter,big_storm_days_per_window,Powder days (>= 6 in of new snow),days,46,1.3193324631199388,15,1.170926944078955,16,1.368599876336873,15,1.4151860747295262,-0.14840551904098387,0.049267413216934175,-0.19767293225791804,-11.248530843396106,3.7342682450507807
Ruby Mtns & NE Nevada,Midwinter,storm_days_per_window,Storm days (>= 2 in of new snow),days,46,7.7191171477153775,15,7.6707026027928595,16,7.84261541727792,15,7.635800205104514,-0.048414544922517955,0.12349826956254262,-0.17191281448506057,-0.6272031373023945,1.5999014809497265
Ruby Mtns & NE Nevada,Midwinter,new_snow_in_total,Total new snow in the window,in,46,43.885430849576906,15,43.16825659464518,16,45.47848613947653,15,42.903346128615716,-0.7171742549317273,1.593055289899624,-2.3102295448313512,-1.6341966822427618,3.6300322431834626
Ruby Mtns & NE Nevada,Midwinter,days_with_base_per_window,Days with a skiable base,days,46,22.814687611015323,15,21.57089739796799,16,24.877048450442327,15,21.8586262620072,-1.2437902130473333,2.0623608394270043,-3.3061510524743376,-5.451708277814902,9.03961901468798
Ruby Mtns & NE Nevada,Midwinter,mean_swe_in,Average base (snow water equivalent),in,46,9.58825631542262,15,9.023487368663702,16,10.307942685739407,15,9.3853598005103,-0.5647689467589192,0.7196863703167864,-1.2844553170757056,-5.890215365337007,7.5059150135481625
Ruby Mtns & NE Nevada,Midwinter,mean_depth_in,Average base (snow depth),in,26,32.824723425639405,9,32.76593286293203,10,32.74175492832238,7,33.01883771671605,-0.058790562707372374,-0.08296849731702594,0.024177934609653562,-0.17910451809458672,-0.2527622129246006
Ruby Mtns & NE Nevada,Spring,big_storm_days_per_window,Powder days (>= 6 in of new snow),days,46,1.169121048362849,15,1.2201942538993855,16,1.4358667652043469,15,0.8335190781953804,0.0510732055365366,0.26674571684149795,-0.21567251130496135,4.368513047306416,22.815919464885955
Ruby Mtns & NE Nevada,Spring,storm_days_per_window,Storm days (>= 2 in of new snow),days,46,7.008697981832979,15,6.6322344656661665,16,8.025995441644952,15,6.300044207533691,-0.3764635161668126,1.0172974598119726,-1.3937609759787852,-5.3713759266361825,14.514785234702318
Ruby Mtns & NE Nevada,Spring,new_snow_in_total,Total new snow in the window,in,46,37.41953335481916,15,36.439015485227976,16,43.291585627977206,15,32.13652879970843,-0.980517869591182,5.872052273158047,-6.852570142749229,-2.620336978266737,15.692478624674782
Ruby Mtns & NE Nevada,Spring,days_with_base_per_window,Days with a skiable base,days,46,30.30632249399111,15,28.63879702378343,16,33.146016312217895,15,28.944841224756896,-1.667525470207682,2.8396938182267846,-4.507219288434467,-5.502236276071784,9.369971624864137
Ruby Mtns & NE Nevada,Spring,mean_swe_in,Average base (snow water equivalent),in,46,13.143245099936957,15,12.188813939827968,16,14.960304727413444,15,12.159479324071025,-0.9544311601089888,1.8170596274764872,-2.771490787585476,-7.261761862095738,13.825045593079619
Ruby Mtns & NE Nevada,Spring,mean_depth_in,Average base (snow depth),in,26,36.26248337864922,9,35.20115580980603,10,39.71533841626742,7,32.69439734199306,-1.0613275688431898,3.4528550376181997,-4.5141826064613895,-2.9267922931833255,9.521838318583516
S Utah (Brian Head/Eagle Point),Early season,big_storm_days_per_window,Powder days (>= 6 in of new snow),days,47,0.9745259093888224,16,1.091621781049308,16,0.8563475795282756,15,0.9756805314688878,0.11709587166048563,-0.11817832986054688,0.2352742015210325,12.015675574384957,-12.126750938275501
S Utah (Brian Head/Eagle Point),Early season,storm_days_per_window,Storm days (>= 2 in of new snow),days,47,4.057847476886376,16,4.576635986486277,16,3.659825417896788,15,3.9290299295687108,0.5187885095999007,-0.3980220589895884,0.9168105685894892,12.784820340215743,-9.80869934754163
S Utah (Brian Head/Eagle Point),Early season,new_snow_in_total,Total new snow in the window,in,47,26.02101133382646,16,29.190714107607178,16,23.332625180083074,15,25.507606939119963,3.169702773780717,-2.6883861537433873,5.858088927524104,12.18132044568232,-10.331597489635513
S Utah (Brian Head/Eagle Point),Early season,days_with_base_per_window,Days with a skiable base,days,47,0.28076572614699435,16,0.6564284585067076,16,0.010451811008253403,15,0.16839365444462384,0.37566273235971326,-0.2703139151387409,0.6459766474984542,133.79935561046213,-96.27739070872866
S Utah (Brian Head/Eagle Point),Early season,mean_swe_in,Average base (snow water equivalent),in,47,2.169631455217025,16,2.5810921345606244,16,1.9015184656432322,15,2.016727252795898,0.41146067934359953,-0.2681129895737926,0.6795736689173921,18.964542496570772,-12.357536065818776
S Utah (Brian Head/Eagle Point),Early season,mean_depth_in,Average base (snow depth),in,29,9.671470491789693,10,11.284201459938702,12,8.89589847911464,7,8.697121130448357,1.612730968149009,-0.7755720126750525,2.3883029808240614,16.675137141948465,-8.019173644105633
S Utah (Brian Head/Eagle Point),Holidays,big_storm_days_per_window,Powder days (>= 6 in of new snow),days,47,0.6746131716125369,16,0.5042813934822075,16,0.9298002321658767,15,0.5841008703613256,-0.1703317781303294,0.25518706055333984,-0.42551883868366924,-25.248807064229574,37.82716841169329
S Utah (Brian Head/Eagle Point),Holidays,storm_days_per_window,Storm days (>= 2 in of new snow),days,47,2.699817056313508,16,2.489097823446035,16,3.1676321276104655,15,2.4255814953220574,-0.21071923286747296,0.46781507129695754,-0.6785343041644305,-7.804944871161071,17.327658190875358
S Utah (Brian Head/Eagle Point),Holidays,new_snow_in_total,Total new snow in the window,in,47,17.717430510545157,16,16.47227340549247,16,21.211521944832096,15,15.318567226028627,-1.2451571050526873,3.49409143428694,-4.739248539339627,-7.027865041217957,19.72120862676621
S Utah (Brian Head/Eagle Point),Holidays,days_with_base_per_window,Days with a skiable base,days,47,1.4435071903301453,16,1.636743776755336,16,1.7876990057750222,15,0.870250228335406,0.19323658642519081,0.34419181544487687,-0.15095522901968605,13.38660366360874,23.844135848478633
S Utah (Brian Head/Eagle Point),Holidays,mean_swe_in,Average base (snow water equivalent),in,47,4.918449315480158,16,5.2952239588957815,16,4.886509738219802,15,4.550625244914542,0.37677464341562317,-0.031939577260356344,0.4087142206759795,7.660435622052169,-0.6493830720148079
S Utah (Brian Head/Eagle Point),Holidays,mean_depth_in,Average base (snow depth),in,29,21.724766024112252,10,23.769665689209162,12,21.039577441137233,7,19.978089787645256,2.04489966509691,-0.6851885829750195,2.7300882480719295,9.412758060672699,-3.1539514957930077
S Utah (Brian Head/Eagle Point),Midwinter,big_storm_days_per_window,Powder days (>= 6 in of new snow),days,48,1.7000428847499396,16,1.9409487105697458,16,1.4644482343090726,16,1.6947317093709997,0.24090582581980624,-0.23559465044086703,0.47650047626067327,14.170573459106665,-13.858159259054268
S Utah (Brian Head/Eagle Point),Midwinter,storm_days_per_window,Storm days (>= 2 in of new snow),days,48,7.403713256849312,16,7.888710824232453,16,6.7257038534030436,16,7.596725092912436,0.48499756738314037,-0.6780094034462687,1.163006970829409,6.550734078395866,-9.157693983070315
S Utah (Brian Head/Eagle Point),Midwinter,new_snow_in_total,Total new snow in the window,in,48,46.64107663993587,16,50.38405981070152,16,41.67258863161699,16,47.866581477489056,3.7429831707656547,-4.968488008318879,8.711471179084533,8.02507883696829,-10.652601454025334
S Utah (Brian Head/Eagle Point),Midwinter,days_with_base_per_window,Days with a skiable base,days,48,19.07412908097719,16,21.309196083337344,16,18.052491806822864,16,17.860699352771363,2.2350670023601538,-1.021637274154326,3.25670427651448,11.717793210224247,-5.3561411365995975
S Utah (Brian Head/Eagle Point),Midwinter,mean_swe_in,Average base (snow water equivalent),in,48,8.769529530839819,16,9.480262550075457,16,8.413599908387855,16,8.41472613405614,0.7107330192356383,-0.35592962245196347,1.0666626416876017,8.104574102136294,-4.05870829444459
S Utah (Brian Head/Eagle Point),Midwinter,mean_depth_in,Average base (snow depth),in,29,33.12236981384034,10,37.26465757269255,12,32.92954764899349,7,27.535368155217505,4.142287758852206,-0.19282216484685222,4.335109923699058,12.506012649859764,-0.5821508724483855
S Utah (Brian Head/Eagle Point),Spring,big_storm_days_per_window,Powder days (>= 6 in of new snow),days,47,1.5089192336536896,16,1.7523000847346122,16,1.4512890216233671,15,1.3107852186663824,0.24338085108092256,-0.05763021203032248,0.30101106311124504,16.129481661626205,-3.8193039590844746
S Utah (Brian Head/Eagle Point),Spring,storm_days_per_window,Storm days (>= 2 in of new snow),days,47,6.553192325557029,16,7.136593238996957,16,6.502335535145192,15,5.985145260993728,0.5834009134399283,-0.05085679041183688,0.6342577038517652,8.902545270412745,-0.7760613131022979
S Utah (Brian Head/Eagle Point),Spring,new_snow_in_total,Total new snow in the window,in,47,40.15170225507932,16,45.8064079060045,16,38.65010107581687,15,35.721724151972424,5.65470565092518,-1.501601179262451,7.156306830187631,14.083352220041533,-3.7398194719689464
S Utah (Brian Head/Eagle Point),Spring,days_with_base_per_window,Days with a skiable base,days,47,30.195906953438985,16,34.05160628633745,16,29.71223655703198,15,26.599076087848093,3.8556993328984674,-0.4836703964070068,4.339369729305474,12.768946926627567,-1.6017746946723916
S Utah (Brian Head/Eagle Point),Spring,mean_swe_in,Average base (snow water equivalent),in,47,13.312812341118413,16,15.242045239986941,16,12.806353486073181,15,11.795186694373552,1.9292328988685288,-0.5064588550452314,2.43569175391376,14.491550315855,-3.804296508266439
S Utah (Brian Head/Eagle Point),Spring,mean_depth_in,Average base (snow depth),in,29,40.00647905459368,10,46.57411153266858,12,41.04667383784177,7,28.84095588606138,6.5676324780748985,1.04019478324809,5.5274376948268085,16.41642212280808,2.6000658089121473
S Washington Cascades (Crystal/White Pass),Early season,big_storm_days_per_window,Powder days (>= 6 in of new snow),days,45,2.8413394576806157,15,2.585642399893135,16,2.961109973588709,14,2.978420001415095,-0.25569705778748064,0.11977051590809351,-0.37546757369557415,-8.999173157444766,4.215283590432455
S Washington Cascades (Crystal/White Pass),Early season,storm_days_per_window,Storm days (>= 2 in of new snow),days,45,10.499348686323765,15,9.333326569552145,16,11.072301156078675,14,11.093855274573457,-1.1660221167716198,0.5729524697549095,-1.7389745865265294,-11.105661423460068,5.457028686943463
S Washington Cascades (Crystal/White Pass),Early season,new_snow_in_total,Total new snow in the window,in,45,65.04664881614794,15,58.6211683755478,16,68.12225222268559,14,68.41611682360497,-6.425480440600133,3.0756034065376525,-9.501083847137785,-9.878265149003335,4.728304167107421
S Washington Cascades (Crystal/White Pass),Early season,days_with_base_per_window,Days with a skiable base,days,45,6.881395673471281,15,5.785631834707751,16,7.73326736134955,14,7.0818607145713255,-1.0957638387635296,0.8518716878782691,-1.9476355266417986,-15.92356973437596,12.379344660594807
S Washington Cascades (Crystal/White Pass),Early season,mean_swe_in,Average base (snow water equivalent),in,45,4.827346469838909,15,4.277881083016812,16,5.316740699451035,14,4.856751693305868,-0.5494653868220967,0.48939422961212653,-1.0388596164342232,-11.38234825809867,10.137955348136797
S Washington Cascades (Crystal/White Pass),Early season,mean_depth_in,Average base (snow depth),in,29,14.13101696756428,10,11.310189787521043,12,15.840979179305151,7,15.229406290355984,-2.8208271800432367,1.709962211740871,-4.530789391784108,-19.961954518333965,12.100772475652983
S Washington Cascades (Crystal/White Pass),Holidays,big_storm_days_per_window,Powder days (>= 6 in of new snow),days,45,1.6663336479725888,15,1.439734242218196,16,2.030562868195227,14,1.4928567595978521,-0.22659940575439275,0.36422922022263826,-0.590828625977031,-13.598681514359022,21.85812071104681
S Washington Cascades (Crystal/White Pass),Holidays,storm_days_per_window,Storm days (>= 2 in of new snow),days,45,6.006634795131782,15,5.188207977019398,16,6.801868117525769,14,5.974682588944781,-0.8184268181123837,0.7952333223939876,-1.6136601405063713,-13.625380034352963,13.239248756033962
S Washington Cascades (Crystal/White Pass),Holidays,new_snow_in_total,Total new snow in the window,in,45,37.97199016929825,15,34.05274426453335,16,42.29503044940333,14,37.23056474714059,-3.9192459047648995,4.323040280105076,-8.242286184869975,-10.32141293435221,11.384813545012483
S Washington Cascades (Crystal/White Pass),Holidays,days_with_base_per_window,Days with a skiable base,days,45,12.471396650021022,15,11.236187972755292,16,13.28239049094564,14,12.867984414606171,-1.2352086772657298,0.8109938409246169,-2.0462025181903467,-9.904333186801878,6.502830947352234
S Washington Cascades (Crystal/White Pass),Holidays,mean_swe_in,Average base (snow water equivalent),in,45,13.454615493185361,15,12.294783243502419,16,13.875476395992063,14,14.21630901463799,-1.1598322496829425,0.42086090280670163,-1.5806931524896441,-8.620329954954022,3.1280039405055002
S Washington Cascades (Crystal/White Pass),Holidays,mean_depth_in,Average base (snow depth),in,29,39.181071629943844,10,33.90924470752998,12,41.09632442428111,7,43.42896244309979,-5.271826922413865,1.9152527943372633,-7.1870797167511284,-13.455035054183947,4.888209318076807
S Washington Cascades (Crystal/White Pass),Midwinter,big_storm_days_per_window,Powder days (>= 6 in of new snow),days,45,3.926538001496304,15,3.055335333343074,16,4.273933666405183,14,4.462945814621759,-0.8712026681532299,0.3473956649088792,-1.218598333062109,-22.18755218518799,8.847378142691998
S Washington Cascades (Crystal/White Pass),Midwinter,storm_days_per_window,Storm days (>= 2 in of new snow),days,45,13.720380499027348,15,12.76059981107337,16,14.70810495214479,14,13.619889003986684,-0.9597806879539785,0.9877244531174423,-1.9475051410714208,-6.995292062213715,7.198958171659038
S Washington Cascades (Crystal/White Pass),Midwinter,new_snow_in_total,Total new snow in the window,in,45,89.30515948730552,15,79.15518670886938,16,95.54327983288238,14,93.05084992639925,-10.149972778436137,6.23812034557686,-16.388093124012997,-11.365494263384555,6.985173512246615
S Washington Cascades (Crystal/White Pass),Midwinter,days_with_base_per_window,Days with a skiable base,days,45,46.73295380528481,15,44.22076759524733,16,48.1844450755541,14,47.765734721445774,-2.512186210037477,1.451491270269294,-3.963677480306771,-5.375620425159998,3.1059266579146803
S Washington Cascades (Crystal/White Pass),Midwinter,mean_swe_in,Average base (snow water equivalent),in,45,23.311808474846917,15,20.988653876453313,16,24.68047619552538,14,24.236711006636085,-2.3231545983936037,1.368667720678463,-3.6918223190720667,-9.965570028169422,5.8711348892353605
S Washington Cascades (Crystal/White Pass),Midwinter,mean_depth_in,Average base (snow depth),in,29,60.72623176837168,10,52.85789241236482,12,67.88004102748992,7,59.70304354703591,-7.868339356006864,7.1538092591182405,-15.022148615125104,-12.957068349011186,11.780426762531627
S Washington Cascades (Crystal/White Pass),Spring,big_storm_days_per_window,Powder days (>= 6 in of new snow),days,45,2.086421135134203,15,1.598722101434644,16,2.11865478739736,14,2.5721173543686935,-0.487699033699559,0.032233652263157,-0.519932685962716,-23.374908616816192,1.5449255052280546
S Washington Cascades (Crystal/White Pass),Spring,storm_days_per_window,Storm days (>= 2 in of new snow),days,45,9.945847308848933,15,8.12755806006459,16,11.423841091704377,14,10.204878609283082,-1.8182892487843425,1.4779937828554441,-3.2962830316397866,-18.281893863045635,14.860410953026157
S Washington Cascades (Crystal/White Pass),Spring,new_snow_in_total,Total new snow in the window,in,45,60.553196891609886,15,49.868772300267246,16,67.17244394609165,14,64.43594089149784,-10.68442459134264,6.619247054481761,-17.3036716458244,-17.64469118033147,10.931292473839493
S Washington Cascades (Crystal/White Pass),Spring,days_with_base_per_window,Days with a skiable base,days,45,42.24450422176347,15,39.225775500617104,16,43.66474212005648,14,43.85572739637113,-3.018728721146367,1.42023789829301,-4.438966619439377,-7.145849564950469,3.361947132430385
S Washington Cascades (Crystal/White Pass),Spring,mean_swe_in,Average base (snow water equivalent),in,45,33.98891125266528,15,28.988138607852797,16,37.05585870665236,14,35.84179913897917,-5.000772644812486,3.0669474539870762,-8.067720098799562,-14.712953314797172,9.023376568870171
S Washington Cascades (Crystal/White Pass),Spring,mean_depth_in,Average base (snow depth),in,29,77.9359382649495,10,64.47240657126056,12,90.4424597537815,7,75.72980384650741,-13.463531693688935,12.506521488832007,-25.970053182520942,-17.275126204189107,16.047181527878806
San Francisco Peaks (AZ Snowbowl),Early season,big_storm_days_per_window,Powder days (>= 6 in of new snow),days,46,0.6084659108434962,15,0.6525510548246157,16,0.532489961470228,15,0.6454217795271961,0.04408514398111951,-0.07597594937326824,0.12006109335438775,7.245293975467866,-12.486475909216555
San Francisco Peaks (AZ Snowbowl),Early season,storm_days_per_window,Storm days (>= 2 in of new snow),days,46,2.6786106885357444,15,3.1629247458595255,16,2.3366453820476565,15,2.5590596247992576,0.4843140573237812,-0.3419653064880879,0.8262793638118691,18.080793128938428,-12.766517656024973
San Francisco Peaks (AZ Snowbowl),Early season,new_snow_in_total,Total new snow in the window,in,46,19.098238766145627,15,22.594591568339425,16,17.76668909720404,15,17.022205610822862,3.4963528021937975,-1.3315496689415873,4.827902471135385,18.307200182205207,-6.972107141638372
San Francisco Peaks (AZ Snowbowl),Early season,days_with_base_per_window,Days with a skiable base,days,46,0.26223560767156845,15,0.8041891968594767,16,0.0,15,0.0,0.5419535891879081,-0.26223560767156845,0.8041891968594767,206.66666666666669,-100.0
San Francisco Peaks (AZ Snowbowl),Early season,mean_swe_in,Average base (snow water equivalent),in,46,1.2643437116798937,15,1.4797443279459566,16,1.2729487127946184,15,1.0397644275581237,0.21540061626606288,0.00860500111472473,0.20679561515133815,17.036555350907456,0.6805903359373328
San Francisco Peaks (AZ Snowbowl),Early season,mean_depth_in,Average base (snow depth),in,24,5.168927198939901,9,6.881868482843878,9,3.202088803800041,6,5.549772865793724,1.7129412839039766,-1.96683839513986,3.6797796790438366,33.139203126236424,-38.05119165816923
San Francisco Peaks (AZ Snowbowl),Holidays,big_storm_days_per_window,Powder days (>= 6 in of new snow),days,46,0.48900676369442525,15,0.5652769181764122,16,0.6034099882409829,15,0.29070650302944323,0.07627015448198698,0.11440322454655766,-0.03813307006457067,15.596952873569522,23.395018850505497
San Francisco Peaks (AZ Snowbowl),Holidays,storm_days_per_window,Storm days (>= 2 in of new snow),days,46,2.093962646377365,15,2.5419295386895167,16,2.068527211950534,15,1.673126884120499,0.4479668923121518,-0.025435434426830827,0.47340232673898264,21.39326091070209,-1.2147033506464453
San Francisco Peaks (AZ Snowbowl),Holidays,new_snow_in_total,Total new snow in the window,in,46,13.9678256531086,15,16.741309438184988,16,14.569813225824236,15,10.552221790468849,2.7734837850763885,0.6019875727156361,2.1714962123607524,19.856231413220268,4.309815913127904
San Francisco Peaks (AZ Snowbowl),Holidays,days_with_base_per_window,Days with a skiable base,days,46,1.0090471374017476,15,1.5001599289197936,16,1.1960368044063876,15,0.3184787010787526,0.491112791518046,0.18698966700464004,0.30412312451340595,48.670946412140864,18.531311380173012
San Francisco Peaks (AZ Snowbowl),Holidays,mean_swe_in,Average base (snow water equivalent),in,46,3.457165772999445,15,3.979600269477062,16,3.6164421591824083,15,2.764836464593334,0.5224344964776169,0.15927638618296314,0.3631581102946537,15.111641465325265,4.607137656716258
San Francisco Peaks (AZ Snowbowl),Holidays,mean_depth_in,Average base (snow depth),in,24,14.99001731834972,9,16.44393251948907,9,14.660896814366456,6,13.302825272615598,1.4539152011393508,-0.32912050398326365,1.7830357051226144,9.699222957931948,-2.1955978902064213
San Francisco Peaks (AZ Snowbowl),Midwinter,big_storm_days_per_window,Powder days (>= 6 in of new snow),days,46,1.6642501224051265,15,2.0737937226466014,16,1.4056348290042147,15,1.5305628351246239,0.40954360024147496,-0.2586152934009118,0.6681588936423868,24.60829623672278,-15.539448663351662
San Francisco Peaks (AZ Snowbowl),Midwinter,storm_days_per_window,Storm days (>= 2 in of new snow),days,46,5.548137944205982,15,6.712209153663925,16,4.949817614885831,15,5.02227508602287,1.1640712094579424,-0.5983203293201518,1.7623915387780942,20.981295367279078,-10.784164621303049
San Francisco Peaks (AZ Snowbowl),Midwinter,new_snow_in_total,Total new snow in the window,in,46,37.59340199969015,15,45.407475767887945,16,33.252085535213524,15,34.410065793600765,7.814073768197794,-4.341316464476627,12.15539023267442,20.78575854417804,-11.548080869383432
San Francisco Peaks (AZ Snowbowl),Midwinter,days_with_base_per_window,Days with a skiable base,days,46,12.331480701997759,15,14.729344282598978,16,15.085858685937309,15,6.995613938527685,2.3978635806012196,2.75437798393955,-0.3565144033383305,19.445058047349935,22.336149652274344
San Francisco Peaks (AZ Snowbowl),Midwinter,mean_swe_in,Average base (snow water equivalent),in,46,6.6145160919878725,15,8.182053092766257,16,6.524533740048071,15,5.142960266611946,1.5675370007783842,-0.08998235193980175,1.657519352718186,23.698438086455536,-1.3603769450163843
San Francisco Peaks (AZ Snowbowl),Midwinter,mean_depth_in,Average base (snow depth),in,24,26.092766617591565,9,30.100822371940637,9,25.439778787442563,6,21.060164731291465,4.008055754349073,-0.6529878301490015,4.661043584498074,15.360792564046731,-2.50256264396571
San Francisco Peaks (AZ Snowbowl),Spring,big_storm_days_per_window,Powder days (>= 6 in of new snow),days,46,0.8386829987268635,15,0.9493357870358321,16,0.9726806686849362,15,0.5850993624626167,0.11065278830896863,0.13399766995807272,-0.023344881649104088,13.19363674677341,15.977153484866594
San Francisco Peaks (AZ Snowbowl),Spring,storm_days_per_window,Storm days (>= 2 in of new snow),days,46,3.450919397520571,15,4.257633667915918,16,3.180100650097814,15,2.933078457709497,0.8067142703953474,-0.2708187474227568,1.0775330178181042,23.376792601269052,-7.847727409030059
San Francisco Peaks (AZ Snowbowl),Spring,new_snow_in_total,Total new snow in the window,in,46,21.435467115739115,15,26.104430813470742,16,19.883420401831152,15,18.422019912842664,4.668963697731627,-1.5520467139079628,6.22101041163959,21.781488000806913,-7.240554663576067
San Francisco Peaks (AZ Snowbowl),Spring,days_with_base_per_window,Days with a skiable base,days,46,14.025608781410932,15,17.053507725181063,16,16.556235913227717,15,8.298374230369564,3.027898943770131,2.530627131816784,0.4972718119533468,21.588360198547715,18.042904028314208
San Francisco Peaks (AZ Snowbowl),Spring,mean_swe_in,Average base (snow water equivalent),in,46,7.371668780820822,15,9.57105835819637,16,7.610812235392395,15,4.917192851902257,2.1993895773755474,0.2391434545715727,1.9602461228039747,29.83570807057679,3.244088437529399
San Francisco Peaks (AZ Snowbowl),Spring,mean_depth_in,Average base (snow depth),in,24,26.01219401993796,9,29.695420102806143,9,27.247641746044494,6,18.634183306475894,3.683226082868181,1.235447726106532,2.447778356761649,14.15961329538386,4.749494506920791
San Juans (Telluride/Purgatory/Wolf Ck),Early season,big_storm_days_per_window,Powder days (>= 6 in of new snow),days,48,1.6611078100987762,16,1.84045722698649,16,1.3786812733060096,16,1.7641849300038293,0.1793494168877139,-0.2824265367927665,0.4617759536804804,10.796976318897029,-17.002300216502643
San Juans (Telluride/Purgatory/Wolf Ck),Early season,storm_days_per_window,Storm days (>= 2 in of new snow),days,48,6.071503787495153,16,6.392458386661145,16,5.318046777235574,16,6.5040061985887405,0.3209545991659919,-0.753457010259579,1.074411609425571,5.286245556282593,-12.409726430730329
San Juans (Telluride/Purgatory/Wolf Ck),Early season,new_snow_in_total,Total new snow in the window,in,48,41.407941241635605,16,44.28127900169444,16,37.434175629906946,16,42.50836909330543,2.8733377600588383,-3.973765611728659,6.847103371787497,6.939098332108582,-9.596626860871424
San Juans (Telluride/Purgatory/Wolf Ck),Early season,days_with_base_per_window,Days with a skiable base,days,48,1.3660175413884097,16,1.8968570269589542,16,0.803200554552737,16,1.397995042653537,0.5308394855705445,-0.5628169868356727,1.0936564724062172,38.86037107773911,-41.2013001138792
San Juans (Telluride/Purgatory/Wolf Ck),Early season,mean_swe_in,Average base (snow water equivalent),in,48,3.181781078451563,16,3.607152073942573,16,2.6471208544251397,16,3.2910703069869776,0.4253709954910101,-0.5346602240264233,0.9600312195174334,13.368958611634588,-16.80380299095309
San Juans (Telluride/Purgatory/Wolf Ck),Early season,mean_depth_in,Average base (snow depth),in,26,12.494227484024746,9,13.39041759042933,10,11.392162725140896,7,12.916361288481495,0.8961901064045836,-1.1020647588838504,1.998254865288434,7.172833274810002,-8.820591431466749
San Juans (Telluride/Purgatory/Wolf Ck),Holidays,big_storm_days_per_window,Powder days (>= 6 in of new snow),days,47,0.9984409641117813,16,0.7013468267872344,16,1.425549602378891,15,0.8597588297730479,-0.2970941373245469,0.42710863826710965,-0.7242027755916566,-29.755804098927726,42.77755557105651
San Juans (Telluride/Purgatory/Wolf Ck),Holidays,storm_days_per_window,Storm days (>= 2 in of new snow),days,47,3.2094198333840254,16,2.828478300109656,16,3.7956917129225314,15,2.990400797368948,-0.3809415332743695,0.586271879538506,-0.9672134128128755,-11.869482743013501,18.26722304885673
San Juans (Telluride/Purgatory/Wolf Ck),Holidays,new_snow_in_total,Total new snow in the window,in,47,22.262968401936085,16,19.14461139326886,16,27.337019126383225,15,20.17689510510418,-3.1183570086672248,5.07405072444714,-8.192407733114365,-14.006923750545498,22.791438378028147
San Juans (Telluride/Purgatory/Wolf Ck),Holidays,days_with_base_per_window,Days with a skiable base,days,47,3.6748412373634034,16,3.44769471417047,16,4.306904922212502,15,3.2429295982634923,-0.22714652319293327,0.6320636848490988,-0.8592102080420321,-6.181124802983451,17.199754874378925
San Juans (Telluride/Purgatory/Wolf Ck),Holidays,mean_swe_in,Average base (snow water equivalent),in,47,6.586667261375129,16,6.842677315053925,16,6.563934058062978,15,6.337838620984041,0.25601005367879637,-0.022733203312150785,0.27874325699094715,3.8867919619997315,-0.34513969523647486
San Juans (Telluride/Purgatory/Wolf Ck),Holidays,mean_depth_in,Average base (snow depth),in,26,28.463978994038406,9,29.537898461265165,10,29.12259540664322,7,26.142344803882825,1.0739194672267587,0.6586164126048146,0.41530305462194406,3.772907039636602,2.3138592560890996
San Juans (Telluride/Purgatory/Wolf Ck),Midwinter,big_storm_days_per_window,Powder days (>= 6 in of new snow),days,47,2.2101276537589665,16,2.4446593179972815,16,2.1973718023598092,15,1.9735667867305307,0.23453166423831506,-0.012755851399157248,0.2472875156374723,10.611679548890562,-0.5771545085851582
San Juans (Telluride/Purgatory/Wolf Ck),Midwinter,storm_days_per_window,Storm days (>= 2 in of new snow),days,47,8.405625825070034,16,8.72836207340415,16,8.399338045619732,15,8.068080791593966,0.32273624833411496,-0.006287779450302011,0.329024027784417,3.839526705692089,-0.07480441767403587
San Juans (Telluride/Purgatory/Wolf Ck),Midwinter,new_snow_in_total,Total new snow in the window,in,47,56.13466121756889,16,60.09236990716777,16,55.601599303571604,15,52.48170465692723,3.9577086895988813,-0.5330619139972868,4.490770603596168,7.050383138965498,-0.9496127747724793
San Juans (Telluride/Purgatory/Wolf Ck),Midwinter,days_with_base_per_window,Days with a skiable base,days,47,26.67271018542778,16,28.31432857919045,16,28.170657987302327,15,23.323839576748092,1.6416183937626734,1.497947801874549,0.14367059188812448,6.154674130788352,5.616031484842996
San Juans (Telluride/Purgatory/Wolf Ck),Midwinter,mean_swe_in,Average base (snow water equivalent),in,47,10.81047184422926,16,11.259626219360953,16,10.884434136130722,15,10.252480732727234,0.4491543751316929,0.07396229190146109,0.3751920832302318,4.154808241524222,0.6841726519175285
San Juans (Telluride/Purgatory/Wolf Ck),Midwinter,mean_depth_in,Average base (snow depth),in,26,41.52780095704601,9,43.24236554963302,10,42.49057515850477,7,37.947969050207384,1.7145645925870099,0.9627742014587568,0.7517903911282531,4.128715109091516,2.3183847429210025
San Juans (Telluride/Purgatory/Wolf Ck),Spring,big_storm_days_per_window,Powder days (>= 6 in of new snow),days,48,1.737176674006798,16,1.9356454997429309,16,1.795537515718779,16,1.4803470065586843,0.1984688257361329,0.05836084171198097,0.14010798402415192,11.424792233616893,3.359522527859627
San Juans (Telluride/Purgatory/Wolf Ck),Spring,storm_days_per_window,Storm days (>= 2 in of new snow),days,48,7.2858235129194595,16,7.770528876958149,16,7.19436095438882,16,6.892580707411412,0.4847053640386898,-0.09146255853063945,0.5761679225693292,6.652718984740632,-1.2553496302573768
San Juans (Telluride/Purgatory/Wolf Ck),Spring,new_snow_in_total,Total new snow in the window,in,48,45.85686631445086,16,49.383716127055266,16,45.284261490484184,16,42.90262132581313,3.5268498126044037,-0.5726048239666781,4.099454636571082,7.690996127864474,-1.2486784858786422
San Juans (Telluride/Purgatory/Wolf Ck),Spring,days_with_base_per_window,Days with a skiable base,days,48,35.97873480963417,16,38.81060631588658,16,36.342619768175325,16,32.78297834484061,2.831871506252412,0.3638849585411563,2.4679865477112557,7.8709591130317085,1.0113889787022678
San Juans (Telluride/Purgatory/Wolf Ck),Spring,mean_swe_in,Average base (snow water equivalent),in,48,16.145146671345913,16,17.061885201746648,16,15.789569584569511,16,15.583985227721577,0.9167385304007354,-0.35557708677640143,1.2723156171771368,5.678105929057584,-2.2023775566404273
San Juans (Telluride/Purgatory/Wolf Ck),Spring,mean_depth_in,Average base (snow depth),in,26,46.71781483833009,9,50.24171080041164,10,49.098461432557194,7,38.786167752472245,3.5238959620815464,2.380646594227102,1.1432493678544446,7.542938329363666,5.095800397483225
Sangre de Cristo (Taos/Santa Fe),Early season,big_storm_days_per_window,Powder days (>= 6 in of new snow),days,47,0.6544615486031679,16,0.8812463138816851,16,0.49404881391884725,15,0.5836647159693585,0.2267847652785172,-0.1604127346843206,0.3871974999628378,34.6521145149855,-24.51064314270153
Sangre de Cristo (Taos/Santa Fe),Early season,storm_days_per_window,Storm days (>= 2 in of new snow),days,47,3.9665831411213683,16,4.768278372590802,16,3.347032049166897,15,3.772296058972075,0.8016952314694339,-0.6195510919544716,1.4212463234239054,20.211229739729887,-15.6192639839467
Sangre de Cristo (Taos/Santa Fe),Early season,new_snow_in_total,Total new snow in the window,in,47,25.552141811175925,16,31.19399129655296,16,21.959806259535213,15,23.365993615190483,5.641849485377033,-3.592335551640712,9.234185037017745,22.07975177606997,-14.05884320064906
Sangre de Cristo (Taos/Santa Fe),Early season,days_with_base_per_window,Days with a skiable base,days,47,0.012009299304232805,16,0.0172610201962329,16,0.01801629650995096,15,0.0,0.005251720892000095,0.006006997205718156,-0.0007552763137180611,43.73045220172895,50.01954779827101
Sangre de Cristo (Taos/Santa Fe),Early season,mean_swe_in,Average base (snow water equivalent),in,47,1.6264071432207248,16,1.9808565782278658,16,1.3629602752161945,15,1.5293377384179403,0.354449435007141,-0.2634468680045303,0.6178963030116713,21.79340127006793,-16.198088473888184
Sangre de Cristo (Taos/Santa Fe),Early season,mean_depth_in,Average base (snow depth),in,25,6.115448583474687,9,7.872786019151281,9,4.4982061648040705,7,5.935326418752716,1.757337435676594,-1.6172424186706165,3.3745798543472105,28.736034841750023,-26.445196891046848
Sangre de Cristo (Taos/Santa Fe),Holidays,big_storm_days_per_window,Powder days (>= 6 in of new snow),days,47,0.3861555456578659,16,0.2685296047292445,16,0.3947055599092264,15,0.5025032007802779,-0.11762594092862144,0.008550014251360483,-0.12617595517998192,-30.460766976227273,2.214137372232847
Sangre de Cristo (Taos/Santa Fe),Holidays,storm_days_per_window,Storm days (>= 2 in of new snow),days,47,1.956909179314472,16,2.0624336455559975,16,1.9868136682725792,15,1.812451627101531,0.10552446624152556,0.029904488958107267,0.0756199772834183,5.392404888125263,1.5281490461699994
Sangre de Cristo (Taos/Santa Fe),Holidays,new_snow_in_total,Total new snow in the window,in,47,13.585096836142917,16,13.788135762435429,16,13.727518065196037,15,13.216606003774247,0.2030389262925123,0.14242122905312016,0.06061769723939214,1.4945710637286789,1.0483637383740314
Sangre de Cristo (Taos/Santa Fe),Holidays,days_with_base_per_window,Days with a skiable base,days,47,0.3996678063643161,16,0.32678980930369605,16,0.6434733341537876,15,0.2173451069202079,-0.07287799706062004,0.2438055277894715,-0.31668352485009155,-18.234642845910958,61.00204317363287
Sangre de Cristo (Taos/Santa Fe),Holidays,mean_swe_in,Average base (snow water equivalent),in,47,3.6757903664120444,16,4.249790105627005,16,3.3990735676562993,15,3.35868856325555,0.5739997392149605,-0.27671679875574506,0.8507165379707056,15.615682125399449,-7.5280897758554595
Sangre de Cristo (Taos/Santa Fe),Holidays,mean_depth_in,Average base (snow depth),in,27,15.335795366161765,9,18.376406124499237,11,14.08028739828943,7,13.399379769241538,3.040610758337472,-1.2555079678723349,4.296118726209807,19.826886612262317,-8.18678091286088
Sangre de Cristo (Taos/Santa Fe),Midwinter,big_storm_days_per_window,Powder days (>= 6 in of new snow),days,47,0.8534638642253362,16,1.0256003205082673,16,0.71207451628684,15,0.8206669486579392,0.17213645628293117,-0.1413893479384961,0.3135258042214273,20.16915577781074,-16.566530097537406
Sangre de Cristo (Taos/Santa Fe),Midwinter,storm_days_per_window,Storm days (>= 2 in of new snow),days,47,5.628353928379253,16,6.523007415594531,16,4.951674323887342,15,5.395848453474328,0.8946534872152778,-0.6766796044919108,1.5713330917071886,15.895473145429987,-12.022691058569732
Sangre de Cristo (Taos/Santa Fe),Midwinter,new_snow_in_total,Total new snow in the window,in,47,35.27264580762196,16,40.266853960905465,16,32.585261746424464,15,32.81203344273021,4.994208153283502,-2.6873840611974984,7.681592214481,14.158870248980069,-7.618889934865019
Sangre de Cristo (Taos/Santa Fe),Midwinter,days_with_base_per_window,Days with a skiable base,days,47,7.721368018795925,16,8.766371838670555,16,7.681810903289428,15,6.6488915341365855,1.0450038198746299,-0.0395571155064971,1.084560935381127,13.533920638555296,-0.5123070861303883
Sangre de Cristo (Taos/Santa Fe),Midwinter,mean_swe_in,Average base (snow water equivalent),in,47,6.166379331056901,16,7.033159274022092,16,5.788384838419081,15,5.64500818404104,0.8667799429651906,-0.3779944926378205,1.244774435603011,14.056545931251149,-6.12992604483567
Sangre de Cristo (Taos/Santa Fe),Midwinter,mean_depth_in,Average base (snow depth),in,27,23.574385411243846,9,28.010212344444394,11,22.15245995501485,7,20.105633642631553,4.435826933200548,-1.421925456228994,5.8577523894295425,18.816299368232407,-6.031654405509142
Sangre de Cristo (Taos/Santa Fe),Spring,big_storm_days_per_window,Powder days (>= 6 in of new snow),days,47,0.9792057337310345,16,1.2228813202697357,16,0.7864054377066958,15,0.9249387571823805,0.24367558653870125,-0.19280029602433868,0.43647588256303993,24.885024478996097,-19.6894574227745
Sangre de Cristo (Taos/Santa Fe),Spring,storm_days_per_window,Storm days (>= 2 in of new snow),days,47,5.463700920347839,16,6.274520236799993,16,4.8912420925874365,15,5.209449732409974,0.8108193164521538,-0.5724588277604026,1.3832781442125563,14.840111643602448,-10.477492016967096
Sangre de Cristo (Taos/Santa Fe),Spring,new_snow_in_total,Total new snow in the window,in,47,32.48246277309836,16,37.34192765518962,16,29.082519126491043,15,30.925640121915496,4.85946488209126,-3.399943646607319,8.259408528698579,14.960272304585901,-10.467013139850703
Sangre de Cristo (Taos/Santa Fe),Spring,days_with_base_per_window,Days with a skiable base,days,47,17.485473054328278,16,23.784933806644787,16,13.926828611456909,15,14.561935657586785,6.299460752316509,-3.558644442871369,9.858105195187878,36.02682485480236,-20.35200552947281
Sangre de Cristo (Taos/Santa Fe),Spring,mean_swe_in,Average base (snow water equivalent),in,47,8.652193211299267,16,10.395568331946706,16,7.7869777970973235,15,7.715489524424071,1.743375120647439,-0.865215414201943,2.608590534849382,20.1495167534018,-9.99995484465166
Sangre de Cristo (Taos/Santa Fe),Spring,mean_depth_in,Average base (snow depth),in,26,24.66199259532615,9,31.116670196820426,10,23.591943932640053,7,17.891762340099362,6.454677601494275,-1.0700486626860979,7.524726264180373,26.172571322227796,-4.3388572863690245
Sawtooth & Smoky (Sun Valley),Early season,big_storm_days_per_window,Powder days (>= 6 in of new snow),days,46,1.2282913631048276,15,0.9260197845547018,16,1.3256206803114998,15,1.4267450033011706,-0.30227157855012576,0.09732931720667226,-0.399600895756798,-24.609110478970994,7.923960074151052
Sawtooth & Smoky (Sun Valley),Early season,storm_days_per_window,Storm days (>= 2 in of new snow),days,46,6.015441152686498,15,5.117393046880836,16,6.977456751438161,15,5.887339286490389,-0.8980481058056622,0.9620155987516625,-1.8600637045573247,-14.929048144783092,15.992436370556565
Sawtooth & Smoky (Sun Valley),Early season,new_snow_in_total,Total new snow in the window,in,46,35.48285877398441,15,30.258130828268047,16,39.342023197417916,15,36.59114466803838,-5.224727945716364,3.859164423433505,-9.083892369149869,-14.724653329080317,10.876137258317517
Sawtooth & Smoky (Sun Valley),Early season,days_with_base_per_window,Days with a skiable base,days,46,1.1933045565051184,15,0.46793587820041016,16,1.6353110667227881,15,1.4471996239109783,-0.7253686783047082,0.4420065102176698,-1.167375188522378,-60.78655062116969,37.04054491438405
Sawtooth & Smoky (Sun Valley),Early season,mean_swe_in,Average base (snow water equivalent),in,46,2.7974999240171865,15,2.502113323780468,16,3.197481552326109,15,2.6662394540577217,-0.2953866002367187,0.3999816283089226,-0.6953682285456413,-10.5589493569153,14.297824456579512
Sawtooth & Smoky (Sun Valley),Early season,mean_depth_in,Average base (snow depth),in,29,12.76053734232532,10,11.554655220798299,12,14.053679299086133,7,12.266411304345402,-1.2058821215270203,1.2931419567608131,-2.4990240782878335,-9.45008888871192,10.13391459990953
Sawtooth & Smoky (Sun Valley),Holidays,big_storm_days_per_window,Powder days (>= 6 in of new snow),days,46,0.7668733739254512,15,0.5570409510465153,16,0.8396045849542455,15,0.899125838373673,-0.2098324228789359,0.07273121102879432,-0.2825636339077302,-27.362069151632063,9.484122607686809
Sawtooth & Smoky (Sun Valley),Holidays,storm_days_per_window,Storm days (>= 2 in of new snow),days,46,3.3434679375894074,15,2.8223270862228733,16,3.4298960905848523,15,3.7724187590941343,-0.5211408513665341,0.08642815299544493,-0.607569004361979,-15.5868356178187,2.5849852491110887
Sawtooth & Smoky (Sun Valley),Holidays,new_snow_in_total,Total new snow in the window,in,46,19.69254478109449,15,16.62640070147049,16,20.300112940110075,15,22.11061615776853,-3.0661440796239994,0.6075681590155853,-3.6737122386395846,-15.570075445848936,3.085269911884985
Sawtooth & Smoky (Sun Valley),Holidays,days_with_base_per_window,Days with a skiable base,days,46,4.077298927447153,15,2.9183139884064535,16,4.7433374698853505,15,4.525842754553776,-1.1589849390406992,0.6660385424381978,-1.825023481478897,-28.425311944600395,16.335288490981767
Sawtooth & Smoky (Sun Valley),Holidays,mean_swe_in,Average base (snow water equivalent),in,46,6.8407580854750645,15,6.106080242517381,16,7.275326775508136,15,7.111895992397466,-0.7346778429576837,0.4345686900330712,-1.1692465329907549,-10.73971384133025,6.3526393508314225
Sawtooth & Smoky (Sun Valley),Holidays,mean_depth_in,Average base (snow depth),in,29,30.843953186140336,10,28.357421220451677,12,31.663589067374406,7,32.991051626437134,-2.486531965688659,0.8196358812340705,-3.3061678469227296,-8.061651341132164,2.6573632643249248
Sawtooth & Smoky (Sun Valley),Midwinter,big_storm_days_per_window,Powder days (>= 6 in of new snow),days,46,1.4470203538521604,15,1.2326307561128265,16,1.2624008638561799,15,1.8583374075872072,-0.21438959773933397,-0.18461948999598055,-0.029770107743353424,-14.815935184919852,-12.758596622673545
Sawtooth & Smoky (Sun Valley),Midwinter,storm_days_per_window,Storm days (>= 2 in of new snow),days,46,7.32731193780502,15,7.480896905895897,16,6.779197772204469,15,7.758382079688064,0.15358496809087718,-0.548114165600551,0.7016991336914282,2.096061548826121,-7.480426249803484
Sawtooth & Smoky (Sun Valley),Midwinter,new_snow_in_total,Total new snow in the window,in,46,43.032862930430085,15,42.26411422196189,16,40.10816110291339,15,46.92129358824944,-0.7687487084681948,-2.9247018275166923,2.1559531190484975,-1.7864224132868114,-6.796437950793486
Sawtooth & Smoky (Sun Valley),Midwinter,days_with_base_per_window,Days with a skiable base,days,46,26.85147428089411,15,23.2319412264034,16,29.365066980334888,15,27.789841789314675,-3.6195330544907094,2.5135926994407782,-6.133125753931488,-13.479829884298574,9.361097544015673
Sawtooth & Smoky (Sun Valley),Midwinter,mean_swe_in,Average base (snow water equivalent),in,46,11.147519628993717,15,10.203955448388799,16,11.586871327864596,15,11.622441997469691,-0.943564180604918,0.43935169887087966,-1.3829158794757976,-8.46434195236392,3.941250731043026
Sawtooth & Smoky (Sun Valley),Midwinter,mean_depth_in,Average base (snow depth),in,29,45.05606294469437,10,42.10292546872431,12,46.740548966095936,7,46.38714044510605,-2.9531374759700597,1.6844860214015682,-4.637623497371628,-6.554362016927647,3.7386445048899395
Sawtooth & Smoky (Sun Valley),Spring,big_storm_days_per_window,Powder days (>= 6 in of new snow),days,46,0.8136568898917702,15,0.8227563436782426,16,0.8900822352611912,15,0.7230370677112492,0.009099453786472367,0.07642534536942103,-0.06732589158294866,1.1183404085329807,9.392822247174342
Sawtooth & Smoky (Sun Valley),Spring,storm_days_per_window,Storm days (>= 2 in of new snow),days,46,5.4073422377924825,15,5.049054675605151,16,5.986748780232462,15,5.1475961547105005,-0.35828756218733115,0.5794065424399797,-0.9376941046273108,-6.625945731402422,10.715181635636942
Sawtooth & Smoky (Sun Valley),Spring,new_snow_in_total,Total new snow in the window,in,46,30.62256316885771,15,29.10443127603146,16,33.969414384010534,15,28.57072043218761,-1.5181318928262506,3.3468512151528245,-4.864983107979075,-4.957559837349436,10.929363413172672
Sawtooth & Smoky (Sun Valley),Spring,days_with_base_per_window,Days with a skiable base,days,46,33.85616121353017,15,31.348028478088747,16,36.5735515139379,15,33.46574429520333,-2.508132735441425,2.717390300407729,-5.225523035849154,-7.40820177344584,8.026280012282548
Sawtooth & Smoky (Sun Valley),Spring,mean_swe_in,Average base (snow water equivalent),in,46,15.95417095162498,15,14.529939106476144,16,16.6029024545797,15,16.686422526955447,-1.4242318451488352,0.6487315029547194,-2.0729633481035545,-8.927018830795298,4.066218827175373
Sawtooth & Smoky (Sun Valley),Spring,mean_depth_in,Average base (snow depth),in,29,52.36623018724627,10,48.03740300853593,12,56.66512308074306,7,51.18073833940942,-4.328827178710341,4.2988928934967845,-8.627720072207126,-8.266447982281187,8.209284644178519
Selkirk & Cabinet (Schweitzer/Silver),Early season,big_storm_days_per_window,Powder days (>= 6 in of new snow),days,46,2.0142845919350476,15,1.5666408891592143,16,2.0114424672108377,15,2.4649598944167033,-0.4476437027758333,-0.00284212472420986,-0.44480157805162346,-22.22345861990628,-0.14109846918302332
Selkirk & Cabinet (Schweitzer/Silver),Early season,storm_days_per_window,Storm days (>= 2 in of new snow),days,46,9.554899849167569,15,8.93771335085491,16,9.613207704677649,15,10.109891301602817,-0.6171864983126589,0.058307855510079776,-0.6754943538227387,-6.4593717156169745,0.6102403628559184
Selkirk & Cabinet (Schweitzer/Silver),Early season,new_snow_in_total,Total new snow in the window,in,46,55.43918103986587,15,50.29503017326869,16,55.6244247565782,15,60.38573860863655,-5.14415086659718,0.18524371671232842,-5.329394583309508,-9.27890847250803,0.3341386240520421
Selkirk & Cabinet (Schweitzer/Silver),Early season,days_with_base_per_window,Days with a skiable base,days,46,6.26687158897924,15,5.400637248372204,16,6.061403179836166,15,7.352272232672217,-0.8662343406070354,-0.20546840914307385,-0.6607659314639616,-13.822436415170419,-3.278643996861294
Selkirk & Cabinet (Schweitzer/Silver),Early season,mean_swe_in,Average base (snow water equivalent),in,46,4.967159052903114,15,4.524396963539727,16,4.901693657740056,15,5.479750897107098,-0.442762089363387,-0.06546539516305838,-0.37729669420032863,-8.913789243463214,-1.3179645440344085
Selkirk & Cabinet (Schweitzer/Silver),Early season,mean_depth_in,Average base (snow depth),in,25,16.321718509592614,9,13.78985652058228,9,16.815119072326596,7,18.942597486233637,-2.531861989010334,0.4934005627339815,-3.0252625517443157,-15.512226776379622,3.022969440650503
Selkirk & Cabinet (Schweitzer/Silver),Holidays,big_storm_days_per_window,Powder days (>= 6 in of new snow),days,46,1.1070346333252805,15,0.9381832619469725,16,1.404255855753819,15,0.9588500341131492,-0.16885137137830797,0.29722122242853843,-0.4660725938068464,-15.252582556619462,26.848412279185286
Selkirk & Cabinet (Schweitzer/Silver),Holidays,storm_days_per_window,Storm days (>= 2 in of new snow),days,46,5.126975293223317,15,4.562199068657183,16,5.80747233308231,15,4.965888008606521,-0.5647762245661339,0.6804970398589933,-1.2452732644251272,-11.015778158959305,13.272875349301058
Selkirk & Cabinet (Schweitzer/Silver),Holidays,new_snow_in_total,Total new snow in the window,in,46,29.445616220984636,15,26.525711625689407,16,33.173292148378465,15,28.389333160393118,-2.919904595295229,3.727675927393829,-6.647580522689058,-9.916262486686685,12.659527650629615
Selkirk & Cabinet (Schweitzer/Silver),Holidays,days_with_base_per_window,Days with a skiable base,days,46,11.094653043375724,15,10.055845780139801,16,11.427815740304894,15,11.778086763220529,-1.0388072632359222,0.3331626969291701,-1.3719699601650923,-9.363134287972729,3.002912264373074
Selkirk & Cabinet (Schweitzer/Silver),Holidays,mean_swe_in,Average base (snow water equivalent),in,46,12.141574480844005,15,10.950793214195489,16,12.230962759371051,15,13.237008250397002,-1.190781266648516,0.08938827852704634,-1.2801695451755624,-9.8074699333866,0.7362165316209685
Selkirk & Cabinet (Schweitzer/Silver),Holidays,mean_depth_in,Average base (snow depth),in,25,40.586408839921,9,34.67317163758369,9,42.79376452281265,7,45.35111365063684,-5.9132372023373065,2.2073556828916523,-8.120592885228959,-14.569500902777623,5.438657289433516
Selkirk & Cabinet (Schweitzer/Silver),Midwinter,big_storm_days_per_window,Powder days (>= 6 in of new snow),days,46,2.534860180046602,15,1.7863864745842533,16,3.2030078842049914,15,2.570643001073335,-0.7484737054623489,0.6681477041583892,-1.4166214096207381,-29.52721855643291,26.358365223367297
Selkirk & Cabinet (Schweitzer/Silver),Midwinter,storm_days_per_window,Storm days (>= 2 in of new snow),days,46,11.966998862581988,15,10.199675970855271,16,13.138838533985687,15,12.484359438144763,-1.7673228917267174,1.1718396714036992,-2.9391625631304166,-14.768305002958792,9.792260238845415
Selkirk & Cabinet (Schweitzer/Silver),Midwinter,new_snow_in_total,Total new snow in the window,in,46,70.52028940904901,15,59.99159006444908,16,78.13265779634453,15,72.92912914053368,-10.528699344599936,7.612368387295518,-18.141067731895454,-14.930028553242034,10.794579051059191
Selkirk & Cabinet (Schweitzer/Silver),Midwinter,days_with_base_per_window,Days with a skiable base,days,46,45.37322285512528,15,42.47608580188346,16,47.99179024276395,15,45.47722136155252,-2.8971370532418206,2.61856738763867,-5.515704440880491,-6.385125126536091,5.771173442979006
Selkirk & Cabinet (Schweitzer/Silver),Midwinter,mean_swe_in,Average base (snow water equivalent),in,46,20.69562128575344,15,18.551895146334594,16,21.99127290118905,15,21.457319035374304,-2.1437261394188454,1.2956516154356095,-3.439377754854455,-10.358356049424595,6.260510846937062
Selkirk & Cabinet (Schweitzer/Silver),Midwinter,mean_depth_in,Average base (snow depth),in,25,62.32239987062605,9,54.65642282307428,9,69.95961673784933,7,62.35937724533412,-7.66597704755177,7.63721686722328,-15.30319391477505,-12.300516449086418,12.25436902795342
Selkirk & Cabinet (Schweitzer/Silver),Spring,big_storm_days_per_window,Powder days (>= 6 in of new snow),days,46,1.1184448879221913,15,0.9155385909254392,16,0.9360193301932864,15,1.515938446496442,-0.2029062969967521,-0.1824255577289049,-0.020480739267847214,-18.141823453966023,-16.310643438838447
Selkirk & Cabinet (Schweitzer/Silver),Spring,storm_days_per_window,Storm days (>= 2 in of new snow),days,46,7.943985617548455,15,6.740097287320859,16,8.667769329589017,15,8.375837988266118,-1.2038883302275956,0.7237837120405626,-1.9276720422681581,-15.154714373704017,9.111090413377726
Selkirk & Cabinet (Schweitzer/Silver),Spring,new_snow_in_total,Total new snow in the window,in,46,44.593112220096344,15,38.87332175683558,16,47.70854295179487,15,46.98977656954537,-5.719790463260765,3.115430731698524,-8.835221194959288,-12.826623167788416,6.986349632476477
Selkirk & Cabinet (Schweitzer/Silver),Spring,days_with_base_per_window,Days with a skiable base,days,46,42.11822394588304,15,39.64471963283585,16,44.10974278352802,15,42.467441498775564,-2.4735043130471865,1.991518837644982,-4.4650231506921685,-5.872764996513975,4.7284017488578085
Selkirk & Cabinet (Schweitzer/Silver),Spring,mean_swe_in,Average base (snow water equivalent),in,46,29.387522082096375,15,25.166476533869524,16,31.841999752736697,15,30.99045811497354,-4.221045548226851,2.4544776706403226,-6.675523218867173,-14.363393880011474,8.352108298833581
Selkirk & Cabinet (Schweitzer/Silver),Spring,mean_depth_in,Average base (snow depth),in,25,77.25138141191829,9,63.54539506958534,9,91.17934987828052,7,76.96597582388065,-13.705986342332949,13.92796846636223,-27.63395480869518,-17.74205987236676,18.029410234227132
Snowy Range & Sierra Madre,Early season,big_storm_days_per_window,Powder days (>= 6 in of new snow),days,46,1.4447271816377272,15,1.1907991747131652,16,1.5727260189521854,15,1.5621230954268677,-0.25392800692456197,0.12799883731445827,-0.38192684423902024,-17.57619086509551,8.85972375555087
Snowy Range & Sierra Madre,Early season,storm_days_per_window,Storm days (>= 2 in of new snow),days,46,7.817848628217838,15,7.4189455616726185,16,8.298728301191257,15,7.7038133769247485,-0.3989030665452198,0.48087967297341905,-0.8797827395186388,-5.102465979008779,6.1510486559911906
Snowy Range & Sierra Madre,Early season,new_snow_in_total,Total new snow in the window,in,46,46.95068826108675,15,44.50102400849866,16,49.21677799657404,15,46.98319012915511,-2.449664252588093,2.2660897354872844,-4.715753988075377,-5.217525755886313,4.826531451223569
Snowy Range & Sierra Madre,Early season,days_with_base_per_window,Days with a skiable base,days,46,2.1984125107465955,15,1.9439067438268822,16,2.088158424714666,15,2.5705226361003684,-0.25450576691971327,-0.11025408603192943,-0.14425168088778384,-11.576797606254589,-5.01516824039936
Snowy Range & Sierra Madre,Early season,mean_swe_in,Average base (snow water equivalent),in,46,4.10621738841207,15,4.191562693278363,16,4.0820530841666915,15,4.046647341407516,0.08534530486629333,-0.024164304245378077,0.1095096091116714,2.0784409784815976,-0.5884808805683506
Snowy Range & Sierra Madre,Early season,mean_depth_in,Average base (snow depth),in,24,17.726831232329378,9,18.791347897572283,9,17.718743772947132,6,16.14218742353839,1.0645166652429054,-0.008087459382245754,1.0726041246251512,6.005115360389334,-0.04562270197222964
Snowy Range & Sierra Madre,Holidays,big_storm_days_per_window,Powder days (>= 6 in of new snow),days,46,0.8546713421424997,15,0.43807926943308145,16,1.113589378541669,15,0.9950841760261373,-0.4165920727094183,0.2589180363991693,-0.6755101091085876,-48.742955586307666,30.29445631698738
Snowy Range & Sierra Madre,Holidays,storm_days_per_window,Storm days (>= 2 in of new snow),days,46,4.314581673629837,15,3.0079444317605626,16,5.465496281437768,15,4.393576667170649,-1.3066372418692742,1.1509146078079313,-2.4575518496772055,-30.284216193084756,26.674998756940262
Snowy Range & Sierra Madre,Holidays,new_snow_in_total,Total new snow in the window,in,46,26.169530324986034,15,18.6615621883646,16,32.187262658124276,15,27.25858397292668,-7.507968136621436,6.017732333138241,-13.525700469759677,-28.689732079192147,22.995186609798097
Snowy Range & Sierra Madre,Holidays,days_with_base_per_window,Days with a skiable base,days,46,6.5973245584835,15,5.292001393573985,16,8.140258455697207,15,6.2568515663650635,-1.305323164909515,1.5429338972137074,-2.8482570621232224,-19.78564421589658,23.38726681605574
Snowy Range & Sierra Madre,Holidays,mean_swe_in,Average base (snow water equivalent),in,46,8.599868425113566,15,7.900966090171391,16,9.186046227278581,15,8.673514437746388,-0.6989023349421757,0.5861778021650146,-1.2850801371071903,-8.126895673208468,6.816125238070415
Snowy Range & Sierra Madre,Holidays,mean_depth_in,Average base (snow depth),in,24,36.141714008596416,9,34.996671604022474,9,38.41793720421213,6,34.44494282203377,-1.1450424045739425,2.2762231956157137,-3.421265600189656,-3.168201719214508,6.29804993497073
Snowy Range & Sierra Madre,Midwinter,big_storm_days_per_window,Powder days (>= 6 in of new snow),days,46,1.727185345458026,15,1.8121566882397298,16,1.6695914335991602,15,1.703647508659111,0.08497134278170382,-0.057593911858865754,0.14256525464056957,4.919642411577466,-3.3345530640542016
Snowy Range & Sierra Madre,Midwinter,storm_days_per_window,Storm days (>= 2 in of new snow),days,46,10.42126655278189,15,10.295277414031837,16,10.913490431880295,15,10.02221688716032,-0.1259891387500538,0.4922238790984039,-0.6182130178484577,-1.2089618676572647,4.723263497823188
Snowy Range & Sierra Madre,Midwinter,new_snow_in_total,Total new snow in the window,in,46,63.55656003048188,15,63.03854323966846,16,65.19560329054963,15,62.32626401055639,-0.5180167908134194,1.6390432600677443,-2.1570600508811637,-0.8150485025699586,2.5788734621283074
Snowy Range & Sierra Madre,Midwinter,days_with_base_per_window,Days with a skiable base,days,46,38.961169112176556,15,38.27698785964046,16,41.826108825931755,15,36.58941467004045,-0.6841812525360993,2.8649397137551986,-3.549120966291298,-1.756059348645859,7.353320701199949
Snowy Range & Sierra Madre,Midwinter,mean_swe_in,Average base (snow water equivalent),in,46,14.011941459664031,15,12.946225050795077,16,15.041861007778095,15,13.979077017211326,-1.0657164088689548,1.029919548114064,-2.0956359569830187,-7.605772632841901,7.350298679728845
Snowy Range & Sierra Madre,Midwinter,mean_depth_in,Average base (snow depth),in,24,53.10652707344897,9,50.969818124575205,9,56.45024592954999,6,51.2960122126081,-2.1367089488737676,3.3437188561010203,-5.480427804974788,-4.0234394275464345,6.296248390478426
Snowy Range & Sierra Madre,Spring,big_storm_days_per_window,Powder days (>= 6 in of new snow),days,46,1.3061920507288762,15,1.5481033538668842,16,1.3092896977444564,15,1.0609765907742492,0.24191130313800802,0.0030976470155801294,0.2388136561224279,18.520347218697097,0.2371509621308438
Snowy Range & Sierra Madre,Spring,storm_days_per_window,Storm days (>= 2 in of new snow),days,46,9.488342978529309,15,9.19809772941817,16,10.071422962591518,15,9.156636244640758,-0.29024524911113936,0.5830799840622092,-0.8733252331733485,-3.058966668552356,6.145224570629786
Snowy Range & Sierra Madre,Spring,new_snow_in_total,Total new snow in the window,in,46,53.49293402346914,15,54.41803270773986,16,55.60560696092668,15,50.3143175392437,0.9250986842707221,2.112672937457539,-1.187574253186817,1.7293848265358753,3.9494429984540367
Snowy Range & Sierra Madre,Spring,days_with_base_per_window,Days with a skiable base,days,46,42.0894336775446,15,42.134062358873514,16,43.23564503151484,15,40.822179551980746,0.044628681328916286,1.1462113539702443,-1.101582672641328,0.10603298127227219,2.7232757816405755
Snowy Range & Sierra Madre,Spring,mean_swe_in,Average base (snow water equivalent),in,46,20.690075919036175,15,19.861445374960915,16,21.82826821147421,15,20.304634684510866,-0.8286305440752599,1.1381922924380348,-1.9668228365132947,-4.00496618435734,5.501150874902426
Snowy Range & Sierra Madre,Spring,mean_depth_in,Average base (snow depth),in,24,62.14014130930253,9,61.75539522352491,9,66.46710761003143,6,56.22681098687562,-0.38474608577762126,4.326966300728905,-4.711712386506527,-0.6191586914206515,6.963238591929543
Spring Mtns (Lee Canyon),Early season,big_storm_days_per_window,Powder days (>= 6 in of new snow),days,18,0.575142877301912,6,0.7158329217526282,7,0.621785890677445,5,0.3410146052353066,0.1406900444507162,0.046643013375533005,0.0940470310751832,24.46175550512177,8.109813268373053
Spring Mtns (Lee Canyon),Early season,storm_days_per_window,Storm days (>= 2 in of new snow),days,18,1.914881190369795,6,2.235024342058844,7,1.7225206882301356,5,1.8000141113384605,0.32014315168904894,-0.1923605021396595,0.5125036538287084,16.718695305959113,-10.04555807989902
Spring Mtns (Lee Canyon),Early season,new_snow_in_total,Total new snow in the window,in,18,13.305797930859663,6,15.278217581159792,7,13.723999690894487,5,10.353411886450761,1.9724196503001288,0.41820176003482423,1.5542178902653045,14.823760743619637,3.143003991251842
Spring Mtns (Lee Canyon),Early season,days_with_base_per_window,Days with a skiable base,days,18,0.0,6,0.0,7,0.0,5,0.0,0.0,0.0,0.0,,
Spring Mtns (Lee Canyon),Early season,mean_swe_in,Average base (snow water equivalent),in,18,0.7040493618103629,6,0.772355417578024,7,0.7260479404725506,5,0.5912840847621063,0.06830605576766102,0.021998578662187684,0.04630747710547334,9.70188448037531,3.1245790217920892
Spring Mtns (Lee Canyon),Early season,mean_depth_in,Average base (snow depth),in,18,2.9967339220026252,6,3.476939198423711,7,2.921234316535241,5,2.5261870379516607,0.4802052764210858,-0.07549960546738443,0.5557048818884702,16.024288072268334,-2.5193963639231063
Spring Mtns (Lee Canyon),Holidays,big_storm_days_per_window,Powder days (>= 6 in of new snow),days,18,0.7222261420384612,6,0.10791646087631412,7,1.5714386509560432,5,0.27050024694842306,-0.6143096811621471,0.8492125089175819,-1.463522190079729,-85.05780189959295,117.58263229308005
Spring Mtns (Lee Canyon),Holidays,storm_days_per_window,Storm days (>= 2 in of new snow),days,18,1.7453922560110382,6,1.0491544956372445,7,2.7317333763393172,5,1.2,-0.6962377603737937,0.986341120328279,-1.6825788807020727,-39.89004523057713,56.51114337945368
Spring Mtns (Lee Canyon),Holidays,new_snow_in_total,Total new snow in the window,in,18,15.571805545756014,6,6.823412278432386,7,27.99172134810319,5,8.681995343258304,-8.748393267323628,12.419915802347177,-21.168309069670805,-56.18098197808501,79.75899625674518
Spring Mtns (Lee Canyon),Holidays,days_with_base_per_window,Days with a skiable base,days,18,1.1734636280251183,6,0.0,7,3.017477900636018,5,0.0,-1.1734636280251183,1.8440142726109,-3.017477900636018,-100.0,157.1428571428571
Spring Mtns (Lee Canyon),Holidays,mean_swe_in,Average base (snow water equivalent),in,18,3.2902648937151158,6,2.7252631036657,7,4.822127010685738,5,1.8236600780155428,-0.5650017900494158,1.531862116970622,-2.0968639070200377,-17.171924094277372,46.55741000965306
Spring Mtns (Lee Canyon),Holidays,mean_depth_in,Average base (snow depth),in,18,12.026435054057998,6,11.176853709098118,7,16.271589987861372,5,7.102715760685139,-0.8495813449598799,4.245154933803374,-5.0947362787632535,-7.064282483887122,35.29853123325154
Spring Mtns (Lee Canyon),Midwinter,big_storm_days_per_window,Powder days (>= 6 in of new snow),days,18,1.5068048009909294,6,1.5887368000188153,7,1.2857344447692292,5,1.7179849008678474,0.08193199902788595,-0.22107035622170024,0.3030023552495862,5.437466019089168,-14.671466143213532
Spring Mtns (Lee Canyon),Midwinter,storm_days_per_window,Storm days (>= 2 in of new snow),days,18,4.516408350776515,6,6.195512594369575,7,3.6474886857304125,5,3.7179707895293865,1.67910424359306,-0.8689196650461022,2.5480239086391623,37.17786597627667,-19.239174086123263
Spring Mtns (Lee Canyon),Midwinter,new_snow_in_total,Total new snow in the window,in,18,31.966802292308518,6,41.108345288772846,7,25.71557589380209,5,29.74866765446035,9.141542996464327,-6.251226398506429,15.392769394970756,28.596989191702352,-19.555369790648488
Spring Mtns (Lee Canyon),Midwinter,days_with_base_per_window,Days with a skiable base,days,18,12.74342842807529,6,11.93177167854371,7,16.928012014796746,5,7.858999506103153,-0.811656749531581,4.184583586721455,-4.996240336253036,-6.369218096312327,32.83718828366721
Spring Mtns (Lee Canyon),Midwinter,mean_swe_in,Average base (snow water equivalent),in,18,6.611461571718554,6,6.578522913068059,7,8.450263374319679,5,4.076665438457579,-0.03293865865049472,1.8388018026011252,-1.87174046125162,-0.49820540122919893,27.81233442340277
Spring Mtns (Lee Canyon),Midwinter,mean_depth_in,Average base (snow depth),in,18,20.722882929026063,6,23.165652523098604,7,23.974145078745373,5,13.239792406531981,2.4427695940725407,3.2512621497193095,-0.8084925556467688,11.787788419395111,15.689236680314117
Spring Mtns (Lee Canyon),Spring,big_storm_days_per_window,Powder days (>= 6 in of new snow),days,18,0.7514170135704039,6,0.9604529739645805,7,1.0082349739444214,5,0.141028716573767,0.2090359603941766,0.2568179603740175,-0.047781999979840895,27.818901704252003,34.1778208020246
Spring Mtns (Lee Canyon),Spring,storm_days_per_window,Storm days (>= 2 in of new snow),days,18,2.796608574990005,6,3.8525247536395493,7,2.7637157170071864,5,1.5755591617864955,1.0559161786495443,-0.03289285798281849,1.0888090366323628,37.75702427907052,-1.1761695318028569
Spring Mtns (Lee Canyon),Spring,new_snow_in_total,Total new snow in the window,in,18,17.68492987448748,6,23.37895058679649,7,19.680212879620196,5,8.058708812530867,5.694020712309008,1.9952830051327162,3.698737707176292,32.19702171690983,11.282391387998313
Spring Mtns (Lee Canyon),Spring,days_with_base_per_window,Days with a skiable base,days,18,14.424182914304973,6,19.809602765822337,7,16.607412484502724,5,4.905157694207295,5.385419851517364,2.183229570197751,3.202190281319613,37.33604796550696,15.135897701578402
Spring Mtns (Lee Canyon),Spring,mean_swe_in,Average base (snow water equivalent),in,18,7.399174733818914,6,9.220656059643924,7,8.932836712093197,5,3.0662703732449024,1.821481325825009,1.5336619782742824,0.2878193475507267,24.617357899384185,20.72747344733563
Spring Mtns (Lee Canyon),Spring,mean_depth_in,Average base (snow depth),in,18,18.357859027047073,6,23.639423347311734,7,21.72093491561463,5,7.3116755987348885,5.2815643202646605,3.3630758885675576,1.918488431697103,28.77004509340226,18.31954305571612
Tetons (Jackson/Targhee),Early season,big_storm_days_per_window,Powder days (>= 6 in of new snow),days,46,1.487043232572149,15,1.3840280329345391,16,1.48273711024359,15,1.5946516293602202,-0.10301519963760986,-0.004306122328558981,-0.09870907730905087,-6.92751880921604,-0.28957613566558194
Tetons (Jackson/Targhee),Early season,storm_days_per_window,Storm days (>= 2 in of new snow),days,46,8.238400003989193,15,7.1548377888355965,16,8.921150435676367,15,8.593695092009803,-1.0835622151535969,0.6827504316871735,-1.7663126468407704,-13.152580775744259,8.287415412659893
Tetons (Jackson/Targhee),Early season,new_snow_in_total,Total new snow in the window,in,46,46.28903484542087,15,41.440387748007396,16,48.881103412081885,15,48.37280880506261,-4.848647097413476,2.5920685666610126,-7.440715664074489,-10.474720662474834,5.5997464093106535
Tetons (Jackson/Targhee),Early season,days_with_base_per_window,Days with a skiable base,days,46,2.970036027053758,15,1.8045464678331375,16,4.118788304400831,15,2.9101898237708332,-1.1654895592206203,1.1487522773470733,-2.3142418365676933,-39.24159668786148,38.678058679531325
Tetons (Jackson/Targhee),Early season,mean_swe_in,Average base (snow water equivalent),in,46,4.097849717334912,15,3.803537546043712,16,4.460557479656937,15,4.005273608815951,-0.29431217129120046,0.3627077623220245,-0.657019933613225,-7.182112366058413,8.851172867264543
Tetons (Jackson/Targhee),Early season,mean_depth_in,Average base (snow depth),in,24,18.54451102317813,9,17.663372453695402,9,20.489911930060813,6,16.948117517078202,-0.8811385694827294,1.945400906882682,-2.8265394763654115,-4.75147912167339,10.490440564602615
Tetons (Jackson/Targhee),Holidays,big_storm_days_per_window,Powder days (>= 6 in of new snow),days,46,0.8211905524097173,15,0.5278093565117278,16,0.8946921158672417,15,1.036170080619681,-0.2933811958979895,0.07350156345752445,-0.36688275935551395,-35.726323815719276,8.950609970102562
Tetons (Jackson/Targhee),Holidays,storm_days_per_window,Storm days (>= 2 in of new snow),days,46,4.417659218680517,15,3.0425955623315826,16,4.947636318792427,15,5.227413968243413,-1.3750636563489342,0.5299771001119105,-1.9050407564608447,-31.12652172295996,11.996785489266554
Tetons (Jackson/Targhee),Holidays,new_snow_in_total,Total new snow in the window,in,46,24.518243467021307,15,18.11334041852952,16,26.78970889902535,15,28.500250054708765,-6.404903048491786,2.2714654320040424,-8.676368480495828,-26.123009411774593,9.264388923534904
Tetons (Jackson/Targhee),Holidays,days_with_base_per_window,Days with a skiable base,days,46,7.144776261888526,15,5.098019267728703,16,8.011920147876431,15,8.266579777661248,-2.046756994159823,0.8671438859879048,-2.913900880147728,-28.64690116438746,12.136753541372602
Tetons (Jackson/Targhee),Holidays,mean_swe_in,Average base (snow water equivalent),in,46,8.92828143340799,15,7.87993162944349,16,9.306261971493635,15,9.573451996747805,-1.0483498039645003,0.37798053808564447,-1.4263303420501448,-11.741899174927077,4.233519528980243
Tetons (Jackson/Targhee),Holidays,mean_depth_in,Average base (snow depth),in,24,38.93747073339591,9,35.22046338704279,9,40.52484380701532,6,42.13192214249647,-3.717007346353121,1.5873730736194105,-5.3043804199725315,-9.546093457901764,4.076723638492398
Tetons (Jackson/Targhee),Midwinter,big_storm_days_per_window,Powder days (>= 6 in of new snow),days,46,1.7595993489324204,15,1.3847328398379493,16,1.6175396087251128,15,2.2859962475813527,-0.37486650909447117,-0.1420597402073076,-0.23280676888716356,-21.304083189273125,-8.07341400151675
Tetons (Jackson/Targhee),Midwinter,storm_days_per_window,Storm days (>= 2 in of new snow),days,46,10.265153451862549,15,9.755162846141568,16,10.435497637024424,15,10.593443593410866,-0.5099906057209811,0.17034418516187522,-0.6803347908828563,-4.96817322909524,1.6594411955036805
Tetons (Jackson/Targhee),Midwinter,new_snow_in_total,Total new snow in the window,in,46,58.390166662569115,15,53.82019836888809,16,58.67219303782306,15,62.6593068226459,-4.569968293681022,0.2820263752539418,-4.851994668934964,-7.826606010718223,0.4830032030628441
Tetons (Jackson/Targhee),Midwinter,days_with_base_per_window,Days with a skiable base,days,46,38.40863422060262,15,35.25937118366573,16,41.008562171113695,15,38.78464077699437,-3.149263036936894,2.5999279505110735,-5.749190987447967,-8.199362202906999,6.769123670417983
Tetons (Jackson/Targhee),Midwinter,mean_swe_in,Average base (snow water equivalent),in,46,14.501189769373896,15,13.044567285906075,16,15.221667948155117,15,15.189302195475083,-1.4566224834678216,0.7204781787812209,-2.1771006622490425,-10.044848089252424,4.968407353049407
Tetons (Jackson/Targhee),Midwinter,mean_depth_in,Average base (snow depth),in,24,56.07648770126897,9,51.921161701119374,9,59.4596739526222,6,57.234697324463504,-4.155326000149593,3.38318625135323,-7.538512251502823,-7.4101038964599075,6.033163612842806
Tetons (Jackson/Targhee),Spring,big_storm_days_per_window,Powder days (>= 6 in of new snow),days,46,0.8567194535297764,15,0.9197066293357161,16,0.7441710630767563,15,0.913783894207058,0.06298717580593971,-0.11254839045302012,0.17553556625895983,7.352135584925236,-13.137134914972297
Tetons (Jackson/Targhee),Spring,storm_days_per_window,Storm days (>= 2 in of new snow),days,46,7.067055221948733,15,6.2739849848376865,16,8.085181636124391,15,6.774123950605745,-0.7930702371110465,1.0181264141756579,-1.8111966512867044,-11.222074997347455,14.406657118138531
Tetons (Jackson/Targhee),Spring,new_snow_in_total,Total new snow in the window,in,46,39.8077821202212,15,36.80163994361347,16,44.1371969101304,15,38.19588185425912,-3.0061421766077245,4.329414789909201,-7.335556966516926,-7.5516444687349,10.87580005546198
Tetons (Jackson/Targhee),Spring,days_with_base_per_window,Days with a skiable base,days,46,41.71358913123383,15,39.81617971464052,16,43.49301754256908,15,41.71294157573619,-1.8974094165933124,1.779428411335246,-3.6768378279285585,-4.548660175522014,4.265824275482605
Tetons (Jackson/Targhee),Spring,mean_swe_in,Average base (snow water equivalent),in,46,20.869355313459316,15,18.643900761689345,16,21.841658468845132,15,22.057686499484404,-2.225454551769971,0.9723031553858164,-3.1977577071557874,-10.663743648730271,4.658999479292716
Tetons (Jackson/Targhee),Spring,mean_depth_in,Average base (snow depth),in,24,66.60339007324448,9,60.90228556252086,9,72.35657117165849,6,66.52527519170884,-5.701104510723624,5.753181098414004,-11.454285609137628,-8.559781273076425,8.63797036770526
Uinta Mtns,Early season,big_storm_days_per_window,Powder days (>= 6 in of new snow),days,48,0.8506287256160546,16,0.8035269957768516,16,0.8856651586402544,16,0.8626940224310577,-0.04710172983920302,0.03503643302419979,-0.08213816286340281,-5.537284178251836,4.118886650439085
Uinta Mtns,Early season,storm_days_per_window,Storm days (>= 2 in of new snow),days,48,4.996710441707369,16,4.7062022492147815,16,5.262959784965382,16,5.020969290941943,-0.2905081924925872,0.2662493432580133,-0.5567575357506005,-5.813988940958543,5.328492542526364
Uinta Mtns,Early season,new_snow_in_total,Total new snow in the window,in,48,31.069309643173664,16,29.54393309642224,16,31.74155814627024,16,31.9224376868285,-1.5253765467514242,0.6722485030965757,-2.197625049848,-4.909592663210557,2.163705955546642
Uinta Mtns,Early season,days_with_base_per_window,Days with a skiable base,days,48,0.4527300587858325,16,0.7735632135479142,16,0.25708350105291744,16,0.3275434617566658,0.32083315476208174,-0.19564655773291506,0.5164797124949968,70.86632498458741,-43.21483717198181
Uinta Mtns,Early season,mean_swe_in,Average base (snow water equivalent),in,48,2.6079983387251695,16,2.8530873394979945,16,2.421808253009499,16,2.5490994236680145,0.24508900077282503,-0.18619008571567042,0.43127908648849544,9.397590371649867,-7.139194950817456
Uinta Mtns,Early season,mean_depth_in,Average base (snow depth),in,30,11.643679412667847,10,12.377195014844068,12,11.049647403765597,8,11.617832923300945,0.7335156021762206,-0.5940320089022499,1.3275476110784705,6.299689094653238,-5.101755105486393
Uinta Mtns,Holidays,big_storm_days_per_window,Powder days (>= 6 in of new snow),days,48,0.5354594349597072,16,0.2271330205896797,16,0.7835288784722585,16,0.5957164058171833,-0.30832641437002745,0.24806944351255134,-0.5563958578825787,-57.58165684263809,46.328335503364194
Uinta Mtns,Holidays,storm_days_per_window,Storm days (>= 2 in of new snow),days,48,2.6917787621392315,16,1.68946775850849,16,3.3449589011293677,16,3.0409096267798392,-1.0023110036307414,0.6531801389901362,-1.6554911426208776,-37.2360097987465,24.265743833681032
Uinta Mtns,Holidays,new_snow_in_total,Total new snow in the window,in,48,17.10963999533813,16,11.406206758699017,16,21.221621072225005,16,18.701092155090368,-5.703433236639114,4.111981076886874,-9.815414313525988,-33.334618602104605,24.033124472562058
Uinta Mtns,Holidays,days_with_base_per_window,Days with a skiable base,days,48,1.6442234525898014,16,1.2415782751755278,16,2.0867942613519483,16,1.6042978212419283,-0.40264517741427364,0.44257080876214694,-0.8452159861764206,-24.488470638225653,26.91670697587105
Uinta Mtns,Holidays,mean_swe_in,Average base (snow water equivalent),in,48,5.411701205827284,16,5.144944186001759,16,5.542907074356424,16,5.547252357123669,-0.26675701982552535,0.13120586852913974,-0.3979628883546651,-4.9292636396533345,2.4244847144897452
Uinta Mtns,Holidays,mean_depth_in,Average base (snow depth),in,30,25.236424937285697,10,23.718562975201376,12,24.624758300270056,8,28.051252345414586,-1.5178619620843214,-0.6116666370156416,-0.9061953250686798,-6.0145680929700465,-2.4237451958257816
Uinta Mtns,Midwinter,big_storm_days_per_window,Powder days (>= 6 in of new snow),days,48,1.260229137656927,16,1.3510688271924374,16,1.0963788104376309,16,1.333239775340713,0.09083968953551036,-0.16385032721929615,0.2546900167548065,7.208188322355685,-13.001629808681763
Uinta Mtns,Midwinter,storm_days_per_window,Storm days (>= 2 in of new snow),days,48,7.24182490459994,16,7.480053469551692,16,7.008547359778471,16,7.236873884469654,0.2382285649517515,-0.233277544821469,0.4715061097732205,3.2896206148319176,-3.221253591388177
Uinta Mtns,Midwinter,new_snow_in_total,Total new snow in the window,in,48,44.41982739195666,16,46.08097107634768,16,42.116906445298966,16,45.06160465422334,1.6611436843910212,-2.302920946657693,3.964064631048714,3.7396446180063583,-5.184443708745017
Uinta Mtns,Midwinter,days_with_base_per_window,Days with a skiable base,days,48,18.39734200538377,16,16.710395494261203,16,20.123216124353778,16,18.358414397536333,-1.6869465111225672,1.7258741189700082,-3.4128206300925754,-9.169512153597525,9.38110580574602
Uinta Mtns,Midwinter,mean_swe_in,Average base (snow water equivalent),in,48,8.903513746497175,16,8.625840313661145,16,9.040512380793757,16,9.044188545036624,-0.2776734328360302,0.13699863429658166,-0.41467206713261184,-3.118694941592836,1.5387030131837527
Uinta Mtns,Midwinter,mean_depth_in,Average base (snow depth),in,30,37.10578610462077,10,36.554002422274706,12,36.53608043843123,8,38.65007420683768,-0.5517836823460627,-0.5697056661895417,0.017921983843478984,-1.4870556327530526,-1.5353553340259147
Uinta Mtns,Spring,big_storm_days_per_window,Powder days (>= 6 in of new snow),days,48,1.0350200696088379,16,0.8823562736786326,16,1.1736626323040487,16,1.0490413028438317,-0.1526637959302053,0.1386425626952108,-0.2913063586254161,-14.749839197601364,13.395156941025075
Uinta Mtns,Spring,storm_days_per_window,Storm days (>= 2 in of new snow),days,48,6.936975987236508,16,6.789046732778493,16,7.450189347115143,16,6.571691881815887,-0.14792925445801508,0.5132133598786348,-0.6611426143366499,-2.132474650772805,7.398228865472609
Uinta Mtns,Spring,new_snow_in_total,Total new snow in the window,in,48,39.83057467986085,16,38.975158603499864,16,42.574870225749,16,37.94169521033367,-0.8554160763609886,2.74429554588815,-3.5997116222491385,-2.1476367921789095,6.889922045929509
Uinta Mtns,Spring,days_with_base_per_window,Days with a skiable base,days,48,31.036335406674322,16,30.306539434943883,16,31.801369787882024,16,31.001096997197056,-0.7297959717304394,0.7650343812077018,-1.4948303529381413,-2.3514244261373003,2.4649636343444796
Uinta Mtns,Spring,mean_swe_in,Average base (snow water equivalent),in,48,13.184810612062407,16,12.966936212258423,16,13.451862163843398,16,13.135633460085394,-0.21787439980398382,0.26705155178099105,-0.48492595158497487,-1.652465145040891,2.0254485228378876
Uinta Mtns,Spring,mean_depth_in,Average base (snow depth),in,30,42.20565036904001,10,41.95870147892368,12,44.03670532438084,8,39.767754048674206,-0.2469488901163288,1.8310549553408322,-2.078003845457161,-0.5851086002870326,4.338411893503255
W Central Idaho (Brundage/Tamarack),Early season,big_storm_days_per_window,Powder days (>= 6 in of new snow),days,46,1.6279422666649968,15,1.379130142119114,16,1.7553177851065072,15,1.740887171539934,-0.24881212454588275,0.1273755184415104,-0.37618764298739316,-15.283842040393692,7.82432651634827
W Central Idaho (Brundage/Tamarack),Early season,storm_days_per_window,Storm days (>= 2 in of new snow),days,46,7.258521937624013,15,6.746991587152926,16,7.912815803846846,15,7.072138830790745,-0.5115303504710873,0.654293866222833,-1.1658242166939203,-7.047307356331149,9.014147395922977
W Central Idaho (Brundage/Tamarack),Early season,new_snow_in_total,Total new snow in the window,in,46,44.91079909753717,15,41.31351298999901,16,48.410488917009665,15,44.77508273097135,-3.59728610753816,3.4996898194724935,-7.096975927010654,-8.009846584394062,7.792535180395866
W Central Idaho (Brundage/Tamarack),Early season,days_with_base_per_window,Days with a skiable base,days,46,2.178023885118938,15,1.3679538306969254,16,2.982154663976417,15,2.130354442092972,-0.8100700544220127,0.8041307788574787,-1.6142008332794915,-37.19289122386168,36.92020020311056
W Central Idaho (Brundage/Tamarack),Early season,mean_swe_in,Average base (snow water equivalent),in,46,3.321951315287344,15,3.025178744428251,16,3.670337808441844,15,3.247111626781637,-0.29677257085909314,0.3483864931545,-0.6451590640135931,-8.933682125122376,10.487405145019865
W Central Idaho (Brundage/Tamarack),Early season,mean_depth_in,Average base (snow depth),in,25,11.662448374167727,9,9.846757414667671,9,13.596383331177375,7,11.510420377369675,-1.8156909595000563,1.9339349570096473,-3.7496259165097037,-15.56869450776566,16.58258107528523
W Central Idaho (Brundage/Tamarack),Holidays,big_storm_days_per_window,Powder days (>= 6 in of new snow),days,46,1.060804322970243,15,1.0479500158543826,16,1.0823489016954646,15,1.0506777461125343,-0.012854307115860442,0.02154457872522153,-0.03439888584108197,-1.2117510117104813,2.0309663392864854
W Central Idaho (Brundage/Tamarack),Holidays,storm_days_per_window,Storm days (>= 2 in of new snow),days,46,4.381628345378883,15,3.7162793500638704,16,4.774387890208786,15,4.628033826208666,-0.6653489953150125,0.39275954482990283,-1.0581085401449153,-15.184971039744342,8.963780445781753
W Central Idaho (Brundage/Tamarack),Holidays,new_snow_in_total,Total new snow in the window,in,46,26.51086577411288,15,23.644677479370454,16,27.83893915277335,15,27.960442464950777,-2.8661882947424253,1.32807337866047,-4.194261673402895,-10.811371907518684,5.009543596110303
W Central Idaho (Brundage/Tamarack),Holidays,days_with_base_per_window,Days with a skiable base,days,46,7.9616048787383935,15,6.877374931098811,16,9.049106267139095,15,7.885833345417233,-1.0842299476395825,1.0875013884007014,-2.171731336040284,-13.61823356161567,13.659323779115102
W Central Idaho (Brundage/Tamarack),Holidays,mean_swe_in,Average base (snow water equivalent),in,46,9.102648762412901,15,8.581225720693457,16,9.51456474250855,15,9.18469475869699,-0.5214230417194443,0.41191598009564956,-0.9333390218150939,-5.728256195850703,4.5252320598873705
W Central Idaho (Brundage/Tamarack),Holidays,mean_depth_in,Average base (snow depth),in,25,33.52328283671705,9,31.899452583520688,9,34.769524998001025,7,34.00875324060441,-1.6238302531963633,1.2462421612839734,-2.8700724144803367,-4.843887936350406,3.717542125435882
W Central Idaho (Brundage/Tamarack),Midwinter,big_storm_days_per_window,Powder days (>= 6 in of new snow),days,46,2.244421784939096,15,1.9383764107264125,16,2.319515242506285,15,2.4703674710801113,-0.3060453742126834,0.07509345756718888,-0.3811388317798723,-13.635822654474376,3.345781887838279
W Central Idaho (Brundage/Tamarack),Midwinter,storm_days_per_window,Storm days (>= 2 in of new snow),days,46,9.770598117165326,15,9.43943551265897,16,9.657531630509718,15,10.222364974104332,-0.33116260450635515,-0.11306648665560814,-0.218096117850747,-3.3893790383677453,-1.1572115166314028
W Central Idaho (Brundage/Tamarack),Midwinter,new_snow_in_total,Total new snow in the window,in,46,61.20673663946538,15,58.64698533242038,16,61.57104594003502,15,63.37789135923616,-2.559751307045005,0.3643093005696372,-2.924060607614642,-4.182139822488931,0.595211116572967
W Central Idaho (Brundage/Tamarack),Midwinter,days_with_base_per_window,Days with a skiable base,days,46,41.61936399841294,15,40.95548328653012,16,43.57023545089987,15,40.20231516097639,-0.6638807118828254,1.950871452486929,-2.6147521643697544,-1.5951245961090152,4.68741293730803
W Central Idaho (Brundage/Tamarack),Midwinter,mean_swe_in,Average base (snow water equivalent),in,46,15.721164243706667,15,14.809473038957613,16,16.356472779257263,15,15.955193010535082,-0.9116912047490544,0.6353085355505961,-1.5469997402996505,-5.799132879831169,4.041103608499709
W Central Idaho (Brundage/Tamarack),Midwinter,mean_depth_in,Average base (snow depth),in,25,50.647224897784106,9,47.43382577027214,9,54.060358430821175,7,50.39042351925184,-3.2133991275119627,3.413133533037069,-6.626532660549032,-6.344669691177006,6.739033658656387
W Central Idaho (Brundage/Tamarack),Spring,big_storm_days_per_window,Powder days (>= 6 in of new snow),days,46,1.0532212507841825,15,0.8295631638820472,16,1.0534628372275103,15,1.2766216454801007,-0.2236580869021353,0.00024158644332783474,-0.22389967334546312,-21.23562230971026,0.02293786259515368
W Central Idaho (Brundage/Tamarack),Spring,storm_days_per_window,Storm days (>= 2 in of new snow),days,46,6.163285263150729,15,5.36614396366753,16,6.75508299714299,15,6.329175646375513,-0.797141299483199,0.5917977339922613,-1.3889390334754603,-12.93370768101837,9.601985121969332
W Central Idaho (Brundage/Tamarack),Spring,new_snow_in_total,Total new snow in the window,in,46,38.28786045931549,15,34.39792835893238,16,41.61669788721687,15,38.62703263660377,-3.889932100383106,3.3288374279013837,-7.21876952828449,-10.15970089140011,8.694237254229945
W Central Idaho (Brundage/Tamarack),Spring,days_with_base_per_window,Days with a skiable base,days,46,41.058980249713834,15,39.817371769444854,16,41.76913056312091,15,41.54309506234859,-1.2416084802689795,0.7101503134070768,-1.9517587936760563,-3.023963266300636,1.7295858520792813
W Central Idaho (Brundage/Tamarack),Spring,mean_swe_in,Average base (snow water equivalent),in,46,22.65118527314399,15,20.60416203251663,16,23.95099903581922,15,23.31174050025111,-2.047023240627361,1.2998137626752282,-3.346837003302589,-9.037157287545481,5.73839181924105
W Central Idaho (Brundage/Tamarack),Spring,mean_depth_in,Average base (snow depth),in,25,58.16929121395902,9,52.19152519404967,9,65.65699357749371,7,56.22794448644071,-5.977766019909353,7.487702363534687,-13.46546838344404,-10.276497951336314,12.872259928341444
Wasatch (Alta/Snowbird/Park City),Early season,big_storm_days_per_window,Powder days (>= 6 in of new snow),days,48,1.5474853215473734,16,1.2995482830313039,16,1.5689352135295507,16,1.7739724680812659,-0.24793703851606952,0.021449891982177283,-0.2693869304982468,-16.02193152101439,1.3861127910879918
Wasatch (Alta/Snowbird/Park City),Early season,storm_days_per_window,Storm days (>= 2 in of new snow),days,48,6.373315658164498,16,5.923238386322028,16,6.687990342059177,16,6.50871824611229,-0.4500772718424697,0.3146746838946788,-0.7647519557371485,-7.061901465148693,4.937377979883464
Wasatch (Alta/Snowbird/Park City),Early season,new_snow_in_total,Total new snow in the window,in,48,38.510820892778156,16,35.580026962463464,16,39.45627294166377,16,40.49616277420724,-2.9307939303146924,0.9454520488856133,-3.8762459792003057,-7.61031279617386,2.4550295915995695
Wasatch (Alta/Snowbird/Park City),Early season,days_with_base_per_window,Days with a skiable base,days,48,1.423211944995886,16,1.2347647585240358,16,1.4753986525394363,16,1.5594724239241864,-0.18844718647185021,0.05218670754355026,-0.24063389401540047,-13.24097841747632,3.6668261341567865
Wasatch (Alta/Snowbird/Park City),Early season,mean_swe_in,Average base (snow water equivalent),in,48,3.026370165132755,16,3.022579741573825,16,2.959293766639031,16,3.0972369871854086,-0.0037904235589301116,-0.06707639849372393,0.06328597493479382,-0.12524652808833914,-2.2163976920774844
Wasatch (Alta/Snowbird/Park City),Early season,mean_depth_in,Average base (snow depth),in,30,12.52102195439092,10,12.730607404294966,12,11.881900049366385,8,13.217722999547654,0.20958544990404704,-0.6391219050245347,0.8487073549285817,1.6738685601501466,-5.104390898383538
Wasatch (Alta/Snowbird/Park City),Holidays,big_storm_days_per_window,Powder days (>= 6 in of new snow),days,48,0.9693095001682203,16,0.4873993690344329,16,1.3466285760318712,16,1.0739005554383567,-0.48191013113378733,0.377319075863651,-0.8592292069974383,-49.7168480294636,38.92658390309479
Wasatch (Alta/Snowbird/Park City),Holidays,storm_days_per_window,Storm days (>= 2 in of new snow),days,48,3.6077091431828556,16,2.354752336559642,16,4.526132050027513,16,3.942243042961412,-1.2529568066232137,0.9184229068446577,-2.1713797134678714,-34.72998395646187,25.457232564884393
Wasatch (Alta/Snowbird/Park City),Holidays,new_snow_in_total,Total new snow in the window,in,48,22.673048457649788,16,14.769559009501362,16,28.963057046728835,16,24.286529316719168,-7.9034894481484255,6.290008589079047,-14.193498037227473,-34.8585213978221,27.742227079997374
Wasatch (Alta/Snowbird/Park City),Holidays,days_with_base_per_window,Days with a skiable base,days,48,4.323000978694669,16,2.9504920430834427,16,5.281479587383591,16,4.7370313056169735,-1.372508935611226,0.9584786086889219,-2.330987544300148,-31.74898507715942,22.171602861360782
Wasatch (Alta/Snowbird/Park City),Holidays,mean_swe_in,Average base (snow water equivalent),in,48,7.340998898789782,16,6.638976973545357,16,7.74543796529369,16,7.638581757530301,-0.7020219252444253,0.40443906650390815,-1.1064609917483335,-9.563029976208806,5.509319264038889
Wasatch (Alta/Snowbird/Park City),Holidays,mean_depth_in,Average base (snow depth),in,30,30.005976475625992,10,28.940113153015155,12,29.31057705464408,8,32.38140476036243,-1.0658633226108378,-0.6953994209819108,-0.37046390162892706,-3.552170093436699,-2.317536379950132
Wasatch (Alta/Snowbird/Park City),Midwinter,big_storm_days_per_window,Powder days (>= 6 in of new snow),days,48,2.468390165796569,16,2.5472794725908203,16,2.4082614935974194,16,2.4496295312014658,0.07888930679425155,-0.06012867219914941,0.13901797899340096,3.19598205694493,-2.4359468382400324
Wasatch (Alta/Snowbird/Park City),Midwinter,storm_days_per_window,Storm days (>= 2 in of new snow),days,48,10.131807589488991,16,10.397263878353668,16,10.005568447695856,16,9.992590442417448,0.26545628886467654,-0.12623914179313545,0.391695430657812,2.62002891902594,-1.2459686060767607
Wasatch (Alta/Snowbird/Park City),Midwinter,new_snow_in_total,Total new snow in the window,in,48,61.36538520481907,16,62.82523378862169,16,60.011790867914954,16,61.259130957920576,1.4598485838026178,-1.3535943369041163,2.813442920706734,2.3789447078839077,-2.2057945735795976
Wasatch (Alta/Snowbird/Park City),Midwinter,days_with_base_per_window,Days with a skiable base,days,48,34.50394199702635,16,32.04955737423226,16,36.79774108778365,16,34.66452752906316,-2.4543846227940946,2.2937990907572967,-4.748183713551391,-7.1133455505044045,6.6479334186075985
Wasatch (Alta/Snowbird/Park City),Midwinter,mean_swe_in,Average base (snow water equivalent),in,48,13.138224243277373,16,12.20004273600752,16,13.841199484888032,16,13.373430508936572,-0.9381815072698529,0.7029752416106589,-1.6411567488805119,-7.140854729663379,5.3506107720026215
Wasatch (Alta/Snowbird/Park City),Midwinter,mean_depth_in,Average base (snow depth),in,30,46.642919726006625,10,46.05907713241936,12,46.86014680905317,8,47.046882343420904,-0.5838425935872635,0.21722708304654503,-0.8010696766338086,-1.251728230172802,0.46572359604115016
Wasatch (Alta/Snowbird/Park City),Spring,big_storm_days_per_window,Powder days (>= 6 in of new snow),days,48,1.702156237564625,16,1.5511660115134158,16,2.104432336681478,16,1.4508703644989813,-0.15099022605120926,0.4022760991168528,-0.5532663251680621,-8.870526848184033,23.63332402978547
Wasatch (Alta/Snowbird/Park City),Spring,storm_days_per_window,Storm days (>= 2 in of new snow),days,48,8.49145470770606,16,8.149536602057864,16,9.670023470165745,16,7.654804050894567,-0.3419181056481957,1.178568762459685,-1.5204868681078807,-4.026614018654571,13.87946827756291
Wasatch (Alta/Snowbird/Park City),Spring,new_snow_in_total,Total new snow in the window,in,48,47.527654944155294,16,45.43483829655358,16,54.83751722617829,16,42.310609309734,-2.0928166476017154,7.309862282022998,-9.402678929624713,-4.403366103504922,15.380229238349845
Wasatch (Alta/Snowbird/Park City),Spring,days_with_base_per_window,Days with a skiable base,days,48,39.52690405476317,16,38.30698016980219,16,40.666203225314064,16,39.607528769173264,-1.2199238849609841,1.139299170550892,-2.359223055511876,-3.086312763759138,2.882338492719875
Wasatch (Alta/Snowbird/Park City),Spring,mean_swe_in,Average base (snow water equivalent),in,48,19.495027092892254,16,18.425329760844566,16,20.77614257430255,16,19.28360894352965,-1.0696973320476886,1.2811154814102963,-2.350812813457985,-5.48702665018451,6.571498850993553
Wasatch (Alta/Snowbird/Park City),Spring,mean_depth_in,Average base (snow depth),in,30,53.50717234103049,10,52.71352694124465,12,57.42671406553354,8,48.6199165040082,-0.7936453997858379,3.9195417245030484,-4.713187124288886,-1.4832504971997054,7.3252641711688
White Mtns AZ (Sunrise Park),Early season,big_storm_days_per_window,Powder days (>= 6 in of new snow),days,46,0.4657099866746955,15,0.6797607742970345,16,0.4213816601364404,15,0.2989427473598285,0.21405078762233903,-0.04432832653825508,0.2583791141605941,45.962249843668545,-9.518440189520565
White Mtns AZ (Sunrise Park),Early season,storm_days_per_window,Storm days (>= 2 in of new snow),days,46,2.578111441593186,15,2.9489682923324483,16,2.219524828158587,15,2.5897469785174962,0.37085685073926244,-0.35858661343459897,0.7294434641738614,14.38482622419477,-13.908887243951122
White Mtns AZ (Sunrise Park),Early season,new_snow_in_total,Total new snow in the window,in,46,15.41981998838854,15,18.79542864842951,16,13.456857108128403,15,14.138038400625032,3.375608660040971,-1.962962880260136,5.338571540301107,21.89136230243205,-12.730128378530294
White Mtns AZ (Sunrise Park),Early season,days_with_base_per_window,Days with a skiable base,days,46,0.0,15,0.0,16,0.0,15,0.0,0.0,0.0,0.0,,
White Mtns AZ (Sunrise Park),Early season,mean_swe_in,Average base (snow water equivalent),in,46,0.7337253538450091,15,0.9440687640813752,16,0.6234198888018592,15,0.6410411063213359,0.21034341023636605,-0.11030546504314998,0.320648875279516,28.66786722498874,-15.033617751534141
White Mtns AZ (Sunrise Park),Early season,mean_depth_in,Average base (snow depth),in,25,1.8657856092103993,9,2.464815661684532,9,1.5061203396533018,7,1.5580308883170686,0.5990300524741325,-0.35966526955709743,0.95869532203123,32.10604956523607,-19.276880890367025
White Mtns AZ (Sunrise Park),Holidays,big_storm_days_per_window,Powder days (>= 6 in of new snow),days,46,0.4286596732169223,15,0.5161045915092788,16,0.4353952344896538,15,0.3340301562336521,0.08744491829235651,0.006735561272731505,0.080709357019625,20.399613902590087,1.571307424881787
White Mtns AZ (Sunrise Park),Holidays,storm_days_per_window,Storm days (>= 2 in of new snow),days,46,1.6692699166786087,15,2.0983611966274642,16,1.6429434311415405,15,1.2682602213026255,0.42909127994885554,-0.02632648553706818,0.4554177654859237,25.705326362235652,-1.577125740662163
White Mtns AZ (Sunrise Park),Holidays,new_snow_in_total,Total new snow in the window,in,46,11.329967666481455,15,14.770780024835052,16,10.840042080723892,15,8.411742599602588,3.440812358353597,-0.48992558575756284,3.9307379441111596,30.369127782534513,-4.324156963015502
White Mtns AZ (Sunrise Park),Holidays,days_with_base_per_window,Days with a skiable base,days,46,0.28096319159187233,15,0.5183157137326102,16,0.2192610175993862,15,0.10942632170978629,0.23735252214073788,-0.06170217399248612,0.299054696133224,84.47815558897716,-21.960945717798797
White Mtns AZ (Sunrise Park),Holidays,mean_swe_in,Average base (snow water equivalent),in,46,2.500414579201295,15,3.1751941879034806,16,2.3427300315867186,15,1.9938318212879929,0.6747796087021856,-0.1576845476145765,0.8324641563167621,26.986709096766255,-6.30633611426732
White Mtns AZ (Sunrise Park),Holidays,mean_depth_in,Average base (snow depth),in,25,8.248733101471377,9,9.62543731077507,9,8.783943738560797,7,5.7905568703945205,1.3767042093036927,0.5352106370894205,0.8414935722142722,16.6898867058521,6.488398042530334
White Mtns AZ (Sunrise Park),Midwinter,big_storm_days_per_window,Powder days (>= 6 in of new snow),days,46,0.9180087860219913,15,1.1391158075162144,16,0.5712261501134358,15,1.0668032428302276,0.22110702149422312,-0.3467826359085555,0.5678896574027786,24.085501670669892,-37.77552472142115
White Mtns AZ (Sunrise Park),Midwinter,storm_days_per_window,Storm days (>= 2 in of new snow),days,46,4.6787378813938,15,5.959577817996588,16,3.4843011694411716,15,4.671963770873815,1.2808399366027885,-1.194436711952628,2.4752766485554165,27.375757502816665,-25.529036723826987
White Mtns AZ (Sunrise Park),Midwinter,new_snow_in_total,Total new snow in the window,in,46,28.492890097507672,15,35.81105825145336,16,21.257082523377115,15,28.89291668930124,7.318168153945688,-7.235807574130558,14.553975728076246,25.684190438041323,-25.395133836435523
White Mtns AZ (Sunrise Park),Midwinter,days_with_base_per_window,Days with a skiable base,days,46,6.6030592657839025,15,9.677034241015724,16,4.762724686013203,15,5.492107842307493,3.0739749752318213,-1.8403345797706994,4.914309555002521,46.5537995571343,-27.870938389225834
White Mtns AZ (Sunrise Park),Midwinter,mean_swe_in,Average base (snow water equivalent),in,46,4.840388378339761,15,6.238897652180957,16,4.168445119589951,15,4.158618580498361,1.3985092738411957,-0.6719432587498106,2.0704525325910064,28.892501273232135,-13.88201124018658
White Mtns AZ (Sunrise Park),Midwinter,mean_depth_in,Average base (snow depth),in,25,14.385099530113765,9,18.681783649201016,9,14.052434677147433,7,9.288503330815443,4.296684119087251,-0.33266485296633164,4.629348972053583,29.86899124397835,-2.312565528447899
White Mtns AZ (Sunrise Park),Spring,big_storm_days_per_window,Powder days (>= 6 in of new snow),days,46,0.4172952086136659,15,0.4371808855144666,16,0.4508448891507988,15,0.36162320580659,0.019885676900800675,0.033549680537132864,-0.01366400363633219,4.765373886478274,8.039795292304287
White Mtns AZ (Sunrise Park),Spring,storm_days_per_window,Storm days (>= 2 in of new snow),days,46,2.313702101012248,15,2.883173539949482,16,1.5160332929605245,15,2.5950773906635187,0.5694714389372337,-0.7976688080517236,1.3671402469889573,24.61299744198223,-34.475864792738115
White Mtns AZ (Sunrise Park),Spring,new_snow_in_total,Total new snow in the window,in,46,12.727353398555492,15,15.16160865197876,16,9.54118979285428,15,13.691672657880174,2.4342552534232684,-3.1861636057012124,5.620418859124481,19.12617004647288,-25.033983939369755
White Mtns AZ (Sunrise Park),Spring,days_with_base_per_window,Days with a skiable base,days,46,8.08761462162347,15,14.082151338083094,16,4.251187805357256,15,6.185266509181145,5.994536716459624,-3.836426816266213,9.830963532725837,74.11995992529512,-47.43582620775403
White Mtns AZ (Sunrise Park),Spring,mean_swe_in,Average base (snow water equivalent),in,46,4.279004875735714,15,6.256678898407261,16,2.7387957635415834,15,3.9442205727379007,1.9776740226715477,-1.5402091121941304,3.517883134865678,46.21808294461256,-35.99456315013695
White Mtns AZ (Sunrise Park),Spring,mean_depth_in,Average base (snow depth),in,25,8.356147048633257,9,13.344722425920077,9,6.583592925778679,7,4.221262578648948,4.9885753772868195,-1.7725541228545785,6.761129500141398,59.69946852602071,-21.212576951293595
Whitefish & Flathead Range,Early season,big_storm_days_per_window,Powder days (>= 6 in of new snow),days,52,1.2954421815598218,18,1.1514067229841694,18,1.2488821710260072,16,1.5098620843079726,-0.14403545857565248,-0.046560010533814644,-0.09747544804183783,-11.118632743780323,-3.5941403789826003
Whitefish & Flathead Range,Early season,storm_days_per_window,Storm days (>= 2 in of new snow),days,52,8.047589556488157,18,7.160365693889251,18,8.139999180428877,16,8.941755574978615,-0.8872238625989066,0.0924096239407195,-0.9796334865396261,-11.024715616660716,1.148289475899236
Whitefish & Flathead Range,Early season,new_snow_in_total,Total new snow in the window,in,52,47.774089652471645,18,43.77489765601466,18,48.18759130532924,16,51.80799128902095,-3.999191996456986,0.41350165285759743,-4.412693649314583,-8.371048042042771,0.8655353892990496
Whitefish & Flathead Range,Early season,days_with_base_per_window,Days with a skiable base,days,52,4.849506855243769,18,3.39868967298949,18,5.006555439153295,16,6.304996528381619,-1.450817182254279,0.1570485839095257,-1.6078657661638047,-29.916798255177454,3.238444415017357
Whitefish & Flathead Range,Early season,mean_swe_in,Average base (snow water equivalent),in,52,4.165313572401979,18,3.75689496377313,18,4.166156123384391,16,4.6238366372542234,-0.40841860862884927,0.0008425509824112609,-0.4092611596112605,-9.80523078346127,0.020227792404243734
Whitefish & Flathead Range,Early season,mean_depth_in,Average base (snow depth),in,25,14.702091789608215,9,13.241495626865905,9,14.117069677136676,7,17.33217242916887,-1.4605961627423092,-0.5850221124715382,-0.875574050270771,-9.934614636093436,-3.9791760304819053
Whitefish & Flathead Range,Holidays,big_storm_days_per_window,Powder days (>= 6 in of new snow),days,52,0.6520598454399902,18,0.5582412148302986,18,0.7810138636194313,16,0.6125325344240224,-0.09381863060969153,0.12895401817944108,-0.2227726487891326,-14.38803988096914,19.776408420369272
Whitefish & Flathead Range,Holidays,storm_days_per_window,Storm days (>= 2 in of new snow),days,52,4.25472283140064,18,3.723346449359322,18,5.096247958036126,16,3.9058054937322013,-0.531376382041318,0.841525126635486,-1.372901508676804,-12.48909513258213,19.778612144247685
Whitefish & Flathead Range,Holidays,new_snow_in_total,Total new snow in the window,in,52,24.5759919949474,18,22.030501931273633,18,27.854760421260103,16,23.7510538369786,-2.5454900636737676,3.278768426312702,-5.8242584899864696,-10.3576289583635,13.341347226133482
Whitefish & Flathead Range,Holidays,days_with_base_per_window,Days with a skiable base,days,52,7.963459323547782,18,7.289174526005523,18,8.025079967470004,16,8.652706496370323,-0.674284797542259,0.06162064392222266,-0.7359054414644817,-8.467234780096296,0.773792411295575
Whitefish & Flathead Range,Holidays,mean_swe_in,Average base (snow water equivalent),in,52,9.4665120055366,18,8.571716935546855,18,9.691156391725594,16,10.220431524812453,-0.8947950699897458,0.2246443861889933,-1.119439456178739,-9.452215023510396,2.3730428489142295
Whitefish & Flathead Range,Holidays,mean_depth_in,Average base (snow depth),in,25,32.8511955951087,9,29.378072110503556,9,33.446567451234706,7,36.55116197458186,-3.473123484605143,0.5953718561260075,-4.06849534073115,-10.572289445447963,1.8123293394370523
Whitefish & Flathead Range,Midwinter,big_storm_days_per_window,Powder days (>= 6 in of new snow),days,52,1.542608662600046,18,0.9513566792814763,18,2.029067284252991,16,1.660501194473874,-0.5912519833185697,0.48645862165294496,-1.0777106049715146,-38.32806061921255,31.53480422137819
Whitefish & Flathead Range,Midwinter,storm_days_per_window,Storm days (>= 2 in of new snow),days,52,9.892865663771387,18,7.910892783600185,18,11.535773739570894,16,10.274313568689543,-1.9819728801712015,1.6429080757995074,-3.624880955970709,-20.03436564826079,16.606998736634957
Whitefish & Flathead Range,Midwinter,new_snow_in_total,Total new snow in the window,in,52,59.14876539926758,18,47.80914877800498,18,69.00954090440533,16,60.812461654908034,-11.3396166212626,9.860775505137745,-21.200392126400345,-19.171349638014618,16.671143410306662
Whitefish & Flathead Range,Midwinter,days_with_base_per_window,Days with a skiable base,days,52,33.461030591616556,18,29.13237329095021,18,36.58234277639647,16,34.819293846988785,-4.328657300666347,3.1213121847799172,-7.449969485446264,-12.936413565668428,9.32820098363002
Whitefish & Flathead Range,Midwinter,mean_swe_in,Average base (snow water equivalent),in,52,15.67949841224754,18,13.948033635802416,18,16.97693912132799,16,16.16777548803279,-1.731464776445124,1.2974407090804512,-3.0289054855255753,-11.042858201973129,8.274759019504073
Whitefish & Flathead Range,Midwinter,mean_depth_in,Average base (snow depth),in,25,49.687832567746355,9,44.90674059977474,9,54.00939105152642,7,50.278661333135474,-4.781091967971612,4.321558483780066,-9.102650451751678,-9.622259053970371,8.697417980323216
Whitefish & Flathead Range,Spring,big_storm_days_per_window,Powder days (>= 6 in of new snow),days,52,0.7072578974779263,18,0.6992817791692126,18,0.6247675998140417,16,0.8090326154470993,-0.007976118308713698,-0.0824902976638846,0.0745141793551709,-1.1277524559508554,-11.663397179168175
Whitefish & Flathead Range,Spring,storm_days_per_window,Storm days (>= 2 in of new snow),days,52,6.906183612285782,18,6.060122542302654,18,7.179897960182282,16,7.5500736746332375,-0.8460610699831275,0.27371434789650007,-1.1197754178796275,-12.250775789946042,3.963322773660041
Whitefish & Flathead Range,Spring,new_snow_in_total,Total new snow in the window,in,52,40.4777881385594,18,37.3290276082652,18,40.99986117560352,16,43.432811568465716,-3.1487605302941972,0.5220730370441231,-3.6708335673383203,-7.778983672516108,1.2897765936642003
Whitefish & Flathead Range,Spring,days_with_base_per_window,Days with a skiable base,days,52,37.971919361469276,18,33.042303830975044,18,41.925987417331186,16,39.06941027043061,-4.929615530494232,3.95406805586191,-8.883683586356142,-12.982265878022465,10.413137187566472
Whitefish & Flathead Range,Spring,mean_swe_in,Average base (snow water equivalent),in,52,22.11663033417434,18,18.927508488796917,18,24.499179557663158,16,23.024024533799015,-3.1891218453774215,2.3825492234888195,-5.571671068866241,-14.419564812500532,10.772659250027498
Whitefish & Flathead Range,Spring,mean_depth_in,Average base (snow depth),in,25,60.384213347901586,9,51.514285223417836,9,67.51438326126723,7,62.62104533362488,-8.86992812448375,7.130169913365641,-16.00009803784939,-14.689150744384067,11.80800331418646
Yellowstone & Wind River,Early season,big_storm_days_per_window,Powder days (>= 6 in of new snow),days,48,0.8088408180192718,16,0.6434709975846667,16,0.8213535096871334,16,0.961697946786015,-0.16536982043460502,0.01251269166786162,-0.17788251210246664,-20.44528623562428,1.5469906301839835
Yellowstone & Wind River,Early season,storm_days_per_window,Storm days (>= 2 in of new snow),days,48,5.636264730179728,16,4.801024075488135,16,6.062070592213638,16,6.045699522837411,-0.8352406546915931,0.42580586203391046,-1.2610465167255036,-14.81904585175436,7.554752702688124
Yellowstone & Wind River,Early season,new_snow_in_total,Total new snow in the window,in,48,35.52809925049328,16,30.990149000534004,16,37.7202742743321,16,37.873874476613715,-4.537950249959273,2.1921750238388213,-6.7301252737980946,-12.772848381119818,6.170256979926628
Yellowstone & Wind River,Early season,days_with_base_per_window,Days with a skiable base,days,48,1.1766304856882874,16,0.6893496109971848,16,1.7474041097726747,16,1.0931377362950028,-0.4872808746911026,0.5707736240843873,-1.0580544987754898,-41.413245757104484,48.50916502902819
Yellowstone & Wind River,Early season,mean_swe_in,Average base (snow water equivalent),in,48,3.2086385945984106,16,3.072264403197191,16,3.423613750864875,16,3.130037629733165,-0.13637419140121976,0.21497515626646457,-0.35134934766768433,-4.250219754596207,6.69988688125752
Yellowstone & Wind River,Early season,mean_depth_in,Average base (snow depth),in,28,13.437575537054943,9,13.082462750452509,12,13.891971016585842,7,13.115185440633685,-0.35511278660243484,0.4543954795308984,-0.8095082661333333,-2.642684951784564,3.3815287458505803
Yellowstone & Wind River,Holidays,big_storm_days_per_window,Powder days (>= 6 in of new snow),days,48,0.41316354832053315,16,0.26094960932893363,16,0.44418580487756165,16,0.5343552307551042,-0.15221393899159952,0.031022256557028505,-0.18323619554862802,-36.841086201900765,7.508468906110123
Yellowstone & Wind River,Holidays,storm_days_per_window,Storm days (>= 2 in of new snow),days,48,2.8673298260156925,16,1.8496088725969715,16,3.2344128437249715,16,3.5179677617251333,-1.017720953418721,0.367083017709279,-1.384803971128,-35.4936828049844,12.80225994159034
Yellowstone & Wind River,Holidays,new_snow_in_total,Total new snow in the window,in,48,17.48760670990607,16,12.7120532137634,16,19.152102047441293,16,20.598664868513527,-4.77555349614267,1.6644953375352216,-6.440048833677892,-27.308216472168823,9.518142563169308
Yellowstone & Wind River,Holidays,days_with_base_per_window,Days with a skiable base,days,48,3.3193012919682414,16,2.2210372650410792,16,3.775098250351176,16,3.96176836051247,-1.0982640269271622,0.45579695838293466,-1.5540609853100968,-33.08720511707227,13.731713944914636
Yellowstone & Wind River,Holidays,mean_swe_in,Average base (snow water equivalent),in,48,6.35011054011711,16,5.603443636271561,16,6.591964045715088,16,6.854923938364683,-0.7466669038455489,0.24185350559797758,-0.9885204094435265,-11.758329231096798,3.8086503230149638
Yellowstone & Wind River,Holidays,mean_depth_in,Average base (snow depth),in,28,26.344787603766896,9,24.175933809461164,12,26.690441237060536,7,28.54076482508517,-2.1688537943057327,0.3456536332936402,-2.514507427599373,-8.232572708218077,1.3120380338318502
Yellowstone & Wind River,Midwinter,big_storm_days_per_window,Powder days (>= 6 in of new snow),days,48,0.9982690121390858,16,0.7289473656845573,16,0.8429369718139004,16,1.4229226989188,-0.2693216464545285,-0.15533204032518544,-0.11398960612934306,-26.978864732806585,-15.560138443278003
Yellowstone & Wind River,Midwinter,storm_days_per_window,Storm days (>= 2 in of new snow),days,48,6.65959272359806,16,6.135658975676223,16,6.645194310669817,16,7.19792488444814,-0.5239337479218369,-0.014398412928242621,-0.5095353349935943,-7.867354201185517,-0.21620560784779363
Yellowstone & Wind River,Midwinter,new_snow_in_total,Total new snow in the window,in,48,42.429656932091284,16,38.27165092656179,16,42.48159422684721,16,46.535725642864875,-4.158006005529494,0.05193729475592335,-4.209943300285417,-9.799763434770137,0.12240800070349155
Yellowstone & Wind River,Midwinter,days_with_base_per_window,Days with a skiable base,days,48,21.161736962266346,16,16.808246297810456,16,23.366779250041454,16,23.310185338947125,-4.35349066445589,2.2050422877751075,-6.558532952230998,-20.57246374538457,10.419949419591289
Yellowstone & Wind River,Midwinter,mean_swe_in,Average base (snow water equivalent),in,48,9.902877164578229,16,8.825120511644958,16,10.280552698885888,16,10.602958283203838,-1.077756652933271,0.37767553430765943,-1.4554321872409304,-10.883267913170904,3.813796011310466
Yellowstone & Wind River,Midwinter,mean_depth_in,Average base (snow depth),in,28,37.63063953947307,9,34.78344390680403,12,38.669366842101454,7,39.51064426268463,-2.8471956326690417,1.0387273026283808,-3.8859229352974225,-7.566163284794681,2.760323277362311
Yellowstone & Wind River,Spring,big_storm_days_per_window,Powder days (>= 6 in of new snow),days,48,0.6437986608405305,16,0.723199593357183,16,0.4460391741715044,16,0.7621572149929037,0.07940093251665248,-0.1977594866690261,0.2771604191856786,12.333193177660268,-30.717598326600328
Yellowstone & Wind River,Spring,storm_days_per_window,Storm days (>= 2 in of new snow),days,48,5.543153012786313,16,5.4779681735324415,16,5.8162788154557505,16,5.335212049370746,-0.0651848392538712,0.27312580266943787,-0.33831064192330906,-1.1759523704922135,4.9272643572966945
Yellowstone & Wind River,Spring,new_snow_in_total,Total new snow in the window,in,48,34.2545194776715,16,33.83164174124246,16,35.26422350159494,16,33.667693190177125,-0.4228777364290437,1.0097040239234403,-1.432581760352484,-1.2345166210978167,2.9476519867155244
Yellowstone & Wind River,Spring,days_with_base_per_window,Days with a skiable base,days,48,30.25807166717549,16,27.803901038833548,16,32.08865829557412,16,30.88165566711881,-2.4541706283419416,1.8305866283986312,-4.284757256740573,-8.110796535009436,6.04991173440998
Yellowstone & Wind River,Spring,mean_swe_in,Average base (snow water equivalent),in,48,14.14107664623261,16,12.593855701670986,16,14.66669221112219,16,15.162682025904655,-1.5472209445616247,0.5256155648895788,-2.0728365094512036,-10.941323516366252,3.716941630675699
Yellowstone & Wind River,Spring,mean_depth_in,Average base (snow depth),in,28,45.40551750903659,9,42.12582648965906,12,47.200104138009316,7,46.54582888428305,-3.2796910193775304,1.7945866289727235,-5.074277648350254,-7.223111197278629,3.952353650887396
