stationTriplet,n,r,p,stationId,stateCode,networkCode,name,countyName,huc,elevation,latitude,longitude,beginDate,endDate,p_perm,fdr_significant
1000:OR:SNTL,26,0.027078481544179852,0.8955326047712994,1000,OR,SNTL,Annie Springs,Klamath,180102030101,6020.0,42.87007,-122.16518,2000-09-01 00:00,2100-01-01 00:00,0.9030484757621189,False
1001:AK:SNTL,28,-0.2670958498990932,0.16943705764706923,1001,AK,SNTL,Long Lake,Juneau,190102060505,840.0,58.186,-133.83217,1966-10-01 00:00,2100-01-01 00:00,0.1634182908545727,False
1002:AK:SNTL,16,-0.34346502147903246,0.1927554651951897,1002,AK,SNTL,Point Mackenzie,Matanuska-Susitna,190204010805,220.0,61.38949,-150.02189,1983-10-01 00:00,2015-08-28 00:00,0.1969015492253873,False
1003:AK:SNTL,38,-0.09621939633627848,0.5655223161919547,1003,AK,SNTL,Mcneil Canyon,Kenai Peninsula,190203010806,1350.0,59.74521,-151.25839,1985-10-01 00:00,2100-01-01 00:00,0.5622188905547226,False
1005:CO:SNTL,26,0.2178166379710345,0.28510175905099944,1005,CO,SNTL,Ute Creek,Costilla,130100020604,10720.0,37.6148,-105.37322,2000-08-16 00:00,2100-01-01 00:00,0.2783608195902049,False
1006:NV:SNTL,26,-0.016531429779092624,0.9361150652499944,1006,NV,SNTL,Lewis Peak,Lander,160401070903,7370.0,40.3572,-116.8647,2000-10-01 00:00,2100-01-01 00:00,0.9325337331334332,False
1008:MT:SNTL,25,-0.25600830650593526,0.21674858530412788,1008,MT,SNTL,Onion Park,Meagher,100301030801,7420.0,46.91348,-110.8536,1992-10-01 00:00,2100-01-01 00:00,0.20439780109945027,False
1009:MT:SNTL,25,-0.2656547790258883,0.19932356715919036,1009,MT,SNTL,Stringer Creek,Meagher,100301030801,6550.0,46.9269,-110.90198,1992-10-01 00:00,2100-01-01 00:00,0.19290354822588707,False
1010:OR:SNTL,25,-0.06302955031911893,0.7647027685375128,1010,OR,SNTL,Crazyman Flat,Klamath,180102020101,6190.0,42.6381,-120.94917,2001-09-01 00:00,2100-01-01 00:00,0.7736131934032984,False
1011:WA:SNTL,24,-0.4035925316510552,0.050494427571217734,1011,WA,SNTL,MF Nooksack,Whatcom,171100040303,4940.0,48.82441,-121.92947,2002-10-01 00:00,2100-01-01 00:00,0.047476261869065464,False
1012:WA:SNTL,24,-0.3143453588702969,0.13465780293511467,1012,WA,SNTL,Swift Creek,Skamania,170800020304,4440.0,46.1638,-122.18402,2001-10-01 00:00,2100-01-01 00:00,0.12993503248375812,False
1013:UT:SNTL,25,-0.06464103049109804,0.7588590560720457,1013,UT,SNTL,Temple Fork,Cache,160102030303,7420.0,41.793,-111.54605,2001-11-05 00:00,2100-01-01 00:00,0.7591204397801099,False
1014:CO:SNTL,25,0.07072346064349398,0.7369203071754289,1014,CO,SNTL,Middle Fork Camp,Grand,140100010402,8960.0,39.79565,-106.02802,2001-09-19 00:00,2100-01-01 00:00,0.7436281859070465,False
1015:WY:SNTL,25,-0.017380743798408593,0.9342805083826429,1015,WY,SNTL,Sage Creek Basin,Carbon,101800020802,7830.0,41.40107,-107.2574,2001-10-01 00:00,2100-01-01 00:00,0.9460269865067467,False
1017:NM:SNTL,25,0.3429235606640866,0.09331541362519183,1017,NM,SNTL,Vacas Locas,Rio Arriba,130202020102,9350.0,36.02653,-106.81361,2001-10-01 00:00,2100-01-01 00:00,0.095952023988006,False
1030:CO:SNTL,24,-0.09794241612466648,0.6488928316513403,1030,CO,SNTL,Arapaho Ridge,Grand,140100010604,10960.0,40.35098,-106.38141,2002-08-01 00:00,2100-01-01 00:00,0.6466766616691654,False
1031:CO:SNTL,24,-0.19957349936161548,0.3498058446664713,1031,CO,SNTL,Never Summer,Jackson,101800010401,10300.0,40.40392,-105.95567,2002-09-01 00:00,2100-01-01 00:00,0.3263368315842079,False
1032:CO:SNTL,24,0.07459245923367898,0.7290404642258023,1032,CO,SNTL,Rawah,Jackson,101800010603,9100.0,40.70794,-106.00727,2002-09-01 00:00,2100-01-01 00:00,0.7251374312843578,False
1033:CO:SNTL,24,-0.1801781499031686,0.39951103200191657,1033,CO,SNTL,Zirkel,Jackson,101800010202,9320.0,40.79492,-106.59544,2002-08-14 00:00,2100-01-01 00:00,0.39980009995002497,False
1035:AK:SNTL,25,-0.13221305117757953,0.5286969192291237,1035,AK,SNTL,Moraine,Anchorage,190204010103,2010.0,61.37727,-148.99917,2001-10-01 00:00,2100-01-01 00:00,0.5172413793103449,False
1039:UT:SNTL,24,-0.013210443195042387,0.9511479572400138,1039,UT,SNTL,Cascade Mountain,Utah,160202030505,7750.0,40.283,-111.60992,2002-10-17 00:00,2100-01-01 00:00,0.9525237381309345,False
1040:CO:SNTL,24,0.06661219437610992,0.7571278811745162,1040,CO,SNTL,Mccoy Park,Eagle,140100030304,9500.0,39.60231,-106.544,2002-10-01 00:00,2100-01-01 00:00,0.7566216891554223,False
1041:CO:SNTL,23,-0.015532430038510063,0.9439224311858411,1041,CO,SNTL,Beaver Ck Village,Eagle,140100030301,8530.0,39.59871,-106.51113,2002-11-01 00:00,2100-01-01 00:00,0.9470264867566217,False
1042:CO:SNTL,21,0.09524962756720533,0.6812947187968408,1042,CO,SNTL,Wild Basin,Boulder,101900050202,9410.0,40.201,-105.6025,2002-12-13 00:00,2100-01-01 00:00,0.6986506746626686,False
1043:WA:SNTL,23,-0.11286938369656273,0.6081194929384739,1043,WA,SNTL,Sentinel Butte,Ferry,170200021705,4680.0,48.86133,-118.39843,2003-08-27 00:00,2100-01-01 00:00,0.6066966516741629,False
1045:WY:SNTL,23,0.2470404936607079,0.25578134454911794,1045,WY,SNTL,Crow Creek,Albany,101900090104,8320.0,41.22824,-105.38571,2003-08-01 00:00,2100-01-01 00:00,0.25837081459270367,False
1046:WY:SNTL,23,-0.05847271731148583,0.7909990801338911,1046,WY,SNTL,Cinnabar Park,Albany,101800100503,9670.0,41.23843,-106.23101,1999-06-13 00:00,2100-01-01 00:00,0.8045977011494253,False
1047:WY:SNTL,22,-0.0992295770744684,0.6604100392395837,1047,WY,SNTL,Little Snake River,Carbon,140500030103,8930.0,41.07051,-106.94284,2004-07-27 00:00,2100-01-01 00:00,0.6521739130434783,False
1049:CA:SNTL,23,-0.008728392725722848,0.9684709418779452,1049,CA,SNTL,Forestdale Creek,Alpine,160502010301,8050.0,38.68245,-119.9597,2003-10-01 00:00,2100-01-01 00:00,0.9695152423788106,False
1050:CA:SNTL,23,-0.0468939533504187,0.8317401509322773,1050,CA,SNTL,Horse Meadow,Alpine,160502010302,8580.0,38.83652,-119.88732,2003-10-10 00:00,2100-01-01 00:00,0.8345827086456772,False
1051:CA:SNTL,23,-0.045506990129033864,0.8366506986100674,1051,CA,SNTL,Burnside Lake,Alpine,160502010107,8180.0,38.71943,-119.8942,2003-10-01 00:00,2100-01-01 00:00,0.8390804597701149,False
1052:CA:SNTL,23,-0.07849849481828632,0.7218244591386979,1052,CA,SNTL,Summit Meadow,Mono,160503020203,9360.0,38.39747,-119.53522,2003-10-01 00:00,2100-01-01 00:00,0.7151424287856072,False
1054:UT:SNTL,23,-0.06568798818475191,0.7658694603114409,1054,UT,SNTL,Farmington Lower,Davis,160201020502,6850.0,40.992,-111.81702,2003-11-20 00:00,2100-01-01 00:00,0.7746126936531734,False
1055:AK:SNTL,23,0.4192283208288162,0.046453904347489784,1055,AK,SNTL,Upper Tsaina River,Chugach,190201040202,1730.0,61.19112,-145.64807,2002-10-01 00:00,2100-01-01 00:00,0.04247876061969016,False
1056:UT:SNTL,22,-0.05242243186464245,0.816779447041376,1056,UT,SNTL,Lightning Ridge,Weber,160201020201,8200.0,41.35891,-111.48749,2004-10-01 00:00,2100-01-01 00:00,0.8115942028985508,False
1057:CO:SNTL,22,0.6942585655394463,0.0003377247825792406,1057,CO,SNTL,Glen Cove,Teller,110200030201,11410.0,38.87602,-105.07605,2004-08-01 00:00,2100-01-01 00:00,0.0009995002498750624,True
1058:CO:SNTL,22,0.21223650965717616,0.34301092999267896,1058,CO,SNTL,Grayback,Rio Grande,130100020101,11620.0,37.47051,-106.5379,2004-09-01 00:00,2100-01-01 00:00,0.34632683658170915,False
1059:CO:SNTL,22,0.2507448817146144,0.2603580516506625,1059,CO,SNTL,Cochetopa Pass,Saguache,130100040203,10020.0,38.16273,-106.5988,2004-09-01 00:00,2100-01-01 00:00,0.2658670664667666,False
1060:CO:SNTL,22,0.0977399069043618,0.6652186777816645,1060,CO,SNTL,Sharkstooth,Montezuma,140300020206,10730.0,37.50356,-108.11405,2004-10-01 00:00,2100-01-01 00:00,0.6711644177911045,False
1061:CO:SNTL,22,0.07791963707594947,0.7303450366584323,1061,CO,SNTL,Bear River,Routt,140500010102,9100.0,40.06152,-107.00948,2004-10-01 00:00,2100-01-01 00:00,0.735632183908046,False
1062:AK:SNTL,35,0.051185028699397166,0.7702799632385212,1062,AK,SNTL,Anchor River Divide,Kenai Peninsula,190203010701,1650.0,59.8608,-151.31494,1980-10-01 00:00,2100-01-01 00:00,0.7681159420289855,False
1066:UT:SNTL,22,0.2987640663013437,0.1768178280516766,1066,UT,SNTL,Gardner Peak,Washington,150100080701,8320.0,37.40083,-113.45988,2004-10-01 00:00,2100-01-01 00:00,0.16891554222888555,False
1067:CA:SNTL,22,0.006084261831243975,0.9785618009007405,1067,CA,SNTL,Carson Pass,Alpine,180201290101,8360.0,38.6927,-120.0022,2004-10-01 00:00,2100-01-01 00:00,0.9820089955022488,False
1068:WA:SNTL,20,-0.41576659761567997,0.06827291834960367,1068,WA,SNTL,Sawmill Ridge,King,171100130104,4640.0,47.15992,-121.42172,2006-07-27 00:00,2100-01-01 00:00,0.06446776611694154,False
1069:WA:SNTL,19,-0.5105910038628007,0.025494317796113913,1069,WA,SNTL,Lynn Lake,King,171100130203,3900.0,47.20172,-121.77972,2007-08-30 00:00,2100-01-01 00:00,0.0239880059970015,False
1070:AK:SNTL,21,-0.22845422089845951,0.31922242370242,1070,AK,SNTL,Anchorage Hillside,Anchorage,190204010601,1910.0,61.11315,-149.68345,2004-10-01 00:00,2100-01-01 00:00,0.3183408295852074,False
1073:AK:SNTL,21,-0.22584113133350245,0.32493987433302735,1073,AK,SNTL,Mt. Eyak,Chugach,190201041604,1450.0,60.55648,-145.72201,2004-10-01 00:00,2100-01-01 00:00,0.32233883058470764,False
1077:OR:SNTL,20,0.1443769494921222,0.5436555335626155,1077,OR,SNTL,Swan Lake Mtn,Klamath,180102040802,6830.0,42.41323,-121.68002,2006-10-01 00:00,2100-01-01 00:00,0.5317341329335332,False
1078:OR:SNTL,20,-0.05275969298700736,0.8251631550037112,1078,OR,SNTL,Sun Pass,Klamath,180102010602,5400.0,42.78637,-121.97715,2006-06-27 00:00,2100-01-01 00:00,0.8035982008995503,False
1079:OR:SNTL,19,-0.23627457806007945,0.3301255704265521,1079,OR,SNTL,Milk Shakes,Wallowa,170701020201,5580.0,45.9821,-117.94883,2007-05-12 00:00,2100-01-01 00:00,0.33233383308345826,False
1080:WA:SNTL,17,-0.44508454845506595,0.07340849732439546,1080,WA,SNTL,Brown Top,Whatcom,171100050601,5850.0,48.92753,-121.19717,2009-09-15 00:00,2100-01-01 00:00,0.07496251874062969,False
1081:ID:SNTL,20,-0.3948614473544629,0.0848899920144198,1081,ID,SNTL,Ragged Mountain,Kootenai,170103050302,4210.0,47.85583,-117.03667,2006-08-22 00:00,2100-01-01 00:00,0.09545227386306847,False
1082:WY:SNTL,20,-0.30635181075208784,0.18895243600887568,1082,WY,SNTL,Grand Targhee,Teton,170402040202,9260.0,43.77933,-110.92783,2006-08-21 00:00,2100-01-01 00:00,0.19890054972513743,False
1085:WA:SNTL,20,-0.30644017698175285,0.18881836794838036,1085,WA,SNTL,Cayuse Pass,Pierce,171100140301,5260.0,46.86956,-121.53434,2006-10-01 00:00,2100-01-01 00:00,0.18990504747626186,False
1089:AK:SNTL,20,-0.13561363031495743,0.5686262458028641,1089,AK,SNTL,Tokositna Valley,Matanuska-Susitna,190205020903,840.0,62.62918,-150.7741,2005-10-01 00:00,2100-01-01 00:00,0.5612193903048476,False
1092:AK:SNTL,15,-0.2797695931687981,0.3125454101196262,1092,AK,SNTL,Exit Glacier,Kenai Peninsula,190202020508,360.0,60.18957,-149.6228,2011-07-05 00:00,2100-01-01 00:00,0.3238380809595202,False
1093:AK:SNTL,18,-0.45415866833991514,0.05831863093718054,1093,AK,SNTL,Chisana,Copper River,190803010305,3320.0,62.06947,-142.04919,2007-10-01 00:00,2100-01-01 00:00,0.0559720139930035,False
1096:AK:SNTL,19,-0.4779857565212923,0.03846073076933001,1096,AK,SNTL,May Creek,Copper River,190201032207,1550.0,61.34918,-142.69355,2006-10-01 00:00,2100-01-01 00:00,0.034482758620689655,False
1097:UT:SNTL,19,-0.06470023786814523,0.79243424758032,1097,UT,SNTL,Timberline,Carbon,140600070903,8720.0,39.67712,-110.43395,2007-10-01 00:00,2100-01-01 00:00,0.7706146926536732,False
1098:UT:SNTL,19,-0.05470224212638694,0.8239870752548349,1098,UT,SNTL,Usu Doc Daniel,Rich,160102010103,8610.0,41.86425,-111.50603,2007-10-01 00:00,2100-01-01 00:00,0.8260869565217391,False
1099:UT:SNTL,19,0.29201022444036023,0.22509527560161083,1099,UT,SNTL,Jones Corral,Garfield,160300020507,9710.0,38.07125,-112.16788,2007-10-01 00:00,2100-01-01 00:00,0.21839080459770116,False
1100:CO:SNTL,19,0.13618637736356348,0.5782633749168608,1100,CO,SNTL,Saint Elmo,Chaffee,110200010501,10420.0,38.69985,-106.36805,2007-08-30 00:00,2100-01-01 00:00,0.5502248875562219,False
1101:CO:SNTL,19,0.015895844494804117,0.9485019458902633,1101,CO,SNTL,Chapman Tunnel,Pitkin,140100040504,10090.0,39.2621,-106.62944,2007-09-01 00:00,2100-01-01 00:00,0.9525237381309345,False
1102:CO:SNTL,19,0.4254636169647423,0.0693587878932523,1102,CO,SNTL,Hayden Pass,Saguache,130100030301,10700.0,38.29303,-105.85027,2007-08-28 00:00,2100-01-01 00:00,0.06696651674162919,False
1103:AK:SNTL,49,0.019125483410273536,0.8962229670229331,1103,AK,SNTL,Mt. Alyeska,Anchorage,190203020702,1500.0,60.95842,-149.08858,1971-10-01 00:00,2100-01-01 00:00,0.8940529735132434,False
1105:MT:SNTL,18,-0.13168453400152524,0.6024651454239343,1105,MT,SNTL,East Boulder Mine,Sweet Grass,100700020701,6310.0,45.50381,-110.08019,2008-06-19 00:00,2100-01-01 00:00,0.5887056471764118,False
1106:MT:SNTL,15,-0.17833449809521879,0.5248439691793462,1106,MT,SNTL,Elk Peak,Meagher,100402010203,7600.0,46.4845,-110.7125,2008-07-08 00:00,2023-07-11 00:00,0.5462268865567217,False
1107:WA:SNTL,18,-0.26660220695872505,0.2848884950922057,1107,WA,SNTL,Buckinghorse,Jefferson,171100200501,4850.0,47.7086,-123.45747,2008-06-19 00:00,2100-01-01 00:00,0.2683658170914543,False
1112:NV:SNTL,18,0.0803329788369121,0.7513435672455778,1112,NV,SNTL,Lee Canyon,Clark,150100150206,8620.0,36.30537,-115.67508,2008-10-01 00:00,2100-01-01 00:00,0.7536231884057971,False
1113:UT:SNTL,17,0.13843854150025658,0.5961935268053694,1113,UT,SNTL,Tony Grove RS,Cache,160102030304,6320.0,41.88573,-111.56918,2009-10-01 00:00,2100-01-01 00:00,0.5802098950524738,False
1114:UT:SNTL,17,-0.01338186724649585,0.9593462124280878,1114,UT,SNTL,Garden City Summit,Cache,160102010106,7680.0,41.9215,-111.4693,2009-10-01 00:00,2100-01-01 00:00,0.9620189905047476,False
1115:UT:SNTL,17,0.036655838466580055,0.8889208449127579,1115,UT,SNTL,Klondike Narrows,Cache,160102030302,7280.0,41.96769,-111.59713,2009-10-01 00:00,2100-01-01 00:00,0.8865567216391804,False
1116:UT:SNTL,17,0.156324837153271,0.5490717393760169,1116,UT,SNTL,Lakefork #3,Duchesne,140600030705,8430.0,40.5502,-110.3529,2009-10-01 00:00,2100-01-01 00:00,0.5497251374312844,False
1117:UT:SNTL,17,0.18751825464812433,0.471095180413687,1117,UT,SNTL,Spirit Lk,Daggett,140401060501,10240.0,40.83868,-110.00527,2009-10-01 00:00,2100-01-01 00:00,0.49775112443778113,False
1119:WY:SNTL,17,0.002894643064788302,0.9912028921209497,1119,WY,SNTL,Blackhall Mtn,Carbon,101800020504,9830.0,41.05623,-106.714,2009-08-07 00:00,2100-01-01 00:00,0.9910044977511244,False
1120:CO:SNTL,17,0.04495515802596321,0.8639705882336299,1120,CO,SNTL,Elliot Ridge,Summit,140100020602,10550.0,39.8638,-106.42473,2009-08-07 00:00,2100-01-01 00:00,0.8705647176411794,False
1122:CO:SNTL,18,0.2656116665828775,0.2867497804273171,1122,CO,SNTL,Hourglass Lake,Larimer,101900070101,9380.0,40.57717,-105.62584,2008-10-01 00:00,2100-01-01 00:00,0.27786106946526734,False
1123:CO:SNTL,17,-0.06858360004930733,0.7936716878634016,1123,CO,SNTL,Long Draw Resv,Larimer,101900070203,9980.0,40.51154,-105.7654,2008-10-16 00:00,2100-01-01 00:00,0.8095952023988006,False
1124:CO:SNTL,18,0.4432168527074311,0.06544702743820231,1124,CO,SNTL,Moon Pass,Saguache,130100040201,11110.0,37.96627,-106.55857,2008-10-01 00:00,2100-01-01 00:00,0.06146926536731634,False
1125:AZ:SNTL,18,0.11525084010153061,0.6488308474699964,1125,AZ,SNTL,Mormon Mtn Summit,Coconino,150200150202,8450.0,34.96942,-111.50868,2008-06-02 00:00,2100-01-01 00:00,0.6621689155422289,False
1128:CO:SNTL,18,0.43412656917392556,0.07184577034234725,1128,CO,SNTL,Sargents Mesa,Saguache,130100040306,11490.0,38.2856,-106.37085,2008-10-01 00:00,2100-01-01 00:00,0.06996501749125437,False
1129:WA:SNTL,18,-0.13111852387479092,0.6040394671475817,1129,WA,SNTL,Indian Rock,Klickitat,170701060301,5320.0,45.99077,-120.80768,2008-10-01 00:00,2100-01-01 00:00,0.6056971514242878,False
1130:WY:SNTL,16,-0.029763098100624857,0.912870660916839,1130,WY,SNTL,Castle Creek,Fremont,100800010401,8410.0,43.6748,-109.3774,2010-08-18 00:00,2100-01-01 00:00,0.9255372313843079,False
1131:WY:SNTL,16,-0.12937065714597423,0.6329912710655171,1131,WY,SNTL,Little Goose,Johnson,100901010105,8560.0,44.54315,-107.17865,2010-08-04 00:00,2100-01-01 00:00,0.6231884057971014,False
1132:WY:SNTL,16,-0.23651209958465325,0.37782246266198166,1132,WY,SNTL,Soldier Park,Johnson,100902060103,8680.0,44.34847,-107.0136,2010-08-06 00:00,2100-01-01 00:00,0.36931534232883556,False
1134:WY:SNTL,15,-0.08964482980330438,0.7507028858216183,1134,WY,SNTL,Larsen Creek,Sublette,101800060101,8880.0,42.58019,-109.08829,2010-08-04 00:00,2100-01-01 00:00,0.7501249375312344,False
1135:UT:SNTL,17,0.14818024666575463,0.5703238634780995,1135,UT,SNTL,Burts Miller Ranch,Summit,160101010105,7900.0,40.98492,-110.85075,2009-10-01 00:00,2100-01-01 00:00,0.5622188905547226,False
1136:NV:SNTL,17,0.15433072483144422,0.5542425541207774,1136,NV,SNTL,Toe Jam,Elko,160401060202,7700.0,41.3187,-116.3408,2009-10-01 00:00,2100-01-01 00:00,0.5667166416791605,False
1137:NV:SNTL,15,0.30509991354081584,0.26882846315214753,1137,NV,SNTL,Vacarro Springs,Eureka,160600051503,7890.0,39.4495,-115.9834,2011-10-01 00:00,2100-01-01 00:00,0.280359820089955,False
1140:AZ:SNTL,17,0.22308037593198687,0.3894331024282911,1140,AZ,SNTL,Baker Butte Smt,Coconino,150602030103,7730.0,34.45552,-111.38262,2009-05-18 00:00,2100-01-01 00:00,0.3893053473263368,False
1141:CO:SNTL,17,0.036866918655773295,0.8882849537575883,1141,CO,SNTL,Upper Taylor,Gunnison,140200010101,10710.0,38.99071,-106.74504,2009-08-26 00:00,2100-01-01 00:00,0.8840579710144928,False
1142:ID:SNTL,17,-0.4750341527052866,0.05398517344107382,1142,ID,SNTL,Pierce R.S.,Clearwater,170603060401,3080.0,46.49597,-115.7957,2009-09-29 00:00,2100-01-01 00:00,0.057971014492753624,False
1143:AZ:SNTL,17,0.29027524053637244,0.25838210982465076,1143,AZ,SNTL,Beaver Spring,Apache,140802040401,9240.0,36.32671,-109.05702,2009-10-01 00:00,2100-01-01 00:00,0.263368315842079,False
1144:MT:SNTL,16,-0.44163311148687034,0.0867887737283242,1144,MT,SNTL,Blacktail Mtn,Flathead,170102080302,5660.0,47.98317,-114.35443,2010-08-25 00:00,2100-01-01 00:00,0.08595702148925537,False
1145:UT:SNTL,16,0.18778653809959145,0.4861470571138992,1145,UT,SNTL,Kilfoil Creek,Morgan,160201010603,7230.0,41.24764,-111.41249,2010-10-01 00:00,2100-01-01 00:00,0.46976511744127936,False
1146:UT:SNTL,16,-0.0009098758851684707,0.9973316867587201,1146,UT,SNTL,Oak Creek,Millard,160300051503,7840.0,39.3485,-112.192,2010-10-01 00:00,2100-01-01 00:00,0.9995002498750625,False
1147:NV:SNTL,16,-0.005408180255832423,0.9841408053547858,1147,NV,SNTL,Wheeler Peak,White Pine,160203010801,10070.0,39.00995,-114.31021,2010-10-01 00:00,2100-01-01 00:00,0.9785107446276862,False
1149:UT:SNTL,16,0.27684143947200834,0.29926765059168253,1149,UT,SNTL,Fish Lake Utah,Sevier,140700030108,8780.0,38.50455,-111.76693,2010-10-01 00:00,2100-01-01 00:00,0.29735132433783107,False
1150:NV:SNTL,15,0.20944578321819157,0.453750690417956,1150,NV,SNTL,Kalamazoo,White Pine,160600080700,7740.0,39.5579,-114.62762,2011-10-01 00:00,2100-01-01 00:00,0.4432783608195902,False
1151:UT:SNTL,16,0.20087938514658418,0.45567147187617413,1151,UT,SNTL,George Creek,Box Elder,170402100401,8960.0,41.91562,-113.41154,2010-10-01 00:00,2100-01-01 00:00,0.45977011494252873,False
1152:NV:SNTL,15,0.254433414856872,0.36013046215487887,1152,NV,SNTL,Cave Mountain,White Pine,160600080402,10580.0,39.16337,-114.6133,2011-10-01 00:00,2100-01-01 00:00,0.36081959020489757,False
1154:UT:SNTL,15,0.25611508930232857,0.3568543991518979,1154,UT,SNTL,Brian Head,Iron,160300060201,10040.0,37.67994,-112.85674,2011-10-01 00:00,2100-01-01 00:00,0.36881559220389803,False
1156:UT:SNTL,16,0.29043874514602075,0.27516026895267176,1156,UT,SNTL,Box Springs,Piute,160300020107,9230.0,38.49746,-112.00779,2010-10-01 00:00,2100-01-01 00:00,0.26286856571714146,False
1159:WA:SNTL,16,-0.14598434691983958,0.589559703439094,1159,WA,SNTL,Gold Axe Camp,Okanogan,170200021204,5380.0,48.9516,-118.9864,2010-10-01 00:00,2100-01-01 00:00,0.5957021489255372,False
1160:CO:SNTL,16,0.2889763320266314,0.27769479098051214,1160,CO,SNTL,Weminuche Creek,Hinsdale,140801020203,10730.0,37.51968,-107.32139,2010-10-01 00:00,2100-01-01 00:00,0.280359820089955,False
1161:CO:SNTL,16,0.34759025216322226,0.18711378173895635,1161,CO,SNTL,Black Mountain,Larimer,101900070501,8940.0,40.8879,-105.66404,2010-10-01 00:00,2100-01-01 00:00,0.1969015492253873,False
1162:UT:SNTL,16,0.22289303252835346,0.40667174945495205,1162,UT,SNTL,Blacks Fork Jct,Summit,140401070303,8880.0,40.95814,-110.5828,2010-09-30 00:00,2100-01-01 00:00,0.408295852073963,False
1163:UT:SNTL,16,-0.09722428810428826,0.7201928979313561,1163,UT,SNTL,EF Blacks Fork GS,Summit,140401070302,9360.0,40.88472,-110.54056,2010-10-22 00:00,2100-01-01 00:00,0.7226386806596702,False
1166:OR:SNTL,15,-0.13215119349853105,0.6387228656451384,1166,OR,SNTL,Bear Grass,Linn,170900040203,4720.0,44.3253,-122.0938,2011-07-18 00:00,2100-01-01 00:00,0.6546726636681659,False
1168:NM:SNTL,16,0.19543474111420672,0.4682271237765234,1168,NM,SNTL,Taos Powderhorn,Taos,130201010701,11020.0,36.58195,-105.45617,2010-08-09 00:00,2100-01-01 00:00,0.4572713643178411,False
1169:NM:SNTL,16,0.11326544104323505,0.6761965107311932,1169,NM,SNTL,Shuree,Taos,130201010102,10070.0,36.78765,-105.2392,2010-08-09 00:00,2100-01-01 00:00,0.7016491754122939,False
1171:WA:SNTL,16,-0.2640450561924361,0.32305908508153935,1171,WA,SNTL,Trinity,Chelan,170200110302,2890.0,48.07471,-120.84989,2010-08-18 00:00,2100-01-01 00:00,0.3008495752123938,False
1172:NM:SNTL,15,0.20198276699149328,0.4703538940351443,1172,NM,SNTL,San Antonio Sink,Rio Arriba,130100050301,9120.0,36.85967,-106.22657,2011-07-14 00:00,2100-01-01 00:00,0.46476761619190404,False
1174:AK:SNTL,37,-0.008623208867632848,0.9596016418247564,1174,AK,SNTL,Fairbanks F.O.,Fairbanks North Star,190803060908,440.0,64.86018,-147.78888,1981-10-01 00:00,2020-09-28 11:00,0.9675162418790605,False
1175:AK:SNTL,17,0.05494573818898859,0.8340982996817262,1175,AK,SNTL,Kelly Station,Northwest Arctic,190504030802,300.0,67.9297,-162.2906,1991-10-01 00:00,2100-01-01 00:00,0.8375812093953023,False
1182:AK:SNTL,46,-0.16015267485242632,0.2876927956177223,1182,AK,SNTL,Bettles Field,Yukon-Koyukuk,190901012604,640.0,66.91467,-151.53318,1980-10-01 00:00,2100-01-01 00:00,0.2888555722138931,False
1184:UT:SNTL,15,0.3362295815055575,0.22045898749826007,1184,UT,SNTL,Gooseberry RS Up,Sevier,160300030405,8400.0,38.7882,-111.68892,2011-10-01 00:00,2100-01-01 00:00,0.2108945527236382,False
1186:CO:SNTL,15,0.3654396400265304,0.18042600810060264,1186,CO,SNTL,Fool Creek,Grand,140100010203,11130.0,39.86866,-105.86765,2011-07-28 00:00,2100-01-01 00:00,0.17391304347826086,False
1188:CO:SNTL,15,0.40142736668342327,0.138056923252454,1188,CO,SNTL,Wager Gulch,Hinsdale,140200020602,11110.0,37.88248,-107.36428,2011-07-28 00:00,2100-01-01 00:00,0.14942528735632185,False
1189:AK:SNTL,15,0.20103522360890308,0.4724827725920005,1189,AK,SNTL,American Creek,Southeast Fairbanks,190705050504,1020.0,64.78969,-141.23376,2011-08-04 00:00,2100-01-01 00:00,0.4672663668165917,False
1194:NV:SNTL,15,0.24193551913626063,0.38499250502469323,1194,NV,SNTL,Summit Lk,Humboldt,160402021301,7600.0,41.48953,-118.99663,2011-10-01 00:00,2100-01-01 00:00,0.3843078460769615,False
1315:AK:SNTL,18,-0.08377066450265472,0.7410409974105677,1315,AK,SNTL,Old Independence Mine,Matanuska-Susitna,190205051202,3450.0,61.79054,-149.28178,1997-10-01 00:00,2021-09-30 23:59,0.7456271864067966,False
301:CA:SNTL,42,-0.059381047493573744,0.7087396089494236,301,CA,SNTL,Adin Mtn,Modoc,180200021403,6170.0,41.23583,-120.79192,1983-10-01 00:00,2100-01-01 00:00,0.704647676161919,False
302:OR:SNTL,44,-0.21439421552131951,0.16226309151987225,302,OR,SNTL,Aneroid Lake #2,Wallowa,170601050101,7430.0,45.21332,-117.19255,1980-10-01 00:00,2100-01-01 00:00,0.15292353823088456,False
303:CO:SNTL,46,0.2371293299075926,0.11256848308181601,303,CO,SNTL,Apishapa,Huerfano,110200060406,10000.0,37.33067,-105.06766,1979-10-01 00:00,2100-01-01 00:00,0.1089455272363818,False
304:OR:SNTL,48,-0.10866898433135852,0.4622076270830852,304,OR,SNTL,Arbuckle Mtn,Morrow,170702020604,5770.0,45.19085,-119.25392,1978-10-01 00:00,2100-01-01 00:00,0.46476761619190404,False
305:CO:SNTL,35,-0.09877986539007638,0.5723800191615861,305,CO,SNTL,Arrow,Grand,140100010202,9660.0,39.9155,-105.76083,1978-10-01 00:00,2013-10-01 00:00,0.5817091454272864,False
306:ID:SNTL,45,-0.1419807314478278,0.35218528287284095,306,ID,SNTL,Atlanta Summit,Elmore,170501110204,7570.0,43.7569,-115.23907,1978-10-01 00:00,2100-01-01 00:00,0.35282358820589704,False
307:MT:SNTL,47,-0.43176064149416105,0.002442678065587243,307,MT,SNTL,Badger Pass,Pondera,100302010201,6870.0,48.13091,-113.02311,1968-10-01 00:00,2100-01-01 00:00,0.0034982508745627187,True
309:WY:SNTL,48,-0.2826498561296496,0.05159085350023148,309,WY,SNTL,Bald Mtn.,Big Horn,100800100501,9360.0,44.80061,-107.84428,1975-10-01 00:00,2100-01-01 00:00,0.06296851574212893,False
311:MT:SNTL,58,-0.4700566574558809,0.00019687962423691355,311,MT,SNTL,Banfield Mountain,Lincoln,170101011202,5580.0,48.5712,-115.44573,1968-10-01 00:00,2100-01-01 00:00,0.0004997501249375312,True
312:ID:SNTL,46,-0.2606004871298169,0.08025615024448383,312,ID,SNTL,Banner Summit,Boise,170501200202,7040.0,44.30342,-115.23447,1979-10-01 00:00,2100-01-01 00:00,0.08295852073963018,False
313:MT:SNTL,47,-0.1661889025148019,0.2642340688729285,313,MT,SNTL,Barker Lakes,Deer Lodge,170102010304,8250.0,46.09713,-113.13038,1977-08-01 00:00,2100-01-01 00:00,0.2608695652173913,False
314:WY:SNTL,46,-0.3216668555981132,0.02926404536983485,314,WY,SNTL,Base Camp,Teton,170401010304,7040.0,43.94019,-110.44544,1979-10-01 00:00,2100-01-01 00:00,0.03298350824587706,False
315:MT:SNTL,46,0.09765921755888735,0.5184899791894636,315,MT,SNTL,Basin Creek,Silver Bow,170102010201,7120.0,45.79737,-112.52047,1976-10-01 00:00,2100-01-01 00:00,0.5322338830584707,False
316:NM:SNTL,47,0.2691739735845829,0.06730918412532293,316,NM,SNTL,Bateman,Rio Arriba,130201020901,9230.0,36.51174,-106.31543,1978-10-01 00:00,2100-01-01 00:00,0.063968015992004,False
317:WY:SNTL,41,-0.05693313498506987,0.7236663307903873,317,WY,SNTL,Battle Mountain,Carbon,140500030109,7460.0,41.05402,-107.26674,1985-10-01 00:00,2100-01-01 00:00,0.7371314342828585,False
318:MT:SNTL,48,-0.1699681605022778,0.24810649148288622,318,MT,SNTL,Beagle Springs,Beaverhead,100200010501,8880.0,44.47147,-112.98191,1976-10-01 00:00,2100-01-01 00:00,0.2493753123438281,False
319:ID:SNTL,46,-0.20589640161241474,0.1698187648834067,319,ID,SNTL,Bear Basin,Adams,170602100104,5350.0,44.95222,-116.14293,1979-10-01 00:00,2100-01-01 00:00,0.1729135432283858,False
320:ID:SNTL,46,-0.07714645722455049,0.6103361891229778,320,ID,SNTL,Bear Canyon,Custer,170402180101,7920.0,43.74367,-113.93797,1979-10-01 00:00,2100-01-01 00:00,0.6256871564217891,False
321:NV:SNTL,47,-0.15465867309808912,0.29927136658188663,321,NV,SNTL,Bear Creek,Elko,170501020301,8090.0,41.83391,-115.45278,1976-03-01 00:00,2100-01-01 00:00,0.2898550724637681,False
322:CO:SNTL,46,-0.10628251970839925,0.48205564455418226,322,CO,SNTL,Bear Lake,Larimer,101900060201,9490.0,40.31176,-105.6467,1979-10-01 00:00,2100-01-01 00:00,0.4847576211894053,False
323:ID:SNTL,46,-0.23222713182964982,0.12042030839765756,323,ID,SNTL,Bear Mountain,Bonner,170102131202,5460.0,48.30583,-116.07444,1979-10-01 00:00,2100-01-01 00:00,0.11494252873563218,False
324:ID:SNTL,45,-0.19059678201276836,0.20979940401955127,324,ID,SNTL,Bear Saddle,Washington,170501241001,6170.0,44.60533,-116.98097,1979-10-01 00:00,2100-01-01 00:00,0.21039480259870064,False
325:WY:SNTL,46,-0.1827038481947841,0.22424536595177402,325,WY,SNTL,Bear Trap Meadow,Johnson,100902010205,8200.0,43.88743,-107.06135,1979-10-01 00:00,2100-01-01 00:00,0.21989005497251374,False
326:WY:SNTL,46,-0.38064324691495166,0.009063465991522116,326,WY,SNTL,Beartooth Lake,Park,100700060206,9360.0,44.94307,-109.56743,1979-10-01 00:00,2100-01-01 00:00,0.01249375312343828,True
327:CO:SNTL,44,-0.010196710975404803,0.9476231934501684,327,CO,SNTL,Beartown,San Juan,130100010104,11580.0,37.71433,-107.5124,1979-10-01 00:00,2100-01-01 00:00,0.9450274862568716,False
328:MT:SNTL,60,-0.3731661372561631,0.0033182568185749694,328,MT,SNTL,Beaver Creek,Gallatin,100200070402,7820.0,44.94966,-111.35852,1966-10-01 00:00,2100-01-01 00:00,0.00399800099950025,True
329:UT:SNTL,46,0.16979312448393655,0.2592711502990369,329,UT,SNTL,Beaver Dams,Sanpete,160300040402,7980.0,39.13683,-111.55813,1980-06-18 00:00,2100-01-01 00:00,0.2753623188405797,False
330:UT:SNTL,48,-0.024215594711164037,0.8702255123746072,330,UT,SNTL,Beaver Divide,Summit,160202030105,8230.0,40.61233,-111.09782,1978-10-01 00:00,2100-01-01 00:00,0.8690654672663668,False
331:OR:SNTL,46,-0.24554875668415255,0.10000045937443137,331,OR,SNTL,Beaver Reservoir,Union,170601040301,5140.0,45.14532,-118.219,1979-10-01 00:00,2100-01-01 00:00,0.09245377311344327,False
332:UT:SNTL,48,-0.06625453368254179,0.654573798421357,332,UT,SNTL,Ben Lomond Peak,Weber,160201020302,7690.0,41.37603,-111.94405,1978-10-01 00:00,2100-01-01 00:00,0.6376811594202898,False
333:UT:SNTL,46,-0.12690126362446813,0.40068137721108604,333,UT,SNTL,Ben Lomond Trail,Weber,160201020302,5970.0,41.38291,-111.92103,1980-06-03 00:00,2100-01-01 00:00,0.4057971014492754,False
334:NV:SNTL,46,0.11289457177705672,0.45505806815237965,334,NV,SNTL,Berry Creek,White Pine,160600081301,9350.0,39.31917,-114.62278,1980-10-01 00:00,2100-01-01 00:00,0.4642678660669665,False
335:CO:SNTL,48,0.06585376598028903,0.656532970743,335,CO,SNTL,Berthoud Summit,Grand,140100010202,11300.0,39.80364,-105.77786,1963-09-01 00:00,2100-01-01 00:00,0.6481759120439781,False
336:NV:SNTL,48,-0.08407748635556463,0.5699271645902644,336,NV,SNTL,Big Bend,Elko,170501040104,6890.0,41.76168,-115.6931,1978-10-01 00:00,2100-01-01 00:00,0.5687156421789106,False
337:NV:SNTL,46,0.11589879254871302,0.4430689411017222,337,NV,SNTL,Big Creek Sum,Lander,160401070303,8710.0,39.29148,-117.11506,1980-10-01 00:00,2100-01-01 00:00,0.4577711144427786,False
338:ID:SNTL,45,-0.22134040382424494,0.14395844903357422,338,ID,SNTL,Big Creek Summit,Valley,170602080402,6550.0,44.62621,-115.79561,1979-10-01 00:00,2100-01-01 00:00,0.14342828585707146,False
339:UT:SNTL,48,0.1553947589974868,0.29158517428668246,339,UT,SNTL,Big Flat,Beaver,160300070202,10320.0,38.30183,-112.35672,1978-10-01 00:00,2100-01-01 00:00,0.2898550724637681,False
340:NV:SNTL,43,-0.08982056436564911,0.5667823208144128,340,NV,SNTL,Big Meadow,Washoe,160501020505,8240.0,39.455,-119.9422,1983-10-01 00:00,2100-01-01 00:00,0.5762118940529735,False
341:OR:SNTL,46,0.013737947038736296,0.9277983065501507,341,OR,SNTL,Big Red Mountain,Jackson,171003090301,6060.0,42.05257,-122.85487,1979-10-01 00:00,2100-01-01 00:00,0.928535732133933,False
342:WY:SNTL,45,-0.16256816108856437,0.28598537439560406,342,WY,SNTL,Big Sandy Opening,Sublette,140401040101,9100.0,42.6458,-109.25965,1963-03-01 00:00,2100-01-01 00:00,0.28835582208895555,False
343:OR:SNTL,46,-0.22184675211850646,0.13840311585019227,343,OR,SNTL,Bigelow Camp,Josephine,171003090105,5130.0,42.07875,-123.34393,1979-10-01 00:00,2100-01-01 00:00,0.13693153423288357,False
344:OR:SNTL,48,-0.25355492805092333,0.08204939127507677,344,OR,SNTL,Billie Creek Divide,Klamath,180102030201,5280.0,42.40717,-122.26617,1978-10-01 00:00,2100-01-01 00:00,0.07646176911544228,False
345:CO:SNTL,41,-0.19748815960522603,0.21583926748160195,345,CO,SNTL,Bison Lake,Garfield,140100011401,10950.0,39.76458,-107.35628,1985-09-30 00:00,2100-01-01 00:00,0.21239380309845077,False
346:MT:SNTL,35,-0.38599185827351806,0.022010393174711547,346,MT,SNTL,Bisson Creek,Lake,170102120602,4880.0,47.68386,-113.99895,1988-10-01 00:00,2100-01-01 00:00,0.021989005497251374,False
347:MT:SNTL,55,-0.39801708012011894,0.0026177761907188223,347,MT,SNTL,Black Bear,Gallatin,100200070202,8160.0,44.50832,-111.12803,1967-10-01 00:00,2100-01-01 00:00,0.0024987506246876563,True
348:UT:SNTL,46,0.08000164815615084,0.597143053498575,348,UT,SNTL,Black Flat-U.M. Ck,Sevier,140700030101,9420.0,38.6799,-111.59765,1980-06-19 00:00,2100-01-01 00:00,0.5892053973013494,False
349:MT:SNTL,61,-0.5200323492286532,1.7440705008197745e-05,349,MT,SNTL,Black Pine,Granite,170102020203,7170.0,46.414,-113.43095,1965-10-01 00:00,2100-01-01 00:00,0.0004997501249375312,True
350:WY:SNTL,45,-0.2812891739754468,0.06122903361421627,350,WY,SNTL,Blackwater,Park,100800120209,9830.0,44.37667,-109.79333,1979-10-01 00:00,2100-01-01 00:00,0.05297351324337831,False
351:OR:SNTL,45,-0.5613754293169778,6.0236359156051075e-05,351,OR,SNTL,Blazed Alder,Clackamas,170800010102,3660.0,45.4287,-121.85605,1979-10-01 00:00,2100-01-01 00:00,0.0004997501249375312,True
352:WA:SNTL,45,-0.34974389810103484,0.01852040186884695,352,WA,SNTL,Blewett Pass,Chelan,170200110501,4240.0,47.35037,-120.6796,1979-10-01 00:00,2100-01-01 00:00,0.013493253373313344,True
353:WY:SNTL,46,-0.2868789600319257,0.05323526821616071,353,WY,SNTL,Blind Bull Sum,Sublette,140401010402,8880.0,42.96413,-110.60992,1978-10-01 00:00,2100-01-01 00:00,0.05747126436781609,False
354:SD:SNTL,36,-0.23762245056682438,0.16286534652144208,354,SD,SNTL,Blind Park,Pennington,101201100104,6900.0,44.10772,-103.97688,1989-10-01 00:00,2100-01-01 00:00,0.1504247876061969,False
355:MT:SNTL,50,-0.2769115101163727,0.051559767766452595,355,MT,SNTL,Bloody Dick,Beaverhead,100200011002,7570.0,45.16507,-113.50099,1976-10-01 00:00,2100-01-01 00:00,0.05997001499250375,False
356:CA:SNTL,46,0.08908067757034677,0.5560493187843846,356,CA,SNTL,Blue Lakes,Alpine,180400120101,8060.0,38.60801,-119.92455,1980-10-01 00:00,2100-01-01 00:00,0.5572213893053474,False
357:OR:SNTL,48,-0.23688079226749728,0.10500412171270912,357,OR,SNTL,Blue Mountain Spring,Grant,170501160104,5880.0,44.24767,-118.51722,1978-10-01 00:00,2100-01-01 00:00,0.09545227386306847,False
358:WY:SNTL,46,-0.34463808286756803,0.019002461743315838,358,WY,SNTL,Bone Springs Div,Sheridan,100800100102,9340.0,44.67881,-107.5811,1978-10-01 00:00,2100-01-01 00:00,0.017491254372813594,True
359:ID:SNTL,46,-0.1358849086874502,0.367886507769678,359,ID,SNTL,Bostetter R.S.,Cassia,170402120201,7530.0,42.16442,-114.19272,1979-10-01 00:00,2100-01-01 00:00,0.36931534232883556,False
360:MT:SNTL,48,-0.3352095929205299,0.019858393686721664,360,MT,SNTL,Boulder Mountain,Meagher,100301030501,7890.0,46.5596,-111.28973,1976-10-01 00:00,2100-01-01 00:00,0.018490754622688656,True
361:OR:SNTL,48,-0.1863267200985977,0.20479083233431372,361,OR,SNTL,Bourne,Baker,170502030101,5850.0,44.83052,-118.18787,1978-10-01 00:00,2100-01-01 00:00,0.19640179910044978,False
362:OR:SNTL,48,-0.2978887582013698,0.03974633762544457,362,OR,SNTL,Bowman Springs,Umatilla,170701030401,4550.0,45.36428,-118.46715,1978-10-01 00:00,2100-01-01 00:00,0.0399800099950025,False
363:MT:SNTL,48,-0.30362170338700767,0.035913028828457955,363,MT,SNTL,Box Canyon,Park,100700020902,6720.0,45.27178,-110.24899,1976-10-01 00:00,2100-01-01 00:00,0.037481259370314844,False
364:UT:SNTL,47,0.1005772165388234,0.5011609120014842,364,UT,SNTL,Box Creek,Sevier,160300020106,9850.0,38.50809,-112.01856,1979-08-04 00:00,2100-01-01 00:00,0.47976011994003,False
365:MT:SNTL,32,-0.21413640084888338,0.23925283884715817,365,MT,SNTL,Brackett Creek,Gallatin,100700030403,7370.0,45.89107,-110.93851,1992-08-01 00:00,2100-01-01 00:00,0.23388305847076463,False
366:UT:SNTL,40,-0.05125633337514279,0.7534446942413916,366,UT,SNTL,Brighton,Salt Lake,160202040201,8790.0,40.59936,-111.58167,1986-09-24 00:00,2100-01-01 00:00,0.7521239380309845,False
367:WY:SNTL,45,-0.09903459791889103,0.5174742835708426,367,WY,SNTL,Brooklyn Lake,Albany,101800100502,10250.0,41.36038,-106.23038,1962-10-01 00:00,2100-01-01 00:00,0.5222388805597201,False
368:UT:SNTL,48,-0.040741800187649585,0.7833614756806078,368,UT,SNTL,Brown Duck,Duchesne,140600030604,10570.0,40.58102,-110.58587,1978-10-01 00:00,2100-01-01 00:00,0.7596201899050474,False
369:CO:SNTL,46,-0.015954148807620895,0.9161893210386991,369,CO,SNTL,Brumley,Lake,110200010101,10570.0,39.08758,-106.54231,1979-10-01 00:00,2100-01-01 00:00,0.9195402298850575,False
370:ID:SNTL,40,-0.3454220329604089,0.0290317991356585,370,ID,SNTL,Brundage Reservoir,Adams,170602100104,6280.0,45.04315,-116.13253,1985-10-01 00:00,2100-01-01 00:00,0.02798600699650175,False
371:UT:SNTL,48,-0.0008256530239071636,0.9955562023828275,371,UT,SNTL,Buck Flat,Sanpete,140600090302,9410.0,39.134,-111.43722,1978-10-01 00:00,2100-01-01 00:00,0.9950024987506247,False
373:NV:SNTL,46,-0.12165576593550767,0.4205888466853782,373,NV,SNTL,Buckskin Lower,Humboldt,160401090502,6920.0,41.75067,-117.53182,1980-10-01 00:00,2100-01-01 00:00,0.4147926036981509,False
374:UT:SNTL,48,-0.21675078378617216,0.13893602207970424,374,UT,SNTL,Bug Lake,Rich,160102010102,7980.0,41.68541,-111.41987,1978-10-01 00:00,2100-01-01 00:00,0.127936031984008,False
375:WA:SNTL,45,-0.34825876466382444,0.01905937740523169,375,WA,SNTL,Bumping Ridge,Yakima,170300020105,4600.0,46.81003,-121.33058,1978-10-01 00:00,2100-01-01 00:00,0.017491254372813594,True
376:WA:SNTL,44,-0.2041268233313974,0.18381893421033904,376,WA,SNTL,Bunchgrass Mdw,Pend Oreille,170102160401,5020.0,48.68688,-117.17633,1979-10-01 00:00,2100-01-01 00:00,0.17691154422788605,False
377:WY:SNTL,45,-0.1586612485729774,0.2978785227722671,377,WY,SNTL,Burgess Junction,Sheridan,100901010202,7910.0,44.78765,-107.52917,1979-10-01 00:00,2100-01-01 00:00,0.28835582208895555,False
378:CO:SNTL,46,0.06975673902633371,0.645046329994736,378,CO,SNTL,Burro Mountain,Rio Blanco,140500050302,9290.0,39.87504,-107.59902,1978-10-01 00:00,2100-01-01 00:00,0.6461769115442278,False
379:WY:SNTL,47,-0.23911875015617776,0.10550049578882466,379,WY,SNTL,Burroughs Creek,Fremont,100800010102,8760.0,43.69733,-109.67021,1978-10-01 00:00,2100-01-01 00:00,0.10744627686156921,False
380:CO:SNTL,46,-0.0941663923552219,0.5336284744922271,380,CO,SNTL,Butte,Gunnison,140200010206,10190.0,38.89435,-106.95327,1979-10-01 00:00,2100-01-01 00:00,0.5312343828085957,False
381:MT:SNTL,51,-0.3827264540015895,0.005573841023403238,381,MT,SNTL,Calvert Creek,Deer Lodge,100200040801,6410.0,45.8838,-113.32553,1974-10-01 00:00,2100-01-01 00:00,0.0034982508745627187,True
382:ID:SNTL,34,-0.11048532190587729,0.5339112686739637,382,ID,SNTL,Camas Creek Divide,Elmore,170402200101,5720.0,43.26548,-115.3453,1991-10-01 00:00,2100-01-01 00:00,0.5322338830584707,False
383:UT:SNTL,41,0.24979294496846066,0.11523882171583252,383,UT,SNTL,Camp Jackson,San Juan,140802010301,8840.0,37.81333,-109.48723,1985-10-01 00:00,2100-01-01 00:00,0.11444277861069466,False
384:WY:SNTL,46,-0.3986477459634668,0.006067231883101221,384,WY,SNTL,Canyon,Park,100700010705,7870.0,44.71961,-110.51084,1960-10-01 00:00,2100-01-01 00:00,0.00849575212393803,True
385:MT:SNTL,60,-0.37309730414938225,0.0033245151339403004,385,MT,SNTL,Carrot Basin,Gallatin,100200080105,9200.0,44.96192,-111.29403,1966-10-01 00:00,2100-01-01 00:00,0.00399800099950025,True
386:CO:SNTL,44,0.12127912556141004,0.4329131304752245,386,CO,SNTL,Cascade,San Juan,140801040201,8900.0,37.65083,-107.80602,1978-10-01 00:00,2022-10-01 00:00,0.4197901049475262,False
387:CO:SNTL,36,0.10518342775645191,0.5415138722102302,387,CO,SNTL,Cascade #2,San Juan,140801040201,8990.0,37.65751,-107.80287,1990-09-30 00:00,2100-01-01 00:00,0.5392303848075962,False
388:OR:SNTL,46,-0.3682391476192755,0.011803747351538382,388,OR,SNTL,Cascade Summit,Deschutes,170900010301,5100.0,43.59042,-122.0601,1979-10-01 00:00,2100-01-01 00:00,0.01199400299850075,True
389:WY:SNTL,44,0.24700852811900134,0.10599507193745221,389,WY,SNTL,Casper Mtn.,Natrona,101800070804,7940.0,42.73362,-106.31789,1962-01-01 00:00,2100-01-01 00:00,0.10494752623688156,False
390:UT:SNTL,46,0.29168557184619825,0.04919846759101576,390,UT,SNTL,Castle Valley,Iron,160300010201,9600.0,37.66098,-112.74093,1980-06-21 00:00,2100-01-01 00:00,0.06046976511744128,False
391:CA:SNTL,48,-0.0005613309645860071,0.996978818175574,391,CA,SNTL,Cedar Pass,Modoc,180200020603,7060.0,41.58216,-120.30253,1977-10-01 00:00,2100-01-01 00:00,0.9975012493753124,False
392:UT:SNTL,48,-0.13384567188304103,0.364429789737357,392,UT,SNTL,Chalk Creek #1,Summit,160201010301,9160.0,40.85464,-111.04765,1978-10-01 00:00,2100-01-01 00:00,0.37681159420289856,False
393:UT:SNTL,48,-0.14905208453895458,0.31196636976909714,393,UT,SNTL,Chalk Creek #2,Summit,160201010301,8200.0,40.88529,-111.06954,1978-10-01 00:00,2100-01-01 00:00,0.32083958020989506,False
394:NM:SNTL,47,0.24584408174225406,0.09577090667393603,394,NM,SNTL,Chamita,Rio Arriba,130201020204,8360.0,36.95606,-106.65723,1978-10-01 00:00,2100-01-01 00:00,0.09895052473763119,False
396:UT:SNTL,46,0.11099933391065023,0.4627112834021416,396,UT,SNTL,Chepeta,Duchesne,140600031202,10490.0,40.77458,-110.0105,1980-07-16 00:00,2100-01-01 00:00,0.47726136931534235,False
398:OR:SNTL,46,-0.47284918719918123,0.0009052728232099501,398,OR,SNTL,Clackamas Lake,Clackamas,170900110301,3400.0,45.09658,-121.75443,1979-10-01 00:00,2100-01-01 00:00,0.0004997501249375312,True
399:UT:SNTL,48,-0.08692268601150524,0.5568965525339752,399,UT,SNTL,Clear Creek #1,Utah,160202020102,8960.0,39.86671,-111.28363,1978-01-01 00:00,2100-01-01 00:00,0.5712143928035982,False
400:UT:SNTL,48,-0.05685522004563141,0.7011029330677214,400,UT,SNTL,Clear Creek #2,Utah,160202020102,7850.0,39.89275,-111.25154,1978-10-01 00:00,2100-01-01 00:00,0.7241379310344828,False
401:OR:SNTL,46,-0.4344263093512107,0.0025554889592213853,401,OR,SNTL,Clear Lake,Wasco,170703060901,3810.0,45.18832,-121.6916,1979-10-01 00:00,2100-01-01 00:00,0.004997501249375313,True
402:WY:SNTL,48,-0.21317714259900045,0.14572878758271238,402,WY,SNTL,Cloud Peak Reservoir,Johnson,100902060301,9830.0,44.40328,-107.06074,1978-10-01 00:00,2100-01-01 00:00,0.14442778610694654,False
403:MT:SNTL,48,-0.14940999107212927,0.31079269939679827,403,MT,SNTL,Clover Meadow,Madison,100200070803,8770.0,45.01788,-111.8456,1971-10-01 00:00,2100-01-01 00:00,0.31384307846076964,False
405:WY:SNTL,43,0.07954902367027453,0.6121046505264394,405,WY,SNTL,Cold Springs,Fremont,100800010702,9640.0,43.27676,-109.44585,1980-10-01 00:00,2100-01-01 00:00,0.5937031484257871,False
406:OR:SNTL,45,-0.3086502322654483,0.03912294582455911,406,OR,SNTL,Cold Springs Camp,Klamath,180102030202,5940.0,42.53305,-122.17683,1979-10-01 00:00,2100-01-01 00:00,0.03398300849575212,False
407:MT:SNTL,55,0.07909552338603074,0.5659574125526889,407,MT,SNTL,Cole Creek,Carbon,100700060801,7910.0,45.19405,-109.34548,1960-10-01 00:00,2100-01-01 00:00,0.5687156421789106,False
408:CO:SNTL,46,-0.15355837561353972,0.30825982540257113,408,CO,SNTL,Columbine,Jackson,101800010102,9170.0,40.39591,-106.60437,1978-10-01 00:00,2100-01-01 00:00,0.2863568215892054,False
409:CO:SNTL,40,0.19091392115151976,0.23798052194886685,409,CO,SNTL,Columbine Pass,Montrose,140200050202,9160.0,38.41819,-108.38313,1985-10-01 00:00,2100-01-01 00:00,0.24087956021989004,False
410:MT:SNTL,54,-0.4131946287644244,0.0019005491601323337,410,MT,SNTL,Combination,Granite,170102020401,5620.0,46.46523,-113.39358,1965-10-01 00:00,2100-01-01 00:00,0.0034982508745627187,True
411:ID:SNTL,42,-0.4913227792115834,0.0009528396183450836,411,ID,SNTL,Cool Creek,Clearwater,170603070702,6320.0,46.76361,-115.29528,1983-10-01 00:00,2100-01-01 00:00,0.001999000499750125,True
413:MT:SNTL,48,-0.4693880514176022,0.0007637898882928393,413,MT,SNTL,Copper Bottom,Lewis and Clark,170102030103,5200.0,47.05678,-112.595,1978-10-01 00:00,2100-01-01 00:00,0.0029985007496251873,True
414:MT:SNTL,48,-0.48715577949911465,0.0004456039065888575,414,MT,SNTL,Copper Camp,Lewis and Clark,170102030103,6980.0,47.08158,-112.72955,1978-10-01 00:00,2100-01-01 00:00,0.0004997501249375312,True
415:CO:SNTL,48,-0.0684243922303887,0.6440065250041022,415,CO,SNTL,Copper Mountain,Summit,140100020302,10500.0,39.48917,-106.17154,1978-10-01 00:00,2100-01-01 00:00,0.6416791604197901,False
417:NV:SNTL,48,0.08649207063623322,0.5588596629368289,417,NV,SNTL,Corral Canyon,Elko,160401030401,8440.0,40.27551,-115.54017,1978-10-01 00:00,2100-01-01 00:00,0.568215892053973,False
418:WA:SNTL,44,-0.23145626394508315,0.13060505728629715,418,WA,SNTL,Corral Pass,Pierce,171100140307,5810.0,47.01872,-121.46464,1979-10-01 00:00,2100-01-01 00:00,0.13793103448275862,False
419:WY:SNTL,43,-0.2637818803847939,0.0874171754360767,419,WY,SNTL,Cottonwood Creek,Lincoln,170401050102,7710.0,42.6459,-110.81482,1980-10-01 00:00,2100-01-01 00:00,0.08495752123938032,False
420:WA:SNTL,45,-0.6098825275701861,8.692937261244479e-06,420,WA,SNTL,Cougar Mountain,King,171100130202,3210.0,47.27666,-121.67138,1979-10-01 00:00,2100-01-01 00:00,0.0004997501249375312,True
423:ID:SNTL,45,-0.08990685942621193,0.5569798674138561,423,ID,SNTL,Cozy Cove,Valley,170501200403,5410.0,44.28846,-115.65508,1978-10-01 00:00,2100-01-01 00:00,0.5537231384307846,False
424:ID:SNTL,45,-0.04151553040465875,0.7865644983492533,424,ID,SNTL,Crab Creek,Clark,170402140108,6870.0,44.437,-111.99384,1979-10-01 00:00,2100-01-01 00:00,0.7861069465267366,False
425:ID:SNTL,42,-0.510095104825479,0.0005586634761487313,425,ID,SNTL,Crater Meadows,Clearwater,170603070502,5960.0,46.56394,-115.28903,1983-10-01 00:00,2100-01-01 00:00,0.0009995002498750624,True
426:CO:SNTL,40,-0.0709897656499731,0.6633508423745135,426,CO,SNTL,Crosho,Rio Blanco,140500010106,8960.0,40.16749,-107.05769,1985-10-01 00:00,2100-01-01 00:00,0.6561719140429785,False
427:MT:SNTL,48,-0.22362621117771214,0.12653469812135085,427,MT,SNTL,Crystal Lake,Fergus,100401030204,6130.0,46.78936,-109.51202,1967-09-01 00:00,2100-01-01 00:00,0.12293853073463268,False
428:CA:SNTL,43,-0.062027087390468666,0.6927437997789488,428,CA,SNTL,Css Lab,Nevada,180201250602,6890.0,39.32565,-120.36807,1980-10-01 00:00,2100-01-01 00:00,0.6926536731634183,False
430:CO:SNTL,47,0.3551018558354472,0.014312983261561807,430,CO,SNTL,Culebra #2,Costilla,130100020902,10560.0,37.20939,-105.19988,1978-10-01 00:00,2100-01-01 00:00,0.014492753623188406,True
431:CO:SNTL,46,0.06336742374076806,0.6756751934850811,431,CO,SNTL,Cumbres Trestle,Conejos,130201020203,10030.0,37.01877,-106.45275,1979-10-01 00:00,2100-01-01 00:00,0.6861569215392304,False
432:UT:SNTL,48,-0.06595309023815052,0.6560472057567872,432,UT,SNTL,Currant Creek,Wasatch,140600040401,7920.0,40.35747,-111.08993,1978-10-01 00:00,2100-01-01 00:00,0.632183908045977,False
433:MT:SNTL,46,-0.28080854169041647,0.05871063292771435,433,MT,SNTL,Daly Creek,Ravalli,170102050901,5780.0,46.18367,-113.8533,1966-10-01 00:00,2100-01-01 00:00,0.05297351324337831,False
434:OR:SNTL,46,-0.557350022513858,5.73441901487324e-05,434,OR,SNTL,Daly Lake,Linn,170900060101,3690.0,44.52147,-122.08718,1978-10-01 00:00,2100-01-01 00:00,0.0004997501249375312,True
435:UT:SNTL,48,-0.10924190506204784,0.459836522682091,435,UT,SNTL,Daniels-Strawberry,Wasatch,140600040101,8010.0,40.2953,-111.25677,1978-10-01 00:00,2100-01-01 00:00,0.44377811094452774,False
436:MT:SNTL,46,-0.3556271405271595,0.015288274408756736,436,MT,SNTL,Darkhorse Lake,Beaverhead,100200040301,8930.0,45.17368,-113.5846,1977-08-01 00:00,2100-01-01 00:00,0.015992003998001,True
437:MT:SNTL,59,-0.3774941786730729,0.0032041329094256213,437,MT,SNTL,Deadman Creek,Meagher,100301030401,6440.0,46.79279,-110.67545,1966-10-01 00:00,2100-01-01 00:00,0.0034982508745627187,True
438:CO:SNTL,48,-0.045581827935051396,0.7583595502644207,438,CO,SNTL,Deadman Hill,Larimer,101900070502,10240.0,40.80572,-105.77018,1978-10-01 00:00,2100-01-01 00:00,0.7476261869065467,False
439:ID:SNTL,46,-0.1662396492311778,0.26952039349386847,439,ID,SNTL,Deadwood Summit,Valley,170501200401,6990.0,44.54492,-115.56386,1978-10-01 00:00,2100-01-01 00:00,0.29185407296351823,False
440:OR:SNTL,46,-0.09364892951542209,0.5358894384217355,440,OR,SNTL,Derr.,Wheeler,170703040401,5850.0,44.4465,-119.93012,1979-10-01 00:00,2100-01-01 00:00,0.543728135932034,False
442:OR:SNTL,45,-0.3192916026327264,0.03252390209560494,442,OR,SNTL,Diamond Lake,Douglas,171003010204,5280.0,43.18787,-122.14003,1979-10-01 00:00,2100-01-01 00:00,0.03648175912043978,False
443:NV:SNTL,43,0.08620133239562207,0.5825744347721157,443,NV,SNTL,Diamond Peak,Eureka,160600051503,8030.0,39.56361,-115.84421,1983-10-01 00:00,2100-01-01 00:00,0.5827086456771614,False
444:UT:SNTL,47,0.02143628611978967,0.8862753029575772,444,UT,SNTL,Dills Camp,Sanpete,140700020201,9240.0,39.04554,-111.46875,1978-10-01 00:00,2100-01-01 00:00,0.8725637181409296,False
446:CA:SNTL,46,-0.00906130061267443,0.9523415395684436,446,CA,SNTL,Dismal Swamp,Modoc,171200070304,7370.0,41.99127,-120.18033,1979-10-01 00:00,2100-01-01 00:00,0.9570214892553723,False
448:MT:SNTL,55,-0.132044709310371,0.33655538058389967,448,MT,SNTL,Divide,Madison,100200030102,7770.0,44.79317,-112.05645,1971-01-01 00:00,2100-01-01 00:00,0.35082458770614694,False
449:WY:SNTL,46,0.021309802625857816,0.8882108874231158,449,WY,SNTL,Divide Peak,Carbon,140500030203,8700.0,41.30399,-107.15255,1979-10-01 00:00,2100-01-01 00:00,0.8950524737631185,False
450:ID:SNTL,45,-0.10358509824852548,0.49831632125685493,450,ID,SNTL,Dollarhide Summit,Blaine,170402190201,8390.0,43.6025,-114.67417,1979-10-01 00:00,2100-01-01 00:00,0.5112443778110944,False
451:WY:SNTL,48,-0.22213959401515695,0.12914283054724357,451,WY,SNTL,Dome Lake,Sheridan,100901010102,8890.0,44.57462,-107.29537,1978-10-01 00:00,2100-01-01 00:00,0.1199400299850075,False
452:UT:SNTL,41,0.37173278422175016,0.016706671578122525,452,UT,SNTL,Donkey Reservoir,Wayne,140700030305,9800.0,38.2084,-111.47412,1985-10-01 00:00,2100-01-01 00:00,0.019490254872563718,True
453:NV:SNTL,48,0.018192571537341724,0.9023213168587065,453,NV,SNTL,Dorsey Basin,Elko,160401010604,7900.0,40.89343,-115.21104,1978-10-01 00:00,2100-01-01 00:00,0.9110444777611194,False
454:NV:SNTL,43,-0.2250410942032003,0.14680934665795278,454,NV,SNTL,Draw Creek,Elko,160401010403,7300.0,41.661,-115.3234,1983-10-01 00:00,2100-01-01 00:00,0.1519240379810095,False
455:UT:SNTL,48,-0.188457325351417,0.1995678516123925,455,UT,SNTL,Dry Bread Pond,Cache,160102030101,8290.0,41.41289,-111.5377,1978-10-01 00:00,2100-01-01 00:00,0.19290354822588707,False
457:CO:SNTL,46,-0.07384774259596884,0.6257320974726602,457,CO,SNTL,Dry Lake,Routt,140500010409,8240.0,40.5337,-106.7814,1979-10-01 00:00,2100-01-01 00:00,0.6221889055472264,False
458:MT:SNTL,43,-0.427179988937891,0.00427681182863677,458,MT,SNTL,Dupuyer Creek,Teton,100302010501,5740.0,48.06341,-112.7573,1982-10-01 00:00,2100-01-01 00:00,0.0034982508745627187,True
460:WY:SNTL,41,-0.25427019338146234,0.10865553539422633,460,WY,SNTL,East Rim Divide,Sublette,170401030203,8010.0,43.13097,-110.2023,1984-10-01 00:00,2100-01-01 00:00,0.1054472763618191,False
461:UT:SNTL,40,0.18932760733033194,0.241975992258693,461,UT,SNTL,East Willow Creek,Grand,140600060205,8300.0,39.31213,-109.53179,1986-08-06 00:00,2100-01-01 00:00,0.2448775612193903,False
462:CA:SNTL,48,0.04901093186490829,0.7407910695177512,462,CA,SNTL,Ebbetts Pass,Alpine,160502010104,8660.0,38.5497,-119.80468,1978-10-01 00:00,2100-01-01 00:00,0.7466266866566716,False
463:CA:SNTL,46,0.03381293957645887,0.8234709684440883,463,CA,SNTL,Echo Peak,El Dorado,160501010303,7650.0,38.849,-120.0795,1980-10-01 00:00,2100-01-01 00:00,0.8395802098950524,False
464:OR:SNTL,46,-0.2186285017627541,0.14436478522722374,464,OR,SNTL,Eilertson Meadows,Baker,170502030404,5510.0,44.86887,-118.11387,1979-10-01 00:00,2100-01-01 00:00,0.15242378810594703,False
465:CO:SNTL,40,0.03310474246462818,0.8392999361087292,465,CO,SNTL,El Diente Peak,Dolores,140300020202,10210.0,37.78607,-108.02235,1985-10-01 00:00,2100-01-01 00:00,0.8415792103948025,False
466:ID:SNTL,44,-0.4460203073483885,0.0024097068195114892,466,ID,SNTL,Elk Butte,Clearwater,170603080701,5680.0,46.83998,-116.12233,1982-10-01 00:00,2100-01-01 00:00,0.004997501249375313,True
467:CO:SNTL,48,-0.16473435144045223,0.26318560995281476,467,CO,SNTL,Elk River,Routt,140500010206,8710.0,40.84758,-106.96861,1978-10-01 00:00,2100-01-01 00:00,0.2658670664667666,False
468:WY:SNTL,46,-0.20089906221941475,0.18064849227494004,468,WY,SNTL,Elkhart Park G.S.,Sublette,140401020103,9410.0,43.00657,-109.75893,1963-10-01 00:00,2100-01-01 00:00,0.17341329335332334,False
469:MT:SNTL,50,-0.3517293369064173,0.012252023525951169,469,MT,SNTL,Emery Creek,Flathead,170102090703,4340.0,48.43412,-113.93725,1975-10-01 00:00,2100-01-01 00:00,0.01699150424787606,True
471:ID:SNTL,45,-0.16817205529852802,0.2694742415901096,471,ID,SNTL,Emigrant Summit,Bear Lake,160102020206,7390.0,42.36055,-111.56085,1979-10-01 00:00,2100-01-01 00:00,0.26786606696651677,False
472:WY:SNTL,44,-0.3648470284898077,0.014890035910132896,472,WY,SNTL,Evening Star,Park,100700060301,9030.0,44.65258,-109.78422,1979-10-01 00:00,2100-01-01 00:00,0.017991004497751123,True
474:UT:SNTL,48,-0.11644613133409232,0.4305895304879928,474,UT,SNTL,Farmington,Davis,160201020502,7920.0,40.97462,-111.80975,1978-10-01 00:00,2100-01-01 00:00,0.42828585707146427,False
475:UT:SNTL,46,0.15905646740747967,0.29104829700848023,475,UT,SNTL,Farnsworth Lake,Sevier,160300030405,9620.0,38.77246,-111.67662,1980-07-24 00:00,2100-01-01 00:00,0.2868565717141429,False
476:NV:SNTL,46,-0.03075605942388479,0.8392093404037307,476,NV,SNTL,Fawn Creek,Elko,170501040304,7040.0,41.82098,-116.10153,1980-10-01 00:00,2100-01-01 00:00,0.84007996001999,False
477:OR:SNTL,47,0.019091873161847545,0.8986441344617432,477,OR,SNTL,Fish Creek,Harney,171200030107,7700.0,42.70993,-118.63219,1978-10-01 00:00,2100-01-01 00:00,0.8930534732633684,False
478:WA:SNTL,43,-0.43040351740349964,0.003965304759353895,478,WA,SNTL,Fish Lake,Kittitas,170300010102,3440.0,47.53565,-121.08553,1979-10-01 00:00,2100-01-01 00:00,0.005497251374312844,True
479:OR:SNTL,45,-0.3496082515537616,0.01856909005848043,479,OR,SNTL,Fish Lk.,Jackson,171003070801,4660.0,42.3801,-122.34943,1979-10-01 00:00,2100-01-01 00:00,0.017491254372813594,True
480:MT:SNTL,60,-0.5379657955291441,9.296421746569636e-06,480,MT,SNTL,Fisher Creek,Park,100700060202,9110.0,45.06235,-109.94488,1966-10-01 00:00,2100-01-01 00:00,0.0004997501249375312,True
481:UT:SNTL,46,-0.1255029528772507,0.40593399853178913,481,UT,SNTL,Five Points Lake,Duchesne,140600030701,10920.0,40.71785,-110.46721,1980-08-14 00:00,2100-01-01 00:00,0.40929535232383807,False
482:MT:SNTL,57,-0.42032826184036515,0.0011326470315519803,482,MT,SNTL,Flattop Mtn.,Flathead,170102070501,6280.0,48.80225,-113.85713,1969-10-01 00:00,2100-01-01 00:00,0.0014992503748125937,True
483:OR:SNTL,47,-0.190086826539616,0.20062111207717748,483,OR,SNTL,Fourmile Lake,Klamath,180102030202,5970.0,42.43933,-122.2288,1978-10-01 00:00,2100-01-01 00:00,0.18690654672663667,False
484:ID:SNTL,48,-0.20246885604317208,0.16755235976066746,484,ID,SNTL,Franklin Basin,Franklin,160102020501,8140.0,42.0505,-111.6012,1978-10-01 00:00,2100-01-01 00:00,0.16741629185407297,False
485:CO:SNTL,46,-0.11156420556270545,0.4604230382875843,485,CO,SNTL,Fremont Pass,Summit,140100020301,11310.0,39.38014,-106.19784,1979-10-01 00:00,2100-01-01 00:00,0.47426286856571714,False
487:MT:SNTL,54,-0.28323103930945254,0.03795687282270637,487,MT,SNTL,Frohner Meadow,Jefferson,100301011305,6520.0,46.43545,-112.19277,1967-10-01 00:00,2100-01-01 00:00,0.037481259370314844,False
489:ID:SNTL,44,-0.16875257273733288,0.27350381499236187,489,ID,SNTL,Galena,Blaine,170402190101,7470.0,43.87722,-114.6725,1979-10-01 00:00,2100-01-01 00:00,0.27886056971514245,False
490:ID:SNTL,45,-0.13737896208655745,0.36816803605366183,490,ID,SNTL,Galena Summit,Blaine,170402190101,8790.0,43.87497,-114.71363,1978-10-01 00:00,2100-01-01 00:00,0.37231384307846077,False
491:NM:SNTL,46,0.4117505352410634,0.004467928256733992,491,NM,SNTL,Gallegos Peak,Taos,130201010502,9460.0,36.19418,-105.55742,1979-10-01 00:00,2100-01-01 00:00,0.004997501249375313,True
492:ID:SNTL,46,-0.05521756274372087,0.7155029931165097,492,ID,SNTL,Garfield R.S.,Blaine,170402210301,6580.0,43.6104,-113.9308,1979-10-01 00:00,2100-01-01 00:00,0.7371314342828585,False
493:ID:SNTL,45,-0.16943753914169243,0.2658348473296131,493,ID,SNTL,Giveout,Bear Lake,160102010401,6940.0,42.4132,-111.1663,1979-10-01 00:00,2100-01-01 00:00,0.2653673163418291,False
494:OR:SNTL,46,-0.28403713256619534,0.05574491274132032,494,OR,SNTL,Gold Center,Grant,170702020202,5400.0,44.7638,-118.3117,1979-10-01 00:00,2100-01-01 00:00,0.050474762618690654,False
495:UT:SNTL,47,0.13871183634544015,0.35244399848550984,495,UT,SNTL,Gooseberry RS,Sevier,160300030405,7930.0,38.80034,-111.68333,1979-06-27 00:00,2100-01-01 00:00,0.35082458770614694,False
496:ID:SNTL,46,-0.17067765837437604,0.2567609725700526,496,ID,SNTL,Graham Guard Sta.,Elmore,170501110303,5690.0,43.9538,-115.27387,1978-10-01 00:00,2100-01-01 00:00,0.25537231384307846,False
497:WY:SNTL,39,-0.3644351994494894,0.022553035960001206,497,WY,SNTL,Granite Creek,Teton,170401030304,6770.0,43.34298,-110.43495,1987-10-01 00:00,2100-01-01 00:00,0.01999000499750125,True
498:NV:SNTL,46,-0.03239772085744249,0.830749106218236,498,NV,SNTL,Granite Peak,Humboldt,160401090601,8500.0,41.67032,-117.56668,1980-10-01 00:00,2100-01-01 00:00,0.8260869565217391,False
499:WY:SNTL,46,-0.2904956142215222,0.05017397435151526,499,WY,SNTL,Grassy Lake,Teton,170402030202,7330.0,44.12602,-110.83429,1962-09-01 00:00,2100-01-01 00:00,0.05297351324337831,False
500:MT:SNTL,51,-0.41502766248638123,0.0024594809656049684,500,MT,SNTL,Grave Creek,Flathead,170101010801,4350.0,48.91453,-114.76663,1968-10-01 00:00,2100-01-01 00:00,0.00399800099950025,True
501:WY:SNTL,34,-0.07375475097692111,0.6784788910844914,501,WY,SNTL,Grave Springs,Natrona,100902010103,8560.0,43.46643,-107.23977,1991-10-01 00:00,2100-01-01 00:00,0.6841579210394803,False
502:WA:SNTL,44,-0.12560935777984666,0.41654094083518517,502,WA,SNTL,Green Lake,Yakima,170300030101,5920.0,46.54741,-121.17093,1981-10-01 00:00,2100-01-01 00:00,0.42128935532233885,False
503:NV:SNTL,46,0.011103534923790868,0.9416171080557518,503,NV,SNTL,Green Mountain,Elko,160401030401,8180.0,40.3848,-115.52757,1980-10-01 00:00,2100-01-01 00:00,0.9330334832583708,False
504:OR:SNTL,47,-0.44614807322276084,0.0016711724113537333,504,OR,SNTL,Greenpoint,Hood River,170701050603,3320.0,45.62237,-121.70415,1978-10-01 00:00,2100-01-01 00:00,0.0009995002498750624,True
505:CO:SNTL,46,-0.1127982276150641,0.45544545008697135,505,CO,SNTL,Grizzly Peak,Summit,140100020201,11110.0,39.64646,-105.8694,1979-10-01 00:00,2100-01-01 00:00,0.46476761619190404,False
506:WY:SNTL,46,-0.26854714303869626,0.07114368404689532,506,WY,SNTL,Gros Ventre Summit,Teton,170401020203,8760.0,43.38939,-110.12943,1976-04-01 00:00,2100-01-01 00:00,0.07646176911544228,False
507:WA:SNTL,44,-0.13452128216073428,0.38397715043734826,507,WA,SNTL,Grouse Camp,Kittitas,170300010401,5390.0,47.28107,-120.48771,1979-10-01 00:00,2100-01-01 00:00,0.3888055972013993,False
508:CA:SNTL,48,0.03809799029748001,0.7971121931747627,508,CA,SNTL,Hagans Meadow,El Dorado,160501010302,7740.0,38.8519,-119.9374,1978-10-01 00:00,2100-01-01 00:00,0.7906046976511744,False
509:WY:SNTL,40,-0.26805193510316044,0.09446287602278003,509,WY,SNTL,Hams Fork,Lincoln,140401070504,7860.0,42.146,-110.67833,1984-10-01 00:00,2100-01-01 00:00,0.0879560219890055,False
510:MT:SNTL,50,-0.44301251515535073,0.0012736417854434202,510,MT,SNTL,Hand Creek,Flathead,170102100304,5030.0,48.30754,-114.84075,1976-10-01 00:00,2100-01-01 00:00,0.0024987506246876563,True
511:AZ:SNTL,46,0.5156689235912899,0.00024474442101033117,511,AZ,SNTL,Hannagan Meadows,Greenlee,150601010107,9030.0,33.65352,-109.30877,1956-10-01 00:00,2100-01-01 00:00,0.0009995002498750624,True
512:WY:SNTL,45,0.07674336952260191,0.6163265438952349,512,WY,SNTL,Hanson Sawmill,Johnson,100902060101,8360.0,44.25602,-106.97983,1979-10-01 00:00,2100-01-01 00:00,0.6251874062968515,False
513:UT:SNTL,37,-0.21196804241445036,0.20786158188286452,513,UT,SNTL,Lakefork Basin,Duchesne,140600030601,10890.0,40.73785,-110.62121,1982-10-01 00:00,2100-01-01 00:00,0.20189905047476261,False
515:WA:SNTL,44,-0.18331356789805742,0.23362049774864843,515,WA,SNTL,Harts Pass,Okanogan,171100050501,6490.0,48.72047,-120.6586,1979-10-01 00:00,2100-01-01 00:00,0.23588205897051473,False
516:MT:SNTL,58,-0.3808168727480931,0.0031872429843315623,516,MT,SNTL,Hawkins Lake,Lincoln,170101050201,6460.0,48.9724,-115.95344,1968-10-01 00:00,2100-01-01 00:00,0.0034982508745627187,True
517:UT:SNTL,48,-0.1752286863853117,0.23355059678249135,517,UT,SNTL,Hayden Fork,Summit,160101010101,9170.0,40.79669,-110.88472,1978-10-01 00:00,2100-01-01 00:00,0.25037481259370314,False
518:CA:SNTL,48,0.0389783060235422,0.7925265950124245,518,CA,SNTL,Heavenly Valley,El Dorado,160501010302,8540.0,38.92431,-119.91641,1978-10-01 00:00,2100-01-01 00:00,0.7971014492753623,False
520:ID:SNTL,43,-0.5272565382663749,0.000280328956409887,520,ID,SNTL,Hemlock Butte,Clearwater,170603070601,5800.0,46.48111,-115.63361,1982-10-01 00:00,2100-01-01 00:00,0.0004997501249375312,True
521:UT:SNTL,41,-0.07430935488944555,0.644270163949286,521,UT,SNTL,Hewinta,Summit,140401070203,9510.0,40.95009,-110.48419,1985-09-19 00:00,2100-01-01 00:00,0.638680659670165,False
522:UT:SNTL,41,0.3633698661321947,0.019532939873414434,522,UT,SNTL,Hickerson Park,Daggett,140401060501,9120.0,40.90663,-109.96287,1985-09-17 00:00,2100-01-01 00:00,0.018490754622688656,True
523:OR:SNTL,48,-0.2822771261844975,0.05191289495037777,523,OR,SNTL,High Ridge,Umatilla,170701030103,4900.0,45.69682,-118.10657,1978-10-01 00:00,2100-01-01 00:00,0.05647176411794103,False
524:ID:SNTL,46,-0.08548559889775964,0.5721614812874208,524,ID,SNTL,Hilts Creek,Custer,170402170401,8090.0,44.01896,-113.47242,1979-10-01 00:00,2100-01-01 00:00,0.5777111444277861,False
525:WY:SNTL,48,0.14415604930847364,0.32830482217851775,525,WY,SNTL,Hobbs Park,Fremont,100800030207,10080.0,42.86984,-109.09455,1978-10-01 00:00,2100-01-01 00:00,0.31134432783608196,False
526:OR:SNTL,47,-0.4637309791446676,0.001027171386162165,526,OR,SNTL,Hogg Pass,Linn,170900040201,4800.0,44.42042,-121.85655,1978-10-01 00:00,2100-01-01 00:00,0.0009995002498750624,True
527:NV:SNTL,43,-0.16632712713941797,0.28642911506020263,527,NV,SNTL,Hole-in-Mountain,Elko,160600071602,8170.0,40.94168,-115.0954,1981-10-01 00:00,2100-01-01 00:00,0.27386306846576713,False
528:UT:SNTL,41,0.24484400927367486,0.12286158092131037,528,UT,SNTL,Hole-in-Rock,Summit,140401060205,9170.0,40.92167,-110.18623,1985-09-18 00:00,2100-01-01 00:00,0.12493753123438281,False
529:OR:SNTL,45,-0.4237800944445942,0.0037211503676595043,529,OR,SNTL,Holland Meadows,Lane,170900020201,4930.0,43.66917,-122.56877,1979-10-01 00:00,2100-01-01 00:00,0.005497251374312844,True
530:MT:SNTL,60,-0.5012087692024879,4.521911910633128e-05,530,MT,SNTL,Hoodoo Basin,Mineral,170102040607,6060.0,46.97511,-115.03486,1966-10-01 00:00,2100-01-01 00:00,0.0009995002498750624,True
531:CO:SNTL,46,-0.008248645072208089,0.9566114800797916,531,CO,SNTL,Hoosier Pass,Summit,101900010102,11600.0,39.36092,-106.05999,1979-10-01 00:00,2100-01-01 00:00,0.9540229885057471,False
532:NM:SNTL,47,0.12086277504408784,0.418368879715368,532,NM,SNTL,Hopewell,Rio Arriba,130201021401,10080.0,36.71632,-106.2637,1978-10-01 00:00,2100-01-01 00:00,0.4217891054472764,False
533:UT:SNTL,48,-0.18197461468631826,0.21575657532760661,533,UT,SNTL,Horse Ridge,Morgan,160201010601,8210.0,41.31372,-111.44624,1978-10-01 00:00,2100-01-01 00:00,0.21489255372313842,False
534:ID:SNTL,46,-0.11213135342218847,0.4581317342312177,534,ID,SNTL,Howell Canyon,Cassia,170402090602,8010.0,42.32029,-113.61587,1978-10-01 00:00,2100-01-01 00:00,0.46526736631684157,False
535:ID:SNTL,45,-0.5806008685645698,2.9017196170564022e-05,535,ID,SNTL,Humboldt Gulch,Shoshone,170103020102,4260.0,47.53178,-115.77643,1978-10-01 00:00,2100-01-01 00:00,0.0004997501249375312,True
537:ID:SNTL,46,-0.12291024081469888,0.4157776257827286,537,ID,SNTL,Hyndman,Blaine,170402190402,7590.0,43.71077,-114.15894,1979-10-01 00:00,2100-01-01 00:00,0.4077961019490255,False
538:CO:SNTL,46,0.12217046390855302,0.41861104641106894,538,CO,SNTL,Idarado,Ouray,140200060201,9780.0,37.93389,-107.6762,1979-10-01 00:00,2100-01-01 00:00,0.4112943528235882,False
539:CA:SNTL,48,0.069090382902351,0.6407769150554053,539,CA,SNTL,Independence Camp,Sierra,160501020102,6970.0,39.45269,-120.29367,1978-10-01 00:00,2100-01-01 00:00,0.657671164417791,False
540:CA:SNTL,46,-0.04482179587644016,0.7673990642225647,540,CA,SNTL,Independence Creek,Sierra,160501020102,6440.0,39.49001,-120.28226,1980-10-01 00:00,2100-01-01 00:00,0.760119940029985,False
541:CA:SNTL,48,0.0038404785637253178,0.9793320577040375,541,CA,SNTL,Independence Lake,Nevada,160501020104,8340.0,39.42752,-120.31342,1978-10-01 00:00,2100-01-01 00:00,0.9785107446276862,False
542:CO:SNTL,46,-0.0563958845018796,0.7096951635347691,542,CO,SNTL,Independence Pass,Pitkin,140100040101,10570.0,39.07543,-106.61154,1979-10-01 00:00,2100-01-01 00:00,0.7211394302848576,False
543:UT:SNTL,47,0.06466549454586423,0.6658583532654659,543,UT,SNTL,Wilbur Bench,Duchesne,140600040701,9170.0,39.89166,-110.74604,1978-10-01 00:00,2100-01-01 00:00,0.6711644177911045,False
544:WY:SNTL,45,-0.24601263517609692,0.10331126550264769,544,WY,SNTL,Indian Creek,Lincoln,140401070502,9400.0,42.30023,-110.67753,1979-10-01 00:00,2100-01-01 00:00,0.09495252373813093,False
545:OR:SNTL,48,-0.3135985420299312,0.029970329086519556,545,OR,SNTL,Irish Taylor,Deschutes,170703010106,5540.0,43.80368,-121.94793,1978-10-01 00:00,2100-01-01 00:00,0.031984007996002,False
546:ID:SNTL,45,-0.23823003613381247,0.1150466762366714,546,ID,SNTL,Island Park,Fremont,170402020601,6300.0,44.4203,-111.38512,1979-10-01 00:00,2100-01-01 00:00,0.10594702648675662,False
547:CO:SNTL,35,0.008204672191786538,0.962690654724013,547,CO,SNTL,Ivanhoe,Pitkin,140100040501,10540.0,39.29228,-106.54907,1991-10-01 00:00,2100-01-01 00:00,0.9565217391304348,False
548:NV:SNTL,48,-0.01707913412210854,0.908273161353401,548,NV,SNTL,Jack Creek Upper,Elko,170501050201,7380.0,41.54675,-116.00517,1978-10-01 00:00,2100-01-01 00:00,0.9075462268865567,False
550:ID:SNTL,45,-0.25070700841176524,0.09669024880554994,550,ID,SNTL,Jackson Peak,Boise,170501200304,7060.0,44.05092,-115.44322,1979-10-01 00:00,2100-01-01 00:00,0.08695652173913043,False
551:CO:SNTL,47,-0.14580700265681973,0.3281115733586711,551,CO,SNTL,Joe Wright,Larimer,101900070204,10140.0,40.53285,-105.88747,1978-10-01 00:00,2100-01-01 00:00,0.3233383308345827,False
552:OR:SNTL,48,-0.5904321650471636,9.995650384952005e-06,552,OR,SNTL,Jump Off Joe,Linn,170900060201,3530.0,44.38605,-122.16683,1978-10-01 00:00,2100-01-01 00:00,0.0004997501249375312,True
553:WA:SNTL,42,-0.5179416812348698,0.0004428148720197168,553,WA,SNTL,June Lake,Skamania,170800020304,3440.0,46.14778,-122.15413,1980-10-01 00:00,2100-01-01 00:00,0.0009995002498750624,True
554:WY:SNTL,46,-0.18098654866185915,0.22870566096886777,554,WY,SNTL,Kelley R.S.,Lincoln,140401070501,8240.0,42.26554,-110.80181,1963-10-01 00:00,2100-01-01 00:00,0.23088455772113944,False
555:WY:SNTL,41,-0.36706287411019217,0.018238986872372073,555,WY,SNTL,Kendall R.S.,Sublette,140401010302,7790.0,43.24922,-110.01671,1984-10-01 00:00,2100-01-01 00:00,0.01249375312343828,True
556:CO:SNTL,46,-0.0919349301968417,0.5434115586218231,556,CO,SNTL,Kiln,Pitkin,140100040504,9610.0,39.3172,-106.61501,1979-10-01 00:00,2100-01-01 00:00,0.5372313843078461,False
557:UT:SNTL,46,0.1489361603186813,0.323221971730176,557,UT,SNTL,Kimberly Mine,Piute,160300030104,9110.0,38.48383,-112.39273,1980-07-23 00:00,2100-01-01 00:00,0.30434782608695654,False
559:UT:SNTL,48,0.14716762164942032,0.3181925423123114,559,UT,SNTL,Kings Cabin,Uintah,140600100303,8740.0,40.71632,-109.54401,1978-10-01 00:00,2100-01-01 00:00,0.3243378310844578,False
560:WY:SNTL,46,-0.1652101882225528,0.27253910376797214,560,WY,SNTL,Kirwin,Park,100800090101,9580.0,43.86067,-109.32163,1979-10-01 00:00,2100-01-01 00:00,0.28235882058970513,False
561:UT:SNTL,48,0.2507936199419095,0.08555141967610944,561,UT,SNTL,Kolob,Iron,150100080102,9250.0,37.52664,-113.05386,1978-10-01 00:00,2100-01-01 00:00,0.07446276861569215,False
562:MT:SNTL,46,-0.46145048189164195,0.0012472587970483193,562,MT,SNTL,Kraft Creek,Missoula,170102110104,4770.0,47.42749,-113.77515,1979-10-01 00:00,2100-01-01 00:00,0.0014992503748125937,True
563:OR:SNTL,48,-0.1561922621177937,0.2890852438938338,563,OR,SNTL,Lake Creek R.S.,Grant,170501160102,5250.0,44.21007,-118.63752,1978-10-01 00:00,2100-01-01 00:00,0.2818590704647676,False
564:CO:SNTL,48,0.08539964653804517,0.5638543875851881,564,CO,SNTL,Lake Eldora,Boulder,101900050402,9700.0,39.93659,-105.59031,1978-10-01 00:00,2100-01-01 00:00,0.5772113943028486,False
565:CO:SNTL,47,-0.14832529090220828,0.3197349159841243,565,CO,SNTL,Lake Irene,Grand,140100010302,10680.0,40.41446,-105.81941,1978-10-01 00:00,2100-01-01 00:00,0.3183408295852074,False
566:UT:SNTL,48,0.09094078390019436,0.5387369897331521,566,UT,SNTL,Lakefork #1,Duchesne,140600030705,10120.0,40.59709,-110.43316,1978-10-01 00:00,2100-01-01 00:00,0.5297351324337831,False
568:MT:SNTL,48,-0.0282803910615054,0.848677858978857,568,MT,SNTL,Lakeview Ridge,Beaverhead,100200010105,7340.0,44.58907,-111.82498,1960-10-01 00:00,2100-01-01 00:00,0.848575712143928,False
569:NV:SNTL,45,-0.114968229511504,0.4520350418736881,569,NV,SNTL,Lamance Creek,Humboldt,160401090603,6390.0,41.51542,-117.63197,1980-10-01 00:00,2100-01-01 00:00,0.45377311344327836,False
570:NV:SNTL,46,-0.07251832853620156,0.631982118512597,570,NV,SNTL,Lamoille #3,Elko,160401010607,8040.0,40.6448,-115.3812,1980-10-01 00:00,2100-01-01 00:00,0.6421789105447276,False
571:WY:SNTL,44,0.07492793563492202,0.6288203327836115,571,WY,SNTL,Laprele Creek,Converse,101800071201,8370.0,42.43566,-105.86051,1978-10-01 00:00,2100-01-01 00:00,0.6146926536731634,False
572:UT:SNTL,45,0.36691391062937573,0.013167166180969135,572,UT,SNTL,Lasal Mountain,San Juan,140300050404,9580.0,38.48226,-109.27198,1980-08-08 00:00,2100-01-01 00:00,0.013993003498250875,True
573:NV:SNTL,46,-0.13677943384468666,0.364711941603868,573,NV,SNTL,Laurel Draw,Elko,170501040202,6680.0,41.77637,-116.02957,1979-10-01 00:00,2100-01-01 00:00,0.38580709645177413,False
574:CA:SNTL,37,-0.013991310198562704,0.9344966709287041,574,CA,SNTL,Leavitt Lake,Mono,160503020104,9600.0,38.27594,-119.61281,1989-10-01 00:00,2100-01-01 00:00,0.936031984007996,False
575:CA:SNTL,46,0.11112355522568476,0.4622075492790241,575,CA,SNTL,Leavitt Meadows,Mono,160503020104,7200.0,38.30367,-119.55111,1980-10-01 00:00,2100-01-01 00:00,0.456271864067966,False
576:MT:SNTL,55,-0.294687309253272,0.028961274485238674,576,MT,SNTL,Lemhi Ridge,Beaverhead,100200011106,8080.0,44.9938,-113.44399,1971-01-01 00:00,2100-01-01 00:00,0.02948525737131434,False
577:WY:SNTL,46,-0.29266509904793386,0.0484070464857608,577,WY,SNTL,Lewis Lake Divide,Teton,170401010104,7880.0,44.20862,-110.66628,1963-09-01 00:00,2100-01-01 00:00,0.044977511244377814,False
578:MT:SNTL,63,-0.22394506622609078,0.07766486702573569,578,MT,SNTL,Lick Creek,Gallatin,100200081001,6880.0,45.5041,-110.96625,1963-10-01 00:00,2100-01-01 00:00,0.0814592703648176,False
579:UT:SNTL,45,-0.17020465483287978,0.2636446719308537,579,UT,SNTL,Lily Lake,Summit,160101010103,9130.0,40.86493,-110.79813,1980-06-12 00:00,2100-01-01 00:00,0.2673663168415792,False
580:CO:SNTL,46,-0.016825550917286602,0.9116293004107728,580,CO,SNTL,Lily Pond,Conejos,130100020302,11070.0,37.38028,-106.54823,1979-10-01 00:00,2100-01-01 00:00,0.8985507246376812,False
582:UT:SNTL,48,-0.0575913401169885,0.6974168116053712,582,UT,SNTL,Little Bear,Cache,160102030103,6540.0,41.40562,-111.82607,1978-10-01 00:00,2100-01-01 00:00,0.7006496751624188,False
584:OR:SNTL,46,-0.4783945171494902,0.0007714709300676774,584,OR,SNTL,Little Meadows,Linn,170900060301,4020.0,44.61297,-122.22565,1978-10-01 00:00,2100-01-01 00:00,0.001999000499750125,True
585:WY:SNTL,48,-0.29135022058132465,0.04452156588742212,585,WY,SNTL,Little Warm,Fremont,100800010212,9370.0,43.50278,-109.752,1978-10-01 00:00,2100-01-01 00:00,0.047476261869065464,False
586:CO:SNTL,46,0.08142669994811487,0.5906054560906815,586,CO,SNTL,Lizard Head Pass,Dolores,140300020201,10190.0,37.79895,-107.92475,1979-10-01 00:00,2100-01-01 00:00,0.5902048975512244,False
587:CA:SNTL,48,0.04588419713716282,0.7568054030475049,587,CA,SNTL,Lobdell Lake,Mono,160503020201,9260.0,38.43745,-119.36572,1978-10-01 00:00,2100-01-01 00:00,0.750624687656172,False
588:ID:SNTL,43,-0.5122297842890958,0.0004457412929934875,588,ID,SNTL,Lolo Pass,Idaho,170102051401,5280.0,46.63448,-114.58072,1982-10-01 00:00,2100-01-01 00:00,0.0009995002498750624,True
589:CO:SNTL,46,0.189746889247126,0.20658194735979055,589,CO,SNTL,Lone Cone,San Miguel,140300030302,9730.0,37.89169,-108.19636,1979-10-01 00:00,2100-01-01 00:00,0.19490254872563717,False
590:MT:SNTL,35,-0.4625481306866283,0.0051464273413341,590,MT,SNTL,Lone Mountain,Madison,100200080201,8820.0,45.27412,-111.42692,1988-10-01 00:00,2100-01-01 00:00,0.005997001499250375,True
591:WA:SNTL,46,-0.390145775752708,0.007353105713930924,591,WA,SNTL,Lone Pine,Skamania,170800020203,3940.0,46.27143,-121.96288,1978-10-01 00:00,2100-01-01 00:00,0.01199400299850075,True
592:UT:SNTL,46,0.41687401956626163,0.0039510597963839465,592,UT,SNTL,Long Flat,Washington,160300061403,7990.0,37.51255,-113.39661,1979-09-09 00:00,2100-01-01 00:00,0.004997501249375313,True
594:ID:SNTL,45,-0.41006027284685087,0.005149120517221408,594,ID,SNTL,Lookout,Shoshone,170103020101,5180.0,47.45749,-115.70457,1978-10-01 00:00,2100-01-01 00:00,0.005497251374312844,True
596:UT:SNTL,38,-0.09170284880247176,0.5839895379254328,596,UT,SNTL,Lookout Peak,Salt Lake,160202040302,8150.0,40.83731,-111.70965,1988-06-23 00:00,2100-01-01 00:00,0.6121939030484758,False
597:WY:SNTL,46,-0.32329731222111663,0.02840890245959872,597,WY,SNTL,Loomis Park,Sublette,140401010201,8240.0,43.17387,-110.14007,1979-10-01 00:00,2100-01-01 00:00,0.030984507746126936,False
599:WA:SNTL,36,-0.2397973862609149,0.15893661811844767,599,WA,SNTL,Lost Horse,Yakima,170300030302,5100.0,46.35754,-121.0809,1989-10-01 00:00,2100-01-01 00:00,0.1539230384807596,False
600:ID:SNTL,44,-0.3691038987559754,0.013677289439142471,600,ID,SNTL,Lost Lake,Shoshone,170603080101,6090.0,47.0809,-115.9604,1979-10-01 00:00,2100-01-01 00:00,0.012993503248375811,True
601:ID:SNTL,45,-0.14743996200900977,0.33378357279193643,601,ID,SNTL,Lost-Wood Divide,Blaine,170402190304,7870.0,43.82441,-114.26404,1979-10-01 00:00,2100-01-01 00:00,0.3258370814592704,False
602:CO:SNTL,34,-0.18541272106081091,0.2937959119220897,602,CO,SNTL,Loveland Basin,Clear Creek,101900040102,11410.0,39.67428,-105.90264,1991-10-01 00:00,2100-01-01 00:00,0.2773613193403298,False
603:MT:SNTL,46,-0.11695498955461935,0.4388957149095033,603,MT,SNTL,Lower Twin,Madison,100200071101,7920.0,45.50871,-111.92288,1976-10-01 00:00,2100-01-01 00:00,0.44877561219390305,False
604:MT:SNTL,56,-0.47734715864406224,0.0001992713658466103,604,MT,SNTL,Lubrecht Flume,Missoula,170102031204,4690.0,46.88293,-113.32228,1970-10-01 00:00,2100-01-01 00:00,0.0009995002498750624,True
605:OR:SNTL,48,-0.3312882679119075,0.02144219035160337,605,OR,SNTL,Lucky Strike,Umatilla,170701030606,4970.0,45.27478,-118.8479,1978-10-01 00:00,2100-01-01 00:00,0.020989505247376312,True
606:WA:SNTL,44,-0.16124551869403939,0.2957217092596511,606,WA,SNTL,Lyman Lake,Chelan,170200090203,5990.0,48.19798,-120.91678,1978-10-01 00:00,2100-01-01 00:00,0.29985007496251875,False
607:CO:SNTL,45,-0.07232449378277145,0.6368312217265537,607,CO,SNTL,Lynx Pass,Routt,140100011001,8910.0,40.07832,-106.67095,1979-10-01 00:00,2100-01-01 00:00,0.6356821589205397,False
609:MT:SNTL,59,-0.3943621499846716,0.0019972098300605735,609,MT,SNTL,Madison Plateau,Gallatin,100200070204,7710.0,44.58623,-111.11627,1967-10-01 00:00,2100-01-01 00:00,0.00399800099950025,True
610:ID:SNTL,46,-0.15973284716393363,0.28897490270733345,610,ID,SNTL,Magic Mountain,Twin Falls,170402120601,6940.0,42.18071,-114.28665,1979-10-01 00:00,2100-01-01 00:00,0.27936031984008,False
612:UT:SNTL,47,-0.032447305619139596,0.8285867491669594,612,UT,SNTL,Mammoth-Cottonwood,Sanpete,160300040203,8710.0,39.68338,-111.31818,1978-10-01 00:00,2100-01-01 00:00,0.8200899550224887,False
613:MT:SNTL,50,-0.40100843634911726,0.0039012272900403105,613,MT,SNTL,Many Glacier,Glacier,90400010201,4930.0,48.79698,-113.6705,1976-10-01 00:00,2100-01-01 00:00,0.0069965017491254375,True
614:OR:SNTL,46,-0.5166077732131921,0.00023735741968528923,614,OR,SNTL,Marion Forks,Linn,170900050205,2590.0,44.59397,-121.97365,1979-10-01 00:00,2100-01-01 00:00,0.0004997501249375312,True
615:NV:SNTL,48,0.03410498548659416,0.817994864139927,615,NV,SNTL,Marlette Lake,Carson City,160501010201,7860.0,39.16395,-119.89672,1978-10-01 00:00,2100-01-01 00:00,0.8135932033983009,False
616:WY:SNTL,46,0.3307979093176338,0.024738074403400468,616,WY,SNTL,Marquette,Park,100800130303,8800.0,44.3016,-109.24019,1979-10-01 00:00,2100-01-01 00:00,0.025987006496751622,False
617:AZ:SNTL,46,0.46638126756355475,0.001087273432083536,617,AZ,SNTL,Maverick Fork,Apache,150601010104,9210.0,33.92123,-109.45872,1953-10-01 00:00,2100-01-01 00:00,0.0009995002498750624,True
618:CO:SNTL,46,-0.002643736591446528,0.9860877951390865,618,CO,SNTL,Mc Clure Pass,Gunnison,140200040203,8760.0,39.12899,-107.28834,1979-10-01 00:00,2100-01-01 00:00,0.984007996001999,False
619:OR:SNTL,45,-0.5359720194126539,0.00014793862884358047,619,OR,SNTL,Mckenzie,Lane,170900040207,4770.0,44.2103,-121.87292,1979-10-01 00:00,2100-01-01 00:00,0.0014992503748125937,True
620:ID:SNTL,45,-0.2463095710689465,0.10288242736916373,620,ID,SNTL,Meadow Lake,Lemhi,170602040101,9190.0,44.43655,-113.31815,1979-10-01 00:00,2100-01-01 00:00,0.11444277861069466,False
621:UT:SNTL,46,0.16411224756220352,0.27578313811218663,621,UT,SNTL,Merchant Valley,Beaver,160300070201,8710.0,38.30285,-112.43637,1980-07-23 00:00,2100-01-01 00:00,0.27886056971514245,False
622:CO:SNTL,40,0.13389638702587142,0.4101096987231571,622,CO,SNTL,Mesa Lakes,Mesa,140100051307,10160.0,39.05738,-108.05756,1985-10-01 00:00,2100-01-01 00:00,0.424287856071964,False
623:ID:SNTL,36,-0.5386993789017922,0.0007001355571040473,623,ID,SNTL,Mica Creek,Shoshone,170103040604,4480.0,47.15045,-116.26643,1989-10-01 00:00,2100-01-01 00:00,0.0004997501249375312,True
624:CO:SNTL,46,-0.0011007126993915553,0.9942074562361689,624,CO,SNTL,Middle Creek,Mineral,130100010502,11260.0,37.61779,-107.03932,1979-10-01 00:00,2100-01-01 00:00,0.9920039980009995,False
625:WY:SNTL,48,-0.10459631240268845,0.47925155217679183,625,WY,SNTL,Middle Powder,Washakie,100800080205,7760.0,43.62733,-107.18152,1978-10-01 00:00,2100-01-01 00:00,0.47926036981509246,False
626:UT:SNTL,46,0.2603030173943119,0.08061423799809243,626,UT,SNTL,Midway Valley,Iron,160300010101,9830.0,37.56933,-112.83849,1980-07-22 00:00,2100-01-01 00:00,0.07496251874062969,False
627:ID:SNTL,45,-0.33670794408123145,0.02372008846165954,627,ID,SNTL,Mill Creek Summit,Custer,170602010501,8780.0,44.47212,-114.48992,1978-10-01 00:00,2100-01-01 00:00,0.017491254372813594,True
628:UT:SNTL,38,-0.09274533452077094,0.5797032408699907,628,UT,SNTL,Mill-D North,Salt Lake,160202040201,8940.0,40.65883,-111.63683,1988-10-01 00:00,2100-01-01 00:00,0.585207396301849,False
629:CO:SNTL,48,0.10451473299015833,0.47959631159510635,629,CO,SNTL,Mineral Creek,San Juan,140801040103,10030.0,37.84737,-107.72657,1978-10-01 00:00,2100-01-01 00:00,0.47176411794102946,False
631:UT:SNTL,38,0.005262164822328871,0.9749866379011688,631,UT,SNTL,Mining Fork,Tooele,160203040503,8290.0,40.49384,-112.61141,1988-09-22 00:00,2100-01-01 00:00,0.9780109945027486,False
632:CO:SNTL,40,-0.11039243769130967,0.49769506236141553,632,CO,SNTL,Molas Lake,San Juan,140801040302,10610.0,37.74929,-107.68933,1985-10-01 00:00,2100-01-01 00:00,0.4992503748125937,False
633:CA:SNTL,36,-0.02477116298586975,0.8859715119009101,633,CA,SNTL,Monitor Pass,Alpine,160502010201,8320.0,38.6683,-119.6087,1990-10-01 00:00,2100-01-01 00:00,0.8820589705147426,False
634:UT:SNTL,48,-0.15323038371061115,0.2984404374632445,634,UT,SNTL,Monte Cristo,Cache,160102030201,8930.0,41.46547,-111.49688,1978-10-01 00:00,2100-01-01 00:00,0.28585707146426786,False
635:MT:SNTL,46,-0.423733403103022,0.003341480922660606,635,MT,SNTL,Monument Peak,Park,100700020902,8740.0,45.21759,-110.237,1976-10-01 00:00,2100-01-01 00:00,0.0024987506246876563,True
636:ID:SNTL,45,-0.18445725645177236,0.2251304337722024,636,ID,SNTL,Moonshine,Lemhi,170402170201,7490.0,44.41478,-113.39814,1979-10-01 00:00,2100-01-01 00:00,0.23088455772113944,False
637:ID:SNTL,45,-0.1848202110877928,0.22420319830210295,637,ID,SNTL,Mores Creek Summit,Boise,170501110503,6090.0,43.932,-115.66588,1978-09-30 00:00,2100-01-01 00:00,0.21389305347326337,False
638:ID:SNTL,45,-0.3840259696627851,0.009205236467443206,638,ID,SNTL,Moose Creek,Lemhi,170602030601,6170.0,45.67008,-113.95315,1979-10-01 00:00,2100-01-01 00:00,0.0069965017491254375,True
639:ID:SNTL,45,-0.3184164816993737,0.033029350242727046,639,ID,SNTL,Morgan Creek,Lemhi,170602030901,7620.0,44.84237,-114.26871,1979-10-01 00:00,2100-01-01 00:00,0.03398300849575212,False
642:WA:SNTL,45,-0.17588212493078667,0.24780873290502528,642,WA,SNTL,Morse Lake,Yakima,170300020106,5400.0,46.90585,-121.4827,1978-10-01 00:00,2100-01-01 00:00,0.25037481259370314,False
643:UT:SNTL,48,0.07427900698807756,0.615844171845815,643,UT,SNTL,Mosby Mtn.,Uintah,140600100702,9550.0,40.60798,-109.8881,1978-10-01 00:00,2100-01-01 00:00,0.5912043978010995,False
644:WA:SNTL,35,-0.26413430636498086,0.12521074127062226,644,WA,SNTL,Moses Mtn,Okanogan,170200061903,5470.0,48.36166,-119.08158,1991-10-01 00:00,2100-01-01 00:00,0.12543728135932034,False
645:ID:SNTL,45,-0.33617226453575105,0.023957533434074304,645,ID,SNTL,Mosquito Ridge,Shoshone,170103010101,5270.0,48.05726,-116.23055,1978-10-01 00:00,2100-01-01 00:00,0.030984507746126936,False
646:MT:SNTL,41,-0.3400126812509057,0.029624223667670424,646,MT,SNTL,Moss Peak,Lake,170102080404,6760.0,47.68497,-113.96239,1961-04-01 00:00,2100-01-01 00:00,0.03498250874562719,False
647:OR:SNTL,46,-0.278807725738617,0.06061113666324896,647,OR,SNTL,Moss Springs,Union,170601040702,5760.0,45.27173,-117.68747,1979-10-01 00:00,2100-01-01 00:00,0.059470264867566215,False
648:WA:SNTL,37,-0.3508024084640362,0.03327232574695264,648,WA,SNTL,Mount Crag,Jefferson,171100180601,3960.0,47.7637,-123.026,1989-10-01 00:00,2100-01-01 00:00,0.035982008995502246,False
649:MT:SNTL,58,-0.5371651640670264,1.3773160432836526e-05,649,MT,SNTL,Mount Lockhart,Teton,100302050102,6430.0,47.91727,-112.8238,1968-10-01 00:00,2100-01-01 00:00,0.0004997501249375312,True
650:ID:SNTL,46,-0.45779591648255696,0.001379037818481317,650,ID,SNTL,Mountain Meadows,Idaho,170603020301,6340.0,45.69694,-115.22972,1979-10-01 00:00,2100-01-01 00:00,0.0009995002498750624,True
651:OR:SNTL,46,-0.41305724323349186,0.004330782304073612,651,OR,SNTL,Mt Hood Test Site,Clackamas,170800010302,5380.0,45.32097,-121.7158,1979-10-01 00:00,2100-01-01 00:00,0.0069965017491254375,True
652:NV:SNTL,46,0.002806514026245954,0.9852312988606737,652,NV,SNTL,Mt Rose Ski Area,Washoe,160501020304,8810.0,39.31573,-119.89473,1980-10-01 00:00,2100-01-01 00:00,0.9885057471264368,False
653:OR:SNTL,46,-0.326462336176796,0.026808177423333884,653,OR,SNTL,Mt. Howard,Wallowa,170601050102,7840.0,45.26514,-117.17377,1979-10-01 00:00,2100-01-01 00:00,0.02848575712143928,False
655:OR:SNTL,48,-0.44391509496322495,0.0015749791532072086,655,OR,SNTL,Mud Ridge,Clackamas,170800010302,4070.0,45.25362,-121.73673,1978-10-01 00:00,2100-01-01 00:00,0.0014992503748125937,True
656:MT:SNTL,46,-0.36258768063109803,0.013270513849652324,656,MT,SNTL,Mule Creek,Beaverhead,100200041303,8300.0,45.40957,-112.95927,1977-10-01 00:00,2100-01-01 00:00,0.013993003498250875,True
657:MT:SNTL,59,-0.44931912178216177,0.0003572101246095991,657,MT,SNTL,N Fk Elk Creek,Powell,170102031204,6180.0,46.8716,-113.27725,1967-10-01 00:00,2100-01-01 00:00,0.0009995002498750624,True
658:CO:SNTL,41,0.0013107630573681826,0.9935105435509348,658,CO,SNTL,Nast Lake,Pitkin,140100040504,8710.0,39.29695,-106.60786,1985-10-01 00:00,2100-01-01 00:00,0.993503248375812,False
660:OR:SNTL,46,-0.23404052085982477,0.11746896942303545,660,OR,SNTL,New Crescent Lake,Klamath,170703020205,4910.0,43.51185,-121.97982,1979-10-01 00:00,2100-01-01 00:00,0.12093953023488256,False
661:WY:SNTL,41,-0.2976411458761941,0.05876066561399853,661,WY,SNTL,New Fork Lake,Sublette,140401020201,8380.0,43.11265,-109.94947,1984-10-01 00:00,2100-01-01 00:00,0.06896551724137931,False
662:MT:SNTL,50,-0.4124079900544494,0.0029193646743931874,662,MT,SNTL,Nez Perce Camp,Ravalli,170102050204,5670.0,45.73107,-114.48075,1967-10-01 00:00,2100-01-01 00:00,0.0029985007496251873,True
663:CO:SNTL,46,0.15362930474638603,0.30803373074622675,663,CO,SNTL,Niwot,Boulder,101900050401,9940.0,40.03581,-105.5452,1979-10-01 00:00,2100-01-01 00:00,0.303848075962019,False
664:MT:SNTL,52,-0.2746397036746098,0.04879463552475157,664,MT,SNTL,Noisy Basin,Flathead,170102080208,6070.0,48.15668,-113.9463,1961-04-01 00:00,2100-01-01 00:00,0.04997501249375312,False
665:NM:SNTL,47,0.40765444361513276,0.004452664598417234,665,NM,SNTL,North Costilla,Taos,130201010101,10570.0,36.99396,-105.25988,1978-10-01 00:00,2100-01-01 00:00,0.006496751624187906,True
666:OR:SNTL,48,-0.5210327575458832,0.00014651923444576723,666,OR,SNTL,North Fork,Multnomah,170800010503,3070.0,45.5505,-122.00283,1978-10-01 00:00,2100-01-01 00:00,0.0004997501249375312,True
667:MT:SNTL,37,-0.5019119676385324,0.0015503298598643835,667,MT,SNTL,North Fork Jocko,Missoula,170102120702,6110.0,47.27258,-113.75631,1961-04-01 00:00,2100-01-01 00:00,0.001999000499750125,True
668:WY:SNTL,48,-0.11413369813774106,0.4398616443449467,668,WY,SNTL,North French Creek,Carbon,101800020502,10150.0,41.33087,-106.37558,1962-09-01 00:00,2100-01-01 00:00,0.45527236381809094,False
669:CO:SNTL,41,-0.10465977265486352,0.5149063620945822,669,CO,SNTL,North Lost Trail,Gunnison,140100040703,9190.0,39.07818,-107.14388,1984-10-01 00:00,2100-01-01 00:00,0.5207396301849075,False
670:MT:SNTL,60,-0.3881285150681755,0.0021818797893402037,670,MT,SNTL,Northeast Entrance,Park,100700010602,7420.0,45.00568,-110.01411,1937-10-01 00:00,2100-01-01 00:00,0.0024987506246876563,True
671:OR:SNTL,46,-0.16565093232976316,0.2712439777190788,671,OR,SNTL,Ochoco Meadows,Crook,170703050201,5430.0,44.42917,-120.3311,1979-10-01 00:00,2100-01-01 00:00,0.28735632183908044,False
672:WA:SNTL,44,-0.4126535884718836,0.005374699555754964,672,WA,SNTL,Olallie Meadows,King,171100100301,4010.0,47.37406,-121.44213,1979-10-01 00:00,2100-01-01 00:00,0.0029985007496251873,True
673:WY:SNTL,46,-0.08830726704369768,0.5594974206069343,673,WY,SNTL,Old Battle,Carbon,101800020901,9840.0,41.15426,-106.96926,1962-09-01 00:00,2100-01-01 00:00,0.5602198900549725,False
675:CO:SNTL,37,-0.038404086826551775,0.8214594781767801,675,CO,SNTL,Overland Res.,Delta,140200040101,9890.0,39.09035,-107.63583,1988-10-01 00:00,2100-01-01 00:00,0.8270864567716142,False
676:WY:SNTL,46,0.18778679777744833,0.21139661946078395,676,WY,SNTL,Owl Creek,Hot Springs,100800070103,8990.0,43.65868,-109.00988,1979-10-01 00:00,2100-01-01 00:00,0.19890054972513743,False
677:ID:SNTL,45,-0.13220487675918327,0.38664931132628105,677,ID,SNTL,Oxford Spring,Oneida,160102040206,6790.0,42.26024,-112.12523,1979-10-01 00:00,2100-01-01 00:00,0.36531734132933535,False
678:NM:SNTL,21,0.33708186463161127,0.13511035760533463,678,NM,SNTL,Panchuela,San Miguel,130600010201,8360.0,35.82912,-105.66417,1979-10-01 00:00,2015-10-26 00:00,0.13343328335832083,False
679:WA:SNTL,44,-0.3549856377589484,0.01805430199250175,679,WA,SNTL,Paradise,Pierce,171100150104,5150.0,46.78266,-121.74767,1979-10-01 00:00,2100-01-01 00:00,0.020989505247376312,True
680:CO:SNTL,46,-0.1483886456805295,0.3250240487719867,680,CO,SNTL,Park Cone,Gunnison,140200010107,9600.0,38.81982,-106.58962,1979-10-01 00:00,2100-01-01 00:00,0.32983508245877063,False
681:WA:SNTL,48,-0.2126292207151229,0.14679163810344867,681,WA,SNTL,Park Creek Ridge,Chelan,170200090106,4610.0,48.44488,-120.91551,1978-10-01 00:00,2100-01-01 00:00,0.1294352823588206,False
682:CO:SNTL,48,0.08393325531370566,0.5705914482086027,682,CO,SNTL,Park Reservoir,Delta,140200050111,9990.0,39.04433,-107.87951,1978-10-01 00:00,2100-01-01 00:00,0.5617191404297851,False
683:WY:SNTL,45,-0.34114991683063933,0.021825961942638975,683,WY,SNTL,Parker Peak,Park,100700010502,9420.0,44.73396,-109.91484,1979-10-01 00:00,2100-01-01 00:00,0.027486256871564217,False
684:UT:SNTL,48,-0.11000534758417618,0.45668717882771426,684,UT,SNTL,Parleys Summit,Summit,160201020103,7590.0,40.76184,-111.62917,1978-10-01 00:00,2100-01-01 00:00,0.45177411294352826,False
686:UT:SNTL,46,0.017566415851020655,0.9077545797118314,686,UT,SNTL,Payson R.S.,Utah,160202020601,8050.0,39.92976,-111.63109,1980-06-17 00:00,2100-01-01 00:00,0.9165417291354323,False
687:OR:SNTL,45,-0.5716592487149932,4.09873912167123e-05,687,OR,SNTL,Peavine Ridge,Clackamas,170900110306,3420.0,45.04148,-121.93252,1979-10-01 00:00,2100-01-01 00:00,0.0004997501249375312,True
688:CO:SNTL,46,-0.08275530944288198,0.5845391116758297,688,CO,SNTL,Phantom Valley,Grand,140100010302,9030.0,40.39803,-105.84606,1979-10-01 00:00,2100-01-01 00:00,0.5802098950524738,False
689:WY:SNTL,46,-0.26889460744666566,0.07076476707111745,689,WY,SNTL,Phillips Bench,Teton,170401030504,8170.0,43.51687,-110.91258,1976-03-01 00:00,2100-01-01 00:00,0.06596701649175413,False
690:MT:SNTL,48,-0.2146338265721746,0.14293084962223307,690,MT,SNTL,Pickfoot Creek,Meagher,100301030501,6680.0,46.57969,-111.26812,1977-06-01 00:00,2100-01-01 00:00,0.14442778610694654,False
691:UT:SNTL,48,0.11345502974846217,0.4426037604635948,691,UT,SNTL,Pickle Keg,Sevier,160300030402,9010.0,39.01219,-111.58259,1978-10-01 00:00,2100-01-01 00:00,0.4447776111944028,False
692:WA:SNTL,45,-0.30062626007904086,0.04479270892398048,692,WA,SNTL,Pigtail Peak,Yakima,170300020301,5800.0,46.62153,-121.38643,1979-10-01 00:00,2100-01-01 00:00,0.044977511244377814,False
693:MT:SNTL,50,-0.3679694980491339,0.00856170586974026,693,MT,SNTL,Pike Creek,Pondera,100302010103,5930.0,48.30305,-113.32868,1960-10-01 00:00,2100-01-01 00:00,0.010994502748625687,True
694:UT:SNTL,42,0.2025172006011303,0.19836302775822495,694,UT,SNTL,Pine Creek,Millard,160300051307,8730.0,38.88185,-112.24915,1985-02-13 00:00,2100-01-01 00:00,0.21239380309845077,False
695:ID:SNTL,38,-0.19716801329792566,0.23541912814709404,695,ID,SNTL,Pine Creek Pass,Teton,170402040101,6710.0,43.56998,-111.21157,1988-10-01 00:00,2100-01-01 00:00,0.22188905547226387,False
696:MT:SNTL,46,-0.40207800117778675,0.005606649547072964,696,MT,SNTL,Placer Basin,Sweet Grass,100700020701,8790.0,45.41905,-110.08844,1976-10-01 00:00,2100-01-01 00:00,0.004997501249375313,True
697:CA:SNTL,46,0.05037702559797945,0.7395254940055175,697,CA,SNTL,Poison Flat,Alpine,160502010102,7730.0,38.50576,-119.62624,1980-10-01 00:00,2100-01-01 00:00,0.7316341829085458,False
698:NV:SNTL,46,-0.14686190802049082,0.3300823800654229,698,NV,SNTL,Pole Creek R.S.,Elko,170501021002,8370.0,41.87255,-115.24713,1977-02-01 00:00,2100-01-01 00:00,0.30334832583708143,False
699:WA:SNTL,45,-0.3262874553995301,0.028708599546791787,699,WA,SNTL,Pope Ridge,Chelan,170200100204,3590.0,47.9909,-120.56622,1979-10-01 00:00,2100-01-01 00:00,0.028985507246376812,False
700:MT:SNTL,50,-0.2641784316949459,0.06375891386725023,700,MT,SNTL,Porcupine,Park,100700030303,6480.0,46.11192,-110.4696,1975-10-01 00:00,2100-01-01 00:00,0.062468765617191405,False
701:CO:SNTL,48,0.07470704126238306,0.6138058637435385,701,CO,SNTL,Porphyry Creek,Gunnison,140200030105,10790.0,38.48864,-106.33967,1978-10-01 00:00,2100-01-01 00:00,0.6136931534232883,False
702:WA:SNTL,43,-0.45190517029112265,0.0023494233331030376,702,WA,SNTL,Potato Hill,Yakima,170800040303,4480.0,46.3497,-121.51415,1980-10-01 00:00,2100-01-01 00:00,0.0014992503748125937,True
703:WY:SNTL,48,-0.32257446533043566,0.025345301361927607,703,WY,SNTL,Powder River Pass,Johnson,100800080304,9480.0,44.16188,-107.12622,1949-10-01 00:00,2100-01-01 00:00,0.017991004497751123,True
705:AZ:SNTL,44,0.44430527877177545,0.002516101637928012,705,AZ,SNTL,Promontory,Coconino,150200080306,7930.0,34.36848,-111.01088,1979-10-01 00:00,2100-01-01 00:00,0.0024987506246876563,True
707:WA:SNTL,39,-0.42110095354190014,0.007593666015595217,707,WA,SNTL,Quartz Peak,Spokane,170103080302,4710.0,47.87927,-117.08938,1985-10-01 00:00,2100-01-01 00:00,0.00849575212393803,True
708:NM:SNTL,46,0.44921342762185046,0.0017383996264496513,708,NM,SNTL,Quemazon,Los Alamos,130201011303,9500.0,35.92195,-106.39179,1979-10-01 00:00,2100-01-01 00:00,0.0014992503748125937,True
709:CO:SNTL,40,-0.12360333899737491,0.44733337707463067,709,CO,SNTL,Rabbit Ears,Routt,140500010402,9390.0,40.36735,-106.74118,1985-10-01 00:00,2100-01-01 00:00,0.4367816091954023,False
711:WA:SNTL,44,-0.19943334736916468,0.19432489761771277,711,WA,SNTL,Rainy Pass,Chelan,171100050503,4880.0,48.51865,-120.7358,1979-10-01 00:00,2100-01-01 00:00,0.20439780109945027,False
712:OR:SNTL,48,-0.4158277706125352,0.003288663675896685,712,OR,SNTL,Red Hill,Hood River,170701050505,4410.0,45.4643,-121.70428,1978-10-01 00:00,2100-01-01 00:00,0.0069965017491254375,True
713:CO:SNTL,46,0.04045076260230189,0.7895389522265924,713,CO,SNTL,Red Mountain Pass,San Juan,140801040103,11060.0,37.89168,-107.71389,1979-10-01 00:00,2100-01-01 00:00,0.7906046976511744,False
714:UT:SNTL,48,-0.02345650365490652,0.8742603150913316,714,UT,SNTL,Red Pine Ridge,Emery,140600090202,8990.0,39.45197,-111.27221,1978-10-01 00:00,2100-01-01 00:00,0.8670664667666167,False
715:NM:SNTL,47,0.28957731531365116,0.04834637458502203,715,NM,SNTL,Red River Pass #2,Taos,130201010301,9840.0,36.69935,-105.34145,1978-10-01 00:00,2100-01-01 00:00,0.04897551224387806,False
716:WY:SNTL,44,0.2195741430960527,0.15211391457190945,716,WY,SNTL,Reno Hill,Natrona,101800070901,8410.0,42.57089,-106.08969,1979-10-01 00:00,2100-01-01 00:00,0.1519240379810095,False
717:CO:SNTL,40,-0.10248964277456282,0.5291477242292885,717,CO,SNTL,Ripple Creek,Rio Blanco,140500050102,10340.0,40.10844,-107.29383,1985-10-01 00:00,2100-01-01 00:00,0.5312343828085957,False
718:CO:SNTL,46,-0.08385515537731258,0.5795385628180036,718,CO,SNTL,Roach,Larimer,101800100106,9710.0,40.87498,-106.04675,1979-10-01 00:00,2100-01-01 00:00,0.5832083958020989,False
719:OR:SNTL,46,-0.4698023550648075,0.0009873039594042684,719,OR,SNTL,Roaring River,Lane,170900040302,4960.0,43.90098,-122.03063,1979-10-01 00:00,2100-01-01 00:00,0.0004997501249375312,True
720:UT:SNTL,46,-0.018751527566229775,0.9015608905406844,720,UT,SNTL,Rock Creek,Duchesne,140600030304,7880.0,40.54875,-110.69292,1980-06-12 00:00,2100-01-01 00:00,0.9010494752623688,False
722:MT:SNTL,59,-0.3556309867540543,0.005706247968355065,722,MT,SNTL,Rocker Peak,Jefferson,100200060302,7960.0,46.35613,-112.26176,1967-10-01 00:00,2100-01-01 00:00,0.006496751624187906,True
723:UT:SNTL,45,0.11002949775863143,0.47182113026892886,723,UT,SNTL,Rocky Basin-Settleme,Tooele,160203040401,8700.0,40.44293,-112.22377,1980-06-10 00:00,2100-01-01 00:00,0.4847576211894053,False
724:CA:SNTL,46,0.02379614373103406,0.8752654987246496,724,CA,SNTL,Rubicon #2,El Dorado,160501010402,7560.0,38.99927,-120.13139,1980-10-01 00:00,2100-01-01 00:00,0.8695652173913043,False
725:MT:SNTL,46,-0.26943586556417126,0.07017769877260358,725,MT,SNTL,S Fork Shields,Park,100700030301,8090.0,46.08963,-110.43367,1978-10-01 00:00,2100-01-01 00:00,0.0769615192403798,False
727:MT:SNTL,59,-0.4697694993478655,0.00017420024083900112,727,MT,SNTL,Saddle Mtn.,Beaverhead,170102050502,7890.0,45.69259,-113.96828,1967-10-01 00:00,2100-01-01 00:00,0.0004997501249375312,True
728:WA:SNTL,44,-0.15313408568066816,0.3210009030266673,728,WA,SNTL,Salmon Meadows,Okanogan,170200062003,4460.0,48.65518,-119.8383,1979-10-01 00:00,2100-01-01 00:00,0.31584207896051975,False
729:OR:SNTL,46,-0.4574431984720434,0.001392389629563005,729,OR,SNTL,Salt Creek Falls,Lane,170900010301,4220.0,43.61193,-122.11758,1979-10-01 00:00,2100-01-01 00:00,0.0024987506246876563,True
730:WY:SNTL,46,-0.13855506420211328,0.3584595826383219,730,WY,SNTL,Salt River Summit,Lincoln,170401050101,7630.0,42.5075,-110.9099,1959-10-01 00:00,2100-01-01 00:00,0.3488255872063968,False
731:WY:SNTL,44,-0.21827681835385163,0.15461093590337444,731,WY,SNTL,Sand Lake,Carbon,101800040101,10080.0,41.4625,-106.281,1979-10-01 00:00,2100-01-01 00:00,0.15642178910544727,False
732:WY:SNTL,41,-0.110897925435505,0.4900262398107104,732,WY,SNTL,Sandstone RS,Carbon,140500030208,8150.0,41.11179,-107.17043,1984-10-01 00:00,2100-01-01 00:00,0.47626186906546725,False
733:OR:SNTL,48,-0.5289598900607987,0.00011100881698230127,733,OR,SNTL,Santiam Jct.,Linn,170900040201,3740.0,44.43503,-121.94502,1978-10-01 00:00,2100-01-01 00:00,0.0004997501249375312,True
734:WA:SNTL,42,-0.3210580624301991,0.038159213614980515,734,WA,SNTL,Sasse Ridge,Kittitas,170300010104,4340.0,47.38485,-121.06323,1983-10-01 00:00,2100-01-01 00:00,0.03398300849575212,False
735:ID:SNTL,44,-0.48331734761644923,0.0008894444034117359,735,ID,SNTL,Savage Pass,Idaho,170603030208,6170.0,46.46633,-114.63333,1982-10-01 00:00,2100-01-01 00:00,0.0009995002498750624,True
736:OR:SNTL,45,-0.25870991699572315,0.08616338726431591,736,OR,SNTL,Schneider Meadows,Baker,170502010603,5400.0,45.00107,-117.16522,1980-10-01 00:00,2100-01-01 00:00,0.08495752123938032,False
737:CO:SNTL,41,-0.1684261642006221,0.2925036802911944,737,CO,SNTL,Schofield Pass,Gunnison,140100040701,10640.0,39.01467,-107.04933,1984-10-01 00:00,2100-01-01 00:00,0.29485257371314344,False
738:ID:SNTL,45,-0.246097140320287,0.10318908294302938,738,ID,SNTL,Schweitzer Basin,Bonner,170102150502,6090.0,48.37428,-116.63917,1979-10-01 00:00,2100-01-01 00:00,0.10394802598700649,False
739:CO:SNTL,40,0.21681543067780945,0.17900415639387177,739,CO,SNTL,Scotch Creek,Dolores,140300020204,9160.0,37.64562,-108.00833,1985-10-01 00:00,2100-01-01 00:00,0.17041479260369816,False
740:ID:SNTL,45,-0.30201472933904194,0.04376642628570129,740,ID,SNTL,Secesh Summit,Valley,170602080502,6530.0,45.18848,-115.97152,1979-10-01 00:00,2100-01-01 00:00,0.04597701149425287,False
741:ID:SNTL,38,-0.16073407445100496,0.33503589733021577,741,ID,SNTL,Sedgwick Peak,Bannock,170402080209,7800.0,42.52463,-111.95632,1988-10-01 00:00,2100-01-01 00:00,0.3248375812093953,False
742:UT:SNTL,47,0.1491215331390064,0.31711473418125424,742,UT,SNTL,Seeley Creek,Sanpete,140600090203,9900.0,39.31042,-111.43297,1978-10-18 00:00,2100-01-01 00:00,0.3213393303348326,False
744:NM:SNTL,46,0.5074912381542189,0.0003184416529013727,744,NM,SNTL,Senorita Divide #2,Rio Arriba,130202020102,8560.0,36.00152,-106.83408,1979-10-01 00:00,2100-01-01 00:00,0.0004997501249375312,True
745:OR:SNTL,46,-0.1756768806960061,0.24288053654145436,745,OR,SNTL,Sevenmile Marsh,Klamath,180102030104,5690.0,42.69825,-122.14165,1979-10-01 00:00,2100-01-01 00:00,0.24537731134432783,False
746:NV:SNTL,48,-0.1177478805997508,0.42541857330448735,746,NV,SNTL,Seventysix Creek,Elko,170501020108,7360.0,41.73732,-115.47215,1978-10-01 00:00,2100-01-01 00:00,0.4397801099450275,False
747:ID:SNTL,44,-0.5434945705720604,0.00013754047262112213,747,ID,SNTL,Shanghi Summit,Clearwater,170603060402,4590.0,46.56603,-115.74216,1982-10-01 00:00,2100-01-01 00:00,0.0009995002498750624,True
748:WA:SNTL,43,-0.537595510615465,0.00020115582629217317,748,WA,SNTL,Sheep Canyon,Cowlitz,170800050601,3990.0,46.19325,-122.25393,1980-10-01 00:00,2100-01-01 00:00,0.0004997501249375312,True
749:ID:SNTL,44,-0.24192743281157952,0.11361055336593336,749,ID,SNTL,Sheep Mtn.,Bingham,170402050304,6630.0,43.2103,-111.68792,1978-10-01 00:00,2100-01-01 00:00,0.09845077461269365,False
751:WY:SNTL,48,-0.3901497059019201,0.006118664379709079,751,WY,SNTL,Shell Creek,Big Horn,100800100101,9570.0,44.50012,-107.42947,1978-10-01 00:00,2100-01-01 00:00,0.005497251374312844,True
752:ID:SNTL,45,-0.6645530161712786,6.419301231361754e-07,752,ID,SNTL,Sherwin,Latah,170103040703,3190.0,46.95028,-116.33972,1979-10-01 00:00,2100-01-01 00:00,0.0004997501249375312,True
753:MT:SNTL,38,-0.11834164001906855,0.47917491834915116,753,MT,SNTL,Short Creek,Madison,100200030106,6990.0,44.97572,-111.95215,1985-10-01 00:00,2100-01-01 00:00,0.49975012493753124,False
754:MT:SNTL,61,-0.4161871744902355,0.0008498823164063503,754,MT,SNTL,Shower Falls,Gallatin,100200081001,8060.0,45.40125,-110.95758,1964-10-01 00:00,2100-01-01 00:00,0.0009995002498750624,True
756:OR:SNTL,46,-0.1741148565826346,0.24716166412040097,756,OR,SNTL,Silver Creek,Lake,171200050206,5750.0,42.95615,-121.18123,1979-10-01 00:00,2100-01-01 00:00,0.23738130934532733,False
757:NM:SNTL,46,0.5390503879532386,0.000111015335424971,757,NM,SNTL,Silver Creek Divide,Catron,150400040605,9080.0,33.3696,-108.70711,1978-10-01 00:00,2100-01-01 00:00,0.0004997501249375312,True
759:OR:SNTL,47,-0.14801096228270771,0.3207730279681012,759,OR,SNTL,Silvies,Harney,171200030201,7000.0,42.75333,-118.68785,1978-10-01 00:00,2100-01-01 00:00,0.3103448275862069,False
760:MT:SNTL,50,-0.3913593099553402,0.004948201849875414,760,MT,SNTL,Skalkaho Summit,Granite,170102021003,7260.0,46.24212,-113.7725,1966-10-01 00:00,2100-01-01 00:00,0.0079960019990005,True
761:ID:SNTL,46,-0.1650190939518515,0.2731019014501025,761,ID,SNTL,Slug Creek Divide,Caribou,170402070201,7240.0,42.56248,-111.29797,1978-10-01 00:00,2100-01-01 00:00,0.26636681659170414,False
762:CO:SNTL,46,0.07232392529489402,0.6328982185651386,762,CO,SNTL,Slumgullion,Hinsdale,140200020502,11560.0,37.99076,-107.20392,1979-10-01 00:00,2100-01-01 00:00,0.6251874062968515,False
763:UT:SNTL,48,-0.10949496886419652,0.4587912865974031,763,UT,SNTL,Smith  Morehouse,Summit,160201010203,7640.0,40.78931,-111.09192,1978-10-01 00:00,2100-01-01 00:00,0.45577211394302847,False
764:WY:SNTL,37,-0.28183366565391493,0.09103983327150326,764,WY,SNTL,Snake River Station,Teton,170401010402,6900.0,44.13361,-110.66917,1989-10-01 00:00,2100-01-01 00:00,0.10044977511244378,False
765:WY:SNTL,45,-0.26042652959273493,0.08402633882522732,765,WY,SNTL,Snider Basin,Sublette,140401010906,8080.0,42.4949,-110.53203,1980-09-15 00:00,2100-01-01 00:00,0.08095952023988005,False
766:UT:SNTL,37,-0.13062346860435872,0.4409494247147174,766,UT,SNTL,Snowbird,Salt Lake,160202040202,9170.0,40.56914,-111.65852,1989-08-23 00:00,2100-01-01 00:00,0.4267866066966517,False
767:OR:SNTL,48,-0.1101306702238564,0.4561713218328725,767,OR,SNTL,Snow Mountain,Harney,171200020501,6230.0,43.94885,-119.54013,1978-10-01 00:00,2100-01-01 00:00,0.45377311344327836,False
769:ID:SNTL,40,-0.25844913030300626,0.10734654904332631,769,ID,SNTL,Soldier R.S.,Camas,170402200303,5780.0,43.48407,-114.82692,1985-10-01 00:00,2100-01-01 00:00,0.10844577711144428,False
770:ID:SNTL,46,-0.19414195205922805,0.1960668281506342,770,ID,SNTL,Somsen Ranch,Caribou,170402070101,6830.0,42.95275,-111.35933,1978-10-01 00:00,2100-01-01 00:00,0.20339830084957522,False
771:CA:SNTL,48,0.03155647707339751,0.831389659453389,771,CA,SNTL,Sonora Pass,Mono,160503020104,8770.0,38.31021,-119.6003,1978-10-01 00:00,2100-01-01 00:00,0.8460769615192404,False
772:WY:SNTL,46,-0.014620823929600183,0.9231716767730805,772,WY,SNTL,South Brush Creek,Carbon,101800020303,8480.0,41.3295,-106.5025,1976-02-01 00:00,2100-01-01 00:00,0.9180409795102449,False
773:CO:SNTL,35,0.27627199248203826,0.10815687338746731,773,CO,SNTL,South Colony,Custer,110200011206,10790.0,37.96647,-105.53671,1990-10-01 00:00,2100-01-01 00:00,0.111944027986007,False
774:ID:SNTL,45,-0.18997146733474737,0.2113266390183914,774,ID,SNTL,South Mtn.,Owyhee,170501080205,6650.0,42.76476,-116.90029,1978-10-01 00:00,2100-01-01 00:00,0.21539230384807595,False
775:WY:SNTL,41,-0.08939657293347927,0.5783270423340887,775,WY,SNTL,South Pass,Fremont,100800030101,9040.0,42.57314,-108.84324,1984-10-01 00:00,2100-01-01 00:00,0.592703648175912,False
776:WA:SNTL,43,-0.4390988691338876,0.0032217902479306695,776,WA,SNTL,Spencer Meadow,Skamania,170800020108,3400.0,46.1795,-121.92661,1980-10-01 00:00,2100-01-01 00:00,0.0034982508745627187,True
779:WY:SNTL,46,-0.2863096383302092,0.05373060390844498,779,WY,SNTL,Spring Creek Divide,Sublette,140401011001,9020.0,42.52516,-110.66148,1978-10-01 00:00,2100-01-01 00:00,0.04397801099450275,False
780:CO:SNTL,40,0.07321753454791846,0.6534403600854808,780,CO,SNTL,Spud Mountain,San Juan,140801040203,10660.0,37.69883,-107.77841,1985-10-01 00:00,2100-01-01 00:00,0.6561719140429785,False
781:MT:SNTL,60,-0.4723049707428309,0.0001389272225455008,781,MT,SNTL,Spur Park,Judith Basin,100401030301,8080.0,46.77962,-110.62165,1966-10-01 00:00,2100-01-01 00:00,0.0004997501249375312,True
782:ID:SNTL,45,-0.12213447569354305,0.4241475509130282,782,ID,SNTL,Puhi Flat,Adams,170501240401,6240.0,44.77091,-116.24805,1979-10-01 00:00,2100-01-01 00:00,0.43478260869565216,False
783:MT:SNTL,35,-0.5498749690985261,0.0006221250619914212,783,MT,SNTL,Sleeping Woman,Sanders,170102120708,6120.0,47.17902,-114.33371,1988-10-01 00:00,2100-01-01 00:00,0.0009995002498750624,True
784:CA:SNTL,46,0.05359824635281758,0.7235103869520428,784,CA,SNTL,Palisades Tahoe,Placer,160501020202,8010.0,39.18986,-120.26576,1979-10-01 00:00,2100-01-01 00:00,0.7186406796601699,False
786:WY:SNTL,43,0.3444505474957226,0.023705560427840614,786,WY,SNTL,St. Lawrence Alt,Fremont,100800020105,8610.0,43.03312,-109.17021,1983-10-01 00:00,2100-01-01 00:00,0.025987006496751622,False
787:MT:SNTL,51,-0.2328430383891048,0.10011512026709805,787,MT,SNTL,Stahl Peak,Lincoln,170101010801,6040.0,48.90902,-114.86298,1968-10-01 00:00,2100-01-01 00:00,0.10294852573713144,False
788:WA:SNTL,44,-0.44177523211688197,0.0026806150053036554,788,WA,SNTL,Stampede Pass,King,171100130103,3850.0,47.27427,-121.34162,1979-10-01 00:00,2100-01-01 00:00,0.001999000499750125,True
790:UT:SNTL,48,0.0025125978235096616,0.9864773520932573,790,UT,SNTL,Steel Creek Park,Summit,140401070203,10140.0,40.90862,-110.50462,1978-10-01 00:00,2100-01-01 00:00,0.9885057471264368,False
791:WA:SNTL,46,-0.38468709433795173,0.00829774067657152,791,WA,SNTL,Stevens Pass,King,171100090102,3940.0,47.74607,-121.09288,1979-10-01 00:00,2100-01-01 00:00,0.009495252373813094,True
792:ID:SNTL,46,-0.0927820318144031,0.539687603013568,792,ID,SNTL,Stickney Mill,Custer,170402180303,7440.0,43.86117,-114.20902,1979-10-01 00:00,2100-01-01 00:00,0.5332333833083458,False
793:CO:SNTL,41,-0.04327610214077691,0.7881924144234991,793,CO,SNTL,Stillwater Creek,Grand,140100010306,8760.0,40.22532,-105.9198,1985-10-01 00:00,2100-01-01 00:00,0.7741129435282359,False
795:UT:SNTL,48,-0.07522691296075222,0.6113341009218813,795,UT,SNTL,Strawberry Divide,Wasatch,140600040103,8100.0,40.16483,-111.20665,1978-10-01 00:00,2100-01-01 00:00,0.6066966516741629,False
797:CO:SNTL,40,0.18225289393297223,0.26034502311149055,797,CO,SNTL,Stump Lakes,La Plata,140801040702,11230.0,37.47647,-107.63348,1985-10-01 00:00,2100-01-01 00:00,0.2413793103448276,False
798:WY:SNTL,48,-0.14469908964144637,0.32646666358756204,798,WY,SNTL,Sucker Creek,Sheridan,100901010203,8840.0,44.72279,-107.40035,1978-10-01 00:00,2100-01-01 00:00,0.33683158420789605,False
800:OR:SNTL,48,-0.07760667037587515,0.6000742932798193,800,OR,SNTL,Summer Rim,Lake,180102020103,7080.0,42.6957,-120.80158,1978-10-01 00:00,2100-01-01 00:00,0.5902048975512244,False
801:OR:SNTL,46,-0.30136564381227215,0.0418208221913091,801,OR,SNTL,Summit Lake,Klamath,170703020203,5610.0,43.44907,-122.13808,1978-10-01 00:00,2100-01-01 00:00,0.03948025987006497,False
802:CO:SNTL,45,-0.10753311583554612,0.481994781109918,802,CO,SNTL,Summit Ranch,Summit,140100020502,9350.0,39.71803,-106.1577,1979-10-01 00:00,2100-01-01 00:00,0.47276361819090457,False
803:ID:SNTL,45,-0.4020998024415517,0.006179728928681261,803,ID,SNTL,Sunset,Shoshone,170103020102,5570.0,47.55545,-115.82422,1978-10-01 00:00,2100-01-01 00:00,0.006496751624187906,True
804:WA:SNTL,47,-0.34728087815316216,0.016770935635730132,804,WA,SNTL,Surprise Lakes,Skamania,170800020107,4280.0,46.09497,-121.76345,1978-10-01 00:00,2100-01-01 00:00,0.014992503748125937,True
805:ID:SNTL,45,-0.07213169169648845,0.6377321567087858,805,ID,SNTL,Swede Peak,Blaine,170402210301,7640.0,43.626,-113.96887,1978-10-01 00:00,2100-01-01 00:00,0.6361819090454772,False
806:WY:SNTL,46,-0.3628113832377909,0.013209630081411931,806,WY,SNTL,Sylvan Lake,Park,100700010404,8440.0,44.47764,-110.15651,1978-10-01 00:00,2100-01-01 00:00,0.009495252373813094,True
807:WY:SNTL,39,-0.40751002264698044,0.010025486517451965,807,WY,SNTL,Sylvan Road,Park,100800120103,7140.0,44.47825,-110.03808,1986-10-01 00:00,2100-01-01 00:00,0.010994502748625687,True
809:CA:SNTL,45,0.05718802512212601,0.7090448579550388,809,CA,SNTL,Tahoe City Cross,Placer,160501010101,6760.0,39.17162,-120.15362,1980-10-01 00:00,2100-01-01 00:00,0.7166416791604198,False
812:OR:SNTL,47,-0.2185148925249116,0.14004537154079547,812,OR,SNTL,Taylor Green,Baker,170601040502,5730.0,45.07707,-117.55067,1978-10-01 00:00,2100-01-01 00:00,0.136431784107946,False
813:MT:SNTL,55,-0.23645294806153333,0.08220300643090489,813,MT,SNTL,Tepee Creek,Madison,100200070602,7950.0,44.78562,-111.71,1971-10-01 00:00,2100-01-01 00:00,0.09295352323838081,False
814:UT:SNTL,38,-0.0674982455969061,0.687207595158084,814,UT,SNTL,Thaynes Canyon,Summit,160201020101,9260.0,40.6235,-111.53322,1988-06-20 00:00,2100-01-01 00:00,0.6896551724137931,False
815:OR:SNTL,46,-0.2765247824916356,0.0628393978863424,815,OR,SNTL,Three Creeks Meadow,Deschutes,170703010601,5680.0,44.14425,-121.64095,1979-10-01 00:00,2100-01-01 00:00,0.06646676661669165,False
816:WY:SNTL,39,-0.35823916775103515,0.025135204149871318,816,WY,SNTL,Thumb Divide,Teton,100700010409,7970.0,44.36917,-110.57717,1987-09-30 00:00,2100-01-01 00:00,0.025987006496751622,False
817:WA:SNTL,38,-0.4052590960700687,0.011600375930618405,817,WA,SNTL,Thunder Basin,Skagit,171100050702,4310.0,48.52753,-120.9895,1987-09-30 00:00,2100-01-01 00:00,0.013493253373313344,True
818:WY:SNTL,32,-0.20192817808213587,0.2677336808651732,818,WY,SNTL,Tie Creek,Sheridan,100901010205,7050.0,44.81243,-107.41017,1994-08-01 00:00,2100-01-01 00:00,0.2658670664667666,False
819:WY:SNTL,39,0.4415870713924113,0.004889163625726854,819,WY,SNTL,Timber Creek,Park,100800090210,7910.0,44.0274,-109.17879,1967-08-01 00:00,2100-01-01 00:00,0.0029985007496251873,True
820:UT:SNTL,48,-0.07946647762195347,0.5913383401466756,820,UT,SNTL,Timpanogos Divide,Utah,160202010802,8180.0,40.42817,-111.61633,1978-10-01 00:00,2100-01-01 00:00,0.5912043978010995,False
821:OR:SNTL,46,-0.18933664237025208,0.2075832408541422,821,OR,SNTL,Tipton,Baker,170502020101,5150.0,44.65567,-118.42617,1978-10-01 00:00,2100-01-01 00:00,0.2013993003498251,False
822:WY:SNTL,46,-0.3472977287067568,0.018040054233009407,822,WY,SNTL,Togwotee Pass,Teton,100800010201,9590.0,43.74902,-110.0578,1960-10-01 00:00,2100-01-01 00:00,0.02348825587206397,False
823:UT:SNTL,48,-0.22352270637153862,0.12671499331638994,823,UT,SNTL,Tony Grove Lake,Cache,160102030304,8450.0,41.89833,-111.62957,1978-10-01 00:00,2100-01-01 00:00,0.11894052973513243,False
824:WA:SNTL,45,-0.40619843226030516,0.0056286947582978265,824,WA,SNTL,Touchet,Columbia,170701020303,5520.0,46.11868,-117.8505,1979-10-01 00:00,2100-01-01 00:00,0.004997501249375313,True
825:CO:SNTL,47,-0.16153971368254627,0.2780177158585201,825,CO,SNTL,Tower,Routt,140500010407,10610.0,40.5374,-106.67655,1978-10-01 00:00,2100-01-01 00:00,0.2933533233383308,False
826:WY:SNTL,46,0.24511304310463902,0.1006231442900406,826,WY,SNTL,Townsend Creek,Fremont,100800030203,8720.0,42.69525,-108.89572,1979-10-01 00:00,2100-01-01 00:00,0.09995002498750624,False
827:CO:SNTL,41,-0.14916601687337672,0.35195038549734586,827,CO,SNTL,Trapper Lake,Garfield,140500050101,9750.0,39.99881,-107.23618,1985-10-01 00:00,2100-01-01 00:00,0.3583208395802099,False
828:UT:SNTL,48,-0.1522046486967864,0.30172531139001035,828,UT,SNTL,Trial Lake,Summit,160202030102,9970.0,40.678,-110.94873,1978-10-01 00:00,2100-01-01 00:00,0.30184907546226886,False
829:CO:SNTL,37,0.4056976058591587,0.012730025452171447,829,CO,SNTL,Trinchera,Costilla,130100020601,10860.0,37.35296,-105.23259,1988-10-01 00:00,2100-01-01 00:00,0.008995502248875561,True
830:ID:SNTL,46,-0.18193994930575863,0.22622194955472089,830,ID,SNTL,Trinity Mtn.,Elmore,170501110703,7790.0,43.62903,-115.43818,1978-10-01 00:00,2100-01-01 00:00,0.23288355822088955,False
831:WY:SNTL,41,-0.36111743855295364,0.02035932712267007,831,WY,SNTL,Triple Peak,Sublette,140401010503,8520.0,42.76393,-110.5914,1984-10-01 00:00,2100-01-01 00:00,0.022988505747126436,False
832:WA:SNTL,48,0.1642394209802314,0.264642531904262,832,WA,SNTL,Trough,Kittitas,170200100402,5480.0,47.23328,-120.29412,1978-10-01 00:00,2100-01-01 00:00,0.26036981509245377,False
833:UT:SNTL,48,0.17825551211712476,0.22544607643958844,833,UT,SNTL,Trout Creek,Uintah,140600100802,9440.0,40.739,-109.6728,1978-10-01 00:00,2100-01-01 00:00,0.22038980509745126,False
834:CA:SNTL,46,0.05682005398719932,0.7076084341995635,834,CA,SNTL,Truckee #2,Placer,160501020204,6500.0,39.30087,-120.18407,1980-10-01 00:00,2100-01-01 00:00,0.7066466766616691,False
835:MT:SNTL,59,-0.4999084161906417,5.5473964688108945e-05,835,MT,SNTL,Twelvemile Creek,Ravalli,170102050601,5530.0,46.14287,-114.44755,1967-10-01 00:00,2100-01-01 00:00,0.0004997501249375312,True
836:MT:SNTL,59,-0.5204836620098151,2.382716196362101e-05,836,MT,SNTL,Twin Lakes,Ravalli,170102050601,6380.0,46.1438,-114.5056,1967-10-01 00:00,2100-01-01 00:00,0.0004997501249375312,True
837:WY:SNTL,46,-0.3455872844408885,0.01865413157087139,837,WY,SNTL,Two Ocean Plateau,Teton,170401010201,9240.0,44.15178,-110.22122,1979-10-01 00:00,2100-01-01 00:00,0.014992503748125937,True
838:CO:SNTL,47,-0.04345753201704214,0.7717823341403072,838,CO,SNTL,University Camp,Boulder,101900050401,10330.0,40.03307,-105.57562,1978-10-01 00:00,2100-01-01 00:00,0.7766116941529235,False
839:CO:SNTL,40,0.25046636459602234,0.11903879239376744,839,CO,SNTL,Upper Rio Grande,Hinsdale,130100010106,9370.0,37.72172,-107.25971,1985-10-01 00:00,2100-01-01 00:00,0.12043978010994502,False
840:CO:SNTL,48,0.06520770314221358,0.6596960889795358,840,CO,SNTL,Upper San Juan,Mineral,140801010203,10140.0,37.48563,-106.83528,1978-10-01 00:00,2100-01-01 00:00,0.6611694152923538,False
841:WA:SNTL,45,-0.057542471335512164,0.7073215867380694,841,WA,SNTL,Upper Wheeler,Chelan,170200100310,4330.0,47.28734,-120.37015,1979-10-01 00:00,2100-01-01 00:00,0.7101449275362319,False
842:CO:SNTL,48,-0.021913526654638603,0.8824713588955776,842,CO,SNTL,Vail Mountain,Eagle,140100030102,10290.0,39.61765,-106.38019,1978-10-01 00:00,2100-01-01 00:00,0.8855572213893054,False
843:CO:SNTL,40,0.14633555798310607,0.36757591454465616,843,CO,SNTL,Vallecito,La Plata,140801011105,10740.0,37.48524,-107.50748,1985-10-01 00:00,2100-01-01 00:00,0.38830584707646176,False
844:UT:SNTL,48,0.13961005353472952,0.34394652169094986,844,UT,SNTL,Vernon Creek,Tooele,160203040102,7310.0,39.93667,-112.41478,1978-10-01 00:00,2100-01-01 00:00,0.3458270864567716,False
845:ID:SNTL,46,-0.13526395039784322,0.3700999530576903,845,ID,SNTL,Vienna Mine,Blaine,170602010201,8930.0,43.79942,-114.85273,1978-10-01 00:00,2100-01-01 00:00,0.37181409295352325,False
846:CA:SNTL,48,0.031221341106294605,0.8331547276906525,846,CA,SNTL,Virginia Lakes Ridge,Mono,160503010103,9400.0,38.07298,-119.23433,1978-10-01 00:00,2100-01-01 00:00,0.8295852073963018,False
847:MT:SNTL,58,-0.48376909927276596,0.00011948958155814477,847,MT,SNTL,Waldron,Teton,100302050102,5640.0,47.91998,-112.79087,1968-10-01 00:00,2100-01-01 00:00,0.0004997501249375312,True
848:CA:SNTL,47,0.05555361747499613,0.7107213282724414,848,CA,SNTL,Ward Creek #3,Placer,160501010403,6750.0,39.13545,-120.21865,1979-10-01 00:00,2100-01-01 00:00,0.704647676161919,False
849:NV:SNTL,46,0.19360507204363608,0.1973305982386863,849,NV,SNTL,Ward Mountain,White Pine,150100110105,9170.0,39.13242,-114.95575,1980-10-01 00:00,2100-01-01 00:00,0.2098950524737631,False
850:MT:SNTL,49,-0.2956197994902705,0.03918295601968508,850,MT,SNTL,Warm Springs,Granite,170102010302,7840.0,46.27368,-113.164,1977-07-01 00:00,2100-01-01 00:00,0.043478260869565216,False
852:WY:SNTL,46,-0.09162448718875017,0.5447793865415264,852,WY,SNTL,Webber Springs,Carbon,101800020406,9250.0,41.1591,-106.92809,1976-02-01 00:00,2100-01-01 00:00,0.5212393803098451,False
853:UT:SNTL,46,0.28650861165958447,0.05355706759007301,853,UT,SNTL,Webster Flat,Iron,150100080101,9150.0,37.575,-112.90155,1980-07-22 00:00,2100-01-01 00:00,0.049475262368815595,False
854:NM:SNTL,37,0.48318356023649534,0.002451223070999545,854,NM,SNTL,Wesner Springs,San Miguel,130600010802,11110.0,35.77584,-105.54337,1988-10-01 00:00,2100-01-01 00:00,0.0024987506246876563,True
855:ID:SNTL,46,-0.2826718545995437,0.05698398125288632,855,ID,SNTL,West Branch,Adams,170501240201,5590.0,45.0722,-116.45413,1979-10-01 00:00,2100-01-01 00:00,0.05897051474262868,False
857:CO:SNTL,46,0.2678166404666047,0.07194554742612076,857,CO,SNTL,Whiskey Ck,Las Animas,110200100102,10260.0,37.21423,-105.12262,1979-10-01 00:00,2100-01-01 00:00,0.07146426786606697,False
858:MT:SNTL,55,-0.423147899627816,0.0012875833451507143,858,MT,SNTL,Whiskey Creek,Gallatin,100200070203,6790.0,44.61088,-111.14998,1967-10-01 00:00,2100-01-01 00:00,0.0014992503748125937,True
859:WY:SNTL,40,-0.18046011508744184,0.2651430901136757,859,WY,SNTL,Whiskey Park,Carbon,140500030102,8950.0,41.00368,-106.90795,1985-10-01 00:00,2100-01-01 00:00,0.25037481259370314,False
860:ID:SNTL,45,-0.2171931285840828,0.1518154022187831,860,ID,SNTL,White Elephant,Fremont,170402020305,7670.0,44.53267,-111.41085,1979-10-01 00:00,2100-01-01 00:00,0.14942528735632185,False
862:MT:SNTL,53,-0.40638294447876183,0.0025323940555481805,862,MT,SNTL,White Mill,Park,100700060202,8730.0,45.04575,-109.90987,1966-10-01 00:00,2100-01-01 00:00,0.0034982508745627187,True
863:WA:SNTL,45,-0.2944557613991593,0.049593011325509355,863,WA,SNTL,White Pass E.S.,Yakima,170300020301,4440.0,46.64142,-121.38153,1979-10-01 00:00,2100-01-01 00:00,0.0399800099950025,False
864:UT:SNTL,47,-0.019284164063819734,0.8976286950260183,864,UT,SNTL,White River #1,Wasatch,140600070102,8620.0,39.9645,-110.98845,1978-10-01 00:00,2100-01-01 00:00,0.8960519740129935,False
865:UT:SNTL,48,0.36599400673109816,0.01051902110193022,865,UT,SNTL,Widtsoe #3,Garfield,160300020403,9640.0,37.83633,-111.88163,1978-10-01 00:00,2100-01-01 00:00,0.009995002498750625,True
867:ID:SNTL,45,-0.17095919894080633,0.26150213612027423,867,ID,SNTL,Wildhorse Divide,Bannock,170402080504,6480.0,42.75743,-112.47783,1979-10-01 00:00,2100-01-01 00:00,0.24687656171914044,False
868:WY:SNTL,45,-0.2483681046001024,0.09994691668121126,868,WY,SNTL,Willow Creek,Lincoln,170401050204,8060.0,42.81513,-110.83515,1979-10-01 00:00,2100-01-01 00:00,0.09945027486256872,False
869:CO:SNTL,48,-0.20115435883377808,0.17038661726627863,869,CO,SNTL,Willow Creek Pass,Grand,140100010102,9520.0,40.34734,-106.0952,1978-10-01 00:00,2100-01-01 00:00,0.175912043978011,False
870:CO:SNTL,46,-0.12097835770730486,0.42319994038999825,870,CO,SNTL,Willow Park,Larimer,101900060204,10710.0,40.43397,-105.73588,1979-10-01 00:00,2100-01-01 00:00,0.43228385807096453,False
871:ID:SNTL,36,-0.18792602456509297,0.2723889460681992,871,ID,SNTL,Wilson Creek,Twin Falls,170402130202,7110.0,42.01257,-115.00278,1989-10-01 00:00,2100-01-01 00:00,0.28235882058970513,False
872:WY:SNTL,44,0.16958297855117013,0.2711155984789679,872,WY,SNTL,Windy Peak,Albany,101800080802,7890.0,42.27991,-105.57782,1979-10-01 00:00,2100-01-01 00:00,0.25287356321839083,False
873:OR:SNTL,48,-0.22063973395646738,0.13181490597389386,873,OR,SNTL,Wolf Creek,Union,170502030601,5730.0,45.06704,-118.15185,1978-10-01 00:00,2100-01-01 00:00,0.12143928035982009,False
874:CO:SNTL,40,0.060826215958627826,0.7092634113033994,874,CO,SNTL,Wolf Creek Summit,Mineral,140801010203,10930.0,37.47903,-106.80234,1985-10-01 00:00,2100-01-01 00:00,0.7161419290354822,False
875:WY:SNTL,46,-0.23290102318294642,0.11931705920330592,875,WY,SNTL,Wolverine,Park,100700060104,7660.0,44.80417,-109.657,1979-10-01 00:00,2100-01-01 00:00,0.11794102948525736,False
876:MT:SNTL,48,-0.42537916501335205,0.0025780945643542547,876,MT,SNTL,Wood Creek,Lewis and Clark,100301040202,5970.0,47.44847,-112.81428,1978-10-01 00:00,2100-01-01 00:00,0.0024987506246876563,True
878:WY:SNTL,43,-0.331602969736207,0.029835459123589293,878,WY,SNTL,Younts Peak,Park,100800130103,8340.0,43.93225,-109.81775,1979-10-01 00:00,2100-01-01 00:00,0.031484257871064465,False
893:MT:SNTL,38,-0.07535541629248028,0.652966545692525,893,MT,SNTL,Tizer Basin,Jefferson,100301010701,6880.0,46.34937,-111.85308,1987-10-01 00:00,2100-01-01 00:00,0.6541729135432284,False
895:ID:SNTL,33,-0.15237534242069037,0.39725279130949587,895,ID,SNTL,Chocolate Gulch,Blaine,170402190301,6310.0,43.7685,-114.41812,1992-10-01 00:00,2100-01-01 00:00,0.40729635182408797,False
896:UT:SNTL,33,-0.07365597964914335,0.6837431260055088,896,UT,SNTL,Hardscrabble,Morgan,160201020105,7270.0,40.86833,-111.71865,1993-10-01 00:00,2100-01-01 00:00,0.7056471764117941,False
897:WA:SNTL,33,-0.48747841980217566,0.004008981808162149,897,WA,SNTL,Meadows Pass,King,171100120101,3230.0,47.28312,-121.47197,1993-10-01 00:00,2100-01-01 00:00,0.004497751124437781,True
898:WA:SNTL,33,-0.537968136937766,0.0012419566534398385,898,WA,SNTL,Mount Gardner,King,171100120103,2930.0,47.35768,-121.56812,1993-10-01 00:00,2100-01-01 00:00,0.0014992503748125937,True
899:WA:SNTL,33,-0.4190065596401806,0.015221609844532967,899,WA,SNTL,Tinkham Creek,King,171100120101,3000.0,47.33198,-121.46975,1993-10-01 00:00,2100-01-01 00:00,0.011494252873563218,True
901:MT:SNTL,32,-0.5527083884164326,0.0010365524295205936,901,MT,SNTL,Stuart Mountain,Missoula,170102040102,7270.0,46.99521,-113.92667,1994-07-26 00:00,2100-01-01 00:00,0.0014992503748125937,True
903:MT:SNTL,32,-0.5486093543449014,0.0011495278422112066,903,MT,SNTL,Nevada Ridge,Lewis and Clark,170102030302,7030.0,46.84234,-112.50787,1977-10-01 00:00,2100-01-01 00:00,0.0014992503748125937,True
904:CO:SNTL,32,0.16715718178380679,0.36049639425397495,904,CO,SNTL,Columbus Basin,La Plata,140801050101,10780.0,37.44146,-108.02468,1994-08-30 00:00,2100-01-01 00:00,0.36431784107946025,False
905:CO:SNTL,32,0.16703145886367002,0.360862934446306,905,CO,SNTL,Mancos,Montezuma,140801070102,10020.0,37.43109,-108.17005,1994-08-30 00:00,2100-01-01 00:00,0.3363318340829585,False
906:UT:SNTL,32,0.14694031935913937,0.42225263959259995,906,UT,SNTL,Dry Fork,Salt Lake,160202040106,7180.0,40.56533,-112.17343,1994-10-01 00:00,2100-01-01 00:00,0.40879560219890054,False
907:UT:SNTL,32,0.21263447423332338,0.24264269982288836,907,UT,SNTL,Agua Canyon,Kane,160300020301,8890.0,37.52217,-112.27118,1994-10-01 00:00,2100-01-01 00:00,0.2273863068465767,False
908:WA:SNTL,32,-0.49499745324262534,0.003973333488139774,908,WA,SNTL,Alpine Meadows,King,171100100501,3500.0,47.77957,-121.69847,1994-09-01 00:00,2100-01-01 00:00,0.004497751124437781,True
909:WA:SNTL,31,-0.39589843647625883,0.027478602022074475,909,WA,SNTL,Wells Creek,Whatcom,171100040103,4040.0,48.8661,-121.78976,1995-08-24 00:00,2100-01-01 00:00,0.02798600699650175,False
910:WA:SNTL,31,-0.517775269675946,0.002851313864784071,910,WA,SNTL,Elbow Lake,Whatcom,171100040401,3050.0,48.69092,-121.90893,1995-08-24 00:00,2100-01-01 00:00,0.001999000499750125,True
911:WA:SNTL,31,-0.4377289837454497,0.01378905652546921,911,WA,SNTL,Rex River,King,171100120102,3810.0,47.30218,-121.60475,1995-08-28 00:00,2100-01-01 00:00,0.009995002498750625,True
912:WA:SNTL,31,-0.5545002297044914,0.0012078824543644126,912,WA,SNTL,Skookum Creek,King,171100100503,3320.0,47.68433,-121.61007,1995-08-28 00:00,2100-01-01 00:00,0.0009995002498750624,True
913:CO:SNTL,31,-0.06282284863867195,0.7370664550736639,913,CO,SNTL,Buffalo Park,Grand,140100010706,9240.0,40.22838,-106.5962,1995-09-01 00:00,2100-01-01 00:00,0.7386306846576711,False
915:ID:SNTL,30,-0.18260345843214218,0.3341367395813814,915,ID,SNTL,Schwartz Lake,Lemhi,170602040604,8620.0,44.84618,-113.83732,1995-09-26 00:00,2100-01-01 00:00,0.33033483258370816,False
916:MT:SNTL,30,-0.17668801448208551,0.3502957873012935,916,MT,SNTL,Albro Lake,Madison,100200050701,8500.0,45.59723,-111.95902,1996-09-01 00:00,2100-01-01 00:00,0.3378310844577711,False
917:MT:SNTL,59,-0.3763627650132393,0.003304469914001032,917,MT,SNTL,Rocky Boy,Hill,100500040101,4730.0,48.17478,-109.64728,1967-10-01 00:00,2100-01-01 00:00,0.004497751124437781,True
918:MT:SNTL,58,-0.3599116513594405,0.005520272095159314,918,MT,SNTL,Garver Creek,Lincoln,170101030202,4250.0,48.97523,-115.81915,1968-10-01 00:00,2100-01-01 00:00,0.0034982508745627187,True
919:MT:SNTL,31,-0.19971623892955417,0.2814018467380912,919,MT,SNTL,Daisy Peak,Meagher,100402010106,7590.0,46.66858,-110.33022,1977-09-01 00:00,2100-01-01 00:00,0.28735632183908044,False
920:SD:SNTL,30,-0.08820477662362922,0.643010140159898,920,SD,SNTL,North Rapid Creek,Lawrence,101201100101,6150.0,44.20617,-103.78758,1996-08-09 00:00,2100-01-01 00:00,0.6591704147926037,False
922:NM:SNTL,30,0.525101609086981,0.0028876830403266615,922,NM,SNTL,Santa Fe,Santa Fe,130202010102,11480.0,35.77154,-105.78487,1996-10-01 00:00,2100-01-01 00:00,0.0024987506246876563,True
923:WY:SNTL,28,0.0709523720517851,0.7197596683999989,923,WY,SNTL,Deer Park,Fremont,100800030101,9690.0,42.59076,-108.90273,1997-08-14 00:00,2100-01-01 00:00,0.7241379310344828,False
924:MT:SNTL,60,-0.37526212703964895,0.0031326233742968424,924,MT,SNTL,West Yellowstone,Gallatin,100200070205,6680.0,44.65866,-111.09199,1966-10-01 00:00,2100-01-01 00:00,0.0029985007496251873,True
926:ID:SNTL,25,-0.26933765275440164,0.19293037159086035,926,ID,SNTL,Smiley Mountain,Custer,170402180102,9540.0,43.72718,-113.83402,2001-09-19 00:00,2100-01-01 00:00,0.1969015492253873,False
927:AZ:SNTL,29,0.16910688707530774,0.3805132989335336,927,AZ,SNTL,Snowslide Canyon,Coconino,150200160201,9720.0,35.34179,-111.65084,1997-09-01 00:00,2100-01-01 00:00,0.3773113443278361,False
929:MT:SNTL,27,-0.06044329821478028,0.7645700615540356,929,MT,SNTL,Sacajawea,Gallatin,100700030403,6610.0,45.87395,-110.92783,1999-09-30 00:00,2100-01-01 00:00,0.7566216891554223,False
930:MT:SNTL,56,-0.3015017170834385,0.023934756895374783,930,MT,SNTL,Peterson Meadows,Granite,170102020101,7190.0,46.12588,-113.30792,1965-10-01 00:00,2100-01-01 00:00,0.0239880059970015,False
931:WY:SNTL,28,0.02767172770411168,0.8888372570152421,931,WY,SNTL,Big Goose,Sheridan,100901010103,8010.0,44.57922,-107.20068,1998-07-22 00:00,2100-01-01 00:00,0.8990504747626187,False
932:MT:SNTL,47,-0.5245739033265175,0.00015367816925784407,932,MT,SNTL,Poorman Creek,Lincoln,170101011301,5050.0,48.12632,-115.6234,1968-10-01 00:00,2100-01-01 00:00,0.0004997501249375312,True
934:NM:SNTL,28,0.2667040587346014,0.1700874468852049,934,NM,SNTL,Tolby,Colfax,110800020107,10210.0,36.47498,-105.19534,1998-08-10 00:00,2100-01-01 00:00,0.18040979510244878,False
935:CO:SNTL,28,0.010461188482832243,0.9578650194123959,935,CO,SNTL,Jackwhacker Gulch,Clear Creek,101900020201,11030.0,39.57096,-105.80355,1998-08-01 00:00,2100-01-01 00:00,0.9560219890054973,False
936:CO:SNTL,28,0.42743013670326185,0.023284240063605244,936,CO,SNTL,Echo Lake,Clear Creek,101900020801,10660.0,39.65539,-105.59358,1998-08-10 00:00,2100-01-01 00:00,0.026986506746626688,False
937:CO:SNTL,28,0.10922902641581624,0.5800620861539143,937,CO,SNTL,Michigan Creek,Park,101900010404,10700.0,39.43579,-105.91072,1998-08-10 00:00,2100-01-01 00:00,0.5657171414292853,False
938:CO:SNTL,27,0.11476832250667517,0.5686614045053117,938,CO,SNTL,Buckskin Joe,Park,101900010102,11160.0,39.30378,-106.11316,1998-08-10 00:00,2100-01-01 00:00,0.5552223888055972,False
939:CO:SNTL,28,0.25574284042902007,0.1890024564750265,939,CO,SNTL,Rough And Tumble,Park,101900010202,10420.0,39.02611,-106.08063,1998-08-10 00:00,2100-01-01 00:00,0.1904047976011994,False
940:CO:SNTL,28,-0.1205632259211535,0.541126511712323,940,CO,SNTL,Lost Dog,Routt,140500010203,9350.0,40.81557,-106.74833,1998-08-01 00:00,2100-01-01 00:00,0.5302348825587206,False
942:WA:SNTL,27,-0.5312234491369145,0.004355006697028611,942,WA,SNTL,Burnt Mountain,Pierce,171100140103,4160.0,47.0444,-121.94032,1999-07-01 00:00,2100-01-01 00:00,0.001999000499750125,True
943:WA:SNTL,28,-0.5418506873915633,0.002899063401878244,943,WA,SNTL,Dungeness,Clallam,171100200301,3990.0,47.8722,-123.07879,1998-10-01 00:00,2100-01-01 00:00,0.0029985007496251873,True
944:WY:SNTL,28,-0.2674678925676936,0.16882107772013655,944,WY,SNTL,Gunsight Pass,Sublette,170401020102,9820.0,43.38332,-109.87815,1998-09-01 00:00,2100-01-01 00:00,0.16491754122938532,False
946:AK:SNTL,47,0.011046846561490095,0.9412520941536773,946,AK,SNTL,Indian Pass,Anchorage,190203020701,2400.0,61.06577,-149.48543,1978-10-01 00:00,2100-01-01 00:00,0.9375312343828086,False
947:AK:SNTL,43,-0.27875290960776306,0.07027893542646957,947,AK,SNTL,Little Chena Ridge,Fairbanks North Star,190803060706,2150.0,65.12422,-146.7339,1980-10-01 00:00,2100-01-01 00:00,0.06996501749125437,False
948:AK:SNTL,44,-0.21471734011271157,0.1616159396428265,948,AK,SNTL,Mt. Ryan,Fairbanks North Star,190803060404,2750.0,65.25113,-146.15133,1980-10-01 00:00,2100-01-01 00:00,0.17391304347826086,False
949:AK:SNTL,45,-0.11470230403411341,0.45308875622502004,949,AK,SNTL,Monument Creek,Fairbanks North Star,190803060402,1840.0,65.07738,-145.87358,1979-10-01 00:00,2100-01-01 00:00,0.46676661669165415,False
950:AK:SNTL,46,-0.17862684697375775,0.23493333963821156,950,AK,SNTL,Munson Ridge,Fairbanks North Star,190803060602,3020.0,64.85168,-146.21215,1979-10-01 00:00,2100-01-01 00:00,0.21239380309845077,False
951:AK:SNTL,45,-0.16468538590813567,0.2796714375710805,951,AK,SNTL,Teuchet Creek,Fairbanks North Star,190803060301,1560.0,64.94763,-145.52079,1980-10-01 00:00,2100-01-01 00:00,0.2748625687156422,False
952:AK:SNTL,28,-0.06810407078278564,0.7305884617345237,952,AK,SNTL,Upper Chena,Fairbanks North Star,190803060102,2790.0,65.09852,-144.93318,1983-10-01 00:00,2100-01-01 00:00,0.7481259370314842,False
954:AK:SNTL,44,0.1533988620128292,0.3201548696835525,954,AK,SNTL,Turnagain Pass,Kenai Peninsula,190203020406,1860.0,60.78043,-149.18325,1981-10-01 00:00,2100-01-01 00:00,0.3243378310844578,False
955:AK:SNTL,37,-0.034230425448645505,0.8405986007791025,955,AK,SNTL,Summit Creek,Kenai Peninsula,190203020401,1340.0,60.61713,-149.53128,1988-10-01 00:00,2100-01-01 00:00,0.8335832083958021,False
956:AK:SNTL,35,-0.11644776527317927,0.5053045014070671,956,AK,SNTL,Grandview,Kenai Peninsula,190203021001,1070.0,60.60832,-149.06313,1982-10-01 00:00,2100-01-01 00:00,0.5162418790604698,False
958:AK:SNTL,32,-0.1619862529375502,0.37575457403515977,958,AK,SNTL,Coldfoot,Yukon-Koyukuk,190901010604,1070.0,67.25333,-150.183,1994-10-01 00:00,2100-01-01 00:00,0.3778110944527736,False
959:AK:SNTL,45,0.1585743028662658,0.29814676975505777,959,AK,SNTL,Cooper Lake,Kenai Peninsula,190203021205,1150.0,60.39027,-149.6936,1981-10-01 00:00,2100-01-01 00:00,0.30434782608695654,False
963:AK:SNTL,38,-0.026913471296553238,0.8725718344554877,963,AK,SNTL,Granite Crk,Southeast Fairbanks,190803031306,1250.0,63.94382,-145.39993,1985-11-01 00:00,2100-01-01 00:00,0.8690654672663668,False
964:AK:SNTL,28,-0.15311188370063136,0.43665345309613174,964,AK,SNTL,Grouse Creek Divide,Kenai Peninsula,190203020902,720.0,60.25965,-149.34228,1988-10-01 00:00,2100-01-01 00:00,0.4407796101949025,False
966:AK:SNTL,38,-0.12855965452358478,0.44176164728428496,966,AK,SNTL,Kenai Moose Pens,Kenai Peninsula,190203021601,290.0,60.72499,-150.47369,1982-10-01 00:00,2100-01-01 00:00,0.4687656171914043,False
967:AK:SNTL,39,-0.10005463128114123,0.5444912680968477,967,AK,SNTL,Susitna Valley High,Matanuska-Susitna,190205050105,360.0,62.13245,-150.04391,1986-10-01 00:00,2100-01-01 00:00,0.5347326336831584,False
970:CO:SNTL,27,0.021200252069812783,0.9164086242564458,970,CO,SNTL,Jones Pass,Grand,140100010402,10430.0,39.7645,-105.90655,1999-09-30 00:00,2100-01-01 00:00,0.9095452273863068,False
971:UT:SNTL,27,-0.08903932235352578,0.6587436798246482,971,UT,SNTL,Parrish Creek,Davis,160201020501,7760.0,40.93417,-111.81372,1999-10-01 00:00,2100-01-01 00:00,0.6646676661669165,False
972:UT:SNTL,27,-0.15067117499710198,0.45315687590124704,972,UT,SNTL,Louis Meadow,Salt Lake,160202040304,6740.0,40.83033,-111.76457,1999-10-01 00:00,2100-01-01 00:00,0.4732633683158421,False
974:WA:SNTL,27,-0.2906798616635569,0.14131187946633525,974,WA,SNTL,Waterhole,Clallam,171100200506,5010.0,47.94485,-123.42594,1999-09-30 00:00,2100-01-01 00:00,0.1409295352323838,False
975:WA:SNTL,27,-0.48224365708893724,0.010852838071054506,975,WA,SNTL,Swamp Creek,Skagit,171100050503,3930.0,48.57142,-120.78267,1999-10-01 00:00,2100-01-01 00:00,0.011494252873563218,True
978:ID:SNTL,27,-0.052159593703846686,0.7961135356927238,978,ID,SNTL,Bogus Basin,Boise,170501220201,6370.0,43.76377,-116.09685,1999-09-21 00:00,2100-01-01 00:00,0.8060969515242379,False
981:MT:SNTL,25,-0.12051496914933747,0.5660873477857957,981,MT,SNTL,Burnt Mtn,Carbon,100700060802,5920.0,45.2401,-109.45961,2000-09-30 00:00,2100-01-01 00:00,0.5657171414292853,False
982:WY:SNTL,26,-0.21147481550157848,0.29970348563358834,982,WY,SNTL,Cole Canyon,Crook,101202030302,5930.0,44.48632,-104.41057,2000-06-01 00:00,2100-01-01 00:00,0.3098450774612694,False
983:UT:SNTL,26,0.20511172390422613,0.31481448973196524,983,UT,SNTL,Clayton Springs,Garfield,160300020501,10010.0,37.9725,-111.83355,2000-10-01 00:00,2100-01-01 00:00,0.29535232383808097,False
984:WA:SNTL,26,-0.46665335033902877,0.01625178223548351,984,WA,SNTL,Spruce Springs,Garfield,170601030201,5690.0,46.18287,-117.54155,2000-07-01 00:00,2100-01-01 00:00,0.013493253373313344,True
987:AK:SNTL,26,-0.41894389778803326,0.03315107712259051,987,AK,SNTL,Port Graham,Kenai Peninsula,190203011208,270.0,59.35065,-151.84768,1999-10-01 00:00,2100-01-01 00:00,0.031984007996002,False
988:ID:SNTL,26,-0.1798154413704256,0.37940941374675624,988,ID,SNTL,Hidden Lake,Boundary,170101040502,5000.0,48.89368,-116.75743,2000-09-20 00:00,2100-01-01 00:00,0.37631184407796103,False
989:ID:SNTL,26,-0.4251509843369022,0.03037557124714193,989,ID,SNTL,Moscow Mountain,Latah,170603061002,4700.0,46.805,-116.8535,2000-10-01 00:00,2100-01-01 00:00,0.03498250874562719,False
990:WA:SNTL,25,-0.34787002911662074,0.08838258363484011,990,WA,SNTL,Beaver Pass,Whatcom,171100050605,3630.0,48.8793,-121.2555,2000-10-01 00:00,2100-01-01 00:00,0.09645177411294353,False
992:UT:SNTL,16,0.08794983865117881,0.7460209960185992,992,UT,SNTL,Bear River RS,Summit,160101010106,8510.0,40.8852,-110.8277,2010-10-01 00:00,2100-01-01 00:00,0.751624187906047,False
998:WA:SNTL,17,-0.34413328509267765,0.17619322513090713,998,WA,SNTL,Easy Pass,Whatcom,171100010101,5280.0,48.85933,-121.43895,2008-09-19 00:00,2100-01-01 00:00,0.17041479260369816,False
999:WA:SNTL,20,-0.5547009541596479,0.011136279568478518,999,WA,SNTL,Marten Ridge,Whatcom,171100051004,3520.0,48.76292,-121.69823,2006-07-01 00:00,2100-01-01 00:00,0.012993503248375811,True
